pc_timestamp_iso,ms,ax,ay,az,gx,gy,gz,mx,my,mz,press,baro_t,prox,cr,cg,cb,light,gesture,mic,p2p,svm,omega,jerk,svm_dev
2026-05-27T23:35:22.530,815484,0.89,-0.35,-0.2,-61.7,14.7,11.2,-8.9,5.3,22.7,101.12,35.98,0,1,0,0,1,NONE,160,824,0.977036335046,64.4082292879,0,0.0229636649541
2026-05-27T23:35:22.559,815520,0.87,-0.35,-0.18,-49.0,15.4,15.0,-9.4,6.7,24.7,101.12,35.99,0,1,1,1,3,NONE,63,313,0.954882191686,53.508503997,0.785674201318,0.0451178083135
2026-05-27T23:35:22.623,815571,0.89,-0.36,-0.18,-44.0,18.9,20.0,-9.9,7.6,25.3,101.122,36.01,0,1,1,1,3,NONE,59,303,0.976780425684,51.8961462924,0.438444701471,0.0232195743157
2026-05-27T23:35:22.673,815623,0.9,-0.32,-0.17,-42.2,14.8,23.4,-10.4,9.1,25.4,101.119,36.0,0,1,0,0,1,NONE,72,370,0.970206163658,50.4721705497,0.815892439831,0.029793836342
2026-05-27T23:35:22.728,815675,0.94,-0.32,-0.11,-35.6,18.3,25.8,-11.6,9.8,26.8,101.122,36.01,0,1,0,0,1,NONE,72,475,0.999049548321,47.6223686937,1.38675049056,0.000950451679197
2026-05-27T23:35:22.771,815723,0.92,-0.23,-0.14,-31.6,3.6,26.0,-12.3,10.8,27.5,101.125,36.02,0,1,0,0,1,NONE,75,532,0.95859271852,41.0794352444,2.01986660726,0.0414072814798
2026-05-27T23:35:22.817,815771,0.9,-0.23,-0.13,-16.8,6.8,28.7,-12.3,11.1,27.6,101.124,36.02,0,1,0,0,1,NONE,65,363,0.937976545549,33.9436297411,0.465847495312,0.062023454451
2026-05-27T23:35:22.868,815823,0.93,-0.45,-0.41,-9.0,19.7,13.8,-12.8,11.6,28.0,101.122,36.03,0,1,0,0,1,NONE,43,266,1.11153047642,25.6813161656,6.87214168662,0.111530476415
2026-05-27T23:35:22.916,815873,1.08,-0.12,-0.23,-44.6,8.4,13.6,-12.9,11.7,28.0,101.118,36.04,0,1,0,0,1,NONE,35,136,1.11072048689,47.3780539913,8.09444253794,0.110720486891
2026-05-27T23:35:22.964,815921,0.93,-0.2,-0.31,-1.3,6.4,15.0,-13.6,12.5,28.6,101.121,36.04,0,1,0,1,2,NONE,24,136,1.00049987506,16.3600122249,3.91422796418,0.000499875062461
2026-05-27T23:35:23.024,815973,0.94,-0.06,-0.3,5.1,6.3,11.3,-13.1,13.3,29.9,101.117,36.05,0,1,0,1,2,NONE,33,127,0.988534268501,13.9064733128,2.70600909221,0.0114657314994
2026-05-27T23:35:23.073,816025,0.98,-0.11,-0.19,-13.2,8.5,15.6,-13.5,13.5,28.7,101.121,36.04,0,1,0,1,2,NONE,32,126,1.00429079454,22.1325552072,2.44767731949,0.0042907945411
2026-05-27T23:35:23.122,816071,0.96,-0.12,-0.25,-25.1,6.5,14.0,-13.8,14.2,27.4,101.12,36.05,0,1,0,1,2,NONE,25,144,0.999249718539,29.4662518825,1.39198352988,0.000750281461136
2026-05-27T23:35:23.172,816123,0.93,-0.11,-0.21,-17.8,4.3,13.1,-13.8,14.9,29.4,101.12,36.05,0,1,1,1,3,NONE,30,167,0.959739548002,22.5153281122,0.980580675691,0.0402604519975
2026-05-27T23:35:23.221,816171,0.91,-0.14,-0.22,-31.9,10.1,11.8,-14.5,16.1,28.9,101.123,36.06,0,1,1,1,3,NONE,30,149,0.946625585963,35.480417134,0.779511955578,0.0533744140369
2026-05-27T23:35:23.266,816223,0.91,-0.1,-0.2,-27.3,7.2,6.8,-14.6,16.9,28.8,101.123,36.06,0,1,1,1,3,NONE,34,135,0.937069901341,29.0408333214,0.860026145192,0.0629300986586
2026-05-27T23:35:23.328,816275,0.96,-0.15,-0.14,-29.6,11.0,-0.8,-14.6,17.2,29.6,101.123,36.06,0,1,1,1,3,NONE,31,146,0.981682229645,31.5879723946,1.78338817221,0.0183177703554
2026-05-27T23:35:23.366,816323,0.92,-0.16,-0.16,-37.4,4.9,-3.7,-15.0,18.8,30.2,101.12,36.06,0,1,1,1,3,NONE,37,157,0.947417542586,37.9006596249,0.954703269782,0.0525824574138
2026-05-27T23:35:23.412,816371,0.92,-0.17,-0.13,-48.8,3.0,0.3,-14.5,20.0,30.8,101.124,36.06,0,1,1,1,3,NONE,22,120,0.944563391203,48.8930465404,0.658807845868,0.0554366087975
2026-05-27T23:35:23.474,816423,1.0,-0.17,-0.18,-41.9,9.5,-3.7,-14.6,21.6,31.2,101.122,36.07,0,2,1,2,5,NONE,24,108,1.03019415646,43.1224999275,1.81422714078,0.0301941564579
2026-05-27T23:35:23.523,816473,1.07,-0.13,-0.53,-26.4,21.4,3.5,-15.1,22.9,31.1,101.122,36.06,0,2,1,2,5,NONE,25,167,1.20112447315,34.1638698042,7.18331399843,0.20112447315
2026-05-27T23:35:23.571,816522,1.01,-0.38,-0.32,-39.5,-2.5,-0.9,-14.9,23.6,31.2,101.125,36.08,0,2,1,2,5,NONE,33,128,1.12556652402,39.589266222,6.77477251947,0.125566524022
2026-05-27T23:35:23.624,816573,0.75,-0.17,-0.26,-53.2,5.4,-0.5,-15.0,25.7,31.2,101.12,36.06,0,2,1,2,5,NONE,25,141,0.811788149704,53.4756954139,6.65801052798,0.188211850296
2026-05-27T23:35:23.677,816625,0.95,-0.26,-0.26,-19.4,7.2,2.7,-14.6,27.5,30.5,101.121,36.07,0,1,1,1,3,NONE,31,130,1.01867561078,20.8683971593,4.21763696143,0.018675610781
2026-05-27T23:35:23.716,816671,0.89,-0.29,-0.25,-7.9,-2.4,-2.3,-14.6,27.8,32.4,101.12,36.07,0,1,1,1,3,NONE,29,165,0.968865315717,8.57088093489,1.47441956155,0.0311346842827
2026-05-27T23:35:23.773,816723,0.84,-0.33,-0.22,-26.9,-0.3,-3.6,-14.0,28.4,32.1,101.12,36.07,0,1,1,1,3,NONE,31,157,0.928924108849,27.1414811681,1.35982073305,0.0710758911515
2026-05-27T23:35:23.823,816771,0.87,-0.31,-0.19,-19.9,5.1,1.0,-13.8,28.9,31.5,101.121,36.07,0,1,1,1,3,NONE,30,101,0.942920993509,20.5674500121,0.977169949963,0.057079006491
2026-05-27T23:35:23.864,816823,0.87,-0.3,-0.2,-13.4,9.2,7.9,-14.2,29.8,30.4,101.122,36.07,0,1,0,1,2,NONE,36,223,0.941753683295,18.0723545782,0.27196414661,0.0582463167048
2026-05-27T23:35:23.926,816875,0.89,-0.35,-0.18,-12.3,10.7,12.4,-14.1,30.2,31.6,101.12,36.07,0,1,0,1,2,NONE,64,342,0.973139250056,20.4826756065,1.10472358587,0.0268607499438
2026-05-27T23:35:23.972,816923,0.89,-0.3,-0.2,-11.5,11.3,13.0,-14.1,30.6,30.9,101.124,36.08,0,1,1,1,3,NONE,108,493,0.960260381355,20.7108667129,1.12190933482,0.039739618645
2026-05-27T23:35:24.021,816971,0.94,-0.32,-0.12,-7.2,7.9,13.4,-14.7,30.8,30.7,101.119,36.08,0,1,1,1,3,NONE,58,199,1.00019998,17.1408867915,2.00909390854,0.000199980003999
2026-05-27T23:35:24.073,817023,0.89,-0.29,-0.11,-13.7,3.3,16.1,-14.6,31.7,30.1,101.121,36.08,0,1,0,1,2,NONE,87,465,0.942496684344,21.3960276687,1.1377076506,0.0575033156557
2026-05-27T23:35:24.121,817073,0.93,-0.17,-0.12,13.2,2.1,18.4,-15.0,31.9,31.9,101.124,36.08,0,1,0,1,2,NONE,88,434,0.952995278058,22.7422514277,2.53771550809,0.0470047219424
2026-05-27T23:35:24.170,817122,1.06,-0.39,-0.29,27.3,13.1,10.7,-14.6,31.3,30.8,101.121,36.08,0,1,1,1,3,NONE,66,261,1.16610462652,32.1152611697,6.26367724621,0.166104626524
2026-05-27T23:35:24.217,817173,1.04,-0.2,-0.23,-25.3,12.8,12.5,-15.2,31.0,31.8,101.121,36.07,0,1,1,1,3,NONE,53,289,1.08374351209,30.986771371,3.92646752833,0.0837435120913
2026-05-27T23:35:24.280,817225,0.96,-0.1,-0.27,28.3,0.7,15.1,-14.8,31.3,30.4,101.123,36.08,0,1,1,1,3,NONE,78,489,1.00224747443,32.0841082158,2.58007843558,0.00224747442934
2026-05-27T23:35:24.314,817271,0.91,-0.08,-0.26,24.6,7.7,10.7,-15.2,31.2,30.5,101.118,36.07,0,1,1,1,3,NONE,81,378,0.949789450352,27.9094965917,1.19070121197,0.050210549648
2026-05-27T23:35:24.374,817323,1.03,-0.08,-0.24,18.0,0.2,7.4,-14.9,30.1,31.0,101.125,36.08,0,1,1,1,3,NONE,128,764,1.06061303028,19.4627850011,2.33952405011,0.0606130302801
2026-05-27T23:35:24.424,817371,0.96,-0.18,-0.14,2.4,-4.7,5.5,-14.8,29.4,31.0,101.124,36.09,0,1,1,1,3,NONE,29,189,0.986711710684,7.62233560006,3.2874445496,0.0132882893165
2026-05-27T23:35:24.470,817423,0.9,-0.03,-0.24,4.8,-4.2,8.1,-14.8,29.9,32.1,101.118,36.08,0,1,1,1,3,NONE,31,174,0.931933474021,10.3097041665,3.65384615385,0.0680665259795
2026-05-27T23:35:24.518,817475,0.97,0.02,-0.21,19.2,0.0,9.4,-14.2,29.7,31.2,101.124,36.09,0,1,1,1,3,NONE,55,341,0.992673158698,21.3775583264,1.75200645753,0.00732684130173
2026-05-27T23:35:24.573,817523,0.85,-0.03,-0.24,18.8,1.3,8.2,-13.9,29.3,31.4,101.122,36.08,0,1,0,1,2,NONE,61,280,0.883742043811,20.5516422701,2.77951334669,0.116257956189
2026-05-27T23:35:24.614,817571,0.95,-0.02,-0.24,15.9,11.0,4.1,-14.2,28.8,29.9,101.118,36.09,0,1,0,1,2,NONE,36,180,0.98005101908,19.7641088845,2.09372408773,0.0199489809199
2026-05-27T23:35:24.670,817623,0.91,-0.07,-0.2,17.3,14.8,-0.7,-14.3,27.9,30.3,101.119,36.08,0,1,1,1,3,NONE,36,226,0.934344690144,22.7776205957,1.45189123755,0.0656553098562
2026-05-27T23:35:24.714,817673,0.89,-0.07,-0.2,12.7,23.0,-2.1,-14.3,28.0,31.2,101.118,36.08,0,1,1,1,3,NONE,39,222,0.914877040919,26.3571622145,0.4,0.0851229590814
2026-05-27T23:35:24.770,817721,0.97,-0.11,-0.19,9.7,20.8,-5.9,-15.5,27.8,30.0,101.124,36.09,0,1,0,1,2,NONE,29,130,0.994535067255,23.6968352317,1.875,0.00546493274495
2026-05-27T23:35:24.824,817773,0.96,-0.15,-0.14,-1.8,10.7,-10.9,-15.6,27.7,30.2,101.125,36.09,0,1,0,1,2,NONE,32,158,0.981682229645,15.3798569564,1.24629628816,0.0183177703554
2026-05-27T23:35:24.881,817825,0.79,-0.27,-0.14,-40.3,1.7,-16.8,-15.9,28.1,30.8,101.12,36.08,0,1,1,1,3,NONE,59,155,0.846522297403,43.6946220947,4.00166385513,0.153477702597
2026-05-27T23:35:24.922,817871,1.31,0.07,-0.71,6.3,44.5,7.9,-15.4,28.5,31.2,101.123,36.09,0,1,1,1,3,NONE,38,146,1.49167690872,45.6327733104,18.3293230419,0.491676908717
2026-05-27T23:35:24.972,817923,0.91,-0.32,-0.31,-20.8,3.5,-19.8,-16.3,29.6,29.8,101.12,36.08,0,1,0,1,2,NONE,70,358,1.01321271212,28.9297424807,13.2133718356,0.0132127121192
2026-05-27T23:35:25.015,817971,0.94,-0.01,-0.39,7.4,2.8,-11.4,-16.4,29.8,30.3,101.122,36.08,0,1,0,1,2,NONE,45,258,1.01774260007,13.876599007,6.69913966284,0.0177426000714
2026-05-27T23:35:25.075,818023,0.84,-0.38,-0.28,7.1,-0.8,-10.1,-16.6,29.6,30.1,101.122,36.09,0,1,1,1,3,NONE,75,438,0.963535157636,12.3717419954,7.66823155284,0.0364648423643
2026-05-27T23:35:25.114,818075,1.02,-0.33,-0.39,-11.4,-34.1,-8.0,-16.3,29.7,31.2,101.117,36.08,0,1,1,1,3,NONE,127,698,1.14078920051,36.8343589601,4.1691314209,0.14078920051
2026-05-27T23:35:25.176,818123,0.73,-0.24,-0.17,-17.3,-15.7,-5.9,-14.8,30.2,30.6,101.121,36.09,0,1,1,1,3,NONE,393,1807,0.787019694798,24.0954352523,7.81180552469,0.212980305202
2026-05-27T23:35:25.224,818172,0.87,-0.23,-0.23,-5.8,-5.2,-1.6,-14.8,30.2,30.6,101.121,36.09,0,1,1,1,3,NONE,305,1407,0.928816451189,7.95235814083,3.11517092295,0.0711835488106
2026-05-27T23:35:25.275,818223,0.87,-0.29,-0.22,-1.3,2.5,3.1,-13.8,31.5,30.3,101.121,36.09,0,1,0,1,2,NONE,221,975,0.943080060228,4.18927201313,1.19269853535,0.0569199397718
2026-05-27T23:35:25.324,818273,0.93,-0.32,-0.26,6.1,6.8,4.6,-13.8,30.9,29.5,101.123,36.09,0,1,0,1,2,NONE,162,1072,1.01730034896,10.2279030109,1.56204993518,0.0173003489629
2026-05-27T23:35:25.372,818322,0.9,-0.35,-0.21,-9.8,-0.2,6.8,-13.3,31.2,29.0,101.121,36.09,0,1,0,1,2,NONE,145,744,0.988230742286,11.9297946336,1.33825276006,0.0117692577136
2026-05-27T23:35:25.418,818373,0.92,-0.26,-0.2,2.4,3.5,7.0,-13.9,32.2,29.8,101.118,36.08,0,1,0,1,2,NONE,56,332,0.976729235766,8.1859635963,1.81835656774,0.023270764234
2026-05-27T23:35:25.476,818425,0.89,-0.29,-0.14,-0.5,2.2,9.8,-13.6,31.8,29.3,101.123,36.09,0,1,0,1,2,NONE,42,310,0.946467115118,10.056341283,1.4131671593,0.0535328848819
2026-05-27T23:35:25.524,818471,0.94,-0.23,-0.17,24.5,-7.3,13.4,-13.3,30.9,29.0,101.121,36.09,0,1,0,1,2,NONE,66,378,0.982547708765,28.8634717247,1.81882614464,0.0174522912347
2026-05-27T23:35:25.564,818523,1.08,-0.32,-0.3,40.8,5.7,18.1,-13.1,30.1,28.6,101.118,36.08,0,1,0,1,2,NONE,65,385,1.16567576967,44.9971110184,4.06129078499,0.165675769672
2026-05-27T23:35:25.612,818571,1.02,-0.18,-0.29,-3.9,3.7,8.2,-14.1,29.5,29.4,101.121,36.09,0,1,0,1,2,NONE,69,430,1.07559285978,9.8051007134,3.18007031718,0.0755928597755
2026-05-27T23:35:25.675,818623,0.96,-0.02,-0.26,44.8,-2.8,14.8,-13.2,29.0,29.5,101.123,36.09,0,1,0,1,2,NONE,79,363,0.994786409236,47.2643628964,3.33641376402,0.00521359076433
2026-05-27T23:35:25.726,818675,0.89,-0.15,-0.29,34.9,7.1,13.5,-13.5,28.1,29.9,101.12,36.09,0,1,0,1,2,NONE,42,236,0.947997890293,38.0876620443,2.89740753333,0.052002109707
2026-05-27T23:35:25.773,818723,0.94,-0.04,-0.21,24.7,6.1,9.6,-13.2,26.9,29.3,101.12,36.09,0,1,0,1,2,NONE,18,102,0.964002074687,27.1930138087,3.01903682212,0.0359979253134
2026-05-27T23:35:25.819,818771,0.93,-0.08,-0.19,13.3,3.2,2.3,-13.6,26.0,28.9,101.124,36.1,0,1,0,1,2,NONE,20,92,0.952575456329,13.871553626,0.954703269782,0.0474245436712
2026-05-27T23:35:25.867,818823,0.98,-0.02,-0.27,20.1,-1.1,-0.2,-13.5,26.9,28.6,101.122,36.09,0,1,0,1,2,NONE,41,88,1.01671038157,20.131070513,2.15006536298,0.0167103815738
2026-05-27T23:35:25.918,818873,0.92,-0.06,-0.2,24.2,-10.4,-2.4,-13.4,25.3,28.1,101.119,36.09,0,1,0,1,2,NONE,21,69,0.943398113206,26.4491965852,2.00997512422,0.0566018867943
2026-05-27T23:35:25.967,818921,0.91,-0.05,-0.23,11.3,4.6,-1.4,-12.3,25.4,29.5,101.123,36.09,0,1,0,1,2,NONE,14,92,0.939946807006,12.2804723036,0.690963497991,0.0600531929944
2026-05-27T23:35:26.012,818973,0.94,-0.1,-0.19,15.3,8.1,-4.5,-12.6,25.5,30.2,101.123,36.09,0,1,0,1,2,NONE,23,97,0.964209520799,17.8871462229,1.35982073305,0.0357904792007
2026-05-27T23:35:26.077,819025,0.95,-0.08,-0.2,18.2,10.4,-6.2,-13.0,24.4,28.9,101.125,36.09,0,1,0,1,2,NONE,16,100,0.974114982946,21.859551688,0.471055719766,0.0258850170539
2026-05-27T23:35:26.123,819071,0.94,-0.06,-0.18,26.3,10.3,-10.6,-13.0,24.3,29.3,101.121,36.09,0,1,0,1,2,NONE,21,93,0.958957767579,30.1685266462,0.652173913043,0.0410422324211
2026-05-27T23:35:26.169,819123,0.95,-0.1,-0.16,34.0,7.1,-12.1,-13.2,23.5,28.4,101.12,36.09,0,1,0,1,2,NONE,19,94,0.968555625661,36.7807014615,0.881264556722,0.0314443743388
2026-05-27T23:35:26.219,819171,0.99,-0.1,-0.13,34.5,2.3,-15.0,-12.5,22.4,28.8,101.118,36.09,0,1,0,1,2,NONE,20,101,1.00349389634,37.6900517378,1.04166666667,0.00349389634417
2026-05-27T23:35:26.270,819223,0.97,-0.15,-0.13,34.5,-1.3,-13.4,-12.8,21.9,28.2,101.12,36.09,0,1,0,1,2,NONE,23,145,0.990101004948,37.0337683743,1.03560861676,0.00989899505152
2026-05-27T23:35:26.318,819274,1.02,-0.15,-0.19,22.8,-2.1,-10.3,-12.0,21.3,29.6,101.124,36.09,0,1,0,1,2,NONE,36,100,1.04833200848,25.1065728446,1.53142150508,0.0483320084782
2026-05-27T23:35:26.366,819323,1.12,-0.02,-0.25,42.3,-2.6,0.4,-11.9,20.6,29.5,101.12,36.09,0,1,0,1,2,NONE,24,116,1.14773690365,42.3817177566,3.5641324891,0.14773690365
2026-05-27T23:35:26.419,819371,1.1,-0.36,-0.31,1.9,-4.4,-16.0,-10.7,19.2,27.0,101.123,36.09,0,1,0,1,2,NONE,37,164,1.1982069938,16.7023950378,7.20484019408,0.198206993804
2026-05-27T23:35:26.475,819423,0.83,-0.18,-0.33,-18.1,-13.5,-11.5,-10.8,20.9,27.9,101.121,36.09,0,1,0,1,2,NONE,28,166,0.911153115563,25.3398895025,6.25221854116,0.0888468844371
2026-05-27T23:35:26.523,819473,0.82,-0.1,-0.25,28.3,-10.7,-4.3,-9.5,20.4,27.8,101.125,36.09,0,1,0,1,2,NONE,17,110,0.863075894693,30.5592866409,2.27156333832,0.136924105307
2026-05-27T23:35:26.572,819522,1.0,-0.21,-0.29,28.9,-7.8,-7.8,-9.5,20.1,28.2,101.121,36.09,0,1,1,1,3,NONE,29,141,1.06216759506,30.9336386479,4.38181848032,0.0621675950621
2026-05-27T23:35:26.623,819573,0.87,-0.25,-0.23,22.1,-16.6,-10.9,-8.7,18.9,27.0,101.119,36.09,0,1,1,1,3,NONE,37,128,0.933970020932,29.7116138909,2.91491544065,0.0660299790679
2026-05-27T23:35:26.671,819625,0.9,-0.22,-0.2,21.0,-12.3,-7.1,-7.8,19.1,26.3,101.121,36.09,0,1,1,1,3,NONE,31,184,0.947839648886,25.3515285535,0.99926008129,0.0521603511142
2026-05-27T23:35:26.719,819671,0.9,-0.23,-0.19,23.9,-5.4,-5.2,-7.4,18.3,26.6,101.12,36.09,0,1,1,1,3,NONE,34,259,0.948156105291,25.0481536246,0.307437730951,0.0518438947093
2026-05-27T23:35:26.769,819725,0.87,-0.27,-0.17,20.9,-3.3,-3.7,-7.0,17.9,26.6,101.123,36.09,0,1,1,1,3,NONE,42,222,0.926660671443,21.479990689,0.997252742062,0.0733393285566
2026-05-27T23:35:26.815,819771,0.9,-0.28,-0.14,12.1,4.2,0.4,-6.4,17.4,25.5,101.123,36.09,0,1,1,1,3,NONE,32,173,0.952890339966,12.8144449743,0.947586726857,0.0471096600343
2026-05-27T23:35:26.875,819823,0.96,-0.23,-0.13,10.1,0.7,4.3,-6.9,17.3,24.5,101.122,36.1,0,1,0,1,2,NONE,22,111,0.995690715032,10.9995454452,1.51423228346,0.00430928496847
2026-05-27T23:35:26.926,819874,0.93,-0.19,-0.13,28.8,-5.0,5.9,-5.8,17.0,25.4,101.12,36.09,0,1,0,1,2,NONE,35,111,0.958070978581,29.8202951025,0.980392156863,0.0419290214186
2026-05-27T23:35:26.973,819923,0.94,-0.26,-0.05,29.7,-14.7,7.6,-5.8,16.4,25.6,101.123,36.1,0,1,0,1,2,NONE,19,82,0.976575649911,33.9991176356,2.17899556164,0.0234243500885
2026-05-27T23:35:27.019,819971,1.17,-0.34,-0.18,43.8,3.1,8.1,-6.0,15.2,24.3,101.117,36.1,0,1,0,1,2,NONE,16,84,1.23162494291,44.6504199308,5.75090572577,0.231624942911
2026-05-27T23:35:27.068,820023,1.08,-0.16,-0.36,4.6,-0.1,6.8,-5.7,14.7,22.9,101.121,36.1,0,1,0,1,2,NONE,19,105,1.14960862906,8.21035931004,5.19230769231,0.149608629056
2026-05-27T23:35:27.115,820073,0.84,0.0,-0.24,53.5,-15.8,15.5,-5.9,14.5,25.2,101.118,36.09,0,1,0,1,2,NONE,25,79,0.873613186714,57.8976683468,6.24819974073,0.126386813286
2026-05-27T23:35:27.167,820121,0.71,-0.19,-0.19,56.2,6.3,5.2,-5.4,12.5,22.8,101.118,36.1,0,1,1,1,3,NONE,37,235,0.759144255066,56.7905802048,4.90800791225,0.240855744934
2026-05-27T23:35:27.216,820173,1.04,-0.07,-0.18,15.6,8.0,-1.3,-5.6,12.1,21.4,101.124,36.1,0,1,1,1,3,NONE,40,216,1.05778069561,17.579817974,6.75544925779,0.0577806956076
2026-05-27T23:35:27.278,820225,0.98,-0.12,-0.19,17.0,1.1,2.1,-5.6,11.4,21.6,101.12,36.09,0,1,0,1,2,NONE,29,127,1.00543522914,17.1644982449,1.51423228346,0.00543522914209
2026-05-27T23:35:27.326,820271,0.94,-0.05,-0.15,35.2,-5.4,3.1,-5.3,11.5,20.1,101.122,36.1,0,1,0,1,2,NONE,30,196,0.953205119583,35.746468357,1.95652173913,0.0467948804166
2026-05-27T23:35:27.376,820325,0.9,-0.14,-0.1,24.2,5.8,2.6,-4.8,10.9,19.6,101.121,36.09,0,1,0,1,2,NONE,25,161,0.916296895116,25.0207913544,2.04543722541,0.0837031048836
2026-05-27T23:35:27.422,820371,0.92,-0.12,-0.16,5.3,6.8,-0.3,-5.1,10.2,19.6,101.119,36.09,0,1,0,1,2,NONE,40,223,0.941488183675,8.62670273048,1.44201077842,0.0585118163248
2026-05-27T23:35:27.472,820423,0.97,-0.12,-0.11,5.8,8.4,-3.1,-5.5,10.3,20.0,101.122,36.09,0,1,1,1,3,NONE,52,290,0.983564944475,10.6681769764,1.35982073305,0.0164350555251
2026-05-27T23:35:27.518,820474,0.9,-0.13,-0.14,-4.5,-0.4,-6.9,-4.9,10.5,19.3,101.118,36.1,0,1,1,1,3,NONE,44,231,0.920054346221,8.24742384021,1.50610700939,0.0799456537791
2026-05-27T23:35:27.568,820523,0.96,-0.11,-0.08,-7.8,-0.9,-4.6,-4.4,11.2,19.7,101.118,36.09,0,1,1,1,3,NONE,53,246,0.969587541174,9.1,1.77914242593,0.0304124588259
2026-05-27T23:35:27.621,820571,1.15,-0.13,-0.18,-6.0,14.8,-1.5,-4.7,11.0,19.7,101.121,36.09,0,1,1,1,3,NONE,63,295,1.17123866056,16.0402618432,4.49247055268,0.171238660564
2026-05-27T23:35:27.674,820623,0.95,-0.13,-0.17,9.3,-1.5,4.3,-5.0,11.3,21.2,101.12,36.09,0,1,1,1,3,NONE,65,301,0.97380696239,10.3551919345,3.8509585374,0.0261930376096
2026-05-27T23:35:27.724,820673,1.16,-0.17,-0.37,-18.5,19.2,-1.7,-5.0,11.3,22.1,101.117,36.1,0,1,1,1,3,NONE,34,214,1.22939009269,26.7166614681,5.85491246732,0.229390092688
2026-05-27T23:35:27.772,820721,0.87,-0.22,-0.27,-13.1,-3.7,-1.4,-4.3,11.4,21.1,101.121,36.09,0,1,1,1,3,NONE,63,234,0.937123257635,13.6842975706,6.47511261163,0.0628767423652
2026-05-27T23:35:27.820,820773,0.85,-0.22,-0.29,-9.7,6.9,1.0,-4.5,11.6,20.4,101.119,36.1,0,1,1,1,3,NONE,74,377,0.924662100445,11.9457105272,0.54392829322,0.0753378995547
2026-05-27T23:35:27.873,820825,0.97,-0.15,-0.24,5.7,1.5,-0.8,-4.7,12.0,21.4,101.123,36.09,0,1,1,1,3,NONE,61,280,1.01044544633,5.94810894319,2.83938905004,0.0104454463255
2026-05-27T23:35:27.921,820871,0.93,-0.24,-0.2,8.1,-4.7,-5.9,-4.0,12.3,20.9,101.121,36.1,0,1,1,1,3,NONE,88,379,0.981070843517,11.0684235553,2.31090126364,0.0189291564826
2026-05-27T23:35:27.969,820923,0.85,-0.29,-0.17,-13.4,0.4,-3.5,-3.6,12.4,21.3,101.12,36.09,0,1,1,1,3,NONE,42,266,0.914056891008,13.8553238865,1.90374902627,0.0859431089916
2026-05-27T23:35:28.021,820971,0.94,-0.27,-0.16,-6.0,4.3,-2.6,-3.4,12.4,21.8,101.121,36.09,0,1,1,1,3,NONE,148,599,0.99100958623,7.82623792125,1.93200385323,0.00899041376988
2026-05-27T23:35:28.068,821023,0.89,-0.24,-0.17,-10.4,5.6,-0.8,-3.7,13.3,22.1,101.12,36.1,0,1,1,1,3,NONE,57,273,0.937336652436,11.8389188696,1.1377076506,0.062663347564
2026-05-27T23:35:28.127,821075,0.91,-0.25,-0.18,-4.9,7.6,1.9,-3.9,13.4,22.2,101.12,36.09,0,1,1,1,3,NONE,22,148,0.960728889958,9.24012986922,0.471055719766,0.039271110042
2026-05-27T23:35:28.175,821123,0.9,-0.27,-0.19,0.2,8.3,5.1,-4.1,13.8,21.8,101.123,36.1,0,1,1,1,3,NONE,53,301,0.958644876897,9.74371592361,0.51031036308,0.0413551231035
2026-05-27T23:35:28.223,821171,0.94,-0.23,-0.17,-1.9,9.3,8.3,-4.3,13.7,22.1,101.121,36.1,0,1,1,1,3,NONE,73,311,0.982547708765,12.6091236809,1.25,0.0174522912347
2026-05-27T23:35:28.274,821223,0.89,-0.21,-0.21,17.6,8.4,7.4,-4.3,13.7,23.1,101.121,36.09,0,1,0,0,1,NONE,40,212,0.938243038876,20.8585713797,1.29003921779,0.0617569611236
2026-05-27T23:35:28.317,821273,0.95,-0.23,-0.12,25.5,12.9,12.9,-4.4,13.1,22.6,101.119,36.09,0,1,0,0,1,NONE,30,145,0.984784240329,31.3539471199,2.2,0.0152157596712
2026-05-27T23:35:28.369,821322,0.95,-0.22,-0.21,30.3,18.1,17.3,-4.5,12.1,22.4,101.121,36.1,0,1,0,0,1,NONE,39,155,0.997496867163,39.3063608084,1.84803778329,0.002503132837
2026-05-27T23:35:28.415,821373,1.03,-0.38,-0.54,22.6,41.9,9.7,-5.0,12.2,22.1,101.121,36.1,0,1,0,0,1,NONE,36,204,1.22347864714,48.5845654504,7.3601272075,0.223478647137
2026-05-27T23:35:28.466,821425,0.98,-0.01,-0.21,-9.4,8.2,21.7,-6.1,11.3,22.6,101.123,36.1,0,1,0,0,1,NONE,56,279,1.00229736107,25.0297822603,9.582636541,0.00229736106607
2026-05-27T23:35:28.511,821471,0.95,-0.08,-0.23,55.1,3.6,14.3,-7.0,11.3,22.2,101.121,36.09,0,1,0,0,1,NONE,66,338,0.980714025596,57.03910939,1.71174084218,0.0192859744044
2026-05-27T23:35:28.579,821523,0.96,-0.02,-0.38,36.0,4.8,8.5,-7.5,10.3,21.2,101.118,36.09,0,1,0,0,1,NONE,40,240,1.03266645147,37.3,3.11277193389,0.032666451474
2026-05-27T23:35:28.622,821571,0.89,-0.1,-0.26,24.7,-2.9,-0.4,-7.5,9.1,21.4,101.119,36.09,0,1,0,0,1,NONE,53,322,0.932577074563,24.8728767938,3.33983740456,0.0674229254373
2026-05-27T23:35:28.675,821623,0.98,-0.11,-0.21,20.3,0.6,-2.4,-7.4,8.3,20.1,101.123,36.09,0,1,0,1,2,NONE,38,202,1.00826583796,20.4501833733,1.98924623707,0.0082658379614
2026-05-27T23:35:28.719,821675,0.96,-0.04,-0.31,18.9,-1.3,-1.8,-6.8,8.9,19.5,101.124,36.1,0,1,0,1,2,NONE,35,185,1.00960388272,19.0299763531,2.37871478401,0.00960388271837
2026-05-27T23:35:28.767,821723,0.94,-0.09,-0.25,16.3,-6.4,-0.9,-6.7,8.4,19.8,101.121,36.09,0,1,0,1,2,NONE,34,186,0.97683161292,17.5345373478,1.6796370309,0.0231683870799
2026-05-27T23:35:28.819,821771,0.88,-0.07,-0.19,5.7,-4.2,-1.3,-5.8,8.4,19.0,101.121,36.09,0,1,0,1,2,NONE,33,124,0.902995016598,7.19861097713,1.81620789314,0.0970049834025
2026-05-27T23:35:28.878,821824,0.9,-0.03,-0.19,-3.5,2.1,-3.7,-6.3,8.4,19.1,101.123,36.1,0,1,0,1,2,NONE,57,372,0.920326029187,5.50908340834,0.843799236792,0.0796739708125
2026-05-27T23:35:28.915,821873,0.93,-0.08,-0.17,-7.3,3.3,-9.5,-5.8,8.3,19.8,101.121,36.09,0,1,0,1,2,NONE,53,294,0.94878870145,12.4269867627,1.25804367408,0.0512112985496
2026-05-27T23:35:28.959,821921,0.95,-0.1,-0.16,-5.4,3.0,-12.5,-5.2,9.2,19.1,101.122,36.09,0,1,0,1,2,NONE,53,371,0.968555625661,13.9430986513,0.625,0.0314443743388
2026-05-27T23:35:29.024,821973,1.04,-0.13,-0.15,-15.0,-7.2,-10.3,-5.2,9.6,20.3,101.122,36.09,0,1,0,1,2,NONE,52,281,1.05877287461,19.5685972926,1.83449846426,0.0587728746053
2026-05-27T23:35:29.072,822025,0.99,-0.13,-0.03,-18.1,-14.4,-10.2,-4.3,10.1,19.6,101.119,36.09,0,1,0,0,1,NONE,62,311,0.99894944817,25.2786471157,2.5,0.00105055182957
2026-05-27T23:35:29.121,822071,1.04,0.01,-0.3,-18.1,13.9,-3.4,-4.2,11.1,21.2,101.118,36.08,0,1,0,0,1,NONE,75,216,1.08245092268,23.0733612636,6.70045000323,0.082450922675
2026-05-27T23:35:29.172,822123,1.16,-0.25,-0.33,1.6,4.9,-7.0,-3.7,11.1,20.9,101.119,36.09,0,1,0,1,2,NONE,33,182,1.23166553902,8.69310071263,5.5369923265,0.231665539016
2026-05-27T23:35:29.219,822171,0.78,-0.22,-0.35,-22.4,-4.4,-6.4,-3.2,12.0,21.1,101.12,36.09,0,1,0,1,2,NONE,26,122,0.882779700718,23.7082264204,7.952222785,0.117220299282
2026-05-27T23:35:29.266,822223,0.8,-0.22,-0.28,-13.1,10.9,-3.8,-3.8,12.8,20.5,101.122,36.09,0,1,0,0,1,NONE,30,152,0.87567117116,17.4602405482,1.40002113255,0.12432882884
2026-05-27T23:35:29.316,822275,0.93,-0.25,-0.25,2.1,7.0,-2.0,-3.2,12.6,22.0,101.122,36.09,0,1,0,0,1,NONE,41,168,0.994937183947,7.57693869581,2.62976814061,0.00506281605319
2026-05-27T23:35:29.365,822323,0.91,-0.25,-0.23,2.0,2.4,-5.9,-2.9,12.8,21.9,101.12,36.08,0,1,0,0,1,NONE,44,208,0.971339281611,6.67607669219,0.589255650989,0.0286607183893
2026-05-27T23:35:29.413,822371,0.87,-0.36,-0.21,-14.0,3.5,-5.1,-2.8,13.6,21.0,101.122,36.09,0,1,0,0,1,NONE,54,291,0.964676111449,15.3055545473,2.47382126813,0.0353238885512
2026-05-27T23:35:29.472,822423,0.86,-0.26,-0.22,-15.3,6.8,-2.3,-3.0,14.3,22.1,101.121,36.09,0,1,0,0,1,NONE,43,210,0.924986486388,16.9002958554,1.94221248815,0.0750135136122
2026-05-27T23:35:29.522,822473,0.9,-0.3,-0.19,-9.5,12.6,0.9,-2.8,14.6,24.6,101.124,36.09,0,1,0,0,1,NONE,46,229,0.967522609555,15.8056951761,1.28062484749,0.0324773904451
2026-05-27T23:35:29.573,822522,0.89,-0.28,-0.2,-11.4,6.8,2.7,-3.0,14.8,23.8,101.121,36.09,0,1,0,0,1,NONE,42,282,0.954201236637,13.5458480724,0.499895865874,0.0457987633628
2026-05-27T23:35:29.621,822573,0.92,-0.3,-0.17,-9.0,8.2,5.6,-3.3,15.3,24.0,101.125,36.09,0,1,0,0,1,NONE,53,233,0.982496819333,13.4014924542,0.919689364671,0.0175031806667
2026-05-27T23:35:29.665,822625,0.91,-0.27,-0.17,-5.1,4.2,8.8,-3.1,16.0,23.9,101.12,36.09,0,1,0,0,1,NONE,40,175,0.964313227121,11.0040901487,0.608130319263,0.0356867728793
2026-05-27T23:35:29.717,822671,0.93,-0.26,-0.15,6.4,4.2,11.5,-3.5,15.0,23.9,101.123,36.09,0,1,0,0,1,NONE,42,208,0.977241014285,13.8148470857,0.652173913043,0.0227589857154
2026-05-27T23:35:29.771,822723,0.94,-0.22,-0.17,11.4,-0.9,13.8,-3.9,15.8,23.5,101.123,36.09,0,1,0,0,1,NONE,52,179,0.980255068847,17.9223324375,0.881264556722,0.0197449311531
2026-05-27T23:35:29.809,822771,1.0,-0.23,-0.08,28.3,-7.4,16.4,-3.7,14.0,22.6,101.121,36.09,0,1,0,0,1,NONE,33,172,1.0292230079,33.5352053818,2.263079269,0.0292230079045
2026-05-27T23:35:29.873,822823,1.18,-0.37,-0.23,36.6,3.3,15.3,-3.7,13.6,22.9,101.121,36.09,0,1,0,1,2,NONE,53,337,1.25785531759,39.8062809114,5.24897848614,0.257855317594
2026-05-27T23:35:29.925,822875,1.05,-0.18,-0.33,9.9,-8.8,12.1,-3.9,13.0,22.9,101.12,36.08,0,1,0,1,2,NONE,71,458,1.11525781773,17.9404570733,4.82688476847,0.115257817726
2026-05-27T23:35:29.974,822923,0.85,0.02,-0.22,37.2,-15.0,15.7,-4.0,12.4,22.0,101.12,36.09,0,1,0,0,1,NONE,75,400,0.878236870098,43.0735417629,6.32249621062,0.121763129902
2026-05-27T23:35:30.022,822971,0.9,-0.2,-0.14,62.4,-8.3,7.0,-3.1,11.5,19.7,101.12,36.09,0,1,0,0,1,NONE,55,334,0.93252345815,63.3375875764,4.98696216816,0.06747654185
2026-05-27T23:35:30.073,823023,1.0,-0.15,-0.09,-1.5,-2.6,4.1,-3.2,10.7,20.0,101.12,36.09,0,1,1,1,3,NONE,41,227,1.01518471226,5.08133840637,2.35527859883,0.0151847122568
2026-05-27T23:35:30.124,823073,1.01,-0.03,-0.25,10.4,-0.7,7.7,-3.2,10.6,20.6,101.125,36.09,0,1,1,1,3,NONE,39,186,1.04091306073,12.9591666399,4.0049968789,0.0409130607308
2026-05-27T23:35:30.162,823122,0.93,-0.04,-0.12,24.0,-11.9,7.9,-2.9,10.1,21.5,101.121,36.08,0,1,1,1,3,NONE,24,164,0.938562730988,27.9288381427,3.12184868179,0.0614372690118
2026-05-27T23:35:30.214,823173,0.91,-0.12,-0.13,16.1,0.1,4.2,-2.9,9.8,21.5,101.123,36.09,0,1,1,1,3,NONE,51,306,0.927038294786,16.6391105532,1.62874977704,0.0729617052139
2026-05-27T23:35:30.276,823225,0.87,-0.06,-0.12,5.6,-0.4,0.2,-3.3,9.7,20.4,101.121,36.09,0,1,0,0,1,NONE,39,248,0.880284045067,5.61782876208,1.40002113255,0.119715954933
2026-05-27T23:35:30.322,823271,0.9,-0.06,-0.1,7.8,6.9,-5.7,-2.8,9.9,19.1,101.12,36.09,0,1,0,0,1,NONE,39,200,0.907524104363,11.8718153624,0.783815494666,0.0924758956369
2026-05-27T23:35:30.376,823323,0.98,-0.12,-0.13,10.3,5.2,-10.1,-2.7,9.9,19.4,101.123,36.09,0,1,0,0,1,NONE,32,172,0.995841352827,15.3342753334,2.00775125171,0.00415864717316
2026-05-27T23:35:30.416,823371,0.99,-0.11,-0.07,0.4,4.0,-11.0,-1.7,10.1,20.4,101.118,36.09,0,1,0,0,1,NONE,37,218,0.998548947223,11.7115327776,1.28425291729,0.00145105277708
2026-05-27T23:35:30.466,823423,0.98,-0.13,0.0,-21.1,7.1,-6.0,-2.1,10.6,20.0,101.119,36.08,0,1,0,0,1,NONE,39,260,0.988584847143,23.0568861731,1.4131671593,0.0114151528574
2026-05-27T23:35:30.513,823475,1.2,-0.2,-0.03,-32.3,16.2,-11.1,-1.8,11.3,19.5,101.119,36.08,0,1,0,0,1,NONE,27,138,1.21692234756,37.8013227282,4.47709489493,0.216922347564
2026-05-27T23:35:30.565,823523,0.94,-0.09,-0.4,-9.5,4.1,-11.9,-2.0,12.1,21.5,101.118,36.08,0,1,1,1,3,NONE,28,140,1.02552425617,15.7692739211,9.69589689852,0.0255242561734
2026-05-27T23:35:30.614,823571,1.13,-0.17,-0.34,-4.0,15.3,1.8,-2.0,12.2,22.2,101.121,36.08,0,1,1,1,3,NONE,40,157,1.19222481102,15.9163438013,4.47310636533,0.192224811015
2026-05-27T23:35:30.675,823623,0.82,-0.37,-0.24,-16.5,-2.0,-7.2,-2.2,12.8,21.7,101.121,36.08,0,1,0,0,1,NONE,40,150,0.93107464792,18.1132548152,7.35058263601,0.0689253520797
2026-05-27T23:35:30.723,823673,1.02,-0.16,-0.25,-0.3,13.2,0.5,-2.0,13.2,21.4,101.123,36.09,0,1,0,0,1,NONE,32,147,1.06230880633,13.2128725113,5.80344725142,0.062308806327
2026-05-27T23:35:30.773,823722,0.89,-0.28,-0.26,13.5,1.2,-5.3,-2.0,13.1,22.0,101.122,36.09,0,1,0,0,1,NONE,36,150,0.968555625661,14.5526629865,3.61633574422,0.0314443743388
2026-05-27T23:35:30.819,823773,0.85,-0.31,-0.23,-0.9,7.3,-8.5,-1.5,13.5,22.9,101.124,36.09,0,1,0,0,1,NONE,41,167,0.93354164342,11.2405515879,1.14332390095,0.0664583565796
2026-05-27T23:35:30.868,823825,0.87,-0.32,-0.23,-13.6,11.8,-5.5,-1.5,14.3,22.9,101.121,36.08,0,1,0,0,1,NONE,15,77,0.955091618642,18.8268425393,0.430013072596,0.0449083813581
2026-05-27T23:35:30.920,823871,0.86,-0.28,-0.23,-3.7,7.8,-3.2,-1.9,14.4,23.1,101.119,36.08,0,1,0,0,1,NONE,37,172,0.933220231242,9.20706250658,0.896327309917,0.0667797687577
2026-05-27T23:35:30.967,823923,0.96,-0.31,-0.18,-13.3,6.1,3.3,-2.1,15.2,22.7,101.121,36.08,0,1,0,0,1,NONE,38,227,1.02474387044,14.999666663,2.22612248131,0.0247438704379
2026-05-27T23:35:31.018,823971,0.88,-0.29,-0.14,-11.0,2.1,4.3,-1.9,15.3,23.2,101.122,36.09,0,1,0,0,1,NONE,32,199,0.937069901341,11.9958326097,1.90940653956,0.0629300986586
2026-05-27T23:35:31.060,824023,0.91,-0.39,-0.11,-33.2,10.9,10.5,-2.1,15.8,22.9,101.122,36.08,0,1,0,0,1,NONE,24,129,0.996142560079,36.4869839806,2.08899624831,0.00385743992137
2026-05-27T23:35:31.125,824075,0.92,-0.15,-0.2,-22.0,13.1,12.5,-2.7,16.3,24.8,101.121,36.08,0,1,0,0,1,NONE,32,151,0.953362470417,28.4931570732,4.93298282245,0.0466375295828
2026-05-27T23:35:31.173,824123,0.91,-0.17,-0.22,-8.2,19.8,14.0,-2.8,17.5,24.0,101.119,36.08,0,1,0,1,2,NONE,31,173,0.951525091629,25.5984374523,0.625,0.0484749083708
2026-05-27T23:35:31.221,824171,0.94,-0.25,-0.21,-2.5,13.2,9.2,-3.2,16.9,24.0,101.119,36.08,0,1,0,1,2,NONE,22,155,0.995087935813,16.2828130248,1.7921510973,0.00491206418729
2026-05-27T23:35:31.273,824223,0.97,-0.2,-0.16,8.4,9.9,12.0,-3.3,17.4,25.4,101.122,36.08,0,1,0,1,2,NONE,35,151,1.00324473584,17.6796493178,1.47714341305,0.00324473584465
2026-05-27T23:35:31.321,824273,0.95,-0.24,-0.13,22.3,0.9,15.0,-4.2,16.9,25.3,101.12,36.08,0,1,0,1,2,NONE,28,149,0.988433103452,26.8905187752,1.07703296143,0.0115668965479
2026-05-27T23:35:31.368,824322,0.97,-0.19,-0.19,39.4,-3.2,18.2,-3.7,16.2,25.8,101.121,36.08,0,1,0,0,1,NONE,31,110,1.00652868812,43.5182720245,1.64535872414,0.00652868811574
2026-05-27T23:35:31.422,824373,1.01,-0.3,-0.39,45.2,8.7,15.0,-4.3,15.1,24.4,101.124,36.08,0,1,0,0,1,NONE,25,138,1.12347674653,48.412085268,4.54377655932,0.123476746533
2026-05-27T23:35:31.462,824425,1.07,-0.12,-0.3,19.0,-4.5,16.4,-4.1,14.2,23.8,101.121,36.08,0,1,0,0,1,NONE,25,94,1.11772089539,25.4992156742,4.03846153846,0.117720895394
2026-05-27T23:35:31.510,824471,0.8,-0.08,-0.23,54.5,-16.6,15.9,-4.5,13.8,23.2,101.119,36.07,0,1,0,0,1,NONE,24,106,0.836241591886,59.1491335524,6.12565339287,0.163758408114
2026-05-27T23:35:31.574,824523,0.82,-0.03,-0.22,56.9,-2.8,7.2,-3.4,12.5,21.9,101.125,36.08,0,1,0,0,1,NONE,15,66,0.849529281426,57.4220340984,1.05331261059,0.150470718574
2026-05-27T23:35:31.623,824571,0.98,-0.13,-0.12,22.5,-4.3,-3.1,-3.3,10.7,21.4,101.119,36.08,0,1,0,0,1,NONE,22,89,0.995841352827,23.1160117667,4.44878260501,0.00415864717316
2026-05-27T23:35:31.674,824623,1.0,-0.02,-0.28,9.0,2.9,-3.6,-3.1,10.9,20.6,101.119,36.08,0,1,0,0,1,NONE,34,135,1.03865297381,10.1178060863,3.75369640307,0.0386529738079
2026-05-27T23:35:31.725,824675,0.91,-0.07,-0.16,25.6,-10.7,-1.8,-2.7,11.1,21.6,101.121,36.08,0,1,0,0,1,NONE,14,76,0.926606712689,27.8044960393,3.04065159632,0.0733932873112
2026-05-27T23:35:31.771,824723,0.89,-0.11,-0.14,11.4,3.1,-1.8,-2.7,10.2,19.9,101.121,36.07,0,1,0,0,1,NONE,35,249,0.907634287585,11.9503138034,1.02062072616,0.092365712415
2026-05-27T23:35:31.819,824771,0.88,-0.13,-0.18,-2.9,16.6,-1.4,-2.6,10.6,19.6,101.116,36.08,0,1,0,0,1,NONE,91,361,0.907579197646,16.9094648053,0.954703269782,0.0924208023539
2026-05-27T23:35:31.868,824823,0.94,-0.08,-0.14,-9.7,17.3,-4.6,-2.4,10.5,19.7,101.121,36.08,0,1,0,0,1,NONE,71,350,0.953729521405,20.3602554011,1.68749315142,0.0462704785947
2026-05-27T23:35:31.920,824873,0.98,-0.13,-0.13,-18.9,18.7,-11.3,-2.5,11.0,21.7,101.125,36.08,0,1,0,0,1,NONE,110,487,0.997095782761,28.889271365,1.29614813968,0.00290421723889
2026-05-27T23:35:31.960,824921,0.96,-0.12,-0.16,-25.8,13.9,-12.4,-3.1,11.9,21.1,101.123,36.08,0,1,0,0,1,NONE,56,304,0.980612053771,31.8215335897,0.779511955578,0.0193879462295
2026-05-27T23:35:32.026,824973,0.94,-0.13,-0.09,-31.7,5.7,-10.7,-3.2,12.5,22.4,101.12,36.08,0,1,0,0,1,NONE,42,191,0.953205119583,33.9392103621,1.4131671593,0.0467948804166
2026-05-27T23:35:32.072,825025,1.13,-0.24,-0.33,-55.0,31.2,-4.2,-2.9,13.5,22.9,101.123,36.08,0,1,0,0,1,NONE,47,205,1.20141583143,63.3725492623,6.25517537203,0.201415831426
2026-05-27T23:35:32.122,825071,1.06,-0.17,-0.35,-29.6,15.6,3.0,-3.2,14.8,23.4,101.123,36.08,0,1,0,0,1,NONE,57,248,1.12915897906,33.5934517429,2.19554455182,0.129158979064
2026-05-27T23:35:32.173,825123,1.0,-0.19,-0.35,-35.1,11.2,3.7,-3.5,16.7,26.2,101.122,36.08,0,1,0,0,1,NONE,37,249,1.07638283152,37.0289076263,1.21626063853,0.0763828315242
2026-05-27T23:35:32.221,825172,0.92,-0.22,-0.32,-27.2,11.9,1.3,-3.5,16.7,26.2,101.125,36.08,0,1,0,0,1,NONE,41,260,0.998599018626,29.7176715104,1.84803778329,0.00140098137441
2026-05-27T23:35:32.265,825223,0.9,-0.33,-0.26,-13.0,1.9,-1.3,-4.4,18.6,27.6,101.117,36.08,0,1,0,0,1,NONE,88,482,0.993227063667,13.2022725317,2.48795638048,0.00677293633329
2026-05-27T23:35:32.315,825275,0.93,-0.31,-0.25,-10.1,-2.8,-1.2,-4.0,19.6,26.6,101.121,36.08,0,1,0,0,1,NONE,80,419,1.01168176815,10.5494075663,0.719549497457,0.0116817681465
2026-05-27T23:35:32.363,825323,0.85,-0.34,-0.24,-26.5,1.2,-1.3,-3.9,20.2,26.5,101.122,36.08,0,1,0,0,1,NONE,99,480,0.946414285606,26.5589909447,1.7921510973,0.0535857143935
2026-05-27T23:35:32.415,825371,0.86,-0.3,-0.24,-24.4,6.4,1.6,-4.2,21.5,27.5,101.12,36.08,0,1,0,0,1,NONE,103,548,0.941912947145,25.2760756448,0.85898033867,0.0580870528547
2026-05-27T23:35:32.475,825423,0.86,-0.32,-0.22,-21.5,9.6,4.5,-4.0,22.2,27.7,101.121,36.08,0,1,0,0,1,NONE,161,1002,0.943610088967,23.9720670782,0.54392829322,0.0563899110332
2026-05-27T23:35:32.521,825473,0.86,-0.35,-0.22,-28.7,12.1,8.7,-4.3,22.8,27.9,101.122,36.08,0,1,0,0,1,NONE,107,485,0.954201236637,32.3386765345,0.6,0.0457987633628
2026-05-27T23:35:32.568,825521,0.88,-0.31,-0.2,-34.9,15.0,14.2,-4.7,23.6,27.0,101.123,36.08,0,1,0,0,1,NONE,52,252,0.954201236637,40.5542846072,1.02062072616,0.0457987633628
2026-05-27T23:35:32.616,825573,0.92,-0.27,-0.16,-25.2,12.6,15.6,-5.5,25.1,28.4,101.124,36.08,0,1,0,0,1,NONE,34,257,0.97205966895,32.2049685608,1.33234677505,0.0279403310496
2026-05-27T23:35:32.667,825625,0.87,-0.25,-0.15,-17.3,11.8,19.5,-5.7,25.7,28.1,101.123,36.07,0,1,0,0,1,NONE,18,106,0.917551088496,28.6143320733,1.05331261059,0.0824489115041
2026-05-27T23:35:32.716,825671,0.92,-0.27,-0.15,-13.2,13.0,20.9,-6.2,25.5,28.1,101.122,36.08,0,1,0,0,1,NONE,19,117,0.970463806641,27.9293752168,1.17068800155,0.0295361933591
2026-05-27T23:35:32.770,825723,0.92,-0.24,-0.17,-12.1,3.2,23.8,-5.6,25.3,28.3,101.121,36.08,0,1,0,0,1,NONE,16,81,0.965867485735,26.8903328354,0.693375245282,0.034132514265
2026-05-27T23:35:32.816,825771,0.97,-0.17,-0.18,8.8,2.9,27.0,-6.6,25.3,28.6,101.122,36.08,0,1,0,0,1,NONE,33,106,1.00109939566,28.5455775909,1.80421959122,0.00109939566459
2026-05-27T23:35:32.872,825823,0.97,-0.33,-0.28,-5.1,9.5,15.3,-6.7,25.9,29.0,101.121,36.07,0,1,0,0,1,NONE,33,172,1.06216759506,18.71763874,3.62845428156,0.0621675950621
2026-05-27T23:35:32.925,825875,1.12,-0.13,-0.33,3.5,8.2,13.9,-6.5,25.9,30.2,101.117,36.08,0,1,0,0,1,NONE,35,168,1.17481913502,16.5136307334,4.90290337845,0.174819135016
2026-05-27T23:35:32.976,825923,0.94,-0.17,-0.28,20.2,-0.5,16.1,-6.9,25.1,28.1,101.12,36.07,0,1,0,0,1,NONE,27,149,0.995439601382,25.8360213655,3.9802027447,0.00456039861778
2026-05-27T23:35:33.019,825971,0.93,-0.14,-0.25,16.1,0.1,15.1,-6.8,24.5,29.4,101.123,36.08,0,1,0,0,1,NONE,25,145,0.973139250056,22.073287023,0.908103946571,0.0268607499438
2026-05-27T23:35:33.066,826023,0.96,-0.08,-0.24,-11.0,2.4,11.4,-6.7,24.7,28.1,101.118,36.08,0,1,0,0,1,NONE,14,99,0.992773891679,16.0224842019,1.30429422752,0.00722610832073
2026-05-27T23:35:33.117,826073,0.94,-0.02,-0.28,-12.4,3.9,10.0,-6.9,25.2,28.3,101.118,36.08,0,1,0,0,1,NONE,35,206,0.981019877474,16.4003048752,1.49666295471,0.0189801225255
2026-05-27T23:35:33.160,826122,0.9,-0.1,-0.2,-4.9,1.9,10.0,-6.7,24.6,29.1,101.118,36.07,0,1,0,0,1,NONE,29,146,0.92736184955,11.2969022303,2.44897959184,0.0726381504504
2026-05-27T23:35:33.223,826173,0.93,-0.06,-0.22,-17.8,12.6,8.6,-7.3,25.4,30.3,101.119,36.07,0,1,0,0,1,NONE,22,139,0.957548954362,23.4426960907,1.05591466807,0.0424510456379
2026-05-27T23:35:33.277,826225,0.92,-0.07,-0.2,-15.2,10.9,4.9,-7.6,26.4,29.3,101.122,36.07,0,1,0,0,1,NONE,23,127,0.944086860411,19.3354596532,0.471055719766,0.0559131395894
2026-05-27T23:35:33.322,826271,0.9,-0.09,-0.19,-17.0,14.4,-0.5,-7.7,26.7,29.8,101.12,36.07,0,1,0,0,1,NONE,21,116,0.924229408751,22.2847481476,0.652173913043,0.0757705912491
2026-05-27T23:35:33.375,826323,0.93,-0.09,-0.16,-15.1,12.5,-5.0,-7.8,27.3,29.1,101.12,36.08,0,0,0,0,0,NONE,21,126,0.947945146092,20.2301754812,0.815892439831,0.0520548539077
2026-05-27T23:35:33.420,826371,0.96,-0.18,-0.17,-27.1,14.9,-9.0,-7.8,28.4,29.5,101.121,36.07,0,0,0,0,0,NONE,17,112,0.991413132856,32.209004952,1.98737333629,0.00858686714367
2026-05-27T23:35:33.464,826423,0.96,-0.12,-0.18,-27.8,13.3,-9.9,-8.6,29.0,29.5,101.124,36.08,0,1,0,0,1,NONE,25,134,0.984073168011,32.36881215,1.16976202506,0.0159268319886
2026-05-27T23:35:33.518,826475,0.98,-0.21,-0.08,-48.1,-0.9,-8.2,-9.2,30.1,30.3,101.121,36.08,0,1,0,0,1,NONE,50,158,1.00543522914,48.8022540463,2.61566740553,0.00543522914209
2026-05-27T23:35:33.575,826523,1.03,-0.06,-0.4,-50.3,24.7,-2.5,-8.8,32.9,29.5,101.12,36.07,0,1,0,0,1,NONE,50,224,1.10657128103,56.0930476976,7.43607012399,0.10657128103
2026-05-27T23:35:33.624,826574,1.17,-0.2,-0.38,-5.7,15.1,2.9,-9.2,33.7,29.7,101.122,36.07,0,1,0,0,1,NONE,34,176,1.24631456703,16.3984755389,3.90191151807,0.246314567034
2026-05-27T23:35:33.672,826621,0.9,-0.36,-0.4,-47.7,1.9,-1.0,-9.5,34.1,29.2,101.124,36.07,0,1,0,0,1,NONE,43,230,1.04861813831,47.748298399,6.69114263554,0.0486181383135
2026-05-27T23:35:33.724,826675,0.82,-0.27,-0.3,-62.1,4.0,2.0,-10.4,35.7,28.8,101.115,36.07,0,1,0,0,1,NONE,152,756,0.91394748208,62.2608223524,2.8986066375,0.0860525179202
2026-05-27T23:35:33.769,826721,0.92,-0.23,-0.27,-25.8,6.1,2.2,-9.4,37.4,28.7,101.123,36.08,0,1,1,1,3,NONE,120,656,0.986002028395,26.6024434968,2.4305086712,0.0139979716045
2026-05-27T23:35:33.821,826771,0.89,-0.33,-0.23,-22.6,-1.4,1.2,-9.4,38.1,28.5,101.121,36.07,0,1,1,1,3,NONE,140,609,0.976678043165,22.6750964717,2.2360679775,0.0233219568353
2026-05-27T23:35:33.864,826821,0.84,-0.4,-0.23,-46.5,-0.7,3.4,-9.3,39.0,27.8,101.119,36.07,0,1,1,1,3,NONE,165,708,0.958384056629,46.6293898738,1.72046505341,0.0416159433713
2026-05-27T23:35:33.920,826873,0.87,-0.27,-0.22,-33.9,2.9,6.1,-9.5,40.5,27.2,101.124,36.07,0,1,1,1,3,NONE,106,547,0.937123257635,34.5663130808,2.57290156928,0.0628767423652
2026-05-27T23:35:33.964,826922,0.85,-0.34,-0.18,-38.2,4.9,11.8,-9.2,41.4,27.4,101.122,36.07,0,1,0,0,1,NONE,58,266,0.933005894944,40.2801439918,1.69522935978,0.0669941050561
2026-05-27T23:35:34.024,826973,0.86,-0.3,-0.15,-29.4,5.1,14.9,-9.4,42.7,26.5,101.121,36.07,0,1,0,0,1,NONE,62,346,0.923092628072,33.3523612358,0.999807747763,0.0769073719285
2026-05-27T23:35:34.075,827023,0.87,-0.3,-0.14,-32.5,5.9,16.1,-9.1,43.4,26.2,101.122,36.07,0,1,1,1,3,NONE,94,547,0.930859817588,36.7460201927,0.282842712475,0.069140182412
2026-05-27T23:35:34.125,827071,0.9,-0.24,-0.1,-17.5,5.9,16.2,-8.7,44.3,26.4,101.12,36.07,0,1,1,1,3,NONE,118,600,0.93680307429,24.5662369931,1.62713534915,0.0631969257096
2026-05-27T23:35:34.168,827123,0.93,-0.27,-0.1,-8.8,4.8,16.7,-8.4,44.6,26.5,101.122,36.08,0,1,1,1,3,NONE,133,672,0.97355020415,19.4774228275,0.815892439831,0.0264497958503
2026-05-27T23:35:34.221,827174,0.9,-0.22,0.0,-2.6,-4.4,22.7,-8.8,45.0,26.2,101.12,36.07,0,1,1,1,3,NONE,95,502,0.926498785752,23.2682186684,2.26977194172,0.073501214248
2026-05-27T23:35:34.268,827221,1.08,-0.18,-0.09,29.8,4.2,21.5,-7.7,44.2,26.5,101.121,36.07,0,0,0,0,0,NONE,52,282,1.09859000542,36.9855377141,4.36559245291,0.098590005416
2026-05-27T23:35:34.321,827275,1.03,-0.29,-0.33,5.5,22.0,4.8,-7.5,43.3,26.0,101.122,36.08,0,0,0,0,0,NONE,48,237,1.11977676347,23.1795168198,4.97593660835,0.119776763467
2026-05-27T23:35:34.372,827321,1.09,-0.23,-0.21,9.7,8.2,14.8,-9.0,42.8,26.1,101.12,36.07,0,0,0,0,0,NONE,42,175,1.13362251213,19.5030766804,3.19498662102,0.133622512127
2026-05-27T23:35:34.423,827371,0.95,-0.16,-0.23,33.1,5.9,20.1,-8.5,42.3,26.1,101.121,36.07,0,0,0,0,0,NONE,42,296,0.990454441153,39.1718010819,3.15594676761,0.00954555884685
2026-05-27T23:35:34.474,827423,0.89,-0.02,-0.34,30.6,7.6,16.6,-8.5,41.3,27.7,101.12,36.07,0,0,0,0,0,NONE,62,355,0.952942810456,35.6325693713,3.6131335054,0.0470571895439
2026-05-27T23:35:34.525,827474,0.84,0.01,-0.31,44.6,13.0,12.9,-8.1,40.6,27.6,101.122,36.07,0,0,0,0,0,NONE,40,170,0.895432856221,48.2137947065,1.28577225967,0.104567143779
2026-05-27T23:35:34.573,827523,0.92,-0.06,-0.22,41.1,7.1,1.3,-8.6,39.6,28.0,101.122,36.07,0,1,0,0,1,NONE,31,137,0.947839648886,41.729006698,2.84252821983,0.0521603511142
2026-05-27T23:35:34.620,827571,1.02,-0.14,-0.26,15.7,16.0,-1.5,-8.7,38.6,27.7,101.124,36.08,0,1,0,0,1,NONE,47,278,1.0618851162,22.4664193854,2.79508497187,0.0618851161967
2026-05-27T23:35:34.673,827623,0.93,-0.07,-0.23,19.3,7.8,3.5,-9.3,37.9,29.0,101.122,36.08,0,0,0,0,0,NONE,56,284,0.960572745814,21.1087659516,2.26727425434,0.0394272541863
2026-05-27T23:35:34.727,827673,0.93,-0.06,-0.22,17.9,20.3,3.2,-9.3,37.1,29.1,101.122,36.06,0,0,0,0,0,NONE,47,294,0.957548954362,27.2532566861,0.282842712475,0.0424510456379
2026-05-27T23:35:34.759,827721,0.91,-0.0,-0.26,3.8,15.1,-0.7,-9.9,36.5,28.9,101.118,36.07,0,0,0,0,0,NONE,83,406,0.946414285606,15.5865326484,1.55902391116,0.0535857143935
2026-05-27T23:35:34.824,827773,0.9,-0.1,-0.22,-0.4,12.9,-1.6,-10.1,36.8,29.4,101.121,36.07,0,0,0,0,0,NONE,84,563,0.931879820578,13.0049990388,2.08012573584,0.0681201794223
2026-05-27T23:35:34.874,827825,0.9,-0.11,-0.2,-2.5,20.9,-5.4,-10.4,36.7,29.1,101.123,36.07,0,0,0,0,0,NONE,46,318,0.928493403315,21.7306235529,0.430013072596,0.0715065966847
2026-05-27T23:35:34.919,827871,0.91,-0.11,-0.18,-13.4,11.5,-11.0,-11.6,37.3,29.2,101.119,36.07,0,0,0,0,0,NONE,68,417,0.934130611853,20.8040861371,0.486101734239,0.0658693881475
2026-05-27T23:35:34.968,827923,1.0,-0.16,-0.19,-29.2,9.0,-11.8,-11.6,37.7,29.9,101.119,36.07,0,1,0,0,1,NONE,71,442,1.03038827633,32.7548469696,1.98924623707,0.0303882763308
2026-05-27T23:35:35.017,827971,0.91,-0.16,-0.14,-31.4,-1.7,-13.9,-12.0,39.3,30.5,101.118,36.06,0,1,0,0,1,NONE,59,359,0.934505216679,34.3810994589,2.14492294604,0.0654947833211
2026-05-27T23:35:35.068,828023,1.07,-0.11,-0.36,-38.3,22.1,-9.0,-12.2,40.3,30.3,101.122,36.07,0,0,0,0,0,NONE,86,346,1.13428391508,45.1253808848,5.31896795613,0.134283915076
2026-05-27T23:35:35.115,828074,1.19,-0.15,-0.54,13.5,8.5,0.9,-13.2,41.3,30.9,101.118,36.07,0,0,0,0,0,NONE,57,258,1.31537067019,15.978422951,4.3137254902,0.315370670191
2026-05-27T23:35:35.174,828123,0.89,-0.35,-0.45,-27.6,9.2,-1.5,-13.6,41.5,29.4,101.119,36.06,0,0,0,0,0,NONE,44,213,1.05692951515,29.1315979651,7.58404252084,0.0569295151523
2026-05-27T23:35:35.222,828171,0.87,-0.1,-0.41,-20.4,11.2,2.3,-13.3,42.5,29.0,101.122,36.07,0,0,0,0,0,NONE,57,320,0.966953980291,23.3856793786,5.291010458,0.0330460197093
2026-05-27T23:35:35.275,828223,0.86,-0.23,-0.37,-6.7,9.2,0.1,-13.8,43.2,29.5,101.122,36.07,0,0,0,0,0,NONE,42,255,0.9640539404,11.3815640401,2.62272724942,0.0359460596004
2026-05-27T23:35:35.323,828273,0.89,-0.3,-0.38,-6.7,4.9,-4.4,-14.1,43.7,29.7,101.119,36.07,0,0,0,0,0,NONE,101,462,1.01316336294,9.39467934525,1.53622914957,0.0131633629381
2026-05-27T23:35:35.370,828321,0.88,-0.25,-0.33,-9.6,6.0,3.4,-14.0,43.9,29.7,101.122,36.06,0,0,0,0,0,NONE,130,583,0.972522493313,11.8203214846,1.48779758928,0.0274775066869
2026-05-27T23:35:35.415,828373,0.84,-0.26,-0.32,-7.6,9.3,4.7,-14.4,45.1,29.5,101.121,36.07,0,0,0,0,0,NONE,159,722,0.935735005223,12.8972865363,0.815892439831,0.0642649947768
2026-05-27T23:35:35.477,828425,0.86,-0.23,-0.32,-10.1,13.5,7.8,-14.6,44.8,29.3,101.117,36.06,0,0,0,0,0,NONE,193,787,0.945991543303,18.5768673355,0.693375245282,0.0540084566974
2026-05-27T23:35:35.513,828471,0.85,-0.25,-0.3,-4.2,18.1,12.6,-14.7,45.3,29.2,101.122,36.07,0,0,0,0,0,NONE,159,654,0.935414346693,22.4501670372,0.652173913043,0.0645856533065
2026-05-27T23:35:35.573,828525,0.85,-0.19,-0.33,5.1,18.9,18.2,-15.1,45.4,29.3,101.121,36.06,0,1,0,0,1,NONE,100,506,0.93139680051,26.7293845795,1.2422599875,0.0686031994901
2026-05-27T23:35:35.623,828571,0.88,-0.14,-0.33,21.1,16.1,24.1,-15.3,45.6,28.6,101.123,36.07,0,1,0,0,1,NONE,95,501,0.950210502994,35.8501046024,1.26759823801,0.0497894970061
2026-05-27T23:35:35.674,828623,0.86,-0.15,-0.35,49.6,0.9,26.6,-15.9,44.1,31.4,101.123,36.07,0,0,0,0,0,NONE,103,479,0.940531764482,56.2896971035,0.576923076923,0.0594682355178
2026-05-27T23:35:35.720,828674,0.93,-0.2,-0.36,67.2,10.6,24.4,-15.6,41.7,32.4,101.124,36.06,0,0,0,0,0,NONE,104,522,1.01710373119,72.2742000993,1.69808902703,0.0171037311897
2026-05-27T23:35:35.769,828723,1.03,-0.4,-0.44,26.2,30.5,8.8,-16.2,41.2,31.1,101.118,36.06,0,0,0,0,0,NONE,57,396,1.18932754109,41.1598104952,4.84667023961,0.189327541092
2026-05-27T23:35:35.817,828771,0.96,-0.13,-0.4,-9.1,7.2,2.2,-16.3,41.2,31.8,101.122,36.07,0,0,0,0,0,NONE,68,453,1.04809350728,11.8105884697,5.87041783484,0.0480935072788
2026-05-27T23:35:35.864,828823,0.94,-0.05,-0.47,13.5,8.9,1.8,-16.1,41.2,32.9,101.124,36.07,0,0,0,0,0,NONE,74,400,1.05214067501,16.26960356,2.08012573584,0.052140675005
2026-05-27T23:35:35.922,828873,1.0,-0.03,-0.46,19.5,-8.8,-1.3,-16.3,40.4,32.8,101.123,36.07,0,0,0,0,0,NONE,72,419,1.10113577728,21.4331518914,1.28062484749,0.101135777277
2026-05-27T23:35:35.977,828921,0.93,-0.02,-0.37,10.8,-22.5,-3.7,-15.2,41.1,31.4,101.118,36.07,0,0,0,0,0,NONE,146,1007,1.00109939566,25.2305370533,2.38448398797,0.00109939566459
2026-05-27T23:35:36.024,828973,0.93,-0.09,-0.35,6.9,-16.2,-0.9,-14.7,40.8,32.6,101.121,36.06,0,0,0,0,0,NONE,133,1067,0.997747463039,17.6312223059,1.40002113255,0.00225253696138
2026-05-27T23:35:36.071,829025,0.82,-0.04,-0.4,-14.0,-13.5,-0.7,-14.3,41.0,32.4,101.121,36.08,0,0,0,0,0,NONE,110,570,0.913236004546,19.4612435368,2.5147493905,0.0867639954535
2026-05-27T23:35:36.119,829071,0.81,-0.1,-0.39,5.7,-4.0,0.2,-13.4,40.9,31.3,101.124,36.07,0,0,0,0,0,NONE,132,699,0.904544084056,6.9663476801,1.34009000065,0.0954559159444
2026-05-27T23:35:36.173,829123,0.83,-0.02,-0.3,7.2,-0.6,-1.8,-13.3,41.1,31.6,101.122,36.07,0,1,0,0,1,NONE,92,587,0.882779700718,7.44580418759,2.34741454149,0.117220299282
2026-05-27T23:35:36.225,829171,0.92,-0.07,-0.24,-4.3,7.0,-10.1,-13.7,41.3,31.2,101.123,36.07,0,1,0,0,1,NONE,122,747,0.953362470417,13.0192165663,2.48257818496,0.0466375295828
2026-05-27T23:35:36.273,829223,0.97,-0.03,-0.22,-6.9,1.6,-14.5,-13.8,41.9,31.9,101.125,36.06,0,1,0,0,1,NONE,81,594,0.995087935813,16.1375338884,1.29003921779,0.00491206418729
2026-05-27T23:35:36.316,829274,0.9,-0.15,-0.26,-16.1,2.1,-15.6,-14.7,41.9,32.7,101.123,36.07,0,1,0,0,1,NONE,112,615,0.948736001214,22.5162163784,2.83467299898,0.0512639987858
2026-05-27T23:35:36.364,829323,0.98,-0.2,-0.24,-24.7,2.4,-11.8,-14.5,42.9,30.6,101.121,36.07,0,1,0,0,1,NONE,142,930,1.02859126965,27.4789009969,1.96809199204,0.0285912696499
2026-05-27T23:35:36.408,829371,0.91,-0.24,-0.14,-26.8,-1.0,-10.7,-14.9,44.2,29.9,101.123,36.06,0,1,0,0,1,NONE,152,794,0.951472542956,28.8743831103,2.67609012056,0.0485274570436
2026-05-27T23:35:36.475,829423,1.08,-0.22,-0.41,-48.4,14.8,-9.9,-14.5,45.3,30.4,101.122,36.07,0,0,0,0,0,NONE,78,406,1.17596768663,51.5714068065,6.14783360121,0.175967686631
2026-05-27T23:35:36.524,829473,0.93,-0.04,-0.47,0.1,-0.5,10.7,-15.6,46.5,29.7,101.124,36.06,0,0,0,0,0,NONE,93,542,1.0427847333,10.7121426428,4.83735464898,0.0427847332983
2026-05-27T23:35:36.572,829522,0.98,-0.2,-0.43,-19.0,2.3,2.1,-15.5,46.7,29.3,101.119,36.06,0,1,0,0,1,NONE,96,483,1.0887148387,19.2535710973,3.51707917135,0.0887148386974
2026-05-27T23:35:36.616,829573,0.89,-0.26,-0.33,-16.6,-1.0,1.4,-15.2,47.2,28.8,101.119,36.06,0,1,0,0,1,NONE,102,491,0.984174781225,16.688918479,2.88841565934,0.0158252187746
2026-05-27T23:35:36.676,829625,0.9,-0.24,-0.32,4.9,2.8,-0.5,-14.9,47.9,29.7,101.123,36.07,0,1,0,0,1,NONE,110,498,0.98488578018,5.66568618969,0.471055719766,0.0151142198204
2026-05-27T23:35:36.716,829671,0.83,-0.29,-0.31,0.2,-3.8,-2.1,-15.0,47.7,29.6,101.124,36.06,0,1,0,0,1,NONE,70,431,0.932255329832,4.34626276242,1.88266392127,0.0677446701681
2026-05-27T23:35:36.761,829723,0.86,-0.27,-0.28,-1.5,-3.4,0.7,-14.7,47.7,29.0,101.122,36.07,0,0,0,0,0,NONE,53,278,0.943874991723,3.78153408024,0.902003030735,0.056125008277
2026-05-27T23:35:36.812,829771,0.87,-0.27,-0.36,-4.8,-1.4,-1.8,-14.5,48.4,27.8,101.12,36.06,0,0,0,0,0,NONE,43,291,0.979489663039,5.31413210223,1.6796370309,0.0205103369611
2026-05-27T23:35:36.873,829823,0.85,-0.28,-0.27,14.8,0.1,5.9,-14.5,47.9,28.5,101.124,36.07,0,1,0,0,1,NONE,97,381,0.934772699644,15.9329846545,1.78338817221,0.0652273003559
2026-05-27T23:35:36.926,829874,0.83,-0.26,-0.33,7.2,8.3,8.4,-14.9,47.6,29.3,101.12,36.06,0,1,0,0,1,NONE,55,312,0.930268778365,13.8307628134,1.30063717269,0.0697312216354
2026-05-27T23:35:36.968,829923,0.87,-0.27,-0.27,12.4,10.9,11.2,-14.8,47.4,29.0,101.122,36.06,0,1,0,0,1,NONE,42,298,0.950105257327,19.950187969,1.4857367121,0.0498947426732
2026-05-27T23:35:37.015,829971,0.89,-0.26,-0.28,5.9,5.9,13.5,-14.5,47.9,29.0,101.12,36.06,0,1,0,0,1,NONE,35,184,0.968555625661,15.8704127231,0.51031036308,0.0314443743388
2026-05-27T23:35:37.063,830023,0.96,-0.27,-0.23,30.7,1.0,18.9,-14.3,46.9,29.5,101.12,36.07,0,0,0,0,0,NONE,48,278,1.02342562016,36.0652187017,1.66543346882,0.0234256201601
2026-05-27T23:35:37.111,830073,0.93,-0.17,-0.23,30.5,-7.0,23.1,-13.9,46.4,29.9,101.12,36.06,0,0,0,0,0,NONE,40,239,0.972985097522,38.8955010252,2.08806130178,0.0270149024779
2026-05-27T23:35:37.171,830121,1.0,-0.36,-0.4,54.9,10.2,20.4,-13.3,45.5,31.0,101.119,36.06,0,0,0,0,0,NONE,53,250,1.13560556533,59.4492220302,5.508043361,0.135605565326
2026-05-27T23:35:37.224,830173,1.01,-0.08,-0.33,7.3,-3.5,11.4,-13.7,43.9,31.4,101.122,36.06,0,0,0,0,0,NONE,34,155,1.0655515004,13.9821314541,5.55366503007,0.0655515003978
2026-05-27T23:35:37.270,830225,0.85,-0.07,-0.32,53.0,-13.9,5.4,-13.1,43.5,30.3,101.121,36.06,0,0,0,0,0,NONE,26,161,0.910933587041,55.0578786369,3.08891892389,0.0890664129587
2026-05-27T23:35:37.318,830271,0.99,-0.11,-0.31,28.8,2.9,2.3,-12.5,42.1,32.0,101.118,36.06,0,0,0,0,0,NONE,33,191,1.04321618086,29.0368731099,3.17272163464,0.0432161808561
2026-05-27T23:35:37.367,830325,0.93,-0.03,-0.29,7.9,-0.7,2.1,-12.0,41.1,31.6,101.117,36.06,0,0,0,0,0,NONE,39,200,0.974628134213,8.20426718239,1.88852574578,0.0253718657868
2026-05-27T23:35:37.415,830371,0.92,0.09,-0.32,4.5,6.9,2.9,-12.1,41.5,31.7,101.122,36.07,0,0,0,0,0,NONE,39,197,0.978212655817,8.73326971987,2.69775514043,0.0217873441833
2026-05-27T23:35:37.468,830423,0.91,0.01,-0.23,17.7,2.6,-3.4,-12.0,40.7,30.7,101.122,36.06,0,0,0,0,0,NONE,38,172,0.93866927083,18.2101619982,2.32366268723,0.0613307291703
2026-05-27T23:35:37.526,830475,0.95,-0.09,-0.3,5.5,10.4,-2.7,-12.5,41.0,31.9,101.118,36.06,0,0,0,0,0,NONE,42,164,1.00029995501,12.0706255016,2.47023703436,0.000299955013495
2026-05-27T23:35:37.574,830523,0.89,-0.08,-0.31,15.1,4.3,-2.0,-12.9,40.6,31.8,101.128,36.06,0,1,0,0,1,NONE,42,246,0.945832966226,15.8271917913,1.28425291729,0.0541670337739
2026-05-27T23:35:37.622,830571,0.91,-0.07,-0.26,11.2,8.2,-0.7,-13.2,40.3,32.4,101.119,36.06,0,1,0,0,1,NONE,44,162,0.948999473129,13.8985610766,1.14108866147,0.0510005268705
2026-05-27T23:35:37.673,830623,0.89,-0.08,-0.24,-2.3,9.2,-3.0,-13.4,39.7,31.1,101.125,36.06,0,1,0,0,1,NONE,34,170,0.925256721132,9.94635611669,0.576923076923,0.074743278868
2026-05-27T23:35:37.722,830673,0.96,-0.06,-0.21,-3.7,7.9,-11.1,-13.6,40.3,31.9,101.123,36.06,0,1,0,0,1,NONE,37,217,0.984530344885,14.1177193626,1.5748015748,0.0154696551147
2026-05-27T23:35:37.769,830722,0.97,-0.14,-0.18,-13.2,3.3,-17.9,-13.7,41.1,31.3,101.121,36.06,0,0,0,0,0,NONE,58,257,0.996443676281,22.4842166864,1.75557658511,0.0035563237192
2026-05-27T23:35:37.817,830773,0.94,-0.23,-0.16,-34.4,-18.6,-21.6,-14.5,42.5,32.3,101.122,36.06,0,0,0,0,0,NONE,150,309,0.980866963456,44.6752728027,1.90105092448,0.0191330365437
2026-05-27T23:35:37.861,830825,1.46,0.1,-0.93,11.8,45.2,-9.3,-14.2,43.1,32.5,101.122,36.06,0,1,0,0,1,NONE,41,161,1.73392618067,47.6316071532,18.9615774691,0.733926180666
2026-05-27T23:35:37.910,830871,0.66,-0.53,-0.24,-4.0,-8.5,-13.9,-15.1,43.1,30.9,101.12,36.06,0,1,0,0,1,NONE,41,157,0.879829528943,16.7767696533,26.7400141247,0.120170471057
2026-05-27T23:35:37.974,830923,0.94,0.12,-0.27,-7.7,43.0,6.5,-14.6,43.3,32.2,101.124,36.06,0,1,0,0,1,NONE,34,172,0.98534258002,44.1649182044,13.6226621142,0.0146574199802
2026-05-27T23:35:38.022,830971,1.04,-0.35,-0.39,9.6,-1.3,2.6,-16.1,43.5,31.4,101.12,36.06,0,1,0,0,1,NONE,49,205,1.16456000275,10.0304536288,10.3182854142,0.164560002748
2026-05-27T23:35:38.072,831023,0.82,-0.37,-0.31,-12.5,-0.5,-4.3,-16.4,43.2,31.4,101.12,36.06,0,1,0,0,1,NONE,35,187,0.951525091629,13.2283785855,4.51820774018,0.0484749083708
2026-05-27T23:35:38.125,831075,0.88,-0.26,-0.32,-17.9,-0.4,-3.3,-15.6,44.4,31.0,101.119,36.06,0,1,0,0,1,NONE,32,141,0.971802449061,18.2060429528,2.41727020961,0.0281975509395
2026-05-27T23:35:38.165,831123,0.9,-0.3,-0.36,-16.5,-4.9,4.0,-15.7,45.0,31.3,101.122,36.06,0,1,0,0,1,NONE,39,171,1.01469207152,17.6708800007,1.25,0.0146920715173
2026-05-27T23:35:38.213,831171,0.91,-0.28,-0.35,-18.8,-13.1,9.0,-15.1,46.2,30.1,101.12,36.06,0,1,0,0,1,NONE,43,203,1.01439637223,24.6180827848,0.51031036308,0.0143963722333
2026-05-27T23:35:38.264,831223,0.74,-0.27,-0.28,-18.9,0.8,7.7,-15.0,46.3,29.1,101.12,36.06,0,1,0,0,1,NONE,42,211,0.836002392341,20.4240054837,3.54076012298,0.163997607659
2026-05-27T23:35:38.313,831273,0.9,-0.29,-0.14,-12.3,14.8,9.3,-14.5,46.9,29.3,101.121,36.06,0,1,0,0,1,NONE,49,216,0.955876561068,21.3733478894,4.27083130081,0.0441234389316
2026-05-27T23:35:38.376,831322,0.98,-0.29,-0.26,-14.0,4.7,14.0,-14.4,47.2,28.9,101.123,36.06,0,1,0,0,1,NONE,46,247,1.05456152025,20.3492014585,2.94330716364,0.0545615202538
2026-05-27T23:35:38.420,831373,0.9,-0.24,-0.2,-7.7,-2.1,20.0,-14.8,48.1,30.7,101.12,36.06,0,1,0,0,1,NONE,60,260,0.952680429105,21.5336945274,2.19222350735,0.0473195708948
2026-05-27T23:35:38.472,831425,0.92,-0.23,-0.15,-3.5,-5.2,18.9,-14.0,48.3,28.9,101.12,36.06,0,1,0,0,1,NONE,62,307,0.960104161016,19.9123077517,1.05331261059,0.0398958389841
2026-05-27T23:35:38.522,831471,0.9,-0.13,-0.04,16.2,-19.7,18.0,-13.3,48.5,27.9,101.126,36.06,0,1,0,0,1,NONE,48,258,0.910219753686,31.2174630616,3.26086956522,0.0897802463141
2026-05-27T23:35:38.567,831523,1.1,-0.33,-0.33,22.8,4.9,8.1,-12.5,48.0,29.2,101.119,36.06,0,1,0,0,1,NONE,48,210,1.19490585403,24.6872436696,7.79024196174,0.194905854032
2026-05-27T23:35:38.613,831571,1.25,-0.1,-0.45,-1.9,12.0,13.3,-12.3,47.0,28.6,101.12,36.06,0,1,0,0,1,NONE,58,235,1.33229125945,18.0138835347,6.24305169324,0.332291259447
2026-05-27T23:35:38.666,831623,0.87,-0.11,-0.33,22.3,-18.3,15.3,-12.6,46.9,29.0,101.121,36.06,0,1,0,0,1,NONE,52,199,0.936963179639,32.6537899791,7.66581978,0.0630368203606
2026-05-27T23:35:38.725,831675,0.78,-0.08,-0.24,41.6,-8.5,16.7,-10.9,46.1,30.7,101.121,36.06,0,1,0,0,1,NONE,36,156,0.82,45.6256506803,2.5147493905,0.18
2026-05-27T23:35:38.774,831723,0.89,-0.1,-0.18,0.1,10.3,8.5,-10.6,45.2,31.5,101.12,36.06,0,1,0,0,1,NONE,42,155,0.913509715329,13.3547744271,2.64345365426,0.0864902846713
2026-05-27T23:35:38.822,831771,1.08,0.08,-0.37,1.9,14.2,9.7,-10.2,44.9,30.4,101.122,36.06,0,1,0,0,1,NONE,42,168,1.14442125111,17.3014450264,6.73790067867,0.144421251113
2026-05-27T23:35:38.873,831824,0.92,0.04,-0.26,14.4,-14.5,2.3,-11.1,45.5,29.8,101.121,36.06,0,1,0,0,1,NONE,40,157,0.956869897112,20.5645325743,3.74042030219,0.0431301028875
2026-05-27T23:35:38.920,831873,0.8,-0.05,-0.23,19.3,5.6,-3.3,-10.2,44.7,30.5,101.119,36.06,0,1,0,0,1,NONE,31,184,0.833906469576,20.3651663386,3.12184868179,0.166093530424
2026-05-27T23:35:38.969,831922,0.77,-0.07,-0.17,11.5,18.8,-1.5,-10.9,43.6,30.3,101.121,36.06,0,1,0,0,1,NONE,34,168,0.791643859321,22.0893639564,1.42857142857,0.208356140679
2026-05-27T23:35:39.027,831973,1.08,-0.12,-0.15,-12.5,28.3,-4.8,-10.9,44.0,31.6,101.122,36.06,0,1,0,0,1,NONE,54,184,1.09695031793,31.3078264975,6.16946381277,0.0969503179269
2026-05-27T23:35:39.076,832025,1.05,-0.08,-0.3,-20.6,10.9,-6.3,-12.0,44.0,30.8,101.123,36.06,0,1,0,0,1,NONE,93,492,1.09494292089,24.1424936574,3.04065159632,0.0949429208867
2026-05-27T23:35:39.108,832071,0.9,-0.27,-0.1,-16.1,-1.4,-1.5,-12.9,44.7,29.7,101.123,36.06,0,1,0,0,1,NONE,43,281,0.944933860119,16.2302187293,6.82622542092,0.0550661398807
2026-05-27T23:35:39.173,832123,0.88,-0.24,-0.13,-40.5,5.5,-7.2,-13.0,47.5,29.7,101.124,36.06,0,1,0,1,2,NONE,131,748,0.921357693841,41.5010843232,0.902003030735,0.078642306159
2026-05-27T23:35:39.221,832171,1.15,0.01,-0.46,-54.7,31.3,-8.4,-13.8,49.4,28.8,101.12,36.06,0,1,0,1,2,NONE,81,487,1.23862827353,63.5793991793,10.2972319635,0.238628273535
2026-05-27T23:35:39.275,832223,1.08,-0.22,-0.25,-19.9,-25.1,0.1,-14.9,49.6,28.2,101.119,36.06,0,1,1,1,3,NONE,110,645,1.13017697729,32.0317030456,6.13880373058,0.130176977292
2026-05-27T23:35:39.316,832275,0.86,-0.17,-0.32,-41.0,4.0,-1.1,-14.0,50.5,29.4,101.123,36.06,0,1,1,1,3,NONE,68,450,0.933220231242,41.2093436007,4.54269685039,0.0667797687577
2026-05-27T23:35:39.361,832323,1.0,-0.15,-0.31,1.2,0.2,1.2,-14.5,51.1,27.3,101.119,36.06,0,1,1,1,3,NONE,51,265,1.05763887977,1.70880074906,2.95363476641,0.0576388797695
2026-05-27T23:35:39.412,832371,0.85,-0.32,-0.26,-12.0,-3.5,-8.1,-14.7,51.6,27.4,101.12,36.06,0,1,1,1,3,NONE,43,203,0.944722181385,14.8949655924,4.83674448593,0.0552778186154
2026-05-27T23:35:39.475,832423,0.79,-0.23,-0.25,-17.2,0.6,-5.8,-14.5,51.4,28.0,101.122,36.06,0,1,0,1,2,NONE,45,300,0.8599418585,18.1614977356,2.08899624831,0.1400581415
2026-05-27T23:35:39.523,832473,0.85,-0.23,-0.22,-12.3,9.9,-0.9,-15.0,52.4,27.0,101.122,36.06,0,1,0,1,2,NONE,33,219,0.907634287585,15.8148664237,1.3416407865,0.092365712415
2026-05-27T23:35:39.571,832522,0.94,-0.22,-0.32,-1.7,5.6,-0.3,-15.1,53.2,26.3,101.116,36.05,0,1,0,1,2,NONE,37,227,1.01705457081,5.86003412959,2.7532117476,0.0170545708073
2026-05-27T23:35:39.622,832573,0.88,-0.35,-0.19,-2.4,4.9,8.5,-14.7,52.8,27.6,101.121,36.06,0,1,0,1,2,NONE,57,325,0.965919251283,10.1004950374,3.7919763933,0.0340807487165
2026-05-27T23:35:39.670,832625,0.89,-0.28,-0.25,-4.0,8.8,10.9,-15.1,52.9,25.4,101.116,36.05,0,1,0,0,1,NONE,55,314,0.965919251283,14.5688022843,1.78338817221,0.0340807487165
2026-05-27T23:35:39.717,832671,0.84,-0.23,-0.2,-0.1,3.9,14.0,-14.9,52.7,25.5,101.121,36.06,0,1,0,0,1,NONE,58,343,0.893588272081,14.5334097857,1.88266392127,0.106411727919
2026-05-27T23:35:39.765,832723,1.0,-0.22,-0.29,19.5,3.6,11.3,-14.8,52.8,25.4,101.122,36.05,0,1,0,0,1,NONE,67,409,1.06418983269,22.8232337761,3.53553390593,0.0641898326896
2026-05-27T23:35:39.811,832771,0.9,-0.24,-0.02,25.9,-20.1,13.2,-13.6,52.1,25.3,101.125,36.06,0,1,0,0,1,NONE,76,399,0.931665175908,35.3420429517,6.01286237069,0.0683348240918
2026-05-27T23:35:39.874,832823,0.98,-0.25,-0.21,25.5,7.2,21.1,-12.7,51.3,27.0,101.122,36.05,0,1,0,0,1,NONE,119,638,1.03295692069,33.8718171936,3.96918604626,0.0329569206893
2026-05-27T23:35:39.925,832875,1.05,-0.27,-0.5,8.1,11.4,-0.5,-13.5,50.4,28.7,101.12,36.06,0,1,0,0,1,NONE,77,461,1.19390116844,13.9935699519,5.74996784143,0.193901168439
2026-05-27T23:35:39.972,832923,1.02,-0.14,-0.29,4.8,-5.1,12.5,-12.5,50.9,25.8,101.119,36.06,0,1,0,0,1,NONE,42,204,1.0696261029,14.3282936877,5.18327304359,0.0696261028976
2026-05-27T23:35:40.020,832971,0.88,-0.08,-0.31,39.9,7.5,15.7,-12.4,49.4,27.5,101.118,36.06,0,1,0,0,1,NONE,43,229,0.936429388689,43.5287261472,3.20047739495,0.0635706113112
2026-05-27T23:35:40.068,833023,0.94,0.01,-0.24,28.4,-5.2,9.2,-11.7,48.8,28.4,101.123,36.06,0,1,0,1,2,NONE,59,225,0.970206163658,30.3024751464,2.4777112936,0.029793836342
2026-05-27T23:35:40.111,833073,1.0,-0.1,-0.22,14.2,3.2,0.9,-11.7,48.9,28.6,101.123,36.06,0,1,0,1,2,NONE,62,423,1.02878569197,14.5838952273,2.53771550809,0.0287856919689
2026-05-27T23:35:40.162,833121,0.94,-0.08,-0.27,12.1,-10.3,3.4,-11.3,48.4,28.9,101.122,36.06,0,1,0,0,1,NONE,39,235,0.981274681218,16.2499230767,1.6796370309,0.0187253187817
2026-05-27T23:35:40.224,833173,0.87,-0.06,-0.13,14.0,-5.2,1.5,-10.8,48.2,28.3,101.123,36.06,0,1,0,0,1,NONE,49,264,0.881702897806,15.0096635539,3.03456419963,0.118297102194
2026-05-27T23:35:40.274,833225,0.91,-0.09,-0.16,-0.3,1.2,-1.6,-11.6,48.4,28.4,101.124,36.06,0,1,0,0,1,NONE,60,360,0.928331837222,2.02237484162,1.12133690285,0.071668162778
2026-05-27T23:35:40.320,833271,0.88,-0.07,-0.11,-2.4,7.2,-7.0,-11.0,48.1,28.5,101.123,36.06,0,1,0,0,1,NONE,68,376,0.889606654651,10.3247275993,1.34009000065,0.110393345349
2026-05-27T23:35:40.372,833323,0.94,-0.11,-0.14,-5.4,11.6,-8.7,-11.8,48.8,28.7,101.12,36.05,0,1,0,1,2,NONE,53,349,0.956713123146,15.4728794993,1.50197109152,0.0432868768539
2026-05-27T23:35:40.418,833371,0.91,-0.11,-0.12,-0.2,2.8,-7.0,-12.6,49.0,28.2,101.123,36.06,0,1,0,1,2,NONE,66,391,0.924445779914,7.54188305399,0.751156515722,0.0755542200864
2026-05-27T23:35:40.474,833423,0.96,-0.09,-0.06,-11.8,5.9,-6.5,-12.3,49.8,28.5,101.124,36.06,0,1,0,1,2,NONE,46,283,0.966074531286,14.7071411226,1.55043418237,0.0339254687137
2026-05-27T23:35:40.526,833475,1.21,-0.1,-0.34,-7.6,30.2,-5.3,-13.1,50.0,28.3,101.123,36.06,0,1,0,1,2,NONE,50,301,1.26083305794,31.5893969553,7.22114744443,0.260833057942
2026-05-27T23:35:40.576,833523,1.18,-0.19,-0.31,2.3,6.3,-5.0,-13.5,50.6,27.3,101.123,36.06,0,1,0,1,2,NONE,46,274,1.23474693764,8.36540495135,2.07289049397,0.234746937635
2026-05-27T23:35:40.611,833571,0.99,-0.21,-0.33,-46.4,5.4,-11.0,-14.7,51.4,27.4,101.122,36.05,0,1,0,1,2,NONE,56,312,1.06447169995,47.9908324579,4.0019526484,0.0644716999526
2026-05-27T23:35:40.675,833623,0.83,-0.25,-0.37,-37.5,11.4,-3.1,-14.8,53.3,27.8,101.121,36.05,0,1,0,1,2,NONE,40,239,0.942496684344,39.3169174784,3.26356975932,0.0575033156557
2026-05-27T23:35:40.721,833673,0.77,-0.28,-0.3,-27.0,15.6,-0.8,-15.6,53.7,26.3,101.122,36.05,0,1,0,1,2,NONE,48,261,0.872525071273,31.192947921,1.93907194297,0.127474928727
2026-05-27T23:35:40.773,833721,0.98,-0.21,-0.35,-12.5,13.8,-2.0,-16.5,55.3,24.7,101.122,36.05,0,1,0,0,1,NONE,38,242,1.06160256217,18.7267188797,4.7278357158,0.0616025621672
2026-05-27T23:35:40.819,833773,0.8,-0.33,-0.28,-14.3,2.3,-3.5,-16.3,55.3,25.9,101.123,36.05,0,1,0,0,1,NONE,50,300,0.909560333348,14.9006711258,4.37262192342,0.0904396666521
2026-05-27T23:35:40.866,833825,0.82,-0.33,-0.35,-15.7,7.4,-1.0,-17.0,55.8,24.6,101.119,36.06,0,1,0,1,2,NONE,38,226,0.950683964312,17.3853386507,1.40002113255,0.049316035688
2026-05-27T23:35:40.916,833871,0.83,-0.37,-0.26,-11.8,13.9,8.4,-17.1,56.1,23.9,101.123,36.05,0,1,0,1,2,NONE,39,189,0.945198391873,20.0751089661,2.15206411665,0.0548016081266
2026-05-27T23:35:40.963,833923,0.92,-0.31,-0.23,-14.5,20.0,10.8,-17.2,56.6,23.5,101.12,36.05,0,1,0,0,1,NONE,37,185,0.997697348899,26.9608976112,2.15864849237,0.00230265110105
2026-05-27T23:35:41.012,833971,0.96,-0.24,-0.25,-21.3,12.1,16.4,-17.2,57.8,23.5,101.12,36.05,0,1,0,0,1,NONE,36,220,1.02063705596,29.4798236087,1.73054663811,0.0206370559606
2026-05-27T23:35:41.072,834023,0.9,-0.25,-0.24,-4.8,4.2,17.4,-17.1,57.7,23.4,101.125,36.06,0,1,0,0,1,NONE,39,225,0.96441692229,18.5321342538,1.18546423134,0.0355830777096
2026-05-27T23:35:41.120,834075,0.9,-0.17,-0.22,9.2,2.5,18.9,-16.6,57.9,22.5,101.121,36.05,0,1,0,0,1,NONE,26,186,0.941966029111,21.1683726347,1.58580985601,0.0580339708885
2026-05-27T23:35:41.172,834123,0.89,-0.26,-0.16,9.6,-0.3,18.9,-16.0,57.9,23.2,101.119,36.05,0,1,0,0,1,NONE,34,233,0.940903820802,21.2004716929,2.263079269,0.0590961791979
2026-05-27T23:35:41.221,834171,0.91,-0.18,-0.22,8.8,4.8,18.2,-15.9,57.6,23.5,101.118,36.05,0,1,0,0,1,NONE,35,217,0.953362470417,20.7778728459,2.124591464,0.0466375295828
2026-05-27T23:35:41.264,834223,0.88,-0.21,-0.13,21.2,-4.5,17.8,-15.3,57.5,23.1,101.125,36.06,0,1,0,0,1,NONE,30,162,0.914002188181,28.0451421818,1.91343737905,0.0859978118188
2026-05-27T23:35:41.324,834273,1.05,-0.35,-0.26,27.1,12.5,10.7,-14.6,56.5,24.0,101.122,36.05,0,1,0,0,1,NONE,44,196,1.13692567919,31.7041006811,5.11468474102,0.136925679189
2026-05-27T23:35:41.365,834321,1.07,-0.13,-0.35,11.2,7.9,2.6,-15.4,55.9,25.2,101.121,36.05,0,1,0,0,1,NONE,33,148,1.13326960605,13.9502688146,4.96952518412,0.133269606051
2026-05-27T23:35:41.422,834373,0.95,-0.17,-0.27,53.6,-3.9,9.2,-14.9,55.9,24.6,101.121,36.05,0,1,0,0,1,NONE,35,126,1.00214769371,54.5234811801,2.87819798983,0.00214769370587
2026-05-27T23:35:41.474,834425,0.9,-0.05,-0.41,44.2,16.9,10.3,-14.5,54.3,26.4,101.123,36.05,0,1,1,1,3,NONE,14,98,0.990252493054,48.4287104928,3.6740333028,0.00974750694583
2026-05-27T23:35:41.520,834471,0.85,-0.07,-0.36,34.4,0.3,-2.4,-14.6,53.4,26.2,101.122,36.05,0,1,1,1,3,NONE,35,145,0.925742944883,34.4849242423,1.59749331051,0.0742570551174
2026-05-27T23:35:41.572,834523,0.93,-0.07,-0.31,33.6,6.6,-3.5,-14.9,52.5,27.3,101.119,36.04,0,1,0,0,1,NONE,24,106,0.9828021164,34.4204880849,1.81422714078,0.0171978836002
2026-05-27T23:35:41.614,834571,1.0,-0.08,-0.3,6.2,3.3,-4.1,-15.6,51.6,28.5,101.124,36.05,0,1,0,0,1,NONE,32,147,1.04709120902,8.13265024454,1.48779758928,0.0470912090167
2026-05-27T23:35:41.663,834623,0.99,-0.11,-0.29,4.9,7.6,0.3,-16.6,51.6,29.5,101.118,36.05,0,1,0,0,1,NONE,25,129,1.03744879392,9.04765162901,0.637812459684,0.0374487939171
2026-05-27T23:35:41.725,834675,0.9,-0.06,-0.31,-2.4,7.1,-1.8,-16.5,51.9,29.5,101.12,36.05,0,1,0,0,1,NONE,26,120,0.95378194573,7.70778826902,2.01694009263,0.0462180542703
2026-05-27T23:35:41.767,834723,0.88,-0.08,-0.22,-2.6,-0.2,-4.9,-16.5,51.8,28.9,101.12,36.05,0,1,0,0,1,NONE,37,181,0.910604195027,5.55067563455,1.96541273585,0.0893958049734
2026-05-27T23:35:41.823,834771,0.85,-0.16,-0.21,-16.2,9.1,-8.4,-16.6,52.4,28.5,101.121,36.04,0,1,0,0,1,NONE,25,114,0.890056178002,20.3914197642,1.7921510973,0.109943821998
2026-05-27T23:35:41.874,834823,0.92,-0.12,-0.24,-20.4,12.2,-12.5,-16.8,53.2,27.8,101.122,36.05,0,1,0,0,1,NONE,30,134,0.958331884057,26.856098004,1.65429332059,0.0416681159431
2026-05-27T23:35:41.921,834873,0.94,-0.18,-0.19,-34.9,5.4,-9.3,-18.1,54.0,27.5,101.123,36.06,0,1,0,0,1,NONE,21,113,0.97575611707,36.5193099606,1.61245154966,0.0242438829298
2026-05-27T23:35:41.967,834921,0.84,-0.11,-0.21,-40.0,7.6,-9.4,-18.0,55.0,27.2,101.12,36.05,0,1,0,1,2,NONE,62,107,0.872811548961,41.7866007232,2.57694101601,0.127188451039
2026-05-27T23:35:42.020,834973,1.16,-0.18,-0.47,-25.8,31.9,-1.4,-19.1,56.1,25.5,101.12,36.05,0,1,0,1,2,NONE,64,124,1.26447617613,41.0513093579,8.04250910243,0.26447617613
2026-05-27T23:35:42.079,835025,1.05,-0.31,-0.58,-19.7,27.8,1.2,-19.7,56.7,24.9,101.122,36.05,0,1,1,1,3,NONE,24,118,1.23895116934,34.0935477767,3.89867979475,0.238951169336
2026-05-27T23:35:42.122,835071,0.9,-0.23,-0.49,-26.6,15.6,5.0,-20.3,57.6,23.5,101.122,36.05,0,1,1,1,3,NONE,14,68,1.05023806825,31.2397183086,4.1816052308,0.0502380682493
2026-05-27T23:35:42.175,835123,0.87,-0.19,-0.39,-17.5,9.4,9.0,-20.5,58.9,23.4,101.122,36.05,0,1,1,1,3,NONE,47,110,0.972162537851,21.8084845874,2.15006536298,0.0278374621495
2026-05-27T23:35:42.222,835171,0.93,-0.32,-0.32,-17.2,7.4,3.0,-20.7,59.0,23.8,101.12,36.05,0,1,1,1,3,NONE,29,99,1.03426302264,18.9631221058,3.32028696886,0.0342630226398
2026-05-27T23:35:42.271,835223,0.85,-0.37,-0.31,-24.5,-5.1,0.9,-20.2,59.6,23.0,101.119,36.05,0,1,0,0,1,NONE,29,95,0.977496803064,25.0413657774,1.82439095779,0.0225031969362
2026-05-27T23:35:42.323,835275,0.86,-0.36,-0.28,-39.2,3.4,6.7,-20.2,60.8,21.4,101.123,36.05,0,1,0,0,1,NONE,23,104,0.973447481891,39.9135315401,0.637812459684,0.026552518109
2026-05-27T23:35:42.371,835323,0.88,-0.29,-0.28,-25.6,2.0,12.5,-20.1,61.5,20.1,101.12,36.04,0,1,1,1,3,NONE,20,93,0.967935948294,28.5588865329,1.51668956027,0.0320640517059
2026-05-27T23:35:42.425,835374,0.84,-0.33,-0.29,-28.7,-1.9,14.8,-19.9,61.6,18.9,101.121,36.05,0,1,1,1,3,NONE,24,144,0.947945146092,32.347179166,1.12638483265,0.0520548539077
2026-05-27T23:35:42.463,835421,0.84,-0.34,-0.25,-30.2,6.3,19.1,-19.8,62.6,17.7,101.121,36.05,0,1,1,1,3,NONE,22,154,0.940053189984,36.284156322,0.877256516089,0.0599468100155
2026-05-27T23:35:42.511,835475,0.9,-0.34,-0.22,-30.3,5.0,21.2,-19.1,63.4,17.0,101.123,36.05,0,1,1,1,3,NONE,32,143,0.986914383318,37.3166182819,1.2422599875,0.013085616682
2026-05-27T23:35:42.563,835521,0.83,-0.29,-0.24,-30.7,7.7,24.0,-18.4,63.7,16.2,101.117,36.05,0,1,0,0,1,NONE,70,385,0.911372591205,39.7212789321,1.91994801442,0.0886274087948
2026-05-27T23:35:42.623,835571,0.91,-0.15,-0.24,-1.8,5.4,24.2,-17.4,64.6,13.9,101.122,36.05,0,1,0,0,1,NONE,68,428,0.952995278058,24.8604102943,3.22490309932,0.0470047219424
2026-05-27T23:35:42.671,835621,0.9,-0.2,-0.13,-0.3,-4.0,26.8,-16.2,63.9,14.6,101.121,36.05,0,1,0,1,2,NONE,45,256,0.93107464792,27.098523945,2.4248711306,0.0689253520797
2026-05-27T23:35:42.724,835673,0.99,-0.5,-0.38,7.1,36.3,20.9,-15.5,63.8,13.7,101.121,36.05,0,1,0,1,2,NONE,47,256,1.17239071985,42.4842323692,7.70671727289,0.172390719854
2026-05-27T23:35:42.770,835721,1.17,0.02,-0.33,-21.7,6.0,21.2,-15.1,64.7,14.2,101.119,36.05,0,1,0,0,1,NONE,28,149,1.21581248554,30.9245856884,11.5112414863,0.215812485542
2026-05-27T23:35:42.820,835773,0.87,-0.26,-0.31,26.0,1.0,11.7,-15.1,63.7,13.7,101.122,36.05,0,1,0,0,1,NONE,36,259,0.959479025305,28.5287574212,7.90101484007,0.0405209746951
2026-05-27T23:35:42.864,835823,0.92,-0.1,-0.39,-3.4,14.3,7.0,-15.0,64.5,13.5,101.12,36.04,0,1,0,0,1,NONE,32,172,1.00424100693,16.2803562615,3.7148351242,0.00424100693011
2026-05-27T23:35:42.919,835871,0.92,-0.04,-0.34,14.3,-1.5,7.1,-14.7,63.8,15.3,101.121,36.05,0,1,0,0,1,NONE,51,291,0.981631295345,16.0358972309,1.62713534915,0.0183687046554
2026-05-27T23:35:42.969,835923,0.96,-0.09,-0.29,-1.6,-3.4,3.6,-14.0,64.0,14.6,101.121,36.05,0,1,0,0,1,NONE,36,211,1.00687635785,5.2038447325,1.56231507781,0.00687635785135
2026-05-27T23:35:43.019,835971,0.94,-0.09,-0.32,-8.5,1.1,6.0,-14.3,63.8,13.6,101.122,36.05,0,1,0,0,1,NONE,43,222,0.997045635866,10.4623133197,0.751156515722,0.00295436413372
2026-05-27T23:35:43.072,836023,0.91,-0.1,-0.27,-2.4,0.9,7.5,-14.2,64.0,13.7,101.116,36.05,0,1,0,0,1,NONE,40,261,0.954463199919,7.92590688817,1.1377076506,0.0455368000808
2026-05-27T23:35:43.121,836071,0.9,-0.1,-0.29,-14.5,3.6,7.9,-14.0,64.3,13.2,101.123,36.05,0,1,0,0,1,NONE,63,396,0.950841732361,16.9002958554,0.465847495312,0.0491582676386
2026-05-27T23:35:43.168,836123,0.92,-0.05,-0.24,-9.0,0.8,4.0,-13.9,65.0,12.2,101.118,36.05,0,1,0,1,2,NONE,56,305,0.952102935611,9.88129546163,1.4131671593,0.0478970643885
2026-05-27T23:35:43.216,836173,0.89,-0.13,-0.19,-10.7,-1.0,-2.2,-14.2,64.3,11.0,101.12,36.04,0,1,0,1,2,NONE,36,250,0.919293206763,10.9695031793,1.97989898732,0.0807067932373
2026-05-27T23:35:43.264,836221,0.97,-0.12,-0.16,-21.7,0.8,-6.6,-14.5,65.7,10.8,101.124,36.05,0,1,0,0,1,NONE,37,232,0.990403957989,22.6955942861,1.7921510973,0.00959604201114
2026-05-27T23:35:43.324,836273,0.9,-0.17,-0.13,-27.4,0.5,-7.0,-14.5,65.6,10.6,101.121,36.04,0,1,0,0,1,NONE,29,175,0.925094589758,28.2844480236,1.75200645753,0.0749054102417
2026-05-27T23:35:43.376,836325,0.93,-0.15,-0.19,-35.9,-1.0,-4.2,-15.1,66.1,8.5,101.119,36.04,0,1,1,1,3,NONE,34,191,0.960989073819,36.1586780732,1.34615384615,0.0390109261807
2026-05-27T23:35:43.422,836371,0.93,-0.12,-0.19,-46.4,5.4,-3.1,-15.4,66.4,7.7,101.121,36.05,0,1,1,1,3,NONE,44,152,0.956765383989,46.815916097,0.652173913043,0.0432346160108
2026-05-27T23:35:43.475,836425,1.08,-0.12,-0.36,-28.7,13.2,-1.2,-15.9,67.2,6.8,101.119,36.04,0,1,1,1,3,NONE,26,113,1.1447270417,31.6128138577,4.19843853658,0.1447270417
2026-05-27T23:35:43.521,836471,1.19,-0.27,-0.42,-9.5,16.5,-3.6,-16.1,66.8,5.4,101.12,36.05,0,1,1,1,3,NONE,40,111,1.2905037776,19.3767902399,4.24887397515,0.2905037776
2026-05-27T23:35:43.567,836523,0.82,-0.37,-0.37,-43.7,0.4,-3.4,-16.1,67.5,4.5,101.121,36.05,0,1,1,1,3,NONE,29,141,0.972728122345,43.8338909977,7.4331338808,0.0272718776554
2026-05-27T23:35:43.629,836574,0.81,-0.19,-0.29,-30.9,9.1,3.4,-16.3,67.5,3.3,101.122,36.04,0,1,1,1,3,NONE,21,95,0.881078884096,32.3910481461,3.86727116143,0.118921115904
2026-05-27T23:35:43.674,836623,0.91,-0.28,-0.29,-15.7,8.1,0.0,-16.1,67.3,2.3,101.119,36.04,0,1,1,1,3,NONE,31,100,0.995288902781,17.6663521985,2.74563756063,0.0047110972185
2026-05-27T23:35:43.722,836671,0.94,-0.32,-0.24,-6.8,-0.1,-3.8,-16.5,67.3,1.6,101.118,36.04,0,1,1,1,3,NONE,18,112,1.02156742313,7.79037868142,1.47313912747,0.0215674231298
2026-05-27T23:35:43.773,836723,0.83,-0.39,-0.26,-25.8,3.7,-1.4,-16.3,67.4,-0.2,101.124,36.04,0,1,0,1,2,NONE,37,266,0.953205119583,26.1015325221,2.53671268428,0.0467948804166
2026-05-27T23:35:43.823,836773,0.83,-0.34,-0.3,-25.6,5.3,5.4,-16.5,67.5,0.3,101.117,36.04,0,1,0,1,2,NONE,30,181,0.945780101292,26.6947560393,1.28062484749,0.054219898708
2026-05-27T23:35:43.872,836821,0.91,-0.28,-0.27,-19.6,2.9,12.4,-15.9,67.7,-1.7,101.122,36.04,0,1,0,1,2,NONE,55,307,0.989646401499,23.3737031726,2.17506385602,0.010353598501
2026-05-27T23:35:43.924,836873,0.85,-0.31,-0.22,-14.0,6.3,15.1,-15.6,67.7,-1.9,101.122,36.04,0,1,0,1,2,NONE,41,197,0.931128347759,21.5336945274,1.60896158949,0.0688716522412
2026-05-27T23:35:43.969,836925,0.88,-0.28,-0.13,-18.7,10.6,15.2,-15.4,67.7,-2.3,101.12,36.05,0,1,0,1,2,NONE,30,147,0.932577074563,26.3266025153,1.91343737905,0.0674229254373
2026-05-27T23:35:44.019,836971,0.91,-0.27,-0.15,-16.2,10.4,18.7,-14.7,67.7,-3.2,101.119,36.04,0,1,0,1,2,NONE,37,219,0.960989073819,26.8382190169,0.813403779733,0.0390109261807
2026-05-27T23:35:44.076,837025,0.88,-0.27,-0.11,-23.7,10.4,22.4,-13.7,67.5,-3.5,101.12,36.04,0,1,0,1,2,NONE,30,164,0.927038294786,34.2287890525,0.925925925926,0.0729617052139
2026-05-27T23:35:44.117,837071,0.9,-0.2,-0.17,-9.3,11.5,24.1,-13.2,67.2,-4.9,101.12,36.04,0,1,0,1,2,NONE,23,126,0.937496666661,28.2763151772,2.05086546349,0.0625033333393
2026-05-27T23:35:44.173,837123,0.97,-0.2,-0.14,-0.6,10.7,23.0,-11.5,66.6,-5.2,101.123,36.04,0,1,0,0,1,NONE,23,101,1.00024996876,25.3741994948,1.46457175113,0.00024996875781
2026-05-27T23:35:44.229,837174,1.03,-0.4,-0.29,2.2,26.6,13.9,-10.7,66.6,-5.4,101.119,36.04,0,1,0,0,1,NONE,28,152,1.14236596588,30.0933547482,5.04116083615,0.14236596588
2026-05-27T23:35:44.275,837223,1.1,-0.15,-0.31,-21.3,25.6,15.2,-10.3,66.6,-5.3,101.118,36.04,0,1,0,0,1,NONE,18,104,1.15264912267,36.6072397211,5.31396594543,0.152649122674
2026-05-27T23:35:44.317,837271,0.91,-0.1,-0.31,24.4,5.4,19.9,-9.5,66.9,-6.5,101.121,36.04,0,1,0,0,1,NONE,24,109,0.966540221615,31.9457352396,4.09310056341,0.0334597783848
2026-05-27T23:35:44.369,837323,0.98,-0.16,-0.27,19.9,14.2,15.5,-9.3,66.1,-6.1,101.121,36.04,0,1,0,0,1,NONE,21,70,1.02902866821,28.9465023794,1.93266838868,0.0290286682109
2026-05-27T23:35:44.413,837373,0.87,-0.05,-0.39,9.7,13.0,8.3,-8.4,66.1,-3.8,101.119,36.04,0,1,0,0,1,NONE,24,128,0.954725091322,18.2203183287,3.92937654088,0.0452749086779
2026-05-27T23:35:44.465,837421,0.88,-0.03,-0.33,27.3,15.0,2.9,-8.5,66.2,-4.5,101.121,36.04,0,1,0,0,1,NONE,19,72,0.940319094776,31.2841813062,1.33398421613,0.0596809052242
2026-05-27T23:35:44.524,837473,0.95,-0.11,-0.33,7.9,14.3,-1.9,-8.4,66.3,-3.0,101.121,36.04,0,1,0,0,1,NONE,18,92,1.01168176815,16.4471882095,2.04425881014,0.0116817681465
2026-05-27T23:35:44.575,837525,0.97,-0.08,-0.36,1.2,18.1,-1.7,-8.3,66.4,-2.2,101.122,36.04,0,1,0,1,2,NONE,30,97,1.03773792453,18.21922062,0.902003030735,0.0377379245262
2026-05-27T23:35:44.622,837571,0.96,-0.03,-0.32,4.6,1.5,0.7,-8.9,66.2,-3.2,101.118,36.04,0,1,0,1,2,NONE,22,104,1.01237344888,4.88876262463,1.40885667357,0.0123734488814
2026-05-27T23:35:44.672,837623,0.9,-0.1,-0.26,5.4,1.6,0.5,-8.5,66.6,-2.2,101.119,36.04,0,1,0,1,2,NONE,16,81,0.942125257065,5.65420197729,2.11538461538,0.0578747429349
2026-05-27T23:35:44.722,837671,0.88,-0.14,-0.29,-7.9,7.8,-1.6,-9.0,66.4,-3.0,101.12,36.04,0,1,0,1,2,NONE,21,116,0.937069901341,11.2165056947,1.12190933482,0.0629300986586
2026-05-27T23:35:44.775,837723,0.84,-0.15,-0.24,-20.3,5.6,-1.0,-9.1,65.8,-3.8,101.119,36.04,0,1,1,1,3,NONE,13,86,0.886397202162,21.0819828289,1.24629628816,0.113602797838
2026-05-27T23:35:44.828,837774,1.01,-0.13,-0.26,-33.0,8.2,-3.1,-9.8,66.5,-4.3,101.119,36.04,0,1,1,1,3,NONE,32,143,1.05099952426,34.1445456845,3.37915449796,0.0509995242625
2026-05-27T23:35:44.874,837823,0.93,-0.0,-0.3,-49.9,1.1,-8.5,-9.4,66.5,-5.6,101.123,36.04,0,1,0,1,2,NONE,32,171,0.977189848494,50.6307218989,3.2203538445,0.0228101515059
2026-05-27T23:35:44.917,837871,0.91,-0.05,-0.25,-27.5,2.2,-9.2,-10.1,66.6,-8.7,101.119,36.04,0,1,0,1,2,NONE,34,134,0.945039681707,29.0814373785,1.53093108924,0.0549603182935
2026-05-27T23:35:44.965,837923,1.33,-0.16,-0.51,-2.2,27.6,-6.8,-10.3,66.9,-8.3,101.122,36.04,0,1,0,1,2,NONE,27,137,1.43338759587,28.5103489982,9.73198532991,0.433387595872
2026-05-27T23:35:45.018,837973,0.88,-0.41,-0.4,-28.4,-2.4,-7.0,-10.4,66.2,-8.4,101.121,36.04,0,1,0,1,2,NONE,33,156,1.05,29.3482537811,10.5280577506,0.05
2026-05-27T23:35:45.066,838021,0.91,-0.22,-0.47,-24.0,6.2,0.2,-11.0,65.7,-10.2,101.121,36.04,0,1,0,1,2,NONE,36,146,1.0475686135,24.7887071063,4.26447697718,0.0475686135046
2026-05-27T23:35:45.109,838073,0.86,-0.22,-0.37,-14.2,-3.8,7.5,-10.4,65.4,-11.9,101.119,36.04,0,1,0,1,2,NONE,33,135,0.961717214154,16.5024240644,2.15006536298,0.0382827858461
2026-05-27T23:35:45.173,838125,0.87,-0.28,-0.33,-9.9,-1.9,0.7,-10.4,65.4,-11.3,101.121,36.04,0,1,1,1,3,NONE,23,96,0.97169954204,10.1049492824,1.40002113255,0.0283004579604
2026-05-27T23:35:45.221,838171,0.85,-0.3,-0.32,-5.6,-13.5,-2.8,-10.6,64.8,-12.7,101.119,36.04,0,1,1,1,3,NONE,25,119,0.95650405122,14.8811961885,0.652173913043,0.0434959487801
2026-05-27T23:35:45.270,838223,0.85,-0.38,-0.27,-24.2,-9.8,-0.1,-11.2,64.3,-13.4,101.118,36.04,0,1,1,1,3,NONE,34,124,0.969432823872,26.109193783,1.81422714078,0.0305671761282
2026-05-27T23:35:45.318,838271,0.83,-0.35,-0.3,-16.2,-7.6,2.6,-11.6,64.2,-14.2,101.119,36.04,0,1,1,1,3,NONE,25,156,0.949420876113,18.0820352837,0.977169949963,0.0505791238866
2026-05-27T23:35:45.371,838323,0.9,-0.32,-0.3,-21.9,-7.6,10.6,-10.9,64.3,-15.7,101.122,36.04,0,1,0,0,1,NONE,25,131,1.00119928086,25.4898018823,1.46457175113,0.00119928086271
2026-05-27T23:35:45.414,838374,0.86,-0.23,-0.25,-7.2,-4.0,9.8,-11.0,63.9,-15.1,101.119,36.04,0,1,0,0,1,NONE,32,118,0.924662100445,12.8015624046,2.16575706219,0.0753378995547
2026-05-27T23:35:45.474,838423,0.86,-0.36,-0.2,-8.8,1.1,4.2,-10.8,63.1,-16.1,101.119,36.04,0,1,1,1,3,NONE,27,94,0.953519795285,9.81274681218,2.84252821983,0.0464802047152
2026-05-27T23:35:45.514,838471,0.95,-0.37,-0.16,-20.8,6.2,11.8,-10.5,63.0,-16.3,101.12,36.04,0,1,1,1,3,NONE,32,148,1.03198837203,24.7046554317,2.06239477846,0.0319883720275
2026-05-27T23:35:45.571,838523,0.9,-0.29,-0.15,-6.3,4.3,20.1,-10.3,62.4,-16.8,101.122,36.04,0,1,0,1,2,NONE,24,147,0.957392291592,21.4986046059,1.82439095779,0.0426077084079
2026-05-27T23:35:45.619,838573,0.97,-0.21,-0.14,6.8,-11.2,24.2,-9.4,62.1,-17.4,101.121,36.04,0,1,0,1,2,NONE,30,135,1.00229736107,27.5194476689,2.13541565041,0.00229736106607
2026-05-27T23:35:45.671,838621,0.94,-0.29,-0.04,7.8,-29.9,19.3,-8.6,62.7,-17.6,101.121,36.04,0,1,0,1,2,NONE,26,107,0.984530344885,36.4326776397,2.74019717458,0.0154696551147
2026-05-27T23:35:45.724,838673,1.11,-0.41,-0.3,-12.3,26.8,14.5,-8.9,62.5,-18.5,101.122,36.03,0,1,0,1,2,NONE,18,84,1.22073748202,32.8600060864,6.40416377129,0.220737482017
2026-05-27T23:35:45.775,838725,1.0,0.0,-0.29,8.3,6.1,28.7,-8.0,61.9,-18.1,101.123,36.04,0,1,0,1,2,NONE,20,104,1.04120122935,30.4924580839,8.16572067137,0.04120122935
2026-05-27T23:35:45.811,838771,0.82,-0.07,-0.1,36.3,9.5,17.0,-7.4,61.1,-17.3,101.12,36.03,0,1,0,1,2,NONE,20,79,0.829035584279,41.1939315919,5.88965964528,0.170964415721
2026-05-27T23:35:45.876,838825,0.99,-0.01,-0.34,17.0,20.0,13.2,-6.9,61.9,-16.6,101.119,36.03,0,1,0,1,2,NONE,15,92,1.04680466182,29.3809462067,5.55864111845,0.0468046618161
2026-05-27T23:35:45.922,838871,0.99,-0.11,-0.14,4.8,0.7,6.0,-6.2,61.7,-16.6,101.123,36.04,0,1,0,1,2,NONE,16,93,1.00588269694,7.71556867638,4.86101734239,0.00588269693837
2026-05-27T23:35:45.974,838923,0.95,-0.07,-0.27,9.3,5.6,7.1,-5.7,62.0,-16.8,101.121,36.03,0,1,0,1,2,NONE,131,758,0.990101004948,12.971507237,2.72643209207,0.00989899505152
2026-05-27T23:35:46.017,838975,0.93,-0.09,-0.14,16.4,-3.4,5.1,-6.0,61.7,-16.3,101.122,36.04,0,1,0,1,2,NONE,59,307,0.944775105515,17.5079981723,2.55848744147,0.0552248944855
2026-05-27T23:35:46.072,839023,0.91,-0.12,-0.17,-0.9,1.6,0.6,-6.0,61.6,-16.4,101.122,36.04,0,1,0,1,2,NONE,36,228,0.933488082409,1.93132079158,0.977169949963,0.0665119175908
2026-05-27T23:35:46.121,839071,0.91,-0.05,-0.11,-8.2,5.3,-1.8,-6.4,61.4,-15.7,101.12,36.04,0,1,0,1,2,NONE,57,318,0.917986928012,9.92824254337,1.9207384286,0.0820130719885
2026-05-27T23:35:46.173,839123,0.93,-0.06,-0.08,-1.6,11.8,-6.1,-6.1,62.1,-15.5,101.121,36.04,0,1,0,1,2,NONE,55,370,0.935360892918,13.3794618726,0.719549497457,0.0646391070822
2026-05-27T23:35:46.220,839173,1.0,-0.07,-0.1,2.2,3.2,-11.4,-6.3,61.7,-15.1,101.118,36.03,0,1,0,1,2,NONE,39,211,1.00742245359,12.0432553739,1.46969384567,0.00742245359134
2026-05-27T23:35:46.273,839221,0.96,-0.14,-0.08,-5.8,1.1,-6.8,-6.8,61.8,-16.8,101.118,36.04,0,1,0,0,1,NONE,27,175,0.973447481891,9.00499861188,1.73054663811,0.026552518109
2026-05-27T23:35:46.323,839273,0.91,-0.24,-0.08,-36.2,2.6,-6.7,-7.3,61.4,-18.3,101.121,36.04,0,1,0,0,1,NONE,74,306,0.944510455209,36.9065034919,2.15006536298,0.0554895447905
2026-05-27T23:35:46.374,839325,1.15,0.03,-0.43,-2.4,30.0,-4.5,-6.7,60.5,-17.6,101.121,36.04,0,1,0,0,1,NONE,42,167,1.22812865776,30.4304124192,9.67290487689,0.228128657755
2026-05-27T23:35:46.422,839371,1.22,-0.21,-0.36,10.9,9.1,-8.8,-6.7,61.2,-18.6,101.125,36.04,0,1,0,0,1,NONE,32,178,1.28922457314,16.705089045,5.64380651554,0.289224573145
2026-05-27T23:35:46.474,839423,0.87,-0.32,-0.34,-38.8,4.0,-14.6,-7.5,61.0,-18.8,101.121,36.04,0,1,0,1,2,NONE,27,174,0.98737024464,41.6485293858,7.06583579649,0.0126297553602
2026-05-27T23:35:46.511,839471,0.83,-0.15,-0.32,-11.5,4.5,-2.7,-7.3,59.5,-18.2,101.119,36.03,0,1,0,1,2,NONE,51,284,0.902108640908,12.6408069363,3.66216579818,0.0978913590925
2026-05-27T23:35:46.574,839523,0.93,-0.29,-0.27,5.3,4.9,-1.2,-7.9,60.1,-20.1,101.121,36.04,0,1,1,1,3,NONE,33,171,1.01089069637,7.31710325197,3.44547555138,0.0108906963663
2026-05-27T23:35:46.622,839575,0.89,-0.32,-0.25,-13.4,3.9,-5.1,-8.0,60.1,-20.0,101.121,36.04,0,1,1,1,3,NONE,25,134,0.978263768112,14.8586675042,1.03560861676,0.0217362318884
2026-05-27T23:35:46.674,839623,0.9,-0.37,-0.28,-23.6,4.8,-1.2,-8.3,59.7,-21.8,101.121,36.04,0,1,1,1,3,NONE,47,266,1.01257098517,24.113066997,1.23251662148,0.012570985166
2026-05-27T23:35:46.723,839671,0.9,-0.19,-0.26,-10.1,-0.5,1.4,-8.0,58.9,-21.6,101.12,36.04,0,1,1,1,3,NONE,32,187,0.955876561068,10.2088197163,3.77307714089,0.0441234389316
2026-05-27T23:35:46.773,839723,0.84,-0.25,-0.18,-4.0,5.2,4.5,-7.8,58.8,-22.9,101.12,36.04,0,1,0,1,2,NONE,20,113,0.894706655838,7.95550124128,2.24267380571,0.105293344162
2026-05-27T23:35:46.818,839773,0.89,-0.34,-0.2,-16.1,4.8,6.7,-7.4,58.1,-21.7,101.121,36.04,0,1,0,1,2,NONE,50,286,0.973498844375,18.0870119146,2.09761769634,0.0265011556247
2026-05-27T23:35:46.862,839822,0.91,-0.3,-0.14,-18.9,1.5,11.4,-7.1,57.3,-22.6,101.121,36.04,0,1,0,1,2,NONE,68,372,0.9683491106,22.1228388775,1.52720709664,0.0316508893999
2026-05-27T23:35:46.914,839873,0.89,-0.27,-0.18,-12.3,2.2,14.5,-7.1,56.3,-23.3,101.12,36.04,0,1,0,1,2,NONE,20,150,0.947311986623,19.1410553523,1.05591466807,0.0526880133768
2026-05-27T23:35:46.978,839925,0.93,-0.27,-0.14,-1.5,1.8,16.3,-6.8,56.2,-23.0,101.122,36.04,0,1,0,1,2,NONE,74,368,0.978468190592,16.4675438363,1.08785658644,0.0215318094082
2026-05-27T23:35:47.022,839971,0.89,-0.18,-0.14,-4.0,1.8,20.0,-6.4,55.5,-23.6,101.119,36.04,0,1,0,1,2,NONE,52,308,0.918749149659,20.4753510348,2.14105604387,0.0812508503405
2026-05-27T23:35:47.074,840023,0.96,-0.29,-0.14,-1.2,10.6,16.4,-5.5,55.2,-25.5,101.122,36.04,0,1,0,1,2,NONE,68,380,1.01257098517,19.5642531163,2.50738554046,0.012570985166
2026-05-27T23:35:47.121,840071,1.0,-0.3,-0.17,1.5,17.0,8.4,-4.4,55.2,-23.8,101.126,36.04,0,1,0,1,2,NONE,44,275,1.05778069561,19.021303846,1.062295732,0.0577806956076
2026-05-27T23:35:47.170,840123,1.04,-0.16,-0.19,-0.1,18.7,12.7,-4.1,54.4,-24.6,101.122,36.04,0,1,0,1,2,NONE,34,129,1.06925207505,22.6050879229,2.8263343186,0.0692520750506
2026-05-27T23:35:47.217,840175,1.13,-0.11,-0.29,20.0,17.1,10.9,-3.9,55.2,-23.4,101.12,36.04,0,1,0,1,2,NONE,47,248,1.17179349717,28.4819240923,2.76013463354,0.171793497166
2026-05-27T23:35:47.273,840223,0.95,-0.02,-0.33,28.7,2.3,9.4,-3.2,55.1,-23.1,101.12,36.04,0,1,0,1,2,NONE,79,452,1.00588269694,30.2876212338,4.27464261014,0.00588269693837
2026-05-27T23:35:47.323,840271,0.96,-0.02,-0.28,38.9,4.7,3.4,-3.0,55.6,-21.1,101.12,36.03,0,1,0,1,2,NONE,92,462,1.00019998,39.3301411134,1.062295732,0.000199980003999
2026-05-27T23:35:47.374,840323,0.9,-0.09,-0.23,34.3,1.5,-0.6,-3.7,56.2,-20.6,101.121,36.03,0,1,0,1,2,NONE,110,532,0.933273807626,34.3380255693,2.01694009263,0.0667261923744
2026-05-27T23:35:47.424,840373,1.0,-0.1,-0.23,15.4,6.5,1.1,-3.2,57.0,-18.8,101.119,36.04,0,1,0,1,2,NONE,99,740,1.03097041665,16.75171633,2.00997512422,0.0309704166464
2026-05-27T23:35:47.469,840421,0.97,0.02,-0.26,33.8,-3.8,0.4,-3.6,57.2,-18.6,101.121,36.03,0,1,1,1,3,NONE,50,299,1.00444014257,34.0152906793,2.65165042945,0.00444014256699
2026-05-27T23:35:47.523,840473,0.88,-0.06,-0.21,33.1,2.4,1.4,-3.7,57.9,-19.8,101.123,36.04,0,1,1,1,3,NONE,53,344,0.906697303404,33.2164116063,2.50738554046,0.093302696596
2026-05-27T23:35:47.565,840525,0.92,-0.05,-0.24,22.9,10.8,-0.9,-3.3,58.4,-19.1,101.119,36.04,0,1,0,1,2,NONE,110,576,0.952102935611,25.3349560884,0.980580675691,0.0478970643885
2026-05-27T23:35:47.622,840571,0.91,-0.07,-0.17,15.7,4.6,-5.4,-3.4,58.9,-17.8,101.121,36.04,0,1,0,1,2,NONE,113,620,0.928385695711,17.2281745986,1.59749331051,0.0716143042894
2026-05-27T23:35:47.672,840623,0.94,-0.13,-0.17,7.3,7.0,-12.2,-4.1,58.9,-18.7,101.123,36.04,0,1,0,0,1,NONE,79,422,0.9640539404,15.8470817503,1.29003921779,0.0359460596004
2026-05-27T23:35:47.721,840671,0.95,-0.15,-0.15,-16.3,0.9,-9.9,-4.4,59.5,-17.7,101.123,36.04,0,1,0,0,1,NONE,66,453,0.973396116697,19.0921449816,0.625,0.0266038833034
2026-05-27T23:35:47.773,840723,0.92,-0.14,-0.08,-37.7,-8.5,-10.6,-5.2,58.7,-18.8,101.123,36.03,0,1,0,0,1,NONE,47,250,0.934023554307,40.0736821368,1.47714341305,0.0659764456932
2026-05-27T23:35:47.815,840775,1.27,0.05,-0.41,-17.6,29.5,-3.3,-5.4,58.6,-20.9,101.12,36.03,0,1,0,0,1,NONE,47,195,1.33547744271,34.5094190041,9.94623118537,0.335477442715
2026-05-27T23:35:47.872,840823,0.99,-0.29,-0.19,-6.2,-15.9,-3.5,-5.3,57.7,-21.9,101.123,36.03,0,1,0,1,2,NONE,43,208,1.04895185781,17.4212513902,10.2571113542,0.0489518578085
2026-05-27T23:35:47.923,840871,0.92,-0.15,-0.33,-34.1,4.9,-2.5,-6.0,56.9,-21.7,101.122,36.04,0,1,0,1,2,NONE,47,156,0.988837701547,34.5408453863,4.375,0.0111622984534
2026-05-27T23:35:47.973,840923,0.86,-0.21,-0.32,-9.0,-1.0,0.8,-5.7,56.5,-22.5,101.121,36.03,0,1,1,1,3,NONE,42,248,0.941328847959,9.09065454189,1.64307764333,0.0586711520409
2026-05-27T23:35:48.020,840973,0.86,-0.34,-0.32,-19.2,3.6,-2.7,-5.6,56.8,-22.4,101.121,36.03,0,1,1,1,3,NONE,40,293,0.978570385818,19.7202941155,2.6,0.021429614182
2026-05-27T23:35:48.068,841022,0.97,-0.28,-0.28,-17.3,1.0,-3.7,-6.3,55.5,-22.6,101.122,36.03,0,1,1,1,3,NONE,63,182,1.04771179243,17.719480805,2.68427478326,0.0477117924315
2026-05-27T23:35:48.124,841073,0.91,-0.3,-0.2,-17.0,-2.2,-3.5,-6.3,55.5,-24.7,101.122,36.03,0,1,1,1,3,NONE,33,205,0.978825827203,17.4954279742,1.99961549553,0.0211741727968
2026-05-27T23:35:48.176,841125,0.91,-0.27,-0.23,-15.6,2.5,-1.1,-6.3,54.4,-24.3,101.115,36.03,0,1,1,1,3,NONE,38,231,0.976678043165,15.8372977493,0.815892439831,0.0233219568353
2026-05-27T23:35:48.226,841171,0.9,-0.25,-0.2,-7.0,0.7,2.1,-6.1,54.4,-24.9,101.122,36.03,0,1,1,1,3,NONE,20,115,0.955248658727,7.34166193719,0.813403779733,0.0447513412729
2026-05-27T23:35:48.266,841223,0.9,-0.35,-0.22,-11.4,-3.2,0.9,-6.0,54.0,-25.2,101.121,36.03,0,1,1,1,3,NONE,28,134,0.990403957989,11.8747631555,1.96116135138,0.00959604201114
2026-05-27T23:35:48.314,841271,0.88,-0.31,-0.2,-11.2,11.7,4.3,-6.6,53.8,-24.7,101.12,36.03,0,1,1,1,3,NONE,27,171,0.954201236637,16.7576848043,1.02062072616,0.0457987633628
2026-05-27T23:35:48.361,841323,0.85,-0.27,-0.16,-14.8,8.2,7.7,-6.5,53.4,-26.2,101.122,36.03,0,1,1,1,3,NONE,35,217,0.906090503206,18.5895131728,1.23137004566,0.0939094967941
2026-05-27T23:35:48.425,841375,0.9,-0.22,-0.19,-4.6,14.8,8.6,-5.7,52.5,-26.9,101.118,36.03,0,1,1,1,3,NONE,26,152,0.945780101292,17.7245592329,1.47714341305,0.054219898708
2026-05-27T23:35:48.472,841423,0.99,-0.21,-0.08,6.7,-11.8,12.8,-5.1,52.6,-26.9,101.12,36.04,0,1,1,1,3,NONE,44,145,1.01518471226,18.6539540044,2.96829309349,0.0151847122568
2026-05-27T23:35:48.524,841471,0.88,-0.2,0.01,12.1,-3.5,15.7,-5.3,52.2,-26.4,101.121,36.03,0,1,1,1,3,NONE,102,453,0.902496537389,20.1283382325,2.96829309349,0.0975034626105
2026-05-27T23:35:48.568,841523,0.96,-0.19,-0.07,33.5,16.8,22.6,-5.4,52.5,-25.7,101.118,36.03,0,1,0,1,2,NONE,44,164,0.981121806913,43.7635693243,2.18419551762,0.0188781930871
2026-05-27T23:35:48.617,841573,0.92,-0.38,-0.31,7.1,43.2,23.3,-4.8,52.6,-26.8,101.121,36.03,0,1,0,1,2,NONE,78,309,1.04254496306,49.5937496062,6.17413961617,0.0425449630591
2026-05-27T23:35:48.663,841621,1.07,-0.01,-0.33,1.1,29.7,20.3,-2.8,52.1,-24.3,101.116,36.03,0,1,0,0,1,NONE,75,432,1.11977676347,35.9915267806,8.32812337138,0.119776763467
2026-05-27T23:35:48.716,841673,1.08,-0.32,-0.42,55.8,8.5,16.5,-1.8,52.2,-25.2,101.123,36.04,0,1,0,0,1,NONE,60,349,1.20216471417,58.8059520797,6.21067510075,0.202164714172
2026-05-27T23:35:48.776,841725,0.96,-0.06,-0.28,2.5,0.2,7.4,-1.2,53.1,-24.4,101.118,36.03,0,1,1,1,3,NONE,40,184,1.00179838291,7.81344994225,6.12976055789,0.00179838290946
2026-05-27T23:35:48.818,841771,0.85,-0.04,-0.28,38.4,-0.9,6.5,-1.6,53.2,-24.0,101.124,36.03,0,1,1,1,3,NONE,59,345,0.895823643358,38.9566425658,2.4305086712,0.104176356642
2026-05-27T23:35:48.871,841823,0.91,-0.07,-0.24,41.3,18.3,9.9,-1.4,53.5,-23.5,101.124,36.03,0,1,0,0,1,NONE,52,325,0.943716058992,46.2448916098,1.50197109152,0.0562839410077
2026-05-27T23:35:48.922,841871,1.05,-0.09,-0.27,26.4,13.2,5.9,-0.9,54.1,-21.4,101.119,36.03,0,1,0,0,1,NONE,53,267,1.08788786187,30.1,3.01184006142,0.0878878618681
2026-05-27T23:35:48.967,841923,1.0,0.01,-0.34,16.4,-4.1,3.3,-0.4,54.2,-21.0,101.122,36.03,0,1,0,0,1,NONE,48,328,1.0562670117,17.2238207143,2.53671268428,0.0562670116973
2026-05-27T23:35:49.016,841975,0.92,0.04,-0.26,30.1,-6.9,-2.1,-1.1,54.6,-21.3,101.12,36.03,0,1,0,0,1,NONE,89,523,0.956869897112,30.9520597053,2.25090382898,0.0431301028875
2026-05-27T23:35:49.064,842023,0.91,-0.04,-0.22,24.5,-2.3,-7.5,-1.8,55.5,-20.0,101.121,36.03,0,1,0,1,2,NONE,70,513,0.937069901341,25.725279396,1.875,0.0629300986586
2026-05-27T23:35:49.113,842071,0.9,-0.09,-0.25,6.2,-7.4,-9.6,-2.3,56.1,-19.4,101.124,36.03,0,1,0,1,2,NONE,69,447,0.938402898546,13.6146979401,1.23251662148,0.0615971014538
2026-05-27T23:35:49.165,842123,0.84,-0.08,-0.15,10.3,-2.1,-9.2,-2.6,56.0,-20.7,101.119,36.04,0,1,0,0,1,NONE,58,369,0.857029754443,13.9692519485,2.25090382898,0.142970245557
2026-05-27T23:35:49.209,842173,0.93,-0.04,-0.15,11.7,11.9,-11.4,-3.0,56.9,-19.7,101.122,36.03,0,1,0,0,1,NONE,90,557,0.942867965306,20.2103933658,1.96977156036,0.0571320346941
2026-05-27T23:35:49.273,842221,1.0,-0.2,-0.15,-3.2,10.9,-11.4,-2.6,57.1,-19.4,101.121,36.03,0,1,0,0,1,NONE,70,411,1.0307764064,16.0937876213,3.63838524929,0.0307764064044
2026-05-27T23:35:49.320,842273,0.92,-0.22,-0.11,-20.1,8.9,-9.9,-3.1,56.8,-20.0,101.119,36.03,0,1,0,0,1,NONE,46,245,0.952312973764,24.1087121182,1.76252911344,0.0476870262356
2026-05-27T23:35:49.368,842325,0.9,-0.12,-0.15,-39.8,10.0,-6.9,-3.7,57.0,-20.8,101.12,36.03,0,1,1,1,3,NONE,47,205,0.920271699011,41.6130988993,2.10662522117,0.0797283009893
2026-05-27T23:35:49.416,842371,1.09,0.02,-0.44,-32.5,42.7,1.5,-3.3,55.9,-21.8,101.119,36.03,0,1,1,1,3,NONE,64,164,1.17562749202,53.6823062098,8.12822569384,0.175627492023
2026-05-27T23:35:49.469,842423,1.08,-0.22,-0.3,-18.6,12.9,0.5,-2.7,55.3,-21.2,101.12,36.03,0,1,0,1,2,NONE,43,229,1.1422784249,22.6411130468,5.34670722095,0.142278424903
2026-05-27T23:35:49.515,842471,0.95,-0.16,-0.37,-35.5,10.2,-0.2,-2.3,53.8,-23.4,101.121,36.03,0,1,0,1,2,NONE,67,433,1.03198837203,36.9368379805,3.32028696886,0.0319883720275
2026-05-27T23:35:49.560,842523,0.88,-0.22,-0.36,-41.0,10.0,1.9,-1.9,52.3,-24.4,101.12,36.03,0,1,0,1,2,NONE,94,761,0.9759098319,42.244644631,1.78338817221,0.0240901680995
2026-05-27T23:35:49.624,842575,0.88,-0.25,-0.35,-24.2,1.3,2.2,-2.3,51.4,-25.0,101.119,36.02,0,1,0,1,2,NONE,335,1927,0.979489663039,24.3345433489,0.608130319263,0.0205103369611
2026-05-27T23:35:49.672,842623,0.97,-0.23,-0.28,-11.6,0.9,1.9,-2.4,51.5,-26.6,101.123,36.03,0,1,0,1,2,NONE,226,1479,1.03547090737,11.7889779031,2.41163268808,0.0354709073653
2026-05-27T23:35:49.720,842671,0.94,-0.3,-0.28,-6.0,-10.8,-2.1,-2.5,50.8,-26.7,101.122,36.03,0,1,0,1,2,NONE,196,1341,1.0256705124,12.5319591445,1.58661939705,0.0256705123966
2026-05-27T23:35:49.768,842723,0.9,-0.3,-0.26,-18.9,-7.9,-0.1,-2.9,50.3,-27.3,101.122,36.03,0,1,1,1,3,NONE,94,450,0.983666610189,20.4848724673,0.860026145192,0.0163333898114
2026-05-27T23:35:49.821,842773,0.86,-0.26,-0.26,-9.1,-0.1,0.8,-2.6,49.4,-27.3,101.121,36.03,0,1,1,1,3,NONE,105,580,0.935307436087,9.13564447644,1.1313708499,0.0646925639128
2026-05-27T23:35:49.865,842821,0.87,-0.3,-0.23,-15.5,0.4,2.2,-2.9,49.3,-28.3,101.122,36.04,0,1,1,1,3,NONE,103,746,0.948577882938,15.6604597634,1.062295732,0.0514221170615
2026-05-27T23:35:49.917,842873,0.86,-0.32,-0.22,-18.3,9.8,4.8,-3.4,48.2,-28.8,101.116,36.03,0,1,1,1,3,NONE,200,1043,0.943610088967,21.3065717562,0.471055719766,0.0563899110332
2026-05-27T23:35:49.966,842925,0.88,-0.26,-0.22,-12.1,13.9,7.6,-2.4,48.2,-28.4,101.122,36.03,0,1,1,1,3,NONE,82,532,0.943610088967,19.934392391,1.21626063853,0.0563899110332
2026-05-27T23:35:50.009,842971,0.93,-0.21,-0.22,-4.5,8.2,12.0,-2.3,47.6,-28.0,101.12,36.03,0,1,1,1,3,NONE,157,881,0.978468190592,15.2147954308,1.53718865475,0.0215318094082
2026-05-27T23:35:50.073,843023,0.96,-0.17,-0.09,16.4,-5.3,16.1,-2.1,47.4,-29.5,101.122,36.03,0,1,1,1,3,NONE,151,824,0.979081201944,23.5851648288,2.67853620715,0.0209187980561
2026-05-27T23:35:50.122,843071,0.95,-0.19,-0.06,31.2,-2.3,22.9,-2.0,48.1,-29.2,101.12,36.03,0,1,1,1,3,NONE,92,503,0.97066987179,38.7703494955,0.779511955578,0.0293301282104
2026-05-27T23:35:50.175,843123,1.0,-0.33,-0.34,39.9,28.6,17.3,-1.0,48.7,-28.8,101.12,36.03,0,1,1,1,3,NONE,212,1284,1.10657128103,52.0505523506,6.0964874939,0.10657128103
2026-05-27T23:35:50.221,843175,1.01,-0.22,-0.39,-4.4,22.8,8.7,-0.6,48.6,-27.2,101.121,36.03,0,1,1,1,3,NONE,105,757,1.10480767557,24.796975622,2.33160685634,0.104807675571
2026-05-27T23:35:50.267,843223,0.97,-0.15,-0.24,27.5,8.2,10.4,0.0,48.5,-28.1,101.121,36.03,0,1,1,1,3,NONE,94,520,1.01044544633,30.5229421911,3.54778882623,0.0104454463255
2026-05-27T23:35:50.313,843271,0.95,-0.13,-0.31,23.6,15.7,9.4,0.5,49.2,-26.6,101.121,36.03,0,1,1,1,3,NONE,92,530,1.00772019926,29.8631880415,1.57288217401,0.00772019926168
2026-05-27T23:35:50.370,843323,0.94,-0.03,-0.34,27.8,3.3,3.5,0.2,50.0,-26.9,101.126,36.03,0,1,0,0,1,NONE,158,1102,1.00004999875,28.2131175165,2.01694009263,4.99987500624e-05
2026-05-27T23:35:50.413,843373,0.93,-0.09,-0.3,34.2,2.2,-0.1,0.6,50.8,-25.9,101.123,36.03,0,1,0,0,1,NONE,160,838,0.981325634028,34.27083308,1.45602197786,0.0186743659722
2026-05-27T23:35:50.472,843421,0.94,-0.1,-0.3,25.4,-1.5,-1.2,0.5,51.6,-25.6,101.123,36.03,0,1,0,0,1,NONE,180,859,0.991766101457,25.4725342281,0.294627825494,0.00823389854261
2026-05-27T23:35:50.520,843473,1.0,-0.06,-0.3,17.3,-0.7,0.3,0.4,52.1,-25.2,101.122,36.03,0,1,0,0,1,NONE,90,501,1.04575331699,17.3167548923,1.38675049056,0.0457533169921
2026-05-27T23:35:50.569,843525,0.95,-0.03,-0.29,22.2,-7.5,3.8,-0.3,52.0,-24.4,101.118,36.03,0,1,0,0,1,NONE,64,370,0.993730345718,23.7387868266,1.1377076506,0.00626965428241
2026-05-27T23:35:50.621,843571,0.9,-0.09,-0.22,16.8,-3.2,0.5,-0.1,52.4,-25.3,101.119,36.03,0,1,0,0,1,NONE,86,403,0.930859817588,17.1093541667,2.28001923515,0.069140182412
2026-05-27T23:35:50.671,843623,0.93,-0.06,-0.22,15.4,2.7,-2.2,-0.4,52.8,-25.2,101.122,36.03,0,1,0,1,2,NONE,50,270,0.957548954362,15.7889201657,0.815892439831,0.0424510456379
2026-05-27T23:35:50.715,843671,0.92,-0.04,-0.23,9.9,-2.1,-3.8,-0.9,53.2,-24.0,101.123,36.03,0,1,0,1,2,NONE,26,113,0.949157521173,10.810180387,0.51031036308,0.0508424788266
2026-05-27T23:35:50.775,843724,0.9,-0.03,-0.19,6.3,4.4,-5.9,-0.7,53.0,-24.5,101.118,36.03,0,1,0,0,1,NONE,28,149,0.920326029187,9.68813707583,0.864636923577,0.0796739708125
2026-05-27T23:35:50.825,843775,0.96,-0.03,-0.18,1.5,5.1,-9.4,-2.2,53.9,-24.7,101.121,36.03,0,1,0,0,1,NONE,40,109,0.977189848494,10.7990740344,1.19269853535,0.0228101515059
2026-05-27T23:35:50.875,843823,0.93,-0.09,-0.19,-4.5,-1.4,-11.4,-1.5,53.7,-25.4,101.121,36.03,0,1,0,0,1,NONE,41,130,0.953467356547,12.3357204897,1.41298541315,0.0465326434534
2026-05-27T23:35:50.925,843874,0.95,-0.04,-0.12,-10.4,0.0,-11.8,-2.9,53.5,-24.4,101.119,36.03,0,1,0,0,1,NONE,25,108,0.958384056629,15.7289541928,1.73171781693,0.0416159433713
2026-05-27T23:35:50.972,843921,1.11,-0.13,-0.32,-29.7,17.3,-9.4,-2.6,53.2,-25.3,101.118,36.03,0,1,0,0,1,NONE,72,107,1.16249731182,35.6334112877,5.77611572787,0.162497311825
2026-05-27T23:35:51.019,843975,1.12,-0.23,-0.48,2.5,11.3,2.9,-2.5,52.8,-26.3,101.122,36.03,0,1,0,0,1,NONE,21,94,1.24004032193,11.9310519234,3.49897104217,0.240040321925
2026-05-27T23:35:51.071,844021,0.84,-0.19,-0.26,-11.3,-1.8,-3.8,-2.3,52.2,-25.6,101.119,36.02,0,1,0,0,1,NONE,22,110,0.899611027056,12.0569482043,7.78977081181,0.100388972944
2026-05-27T23:35:51.119,844071,0.89,-0.25,-0.38,-28.3,21.2,-6.3,-2.7,51.9,-27.1,101.116,36.02,0,1,0,0,1,NONE,28,112,0.999499874937,35.9168484141,2.86356421266,0.000500125062539
2026-05-27T23:35:51.167,844123,0.86,-0.26,-0.3,-14.0,4.0,-4.0,-2.2,50.7,-27.8,101.119,36.03,0,1,0,0,1,NONE,66,390,0.947206418897,15.0996688705,1.65429332059,0.0527935811028
2026-05-27T23:35:51.216,844175,0.92,-0.25,-0.27,-2.7,8.3,-0.1,-2.5,50.5,-26.9,101.118,36.03,0,1,0,0,1,NONE,80,471,0.990858213873,8.72868833216,1.30429422752,0.00914178612679
2026-05-27T23:35:51.260,844221,0.95,-0.22,-0.26,-1.7,-4.0,-3.8,-2.6,50.5,-27.8,101.123,36.03,0,1,0,0,1,NONE,79,432,1.00920760996,5.77321400954,0.947586726857,0.00920760995942
2026-05-27T23:35:51.324,844273,0.88,-0.25,-0.27,8.1,9.6,-4.7,-2.5,50.4,-26.6,101.119,36.02,0,1,0,0,1,NONE,93,538,0.953834367173,13.4111893581,1.47714341305,0.0461656328272
2026-05-27T23:35:51.374,844322,0.86,-0.42,-0.25,-7.4,3.5,-1.0,-2.8,50.6,-27.7,101.121,36.03,0,1,0,1,2,NONE,76,456,0.989191589127,8.24681756801,3.51707917135,0.0108084108728
2026-05-27T23:35:51.419,844373,0.9,-0.4,-0.32,-16.2,12.8,7.3,-2.8,49.5,-28.0,101.12,36.03,0,1,0,1,2,NONE,144,767,1.03556747728,21.8990867389,1.62874977704,0.03556747728
2026-05-27T23:35:51.468,844425,0.85,-0.35,-0.32,-33.0,7.9,9.2,-2.6,49.2,-27.7,101.119,36.03,0,1,0,0,1,NONE,231,1159,0.973344748792,35.1575027555,1.35982073305,0.0266552512085
2026-05-27T23:35:51.516,844471,0.85,-0.22,-0.32,-31.2,7.6,11.4,-1.9,48.2,-29.4,101.12,36.03,0,1,0,0,1,NONE,132,683,0.934505216679,34.075797863,2.82608695652,0.0654947833211
2026-05-27T23:35:51.574,844524,0.88,-0.18,-0.24,-13.0,1.8,13.3,-2.2,47.3,-30.1,101.119,36.02,0,1,0,1,2,NONE,146,778,0.929731143934,18.6850207385,1.77999644001,0.0702688560664
2026-05-27T23:35:51.613,844571,0.89,-0.2,-0.11,17.2,12.9,14.6,-1.3,46.5,-29.7,101.12,36.03,0,1,0,1,2,NONE,97,505,0.918803569867,25.9886513694,2.8065757358,0.0811964301332
2026-05-27T23:35:51.660,844623,0.98,-0.2,-0.16,7.1,-7.0,15.4,-1.6,46.5,-30.5,101.122,36.03,0,1,0,0,1,NONE,247,1583,1.01291658097,18.3458442161,1.97992887327,0.012916580968
2026-05-27T23:35:51.725,844673,0.96,-0.08,-0.09,15.9,-6.5,20.1,-1.3,46.6,-29.3,101.121,36.03,0,1,0,0,1,NONE,209,1083,0.967522609555,26.4399319212,2.80713376952,0.0324773904451
2026-05-27T23:35:51.771,844722,1.13,-0.39,-0.44,35.6,4.0,18.1,-1.6,46.8,-29.8,101.12,36.03,0,1,0,0,1,NONE,166,1055,1.27381317311,40.1368907615,10.1529330317,0.273813173114
2026-05-27T23:35:51.823,844773,0.91,-0.09,-0.28,-15.6,-2.9,-3.8,-2.1,46.6,-30.5,101.121,36.03,0,1,0,0,1,NONE,480,2477,0.95634721728,16.3159431232,7.94057126718,0.0436527827196
2026-05-27T23:35:51.872,844825,1.11,-0.21,-0.33,38.6,-4.6,5.0,-2.4,47.0,-30.2,101.12,36.03,0,1,0,0,1,NONE,196,1216,1.17690271476,39.1933667857,4.58725401611,0.176902714756
2026-05-27T23:35:51.920,844871,0.97,-0.04,-0.29,43.3,-10.4,9.2,-2.2,47.7,-28.6,101.122,36.02,0,1,0,0,1,NONE,385,2635,1.01321271212,45.4718594298,4.86587593165,0.0132127121192
2026-05-27T23:35:51.969,844924,0.83,-0.11,-0.25,43.2,-11.1,2.4,-3.1,48.8,-29.3,101.121,36.02,0,1,0,0,1,NONE,510,2845,0.873784870549,44.6677736181,3.0482064946,0.126215129451
2026-05-27T23:35:52.019,844971,0.9,-0.13,-0.24,23.4,-3.4,0.1,-2.9,49.7,-28.7,101.118,36.03,0,1,0,0,1,NONE,633,3178,0.940478601564,23.6459298823,1.56350409114,0.0595213984359
2026-05-27T23:35:52.065,845024,0.97,-0.08,-0.25,12.3,-4.2,0.9,-3.7,49.7,-28.0,101.116,36.03,0,1,0,0,1,NONE,262,1659,1.00488805347,13.0284304504,1.63401019582,0.00488805346665
2026-05-27T23:35:52.125,845075,0.94,-0.01,-0.21,25.6,-4.0,-0.1,-3.6,50.7,-27.8,101.122,36.03,0,1,0,0,1,NONE,123,752,0.96322375386,25.9108085555,1.68673044452,0.0367762461401
2026-05-27T23:35:52.173,845122,0.92,-0.07,-0.2,13.0,8.1,-1.2,-3.9,51.0,-28.8,101.122,36.03,0,1,0,1,2,NONE,112,768,0.944086860411,15.3639187709,1.36236685903,0.0559131395894
2026-05-27T23:35:52.221,845171,0.91,-0.11,-0.23,7.2,6.7,-2.4,-3.8,51.6,-27.2,101.122,36.03,0,1,0,1,2,NONE,89,497,0.945039681707,10.1237344888,1.04061622726,0.0549603182935
2026-05-27T23:35:52.275,845223,0.92,-0.08,-0.19,5.9,11.8,-1.3,-4.3,51.6,-27.1,101.12,36.03,0,1,1,1,3,NONE,38,245,0.94281493412,13.2566964211,0.980580675691,0.0571850658798
2026-05-27T23:35:52.324,845273,0.97,-0.06,-0.18,-6.3,9.0,-5.0,-4.0,51.7,-27.4,101.121,36.03,0,1,1,1,3,NONE,90,363,0.988382517045,12.0702112658,1.09544511501,0.0116174829551
2026-05-27T23:35:52.367,845322,0.91,-0.02,-0.22,-21.6,9.4,-8.5,-4.4,51.4,-26.9,101.122,36.02,0,1,0,1,2,NONE,104,400,0.936429388689,25.0433623941,1.68290025535,0.0635706113112
2026-05-27T23:35:52.415,845373,0.92,0.06,-0.22,-12.0,11.4,-9.2,-3.8,50.6,-28.0,101.121,36.03,0,1,0,1,2,NONE,45,144,0.947839648886,18.9367367833,1.58083485261,0.0521603511142
2026-05-27T23:35:52.475,845425,0.99,-0.1,-0.16,-0.2,9.9,-10.4,-4.3,50.9,-28.2,101.12,36.02,0,1,0,1,2,NONE,75,102,1.00781942827,14.3600139276,3.5511894832,0.00781942827076
2026-05-27T23:35:52.523,845471,1.02,-0.23,-0.47,-21.4,26.9,-9.1,-4.4,50.6,-29.4,101.119,36.02,0,1,0,1,2,NONE,91,97,1.14638562447,35.5581214352,7.33675523073,0.146385624474
2026-05-27T23:35:52.573,845523,1.04,-0.41,-0.34,-18.6,5.1,-2.1,-4.2,50.0,-29.4,101.119,36.02,0,1,0,0,1,NONE,66,374,1.16846052565,19.4005154571,4.28721092492,0.168460525649
2026-05-27T23:35:52.618,845571,0.87,-0.2,-0.29,-24.1,4.7,-0.5,-3.7,49.3,-30.0,101.119,36.02,0,1,0,0,1,NONE,69,299,0.938616002421,24.5591123618,5.72442986001,0.0613839975794
2026-05-27T23:35:52.669,845623,0.96,-0.4,-0.32,-21.4,4.0,-2.6,-4.0,48.1,-30.0,101.121,36.02,0,1,0,0,1,NONE,43,206,1.0881176407,21.9253278197,4.25691223484,0.0881176406988
2026-05-27T23:35:52.719,845675,0.91,-0.28,-0.24,-12.9,-4.2,-3.3,-4.5,47.2,-30.9,101.119,36.02,0,1,0,0,1,NONE,91,453,0.981885940423,13.9620915339,2.93544952355,0.0181140595772
2026-05-27T23:35:52.767,845723,0.92,-0.27,-0.24,-3.1,-7.8,-4.2,-4.1,46.7,-31.1,101.122,36.02,0,1,0,0,1,NONE,87,489,0.988382517045,9.38562730988,0.294627825494,0.0116174829551
2026-05-27T23:35:52.816,845771,0.86,-0.35,-0.26,-11.3,-4.7,-3.6,-4.2,46.7,-30.5,101.119,36.02,0,1,0,0,1,NONE,79,404,0.964209520799,12.7569588853,2.124591464,0.0357904792007
2026-05-27T23:35:52.875,845824,0.85,-0.28,-0.23,5.5,-4.0,-2.6,-5.0,45.9,-31.6,101.119,36.02,0,1,0,0,1,NONE,69,284,0.924012986922,7.28079665971,1.44927278262,0.0759870130783
2026-05-27T23:35:52.923,845873,0.86,-0.34,-0.23,0.3,4.9,-0.5,-6.1,45.8,-30.9,101.122,36.02,0,1,0,0,1,NONE,23,114,0.952942810456,4.93457191659,1.24138010822,0.0470571895439
2026-05-27T23:35:52.970,845921,0.9,-0.33,-0.21,-0.7,7.7,0.5,-5.5,45.5,-31.0,101.122,36.02,0,1,0,0,1,NONE,37,102,0.981325634028,7.74790294209,0.954703269782,0.0186743659722
2026-05-27T23:35:53.019,845970,0.89,-0.32,-0.21,-4.0,7.0,4.3,-5.5,45.5,-31.0,101.121,36.02,0,1,0,0,1,NONE,23,104,0.968813707583,9.13728624921,0.288615012729,0.0311862924174
2026-05-27T23:35:53.071,846022,0.87,-0.3,-0.21,-0.2,9.4,6.1,-5.7,44.9,-30.8,101.121,36.03,0,1,0,0,1,NONE,41,72,0.943927963353,11.2075867161,0.54392829322,0.0560720366469
2026-05-27T23:35:53.118,846073,0.92,-0.31,-0.17,-2.7,13.1,8.6,-5.1,44.8,-31.7,101.123,36.03,0,1,0,0,1,NONE,53,240,0.985596266227,15.9015722493,1.27073347028,0.0144037337733
2026-05-27T23:35:53.173,846124,0.92,-0.25,-0.24,2.0,10.6,11.7,-4.9,44.7,-32.2,101.118,36.02,0,1,0,0,1,NONE,35,142,0.983107318659,15.9138304628,1.80775381516,0.0168926813415
2026-05-27T23:35:53.212,846173,0.94,-0.38,-0.16,13.0,-19.7,11.2,-5.9,45.2,-31.4,101.117,36.03,0,1,0,0,1,NONE,25,108,1.02645019363,26.1252751182,3.14179679966,0.0264501936285
2026-05-27T23:35:53.262,846221,0.96,-0.06,-0.08,0.3,-6.2,17.2,-6.4,45.1,-31.3,101.123,36.02,0,1,0,0,1,NONE,64,122,0.965194280961,18.2857868302,6.88446318411,0.0348057190389
2026-05-27T23:35:53.324,846273,1.05,-0.28,-0.23,24.6,0.5,13.1,-6.1,45.4,-31.8,101.119,36.03,0,1,0,0,1,NONE,27,135,1.1107655018,27.8750784752,5.40518050868,0.110765501805
2026-05-27T23:35:53.369,846325,0.96,-0.31,-0.28,4.0,11.2,8.9,-5.9,45.4,-30.1,101.119,36.03,0,1,0,0,1,NONE,28,135,1.04694794522,14.854292309,2.06227024899,0.0469479452198
2026-05-27T23:35:53.419,846371,1.09,-0.17,-0.28,26.9,-5.7,14.6,-6.1,45.3,-30.3,101.119,36.03,0,1,0,0,1,NONE,46,236,1.13815640401,31.1329407541,4.15325503794,0.138156404015
2026-05-27T23:35:53.473,846425,0.93,-0.14,-0.23,42.1,-7.9,18.5,-6.4,46.9,-30.7,101.121,36.02,0,1,0,0,1,NONE,26,135,0.968194195397,46.6590827171,3.15359006776,0.0318058046032
2026-05-27T23:35:53.519,846471,0.91,-0.15,-0.25,38.1,-4.0,16.6,-6.5,47.7,-29.5,101.117,36.03,0,1,0,0,1,NONE,20,93,0.955562661472,41.7512874053,0.652173913043,0.0444373385277
2026-05-27T23:35:53.566,846524,0.87,-0.12,-0.25,46.0,-2.4,14.5,-6.7,47.8,-29.7,101.12,36.03,0,0,0,0,0,NONE,15,84,0.913126497261,48.2908894099,0.943396226415,0.0868735027391
2026-05-27T23:35:53.626,846574,0.88,-0.08,-0.2,48.5,-4.1,4.8,-6.9,49.6,-28.5,101.118,36.02,0,0,0,0,0,NONE,41,146,0.905980132232,48.9090993579,1.29614813968,0.0940198677675
2026-05-27T23:35:53.674,846623,0.97,-0.14,-0.15,31.3,4.7,0.9,-7.0,50.5,-27.5,101.122,36.03,0,0,0,0,0,NONE,17,104,0.991463564636,31.6637016156,2.43191332404,0.00853643536437
2026-05-27T23:35:53.722,846671,0.97,-0.09,-0.22,12.3,2.3,4.6,-7.4,50.7,-27.9,101.123,36.03,0,0,0,0,0,NONE,13,62,0.9986991539,13.3319165914,1.7921510973,0.00130084610029
2026-05-27T23:35:53.773,846723,0.97,-0.06,-0.14,16.3,0.3,4.8,-7.3,51.3,-27.1,101.121,36.02,0,0,0,0,0,NONE,23,109,0.981885940423,16.9947050578,1.64307764333,0.0181140595772
2026-05-27T23:35:53.820,846773,0.9,-0.11,-0.14,-6.8,12.3,3.9,-7.3,50.7,-27.1,101.12,36.02,0,0,0,0,0,NONE,37,196,0.917442096265,14.5856093462,1.72046505341,0.0825579037345
2026-05-27T23:35:53.869,846822,0.94,-0.08,-0.22,-13.3,11.1,-1.0,-7.5,51.0,-28.3,101.12,36.02,0,0,0,0,0,NONE,43,217,0.968710483065,17.3522332857,1.92530227185,0.031289516935
2026-05-27T23:35:53.917,846873,0.94,-0.07,-0.18,-18.0,14.1,-2.3,-7.0,49.9,-28.0,101.118,36.03,0,0,0,0,0,NONE,54,410,0.959635347411,22.9804264538,0.808452083454,0.0403646525893
2026-05-27T23:35:53.962,846925,0.98,-0.06,-0.16,-24.1,13.9,-3.5,-6.6,49.5,-28.3,101.123,36.03,0,0,0,0,0,NONE,75,508,0.994786409236,28.0405064148,0.881264556722,0.00521359076433
2026-05-27T23:35:54.017,846971,0.97,-0.09,-0.18,-29.1,14.5,-3.6,-6.8,48.4,-28.7,101.123,36.03,0,0,0,0,0,NONE,46,301,0.990656348084,32.7111601751,0.813403779733,0.00934365191556
2026-05-27T23:35:54.076,847023,0.99,-0.04,-0.18,-30.0,12.1,-1.6,-6.2,47.5,-29.3,101.119,36.03,0,1,0,0,1,NONE,50,369,1.00702532242,32.3878063475,1.03560861676,0.00702532242243
2026-05-27T23:35:54.122,847071,0.95,-0.04,-0.16,-35.0,9.0,-1.9,-6.2,46.4,-30.0,101.12,36.03,0,1,0,0,1,NONE,50,311,0.964209520799,36.1885340958,0.931694990625,0.0357904792007
2026-05-27T23:35:54.174,847123,0.93,-0.05,-0.14,-38.3,9.5,-0.7,-6.4,44.6,-30.0,101.119,36.03,0,1,1,1,3,NONE,50,262,0.941806774238,39.4668215087,0.576923076923,0.0581932257623
2026-05-27T23:35:54.220,847174,1.16,-0.0,-0.46,-40.5,28.7,2.3,-5.5,43.4,-30.4,101.121,36.02,0,1,1,1,3,NONE,49,298,1.24787819918,49.6913473353,7.78902904551,0.247878199185
2026-05-27T23:35:54.270,847223,1.04,-0.22,-0.21,-5.7,2.4,-1.5,-5.4,41.4,-30.7,101.118,36.03,0,1,1,1,3,NONE,66,384,1.08355895087,6.36396103068,7.22402857977,0.0835589508652
2026-05-27T23:35:54.318,847271,0.88,-0.34,-0.32,-56.5,8.0,-0.7,-5.5,41.6,-31.0,101.123,36.03,0,1,1,1,3,NONE,51,358,0.996192752433,57.067854349,4.75529675438,0.00380724756702
2026-05-27T23:35:54.372,847323,0.91,-0.25,-0.33,-37.7,8.7,-0.4,-5.3,39.7,-30.5,101.119,36.01,0,1,0,0,1,NONE,61,386,0.999749968742,38.6928934043,1.83449846426,0.000250031257815
2026-05-27T23:35:54.419,847373,0.83,-0.29,-0.24,-30.8,0.3,-0.4,-5.5,38.1,-31.0,101.121,36.02,0,1,0,0,1,NONE,49,316,0.911372591205,30.8040581742,2.53771550809,0.0886274087948
2026-05-27T23:35:54.472,847421,0.88,-0.3,-0.25,-22.6,4.5,0.6,-5.2,36.9,-31.2,101.122,36.03,0,1,0,1,2,NONE,39,261,0.96275645934,23.0514641617,1.08253175473,0.0372435406605
2026-05-27T23:35:54.524,847473,0.86,-0.42,-0.24,-29.4,14.4,5.7,-5.2,36.1,-31.2,101.122,36.02,0,1,0,1,2,NONE,33,196,0.986711710684,33.2296554301,2.34741454149,0.0132882893165
2026-05-27T23:35:54.576,847525,0.86,-0.32,-0.36,-50.6,15.5,2.1,-4.8,34.6,-32.3,101.121,36.02,0,1,0,0,1,NONE,27,174,0.985697722428,52.9624395209,3.00394218304,0.0143022775719
2026-05-27T23:35:54.625,847571,1.0,-0.18,-0.26,-36.2,17.6,-0.8,-4.1,33.5,-31.4,101.122,36.02,0,1,0,0,1,NONE,30,100,1.04880884817,40.2596572266,4.82197239409,0.0488088481702
2026-05-27T23:35:54.677,847623,0.97,-0.29,-0.18,-25.8,7.4,-2.7,-4.1,31.8,-32.3,101.123,36.03,0,0,0,0,0,NONE,31,168,1.02829956725,26.9757298326,2.67853620715,0.0282995672468
2026-05-27T23:35:54.720,847671,0.91,-0.28,-0.14,-19.5,5.0,0.4,-3.3,31.5,-31.5,101.12,36.02,0,0,0,0,0,NONE,39,233,0.962340895941,20.1347957526,1.51668956027,0.0376591040593
2026-05-27T23:35:54.766,847723,0.9,-0.32,-0.15,-16.5,3.5,1.8,-4.1,30.5,-32.1,101.12,36.02,0,0,0,0,0,NONE,59,326,0.966902270139,16.9629006953,0.815892439831,0.033097729861
2026-05-27T23:35:54.820,847774,0.88,-0.23,-0.19,-11.6,7.3,3.5,-4.0,29.7,-32.1,101.123,36.03,0,0,0,0,0,NONE,34,206,0.929193198425,14.1456707158,1.97056384728,0.0708068015746
2026-05-27T23:35:54.863,847823,0.94,-0.36,-0.14,-5.3,4.5,1.0,-3.7,28.9,-30.9,101.121,36.02,0,0,0,0,0,NONE,24,111,1.01626768127,7.02424373153,3.09505120165,0.016267681273
2026-05-27T23:35:54.920,847871,0.93,-0.28,-0.17,-12.0,6.7,2.1,-3.4,28.6,-32.4,101.122,36.03,0,0,0,0,0,NONE,18,104,0.986002028395,13.9032370332,1.7921510973,0.0139979716045
2026-05-27T23:35:54.973,847923,0.9,-0.3,-0.13,5.4,-1.6,3.0,-3.5,28.2,-31.0,101.119,36.02,0,0,0,0,0,NONE,17,86,0.957548954362,6.38122245342,1.03560861676,0.0424510456379
2026-05-27T23:35:55.020,847973,0.91,-0.33,-0.12,7.0,3.4,5.9,-3.8,27.9,-31.5,101.12,36.02,0,0,0,0,0,NONE,20,81,0.975397354928,9.76575649911,0.663324958071,0.0246026450723
2026-05-27T23:35:55.071,848021,0.91,-0.31,-0.15,-6.2,10.9,6.5,-3.6,28.4,-32.3,101.123,36.03,0,0,0,0,0,NONE,24,97,0.972985097522,14.1244468918,0.751156515722,0.0270149024779
2026-05-27T23:35:55.121,848073,0.94,-0.36,-0.15,2.7,12.2,9.9,-4.0,28.3,-30.7,101.121,36.02,0,0,0,0,0,NONE,24,69,1.01769347055,15.9417690361,1.12133690285,0.0176934705499
2026-05-27T23:35:55.166,848125,1.0,-0.31,-0.17,2.3,21.8,12.3,-3.3,27.7,-31.4,101.121,36.03,0,1,0,0,1,NONE,39,151,1.06066017178,25.1360299172,1.55043418237,0.0606601717798
2026-05-27T23:35:55.221,848171,1.16,-0.35,-0.35,-14.2,44.0,15.6,-3.1,28.0,-30.2,101.118,36.03,0,1,0,0,1,NONE,37,233,1.26118991433,48.795491595,5.3071980938,0.261189914327
2026-05-27T23:35:55.272,848223,1.14,-0.26,-0.25,12.5,6.5,9.8,-1.9,27.0,-29.0,101.119,36.02,0,0,0,0,0,NONE,38,179,1.19570063143,17.1621676953,2.61566740553,0.195700631429
2026-05-27T23:35:55.321,848271,0.92,-0.37,-0.39,2.7,13.9,25.3,-1.9,27.2,-30.6,101.118,36.02,0,0,0,0,0,NONE,53,188,1.0655515004,28.9929301727,5.89623820754,0.0655515003978
2026-05-27T23:35:55.374,848323,0.93,-0.18,-0.45,15.5,-4.4,15.5,-2.5,27.1,-28.5,101.124,36.02,0,0,0,0,0,NONE,112,502,1.04871349758,22.3575490607,3.83652641217,0.0487134975769
2026-05-27T23:35:55.422,848375,0.85,-0.2,-0.38,12.5,-0.5,15.1,-3.0,26.8,-29.2,101.121,36.02,0,0,0,0,0,NONE,27,143,0.952312973764,19.6089265387,2.08012573584,0.0476870262356
2026-05-27T23:35:55.472,848423,0.96,-0.11,-0.38,17.1,-7.1,13.1,-3.0,27.5,-30.0,101.124,36.03,0,0,0,0,0,NONE,67,428,1.03831594421,22.6810493584,2.96097300074,0.0383159442097
2026-05-27T23:35:55.522,848471,0.85,-0.2,-0.29,7.8,-10.6,15.4,-3.3,28.1,-29.3,101.123,36.02,0,0,0,0,0,NONE,83,454,0.920108689232,20.2573443472,3.5047091336,0.0798913107681
2026-05-27T23:35:55.577,848523,0.94,-0.15,-0.37,2.9,-3.9,12.8,-3.6,28.8,-29.4,101.123,36.03,0,1,0,0,1,NONE,65,402,1.02127371453,13.6916032662,2.50738554046,0.0212737145349
2026-05-27T23:35:55.622,848573,0.91,-0.12,-0.25,6.2,-17.6,14.6,-4.6,27.7,-29.5,101.125,36.02,0,1,0,0,1,NONE,156,858,0.951314879522,23.6930369518,2.54558441227,0.048685120478
2026-05-27T23:35:55.662,848621,0.86,-0.12,-0.16,8.4,-13.3,16.5,-4.9,27.8,-31.0,101.118,36.02,0,0,0,0,0,NONE,81,426,0.882949602186,22.7969296178,2.14492294604,0.117050397814
2026-05-27T23:35:55.723,848673,0.81,-0.09,-0.2,-10.1,-0.1,14.3,-5.3,28.1,-29.7,101.122,36.02,0,0,0,0,0,NONE,129,849,0.839166252896,17.5074269954,1.35982073305,0.160833747104
2026-05-27T23:35:55.775,848725,0.91,-0.06,-0.18,0.0,0.8,11.7,-5.4,27.9,-29.8,101.122,36.02,0,0,0,0,0,NONE,144,867,0.929569792969,11.7273185341,2.04425881014,0.0704302070312
2026-05-27T23:35:55.821,848771,0.88,-0.14,-0.16,-11.7,4.3,7.1,-4.8,26.9,-29.8,101.117,36.02,0,0,0,0,0,NONE,65,403,0.905317623821,14.3453825324,1.90760095378,0.0946823761795
2026-05-27T23:35:55.876,848825,0.94,-0.12,-0.19,-10.7,4.7,8.4,-5.6,26.8,-29.7,101.119,36.02,0,0,0,0,0,NONE,129,827,0.966488489326,14.3923590839,1.2962962963,0.0335115106738
2026-05-27T23:35:55.917,848871,0.91,-0.07,-0.13,-15.6,1.8,6.3,-5.8,26.1,-29.4,101.118,36.02,0,0,0,0,0,NONE,131,883,0.92190021152,16.9201063826,1.81882614464,0.0780997884803
2026-05-27T23:35:55.963,848923,0.9,-0.09,-0.15,-14.5,10.5,6.2,-5.2,25.3,-28.7,101.121,36.02,0,0,0,0,0,NONE,90,662,0.916842407396,18.9457119159,0.576923076923,0.0831575926038
2026-05-27T23:35:56.025,848975,0.96,-0.06,-0.14,-20.9,9.8,5.2,-5.4,25.3,-30.1,101.122,36.03,0,0,0,0,0,NONE,118,907,0.972008230418,23.6619948441,1.30429422752,0.0279917695822
2026-05-27T23:35:56.060,849023,0.86,-0.09,-0.11,-14.5,5.9,4.1,-5.8,24.8,-29.4,101.122,36.02,0,0,0,0,0,NONE,264,1354,0.871665073294,16.1823978446,2.263079269,0.128334926706
2026-05-27T23:35:56.108,849071,0.94,-0.03,-0.09,-12.3,19.8,-0.9,-5.4,23.7,-29.4,101.119,36.01,0,0,0,0,0,NONE,93,505,0.944775105515,23.3268086116,2.124591464,0.0552248944855
2026-05-27T23:35:56.172,849123,0.91,-0.11,-0.17,-12.3,21.4,-3.2,-4.7,23.3,-27.3,101.117,36.02,0,0,0,0,0,NONE,68,396,0.932255329832,24.8895560426,2.25090382898,0.0677446701681
2026-05-27T23:35:56.220,849173,1.1,-0.08,-0.3,-14.8,41.4,-1.0,-4.2,23.0,-28.0,101.12,36.02,0,0,0,0,0,NONE,170,991,1.14297856498,43.9772668546,4.6432747065,0.142978564978
2026-05-27T23:35:56.272,849222,0.92,-0.18,-0.37,-19.7,36.0,3.7,-3.3,22.7,-27.1,101.117,36.02,0,1,0,0,1,NONE,118,713,1.00781942827,41.204126007,4.43848227978,0.00781942827076
2026-05-27T23:35:56.320,849273,0.99,-0.16,-0.4,-35.4,52.3,-1.0,-1.8,22.6,-26.2,101.118,36.02,0,1,0,0,1,NONE,68,398,1.07967587729,63.1620930622,1.54392311255,0.0796758772891
2026-05-27T23:35:56.365,849325,0.83,0.0,-0.42,0.6,49.0,-5.9,-1.0,21.7,-25.5,101.116,36.01,0,0,0,0,0,NONE,147,910,0.930215028905,49.3575728739,4.36839103523,0.0697849710954
2026-05-27T23:35:56.416,849371,0.84,-0.24,-0.53,-13.1,56.9,-7.4,0.8,21.1,-23.3,101.119,36.01,0,0,0,0,0,NONE,49,308,1.0218121158,58.8555859711,5.74341078853,0.0218121158021
2026-05-27T23:35:56.462,849423,0.86,-0.13,-0.5,-3.7,39.4,-9.3,1.8,21.6,-23.3,101.119,36.02,0,0,0,0,0,NONE,102,589,1.00324473584,40.6514452388,2.22612248131,0.00324473584465
2026-05-27T23:35:56.522,849472,0.96,-0.32,-0.62,-26.8,28.9,-2.7,1.8,21.6,-23.3,101.116,36.02,0,0,0,0,0,NONE,193,1006,1.18676029593,39.5062020447,5.01974443929,0.186760295932
2026-05-27T23:35:56.574,849523,0.99,-0.25,-0.64,-21.2,8.5,-5.2,4.9,20.3,-22.5,101.117,36.02,0,0,0,0,0,NONE,102,666,1.20507261192,23.4249866595,1.54392311255,0.20507261192
2026-05-27T23:35:56.626,849575,1.06,-0.32,-0.62,-20.0,-2.3,-1.2,4.9,19.9,-21.2,101.119,36.02,0,0,0,0,0,NONE,91,563,1.26901536634,20.1675481901,1.94221248815,0.269015366337
2026-05-27T23:35:56.671,849623,1.1,-0.39,-0.64,-17.5,-6.0,3.1,5.5,20.0,-20.9,101.12,36.01,0,0,0,0,0,NONE,86,504,1.33105221535,18.7579316557,1.73054663811,0.331052215354
2026-05-27T23:35:56.720,849671,1.07,-0.38,-0.58,-28.8,-18.1,2.3,4.6,19.0,-19.9,101.118,36.03,0,0,0,0,0,NONE,115,545,1.27502941143,34.0931078079,1.41298541315,0.275029411425
2026-05-27T23:35:56.764,849723,0.91,-0.33,-0.4,-27.0,-23.6,2.9,3.5,17.9,-22.1,101.118,36.02,0,1,0,1,2,NONE,46,294,1.04737767782,35.9773539883,4.73014379856,0.0473776778221
2026-05-27T23:35:56.823,849773,0.62,-0.34,-0.31,-39.3,-38.1,6.8,2.4,17.7,-22.5,101.118,36.01,0,1,0,1,2,NONE,59,288,0.772075125878,55.1574111068,6.07618301239,0.227924874122
2026-05-27T23:35:56.866,849822,0.34,-0.15,-0.21,-39.1,-27.0,10.6,2.1,16.1,-22.2,101.122,36.02,0,1,0,0,1,NONE,92,504,0.426848919408,48.6843917493,7.20093010791,0.573151080592
2026-05-27T23:35:56.924,849873,0.37,-0.04,-0.22,-28.5,2.9,13.5,1.8,15.0,-22.0,101.12,36.01,0,1,0,0,1,NONE,43,199,0.432319326424,31.6687543171,2.24422022397,0.567680673576
2026-05-27T23:35:56.976,849925,0.71,-0.24,-0.34,-25.6,-1.2,11.8,1.5,14.2,-21.7,101.114,36.02,0,1,0,0,1,NONE,88,665,0.822982381342,28.2141808316,7.92904928003,0.177017618658
2026-05-27T23:35:57.021,849971,0.93,-0.25,-0.39,-18.3,2.8,8.1,1.3,13.0,-20.9,101.114,36.01,0,1,0,0,1,NONE,75,404,1.03898989408,20.2074243782,4.90938686549,0.0389898940798
2026-05-27T23:35:57.068,850023,0.94,-0.31,-0.29,-3.6,1.2,7.3,1.3,13.3,-20.5,101.118,36.01,0,1,0,0,1,NONE,49,363,1.03140680626,8.22739326883,2.25090382898,0.0314068062603
2026-05-27T23:35:57.117,850071,0.9,-0.27,-0.15,10.1,-3.5,7.9,0.1,13.3,-20.8,101.113,36.02,0,1,0,0,1,NONE,35,188,0.951525091629,13.2917267501,3.14576434803,0.0484749083708
2026-05-27T23:35:57.168,850123,0.97,-0.25,-0.14,8.7,7.0,10.0,0.5,12.9,-20.6,101.12,36.01,0,1,0,0,1,NONE,39,193,1.01143462468,14.989663105,1.4131671593,0.0114346246792
2026-05-27T23:35:57.212,850175,0.94,-0.22,-0.19,13.1,-9.8,11.4,0.1,13.2,-21.2,101.116,36.02,0,1,0,0,1,NONE,53,272,0.983920728514,19.9401604808,1.26104587006,0.0160792714858
2026-05-27T23:35:57.261,850223,0.95,-0.18,-0.11,35.8,-16.7,12.0,-0.6,13.8,-23.2,101.115,36.02,0,0,0,0,0,NONE,42,265,0.973139250056,41.285954028,1.875,0.0268607499438
2026-05-27T23:35:57.309,850271,1.03,-0.46,-0.18,33.1,-1.5,15.4,-1.4,14.0,-22.8,101.117,36.01,0,0,0,0,0,NONE,78,461,1.14232219623,36.5379255021,6.23957463828,0.14232219623
2026-05-27T23:35:57.375,850323,1.01,-0.24,-0.3,-15.9,-0.6,17.8,-1.4,14.3,-24.0,101.114,36.01,0,1,0,0,1,NONE,73,439,1.08060168425,23.8748821987,4.83454041922,0.0806016842482
2026-05-27T23:35:57.421,850373,1.13,-0.02,-0.32,40.1,-32.6,17.9,-1.8,14.1,-22.8,101.119,36.01,0,1,0,0,1,NONE,44,295,1.17460631703,54.6916812687,5.02792203599,0.174606317027
2026-05-27T23:35:57.472,850422,0.88,-0.13,-0.21,31.7,-15.8,8.1,-3.1,14.6,-24.2,101.119,36.02,0,1,0,0,1,NONE,55,236,0.914002188181,36.3337308847,6.00915586299,0.0859978118188
2026-05-27T23:35:57.518,850473,0.88,-0.12,-0.3,31.5,-11.5,9.2,-3.6,15.5,-24.8,101.116,36.01,0,1,0,0,1,NONE,53,293,0.937443331621,34.7726904337,1.77556571336,0.0625566683794
2026-05-27T23:35:57.566,850525,0.86,-0.17,-0.19,40.3,-12.3,6.4,-4.2,16.2,-26.6,101.118,36.02,0,1,0,0,1,NONE,56,364,0.896994983264,42.6185405663,2.35527859883,0.103005016736
2026-05-27T23:35:57.614,850571,1.02,-0.12,-0.12,30.9,-8.4,4.0,-4.6,16.9,-26.5,101.117,36.02,0,1,0,0,1,NONE,34,190,1.03402127638,32.2702649509,3.94910915752,0.0340212763768
2026-05-27T23:35:57.668,850623,0.94,-0.14,-0.16,16.7,-6.8,4.4,-5.1,17.6,-28.0,101.12,36.02,0,1,0,1,2,NONE,44,266,0.963742704253,18.5604418051,1.76252911344,0.0362572957475
2026-05-27T23:35:57.712,850671,0.9,-0.08,-0.16,24.0,-0.2,6.3,-5.2,18.2,-27.4,101.116,36.02,0,1,0,1,2,NONE,21,115,0.917605579756,24.8139073908,1.50231303144,0.0823944202436
2026-05-27T23:35:57.775,850723,0.93,-0.1,-0.09,27.2,3.9,5.9,-6.0,19.0,-27.9,101.119,36.02,0,1,0,0,1,NONE,57,363,0.939680796867,28.1044480465,1.51423228346,0.0603192031333
2026-05-27T23:35:57.823,850775,0.93,-0.1,-0.13,10.7,12.3,0.7,-5.3,19.0,-28.2,101.118,36.01,0,1,0,0,1,NONE,31,186,0.944351629426,16.317781712,0.769230769231,0.0556483705738
2026-05-27T23:35:57.873,850823,0.94,-0.1,-0.13,9.9,8.2,-1.9,-5.0,19.7,-27.0,101.118,36.02,0,0,0,0,0,NONE,32,172,0.954201236637,12.994614269,0.208333333333,0.0457987633628
2026-05-27T23:35:57.922,850871,0.93,-0.06,-0.11,13.1,11.5,-4.2,-4.9,19.7,-27.3,101.119,36.01,0,0,0,0,0,NONE,19,84,0.938402898546,17.930421077,0.954703269782,0.0615971014538
2026-05-27T23:35:57.970,850923,1.0,-0.13,-0.12,4.6,13.5,-5.2,-4.2,20.0,-27.4,101.117,36.02,0,1,0,1,2,NONE,17,65,1.01552941858,15.1805796991,1.91343737905,0.0155294185793
2026-05-27T23:35:58.020,850971,0.98,-0.15,-0.13,-0.1,10.2,-6.3,-4.1,19.5,-27.2,101.117,36.02,0,1,0,1,2,NONE,17,63,0.999899994999,11.9891617722,0.625,0.0001000050005
2026-05-27T23:35:58.075,851023,0.95,-0.15,-0.07,-8.1,7.6,-3.8,-3.4,20.3,-27.5,101.119,36.02,0,1,0,1,2,NONE,17,73,0.964313227121,11.739250402,1.29003921779,0.0356867728793
2026-05-27T23:35:58.111,851073,0.94,-0.17,-0.07,-17.2,16.4,-3.8,-3.4,19.9,-27.2,101.12,36.01,0,1,0,1,2,NONE,47,306,0.957810002036,24.0674053442,0.4472135955,0.0421899979641
2026-05-27T23:35:58.163,851121,1.11,-0.01,-0.29,-1.7,34.3,-1.2,-3.1,19.3,-25.9,101.12,36.01,0,1,0,1,2,NONE,45,241,1.14730118103,34.3630615633,6.68292288848,0.147301181033
2026-05-27T23:35:58.223,851173,1.1,-0.2,-0.29,-7.9,19.4,-2.6,-2.2,19.1,-25.5,101.116,36.01,0,1,0,1,2,NONE,36,243,1.15503246708,21.1075815763,3.65890338278,0.155032467076
2026-05-27T23:35:58.275,851225,1.0,-0.21,-0.29,-27.4,9.5,-4.7,-1.6,18.6,-25.5,101.117,36.02,0,1,0,1,2,NONE,91,526,1.06216759506,29.3785636136,1.93266838868,0.0621675950621
2026-05-27T23:35:58.321,851271,0.89,-0.2,-0.29,-25.3,9.6,-3.8,-0.8,16.9,-24.9,101.118,36.01,0,1,0,1,2,NONE,26,160,0.957183368013,27.3256289955,2.40116543852,0.0428166319874
2026-05-27T23:35:58.376,851325,0.87,-0.27,-0.29,-17.2,-0.4,-3.2,-0.7,16.9,-24.7,101.114,36.02,0,1,1,1,3,NONE,52,420,0.955981171363,17.4997142834,1.34816849801,0.0440188286373
2026-05-27T23:35:58.416,851371,0.95,-0.25,-0.27,-9.6,2.7,0.5,-0.5,16.6,-24.4,101.116,36.01,0,1,1,1,3,NONE,107,748,1.01877377273,9.98498873309,1.8446263857,0.0187737727288
2026-05-27T23:35:58.463,851423,0.86,-0.25,-0.25,-6.3,-4.8,-3.1,-0.5,16.7,-24.0,101.116,36.01,0,1,1,1,3,NONE,95,630,0.929838695689,8.50529246999,1.77298931871,0.0701613043113
2026-05-27T23:35:58.512,851475,0.9,-0.26,-0.21,-17.9,1.3,-1.6,-0.8,16.7,-24.7,101.115,36.01,0,1,1,1,3,NONE,120,663,0.960052081921,18.0183240064,1.10472358587,0.0399479180794
2026-05-27T23:35:58.560,851523,0.88,-0.23,-0.24,-9.3,1.8,3.3,-0.6,16.1,-24.3,101.115,36.01,0,1,0,0,1,NONE,55,345,0.94069123521,10.0309520984,0.977169949963,0.0593087647905
2026-05-27T23:35:58.611,851571,0.89,-0.28,-0.23,1.0,4.4,4.8,-0.2,14.8,-23.4,101.118,36.01,0,1,0,0,1,NONE,142,876,0.960937042683,6.5878676368,1.08253175473,0.0390629573172
2026-05-27T23:35:58.674,851623,0.92,-0.25,-0.21,10.6,4.3,8.7,-0.3,14.9,-23.2,101.119,36.01,0,1,0,1,2,NONE,155,797,0.976217188949,14.3714995738,0.902003030735,0.0237828110507
2026-05-27T23:35:58.720,851673,0.94,-0.33,-0.15,3.9,2.6,6.2,-0.5,15.5,-24.5,101.116,36.01,0,1,0,1,2,NONE,198,1176,1.00747208398,7.77238702073,2.03960780544,0.00747208398049
2026-05-27T23:35:58.768,851721,0.94,-0.24,-0.17,6.9,-3.2,7.7,0.4,14.8,-22.6,101.118,36.01,0,1,0,1,2,NONE,86,434,0.984936546179,10.8231233939,1.9207384286,0.0150634538205
2026-05-27T23:35:58.818,851773,0.95,-0.19,-0.13,25.0,-5.6,10.1,-0.4,15.0,-24.2,101.118,36.0,0,1,0,1,2,NONE,53,318,0.977496803064,27.5385184787,1.24629628816,0.0225031969362
2026-05-27T23:35:58.866,851825,0.91,-0.23,-0.16,14.8,-0.4,10.4,-1.2,15.3,-23.7,101.116,36.01,0,1,0,0,1,NONE,78,568,0.952155449493,18.0930926046,1.23137004566,0.0478445505066
2026-05-27T23:35:58.920,851871,1.04,-0.49,-0.25,16.3,12.8,8.2,-1.6,15.8,-24.7,101.116,36.02,0,1,0,0,1,NONE,79,307,1.17652029307,22.2883377577,6.61527132813,0.176520293068
2026-05-27T23:35:58.978,851923,1.0,-0.1,-0.29,-16.6,12.9,15.7,-1.3,15.8,-23.7,101.115,36.01,0,1,0,0,1,NONE,100,439,1.04599235179,26.2385212998,7.57848480586,0.0459923517885
2026-05-27T23:35:59.008,851971,1.02,-0.11,-0.26,21.6,1.8,16.7,-1.1,15.2,-24.3,101.115,36.01,0,1,0,0,1,NONE,118,560,1.05834776893,27.3622002039,0.779511955578,0.0583477689304
2026-05-27T23:35:59.072,852023,0.93,-0.08,-0.31,31.3,-0.1,16.4,-1.1,15.1,-23.3,101.116,36.01,0,1,0,0,1,NONE,193,1179,0.983564944475,35.3363835161,2.06227024899,0.0164350555251
2026-05-27T23:35:59.122,852075,0.83,-0.06,-0.28,31.0,-5.1,8.5,-1.5,15.7,-24.1,101.115,36.02,0,1,0,0,1,NONE,182,1134,0.87800911157,32.5462747484,2.04425881014,0.12199088843
2026-05-27T23:35:59.172,852123,0.86,-0.11,-0.24,35.6,-3.1,3.0,-1.5,16.9,-24.6,101.117,36.01,0,1,0,0,1,NONE,108,788,0.899611027056,35.8604238681,1.47313912747,0.100388972944
2026-05-27T23:35:59.221,852171,1.01,-0.07,-0.15,13.9,6.8,-0.7,-1.7,17.4,-25.2,101.117,36.01,0,1,0,0,1,NONE,247,1451,1.02347447452,15.4899967721,3.73840800936,0.0234744745229
2026-05-27T23:35:59.275,852223,0.96,-0.11,-0.35,9.2,3.2,2.0,-2.2,17.8,-25.4,101.114,36.01,0,1,0,0,1,NONE,175,1089,1.02771591405,9.94384231572,4.03846153846,0.0277159140541
2026-05-27T23:35:59.322,852273,0.94,0.01,-0.19,21.1,-3.1,6.1,-1.9,18.0,-25.6,101.116,36.01,0,1,0,0,1,NONE,58,330,0.959062041789,22.1817492547,4.01995024845,0.0409379582113
2026-05-27T23:35:59.361,852321,0.96,-0.08,-0.2,15.9,1.5,4.4,-2.3,18.1,-25.9,101.114,36.01,0,1,0,0,1,NONE,225,1112,0.9838699101,16.5656270633,1.93200385323,0.0161300899001
2026-05-27T23:35:59.414,852373,0.93,-0.03,-0.2,14.0,2.3,1.1,-2.5,18.1,-26.6,101.115,36.01,0,1,0,0,1,NONE,138,912,0.951735257306,14.2302494708,1.12133690285,0.0482647426936
2026-05-27T23:35:59.475,852425,0.92,-0.07,-0.18,7.2,2.7,-3.6,-2.5,18.8,-26.6,101.12,36.01,0,1,1,1,3,NONE,129,715,0.940053189984,8.49058301885,0.881264556722,0.0599468100155
2026-05-27T23:35:59.517,852471,0.94,-0.11,-0.16,0.4,5.2,-6.1,-2.4,18.6,-27.5,101.114,36.01,0,1,1,1,3,NONE,83,510,0.959843737282,8.02558409089,1.06499554034,0.0401562627177
2026-05-27T23:35:59.572,852523,0.95,-0.07,-0.17,-4.2,3.4,-7.3,-2.2,18.6,-27.9,101.116,36.01,0,1,1,1,3,NONE,123,651,0.967625960793,9.08240056373,0.815892439831,0.0323740392073
2026-05-27T23:35:59.618,852571,0.94,-0.18,-0.11,-15.4,3.7,-11.9,-1.9,18.7,-27.0,101.116,36.01,0,1,1,1,3,NONE,161,962,0.96337946833,19.8106032215,2.61870939375,0.0366205316699
2026-05-27T23:35:59.672,852623,1.21,-0.1,-0.27,-38.8,21.9,-6.7,-1.6,17.9,-25.9,101.119,36.01,0,1,0,1,2,NONE,129,829,1.24378454726,45.0548554542,6.22851336181,0.243784547259
2026-05-27T23:35:59.716,852675,0.97,-0.02,-0.16,-3.8,1.8,0.6,-0.9,17.5,-25.7,101.12,36.0,0,1,0,1,2,NONE,115,681,0.983310734204,4.24735211632,5.30504393236,0.0166892657964
2026-05-27T23:35:59.773,852723,1.0,-0.14,-0.2,-21.2,18.7,-5.5,-0.6,16.9,-25.1,101.117,36.01,0,1,1,1,3,NONE,152,960,1.0293687386,28.7989583145,2.70833333333,0.0293687385966
2026-05-27T23:35:59.817,852771,0.92,-0.12,-0.24,-0.8,3.5,-7.0,-0.3,16.7,-23.9,101.118,36.01,0,1,1,1,3,NONE,137,854,0.958331884057,7.86701976609,1.90940653956,0.0416681159431
2026-05-27T23:35:59.870,852823,0.87,-0.24,-0.31,-6.6,4.6,-5.9,0.6,15.9,-24.1,101.117,36.01,0,1,1,1,3,NONE,125,761,0.954253635047,9.97647232242,2.83938905004,0.0457463649532
2026-05-27T23:35:59.916,852873,0.83,-0.33,-0.34,-32.4,6.7,-5.6,1.2,15.3,-24.5,101.12,36.01,0,1,1,1,3,NONE,198,1149,0.955719624158,33.5560724758,2.0591260282,0.0442803758424
2026-05-27T23:35:59.972,852921,0.89,-0.27,-0.28,-21.2,5.0,1.5,1.8,14.3,-24.3,101.115,36.01,0,1,0,0,1,NONE,156,1064,0.971287804927,21.8332315519,2.16506350946,0.028712195073
2026-05-27T23:36:00.022,852973,1.03,-0.22,-0.28,-4.1,0.8,-1.4,1.9,14.3,-24.3,101.117,36.01,0,1,0,0,1,NONE,145,951,1.08981649832,4.40567815438,2.85885937448,0.0898164983152
2026-05-27T23:36:00.068,853025,0.84,-0.26,-0.24,-7.7,-6.2,-2.6,2.2,13.8,-22.3,101.114,36.0,0,1,0,0,1,NONE,122,779,0.911482309208,10.2220350224,3.81235146185,0.0885176907915
2026-05-27T23:36:00.117,853071,0.87,-0.3,-0.21,-8.9,3.8,0.2,1.8,13.5,-22.0,101.115,36.01,0,1,0,0,1,NONE,146,1022,0.943927963353,9.67935948294,1.26759823801,0.0560720366469
2026-05-27T23:36:00.169,853123,0.86,-0.35,-0.22,-9.7,11.0,4.6,2.0,13.1,-22.3,101.118,36.01,0,1,0,0,1,NONE,90,573,0.954201236637,15.3704261489,0.99926008129,0.0457987633628
2026-05-27T23:36:00.219,853171,0.9,-0.32,-0.22,-3.1,7.5,13.4,2.3,12.6,-22.9,101.116,36.01,0,1,0,0,1,NONE,81,529,0.980204060387,15.6658865054,1.04166666667,0.0197959396126
2026-05-27T23:36:00.261,853223,0.92,-0.18,-0.16,-1.9,11.2,17.5,2.2,12.5,-22.5,101.116,36.01,0,1,0,0,1,NONE,64,401,0.950999474237,20.8638443246,2.9542868261,0.0490005257625
2026-05-27T23:36:00.325,853275,1.01,-0.21,-0.16,4.2,3.1,8.9,1.9,12.8,-21.7,101.116,36.01,0,1,0,0,1,NONE,63,272,1.04393486387,10.3179455319,1.82439095779,0.0439348638684
2026-05-27T23:36:00.372,853323,0.94,-0.22,-0.14,8.8,-5.4,7.4,1.7,12.6,-21.4,101.116,36.01,0,1,0,0,1,NONE,111,712,0.975499871861,12.7027556066,1.53093108924,0.0245001281394
2026-05-27T23:36:00.422,853371,0.94,-0.2,-0.11,19.6,-8.9,9.8,1.4,12.2,-22.5,101.115,36.01,0,1,0,0,1,NONE,137,894,0.967315873952,23.6518498219,0.751156515722,0.0326841260478
2026-05-27T23:36:00.472,853423,1.09,-0.44,-0.27,18.2,11.7,4.2,1.3,13.0,-21.8,101.12,36.01,0,1,1,1,3,NONE,227,1039,1.20606799145,22.0401905618,6.25221854116,0.20606799145
2026-05-27T23:36:00.518,853473,1.05,-0.12,-0.29,-12.0,5.5,12.1,1.4,12.7,-22.4,101.117,36.0,0,1,1,1,3,NONE,164,1007,1.09590145542,17.9069818786,6.46219776856,0.0959014554238
2026-05-27T23:36:00.571,853522,1.01,-0.19,-0.25,37.1,-5.7,15.7,0.4,12.9,-22.6,101.115,36.01,0,1,1,1,3,NONE,272,1389,1.05768615383,40.6864842423,1.83673469388,0.0576861538283
2026-05-27T23:36:00.612,853573,0.87,-0.11,-0.3,24.6,-0.4,15.6,0.3,13.1,-22.9,101.118,36.01,0,1,1,1,3,NONE,190,845,0.926822528859,29.1321128654,3.31018490512,0.0731774711413
2026-05-27T23:36:00.676,853625,0.8,-0.06,-0.31,23.2,-3.7,6.3,0.3,13.7,-23.2,101.118,36.01,0,1,0,0,1,NONE,97,574,0.86005813757,24.3232399158,1.66543346882,0.13994186243
2026-05-27T23:36:00.716,853671,0.89,-0.08,-0.23,32.2,3.5,4.0,-0.7,14.3,-22.8,101.116,36.01,0,1,0,0,1,NONE,74,366,0.922713389954,32.6357166307,2.6535990469,0.0772866100462
2026-05-27T23:36:00.772,853723,1.03,-0.09,-0.23,11.4,6.5,1.5,-0.2,14.8,-24.5,101.119,36.01,0,1,0,0,1,NONE,71,200,1.05919780967,13.2083307045,2.69916708608,0.0591978096654
2026-05-27T23:36:00.821,853771,0.91,-0.11,-0.26,9.1,1.5,4.9,-0.2,14.9,-24.2,101.118,36.01,0,1,0,0,1,NONE,27,145,0.952785390316,10.4436583629,2.61040918461,0.0472146096838
2026-05-27T23:36:00.869,853824,0.94,-0.06,-0.18,12.8,1.4,3.8,-0.6,15.8,-24.7,101.12,36.01,0,1,0,0,1,NONE,56,272,0.958957767579,13.4253491575,1.86782923332,0.0410422324211
2026-05-27T23:36:00.921,853874,0.92,-0.1,-0.18,3.1,8.1,3.4,-0.7,15.9,-23.1,101.118,36.01,0,1,0,0,1,NONE,60,326,0.942761899951,9.31557835027,0.894427191,0.0572381000486
2026-05-27T23:36:00.963,853923,0.93,-0.09,-0.19,-4.3,10.4,1.0,-1.0,15.3,-24.2,101.12,36.01,0,1,0,1,2,NONE,34,217,0.953467356547,11.2982299499,0.353479756647,0.0465326434534
2026-05-27T23:36:01.022,853971,0.94,-0.15,-0.19,-14.0,13.8,-1.7,-0.2,14.6,-22.1,101.116,36.0,0,1,0,1,2,NONE,86,524,0.97066987179,19.7314469819,1.26724219381,0.0293301282104
2026-05-27T23:36:01.074,854023,1.01,-0.11,-0.14,-23.9,4.6,-3.1,-0.5,14.6,-24.0,101.117,36.0,0,1,0,0,1,NONE,124,732,1.02557301057,24.5352807198,1.82439095779,0.0255730105653
2026-05-27T23:36:01.122,854073,0.99,-0.18,-0.15,-35.0,5.6,-2.9,0.1,14.2,-22.5,101.118,36.01,0,1,0,0,1,NONE,61,401,1.01734949747,35.5636049916,1.46969384567,0.0173494974688
2026-05-27T23:36:01.169,854122,0.97,-0.19,-0.18,-56.5,9.0,-7.5,0.4,13.2,-21.4,101.115,36.01,0,1,0,0,1,NONE,154,813,1.00468900661,57.7018197287,0.763603548321,0.00468900660851
2026-05-27T23:36:01.221,854173,1.02,-0.0,-0.5,-31.7,18.2,3.7,0.9,12.1,-19.9,101.117,36.0,0,1,0,0,1,NONE,92,445,1.13595774569,36.7398965703,7.36273857079,0.135957745693
2026-05-27T23:36:01.265,854225,0.9,-0.19,-0.21,-28.1,0.1,1.5,0.5,11.5,-19.1,101.115,36.01,0,1,0,0,1,NONE,120,591,0.943504107039,28.1401847897,7.05536012609,0.0564958929607
2026-05-27T23:36:01.317,854271,0.89,-0.1,-0.31,-24.8,11.2,2.2,1.1,10.8,-17.6,101.119,36.01,0,1,0,0,1,NONE,101,491,0.947734139936,27.300549445,2.93276903549,0.0522658600641
2026-05-27T23:36:01.362,854325,0.93,-0.27,-0.27,-14.8,2.0,3.1,1.2,10.0,-17.1,101.119,36.01,0,1,0,1,2,NONE,88,460,1.00533576481,15.2528685827,3.31786534577,0.00533576480696
2026-05-27T23:36:01.424,854371,1.02,-0.27,-0.29,-11.0,2.1,-2.0,0.8,9.9,-17.8,101.117,36.01,0,1,0,1,2,NONE,76,460,1.09425773929,11.3758516165,2.00424879506,0.0942577392918
2026-05-27T23:36:01.474,854423,0.85,-0.27,-0.19,-17.0,-6.2,-2.1,1.4,10.1,-16.2,101.116,36.01,0,1,1,1,3,NONE,54,376,0.911866218258,18.2167505335,3.79290056218,0.0881337817421
2026-05-27T23:36:01.523,854475,0.87,-0.2,-0.18,-12.3,4.5,-0.4,1.2,9.4,-16.8,101.118,36.01,0,1,1,1,3,NONE,173,732,0.91065910197,13.1034346642,1.4131671593,0.0893408980304
2026-05-27T23:36:01.571,854523,0.89,-0.27,-0.19,-10.5,10.2,2.6,0.9,9.9,-17.2,101.115,36.0,0,1,1,1,3,NONE,78,370,0.949262871917,14.8677503342,1.53093108924,0.0507371280831
2026-05-27T23:36:01.620,854571,0.91,-0.39,-0.19,-23.9,11.3,6.8,1.3,9.3,-16.0,101.118,36.01,0,1,1,1,3,NONE,30,180,1.0081170567,27.297252609,2.53448438762,0.0081170566953
2026-05-27T23:36:01.668,854624,0.9,-0.35,-0.23,-28.6,9.9,5.3,1.2,8.7,-15.7,101.117,36.01,0,1,1,1,3,NONE,31,116,0.992673158698,30.7255593928,1.08387974463,0.00732684130173
2026-05-27T23:36:01.721,854673,0.83,-0.28,-0.22,-34.7,9.0,10.8,1.2,7.8,-14.8,101.117,36.01,0,1,1,1,3,NONE,18,99,0.903161115195,37.4396848277,2.03058660634,0.0968388848052
2026-05-27T23:36:01.769,854722,0.92,-0.22,-0.23,-16.5,14.5,18.2,0.7,7.3,-13.8,101.114,36.01,0,1,1,1,3,NONE,20,96,0.973498844375,28.5261283738,2.2168939778,0.0265011556247
2026-05-27T23:36:01.819,854773,0.96,-0.19,-0.18,0.5,7.3,10.6,1.2,7.0,-13.0,101.116,36.0,0,1,1,1,3,NONE,94,510,0.995037687728,12.8802173895,1.38648388468,0.00496231227154
2026-05-27T23:36:01.863,854825,1.08,-0.33,-0.23,13.4,15.0,7.5,0.7,7.8,-14.3,101.118,36.01,0,1,1,1,3,NONE,68,325,1.15247559627,21.4664855065,3.6740333028,0.152475596271
2026-05-27T23:36:01.909,854871,0.97,-0.33,-0.2,-7.2,1.8,9.4,0.8,7.0,-12.9,101.118,36.0,0,1,1,1,3,NONE,53,262,1.04393486387,11.9766439373,2.47864222848,0.0439348638684
2026-05-27T23:36:01.974,854923,1.0,-0.16,-0.27,12.8,0.5,14.0,0.3,7.3,-12.8,101.117,36.01,0,1,0,0,1,NONE,63,401,1.04809350728,18.976037521,3.58229538658,0.0480935072788
2026-05-27T23:36:02.022,854971,0.91,-0.1,-0.26,14.6,-10.0,5.1,-0.1,7.3,-13.8,101.116,36.0,0,1,0,0,1,NONE,84,387,0.951682720238,18.4165686272,2.263079269,0.0483172797618
2026-05-27T23:36:02.070,855023,0.95,-0.02,-0.33,23.5,0.7,4.3,-0.8,7.8,-14.3,101.116,36.0,0,1,0,0,1,NONE,43,253,1.00588269694,23.9004184064,2.18419551762,0.00588269693837
2026-05-27T23:36:02.120,855075,0.86,-0.01,-0.22,18.5,-12.5,-1.2,-1.1,8.1,-14.9,101.117,36.01,0,1,0,0,1,NONE,74,452,0.887749964799,22.359338094,2.73996285553,0.112250035201
2026-05-27T23:36:02.167,855123,1.05,-0.19,-0.17,8.1,6.2,-0.6,-0.9,8.6,-15.8,101.115,36.01,0,1,0,0,1,NONE,39,233,1.08050913925,10.218121158,5.55121358103,0.0805091392487
2026-05-27T23:36:02.219,855171,0.89,-0.09,-0.28,4.3,-1.2,4.0,-0.7,8.7,-14.9,101.117,36.01,0,1,0,0,1,NONE,46,243,0.937336652436,5.99416382826,4.5500686808,0.062663347564
2026-05-27T23:36:02.268,855223,0.94,-0.11,-0.14,1.5,1.6,4.5,-1.3,9.1,-14.6,101.121,36.01,0,1,0,0,1,NONE,41,251,0.956713123146,5.00599640431,2.88461538462,0.0432868768539
2026-05-27T23:36:02.317,855273,0.92,-0.04,-0.18,4.9,8.0,2.7,-1.9,8.5,-16.7,101.115,36.0,0,1,0,0,1,NONE,44,261,0.938296328459,9.76217188949,1.66132477258,0.0617036715408
2026-05-27T23:36:02.363,855322,0.91,-0.11,-0.15,4.9,7.6,-3.1,-1.6,8.7,-15.7,101.113,36.01,0,1,0,0,1,NONE,142,895,0.928816451189,9.55928867647,1.56758076487,0.0711835488106
2026-05-27T23:36:02.424,855373,0.98,-0.08,-0.15,11.6,9.9,-6.8,-1.0,8.9,-15.5,101.116,36.0,0,1,0,0,1,NONE,122,764,0.994635611669,16.6976046186,1.49328884429,0.00536438833108
2026-05-27T23:36:02.472,855425,1.01,-0.21,-0.07,0.6,-4.0,-8.2,-0.4,9.1,-15.5,101.118,36.0,0,1,0,0,1,NONE,111,816,1.03397292034,9.14330356053,2.99160561271,0.0339729203417
2026-05-27T23:36:02.521,855471,0.93,-0.29,-0.04,-22.2,-8.2,-6.8,-0.6,9.3,-14.9,101.114,36.0,0,1,0,0,1,NONE,144,996,0.974987179403,24.6235659481,2.54449998059,0.0250128205971
2026-05-27T23:36:02.573,855523,1.27,0.1,-0.32,1.5,28.5,-3.2,-1.1,9.4,-15.7,101.115,36.01,0,1,0,0,1,NONE,91,636,1.31350675674,28.718286857,11.3135123693,0.313506756739
2026-05-27T23:36:02.617,855571,0.98,-0.13,-0.49,33.3,-17.9,-9.0,-0.0,9.6,-15.0,101.114,36.0,0,1,0,0,1,NONE,121,670,1.10335850928,38.8625784013,8.48558827267,0.10335850928
2026-05-27T23:36:02.665,855623,0.7,-0.16,-0.2,15.3,-3.4,-12.6,-0.4,10.2,-16.4,101.113,36.0,0,1,0,0,1,NONE,140,957,0.745385806143,20.1099477871,7.77360881977,0.254614193857
2026-05-27T23:36:02.715,855675,0.95,-0.16,-0.23,13.6,-0.3,-3.5,0.1,9.8,-16.7,101.118,36.0,0,1,0,0,1,NONE,112,673,0.990454441153,14.0463518395,4.84218396616,0.00954555884685
2026-05-27T23:36:02.767,855723,1.0,-0.33,-0.24,25.6,-0.4,-1.0,0.3,9.9,-16.7,101.12,36.0,0,1,0,0,1,NONE,105,651,1.0800462953,25.6226462334,3.69754986444,0.080046295304
2026-05-27T23:36:02.814,855771,0.9,-0.19,-0.24,16.3,-7.9,-3.2,0.4,10.1,-18.6,101.12,36.0,0,1,0,0,1,NONE,169,959,0.950631369144,18.3940207676,3.5843021946,0.0493686308563
2026-05-27T23:36:02.874,855823,0.88,-0.24,-0.23,7.1,-4.0,-4.2,0.3,10.9,-17.6,101.119,36.0,0,1,0,0,1,NONE,84,591,0.94069123521,9.16787870775,1.05331261059,0.0593087647905
2026-05-27T23:36:02.922,855873,0.9,-0.26,-0.2,10.3,0.3,-2.1,0.5,10.7,-18.6,101.117,36.01,0,1,0,0,1,NONE,64,362,0.957914401186,10.5161780129,0.824621125124,0.0420855988138
2026-05-27T23:36:02.971,855921,0.92,-0.24,-0.18,14.7,3.5,-0.5,0.4,10.7,-17.7,101.116,36.0,0,1,0,0,1,NONE,58,373,0.967677632272,15.1191931002,0.721687836487,0.0323223677278
2026-05-27T23:36:03.023,855973,0.89,-0.26,-0.19,27.0,6.5,3.4,0.9,10.9,-17.4,101.115,36.0,0,1,0,0,1,NONE,48,294,0.946467115118,27.9787419303,0.719549497457,0.0535328848819
2026-05-27T23:36:03.071,856025,0.95,-0.26,-0.14,20.4,6.5,7.2,0.4,10.9,-18.6,101.115,36.0,0,1,0,1,2,NONE,24,138,0.994836670012,22.5887139962,1.50197109152,0.00516332998828
2026-05-27T23:36:03.120,856071,0.93,-0.24,-0.1,20.0,1.8,8.1,0.6,11.7,-18.2,101.115,35.99,0,1,0,1,2,NONE,27,151,0.965660395791,21.6529443725,1.06499554034,0.0343396042086
2026-05-27T23:36:03.171,856123,0.94,-0.23,-0.1,31.1,-3.2,10.9,0.2,11.5,-17.4,101.115,36.0,0,1,1,1,3,NONE,15,83,0.972882315596,33.1098172752,0.27196414661,0.0271176844037
2026-05-27T23:36:03.211,856171,0.74,-0.02,-0.13,32.6,-1.7,13.7,-0.5,12.6,-19.2,101.118,36.01,0,1,1,1,3,NONE,71,168,0.751598296965,35.4025422816,6.0739082238,0.248401703035
2026-05-27T23:36:03.278,856223,1.21,-0.28,-0.54,72.0,37.0,1.1,-0.2,12.8,-19.4,101.116,36.0,0,1,0,0,1,NONE,35,163,1.35428948161,80.95807557,12.9946506973,0.35428948161
2026-05-27T23:36:03.324,856274,0.97,-0.16,-0.3,-8.1,6.8,5.4,-0.4,13.7,-21.4,101.115,35.99,0,1,0,0,1,NONE,19,116,1.02786185842,11.8747631555,7.05882352941,0.0278618584226
2026-05-27T23:36:03.372,856323,0.9,-0.19,-0.34,16.3,18.2,13.3,-0.3,14.3,-20.7,101.117,36.0,0,1,0,0,1,NONE,14,83,0.980663041008,27.8176203152,1.75557658511,0.0193369589915
2026-05-27T23:36:03.420,856371,1.01,0.03,-0.23,42.2,-3.7,19.7,-0.5,14.0,-20.7,101.12,36.0,0,1,0,0,1,NONE,31,129,1.03629146479,46.7185188121,5.61341399388,0.0362914647916
2026-05-27T23:36:03.468,856420,0.92,-0.05,-0.32,0.2,8.4,12.3,-0.5,14.0,-20.7,101.12,36.0,0,1,0,0,1,NONE,54,260,0.975346092421,14.8959726101,3.06801966906,0.0246539075795
2026-05-27T23:36:03.517,856475,0.91,0.02,-0.3,33.9,-4.0,12.9,-1.3,15.0,-20.7,101.114,35.99,0,1,0,0,1,NONE,191,1163,0.958384056629,36.4913688425,1.33608531425,0.0416159433713
2026-05-27T23:36:03.568,856521,0.93,0.01,-0.25,40.3,-0.4,8.6,-1.6,15.0,-21.3,101.117,36.0,0,1,0,0,1,NONE,103,633,0.963068014213,41.2093436007,1.19070121197,0.0369319857871
2026-05-27T23:36:03.615,856571,0.89,-0.02,-0.32,32.8,1.9,0.4,-1.0,15.8,-21.5,101.112,36.0,0,1,0,0,1,NONE,55,277,0.945991543303,32.8574192535,1.72046505341,0.0540084566974
2026-05-27T23:36:03.668,856621,0.95,-0.02,-0.31,34.7,4.8,-2.1,-1.3,16.4,-23.4,101.117,36.0,0,0,0,0,0,NONE,50,249,0.999499874937,35.0933042046,1.21655250606,0.000500125062539
2026-05-27T23:36:03.709,856673,0.91,-0.01,-0.27,29.1,-0.7,-4.4,-1.3,17.3,-23.5,101.117,36.0,0,0,0,0,0,NONE,52,203,0.949262871917,29.4390896598,1.10472358587,0.0507371280831
2026-05-27T23:36:03.772,856722,0.95,-0.01,-0.25,32.0,2.4,-7.3,-1.2,17.7,-22.8,101.117,36.0,0,0,0,0,0,NONE,36,170,0.982395032561,32.9097250064,0.912680807143,0.0176049674393
2026-05-27T23:36:03.821,856773,0.9,0.02,-0.23,30.9,2.3,-10.2,-0.8,18.3,-24.1,101.114,36.0,0,0,0,0,0,NONE,36,215,0.929139386745,32.6211587777,1.20870862803,0.0708606132555
2026-05-27T23:36:03.875,856823,0.93,-0.04,-0.26,31.9,5.4,-10.8,-0.8,19.4,-24.4,101.114,36.0,0,0,0,0,0,NONE,27,169,0.966488489326,34.1087965194,1.46969384567,0.0335115106738
2026-05-27T23:36:03.918,856871,0.95,-0.02,-0.25,24.0,4.2,-14.6,-0.4,20.0,-23.4,101.117,36.0,0,0,0,0,0,NONE,48,241,0.982547708765,28.4042250378,0.625,0.0174522912347
2026-05-27T23:36:03.969,856923,0.98,-0.0,-0.21,24.0,3.0,-17.0,-0.1,20.7,-25.2,101.112,36.0,0,0,0,0,0,NONE,49,246,1.00224747443,29.5634909982,1.03560861676,0.00224747442934
2026-05-27T23:36:04.016,856971,0.94,-0.16,-0.19,13.0,1.6,-15.3,-0.2,21.2,-25.5,101.119,35.99,0,0,0,0,0,NONE,64,392,0.972265395867,20.1407547028,3.46109327622,0.0277346041332
2026-05-27T23:36:04.069,857023,0.96,-0.1,-0.2,-3.0,7.0,-11.7,0.4,21.5,-24.3,101.118,36.0,0,0,0,0,0,NONE,63,368,0.985697722428,13.9603008564,1.23137004566,0.0143022775719
2026-05-27T23:36:04.109,857073,1.08,-0.01,-0.27,-2.0,12.6,-5.9,1.0,21.3,-24.8,101.12,36.0,0,0,0,0,0,NONE,153,689,1.11328343202,14.0559595902,3.31058907145,0.113283432015
2026-05-27T23:36:04.172,857121,0.98,-0.07,-0.33,1.2,9.5,2.8,1.6,22.0,-23.9,101.115,35.99,0,0,0,0,0,NONE,67,393,1.03643620161,9.97647232242,2.73226605179,0.0364362016063
2026-05-27T23:36:04.223,857173,0.94,-0.28,-0.34,-15.7,8.5,-9.9,1.2,21.0,-23.1,101.122,36.0,0,0,0,0,0,NONE,119,640,1.03807514179,20.4144556626,4.11556433828,0.0380751417889
2026-05-27T23:36:04.273,857225,0.99,-0.1,-0.41,-9.8,8.2,-7.0,2.1,20.5,-23.3,101.117,35.99,0,0,0,0,0,NONE,58,322,1.07619700799,14.5698318453,3.83652641217,0.0761970079869
2026-05-27T23:36:04.321,857271,0.89,-0.23,-0.34,-7.4,-3.8,-8.4,1.9,20.5,-22.3,101.121,36.0,0,0,0,0,0,NONE,40,254,0.980102035504,11.8220133649,3.87664228264,0.0198979644955
2026-05-27T23:36:04.373,857323,0.92,-0.26,-0.35,-3.0,-4.2,-6.4,2.3,20.2,-23.0,101.119,35.99,0,0,0,0,0,NONE,47,177,1.01808644034,8.22192191644,0.838249796835,0.018086440338
2026-05-27T23:36:04.414,857371,0.95,-0.23,-0.25,15.4,-10.4,-4.8,2.1,20.5,-23.6,101.117,36.0,0,0,0,0,0,NONE,27,152,1.00891030325,19.1927069482,2.263079269,0.00891030324801
2026-05-27T23:36:04.474,857423,0.84,-0.28,-0.28,2.6,-5.1,-6.7,2.0,20.5,-24.8,101.115,35.99,0,0,0,0,0,NONE,42,213,0.9286549413,8.81249113475,2.39421146115,0.0713450587005
2026-05-27T23:36:04.520,857475,0.87,-0.28,-0.2,-3.5,-1.6,-4.6,1.9,20.4,-24.4,101.114,35.99,0,0,0,0,0,NONE,95,484,0.935574689696,5.99749947895,1.64307764333,0.0644253103039
2026-05-27T23:36:04.574,857523,0.93,-0.32,-0.27,-19.0,7.0,-0.1,2.0,20.2,-24.8,101.112,35.99,0,0,0,0,0,NONE,33,202,1.01990195607,20.2487036622,2.09372408773,0.0199019560722
2026-05-27T23:36:04.612,857571,0.9,-0.25,-0.23,-19.6,5.2,3.4,2.4,19.3,-24.6,101.116,35.99,0,0,0,0,0,NONE,39,169,0.961977130705,20.5611283737,1.7921510973,0.0380228692947
2026-05-27T23:36:04.674,857623,0.9,-0.25,-0.21,-22.4,7.5,10.5,2.6,18.6,-24.6,101.118,35.99,0,1,0,0,1,NONE,68,425,0.957392291592,25.8507253283,0.384615384615,0.0426077084079
2026-05-27T23:36:04.723,857673,0.91,-0.21,-0.19,-23.2,9.5,11.5,2.4,17.8,-22.7,101.116,35.99,0,1,0,0,1,NONE,97,587,0.953047742771,27.5815155494,0.916515138991,0.0469522572295
2026-05-27T23:36:04.770,857721,0.96,-0.25,-0.15,-10.9,1.9,13.9,2.7,17.0,-23.3,101.111,35.99,0,1,0,0,1,NONE,125,714,1.00329457289,17.7659787234,1.57288217401,0.00329457289472
2026-05-27T23:36:04.818,857773,0.93,-0.16,-0.13,-10.0,-0.5,14.3,2.5,16.3,-22.8,101.117,35.99,0,1,0,0,1,NONE,119,663,0.952575456329,17.4568038312,1.86449225285,0.0474245436712
2026-05-27T23:36:04.874,857825,0.94,-0.2,-0.09,-1.3,-3.2,14.4,2.5,15.6,-21.4,101.118,35.99,0,0,0,0,0,NONE,120,584,0.965246082613,14.8084435374,1.10472358587,0.0347539173869
2026-05-27T23:36:04.918,857871,1.03,-0.25,-0.16,9.9,-4.3,11.2,2.4,15.3,-22.2,101.118,35.99,0,0,0,0,0,NONE,146,655,1.07191417567,15.5544205935,2.70649991261,0.0719141756689
2026-05-27T23:36:04.975,857923,0.96,-0.37,-0.34,-4.8,4.3,4.8,2.3,16.2,-21.7,101.119,35.99,0,0,0,0,0,NONE,90,476,1.08355895087,8.03554602998,4.37262192342,0.0835589508652
2026-05-27T23:36:05.010,857971,1.07,-0.23,-0.34,-13.4,5.4,8.4,2.1,15.6,-22.6,101.116,35.99,0,0,0,0,0,NONE,85,501,1.14603664863,16.7116725674,3.70926954474,0.146036648629
2026-05-27T23:36:05.075,858023,0.94,-0.11,-0.35,17.5,-4.1,13.4,1.7,15.4,-21.6,101.116,35.99,0,0,0,0,0,NONE,193,1066,1.00905896755,22.4191882101,3.40770098974,0.00905896755343
2026-05-27T23:36:05.125,858075,0.85,-0.06,-0.24,29.4,-5.1,10.8,1.5,15.2,-22.7,101.114,35.99,0,0,0,0,0,NONE,80,418,0.885268320906,31.7334208682,2.89740753333,0.114731679094
2026-05-27T23:36:05.173,858123,0.83,-0.12,-0.26,11.1,5.4,5.1,0.4,15.3,-22.7,101.12,35.99,0,0,0,0,0,NONE,88,482,0.87800911157,13.3558975737,1.38192699598,0.12199088843
2026-05-27T23:36:05.220,858171,0.98,-0.14,-0.2,1.8,3.2,2.4,1.0,15.8,-21.7,101.118,36.0,0,0,0,0,0,NONE,206,1220,1.00995049384,4.38634243989,3.39142095752,0.00995049383621
2026-05-27T23:36:05.267,858223,0.92,-0.07,-0.27,0.3,3.6,5.3,1.0,16.0,-21.2,101.117,36.0,0,0,0,0,0,NONE,206,1055,0.961353212924,6.41404708433,2.22612248131,0.0386467870756
2026-05-27T23:36:05.321,858273,0.97,-0.08,-0.23,2.5,3.1,7.6,1.3,15.6,-21.5,101.115,35.99,0,0,0,0,0,NONE,133,839,1.000099995,8.58020978765,1.29614813968,9.99950004998e-05
2026-05-27T23:36:05.372,858321,0.9,-0.12,-0.19,-0.5,7.9,6.7,1.0,15.8,-21.3,101.114,35.99,0,0,0,0,0,NONE,169,1035,0.927631392311,10.3706316105,1.875,0.0723686076895
2026-05-27T23:36:05.409,858373,0.93,-0.13,-0.19,-9.9,12.0,6.9,1.2,15.6,-20.7,101.118,35.99,0,0,0,0,0,NONE,171,1060,0.958070978581,17.0182255244,0.608130319263,0.0419290214186
2026-05-27T23:36:05.475,858425,0.94,-0.11,-0.17,-16.8,13.2,4.0,1.1,15.2,-20.3,101.114,35.99,0,0,0,0,0,NONE,133,815,0.9615612305,21.7366050707,0.576923076923,0.0384387695004
2026-05-27T23:36:05.522,858471,0.97,-0.11,-0.14,-16.9,10.9,-1.6,1.1,15.0,-20.0,101.119,35.99,0,0,0,0,0,NONE,130,878,0.986204846875,20.1737453141,0.922313192852,0.0137951531249
2026-05-27T23:36:05.570,858523,0.96,-0.11,-0.16,-21.2,9.2,-3.7,1.5,14.5,-19.2,101.115,35.99,0,0,0,0,0,NONE,127,711,0.979438614718,23.4044867493,0.430013072596,0.0205613852824
2026-05-27T23:36:05.621,858571,0.98,-0.2,-0.11,-35.3,1.5,-0.2,2.1,14.1,-18.3,101.12,35.99,0,0,0,0,0,NONE,130,842,1.00623058987,35.3324213719,2.18501843369,0.00623058987491
2026-05-27T23:36:05.669,858623,0.91,-0.15,-0.08,-37.7,4.7,-0.7,1.8,13.5,-17.7,101.116,35.99,0,1,0,1,2,NONE,125,844,0.925742944883,37.9982894352,1.75200645753,0.0742570551174
2026-05-27T23:36:05.719,858675,0.99,0.0,-0.39,-37.2,13.3,-2.0,1.8,12.9,-17.8,101.119,35.99,0,1,0,1,2,NONE,101,670,1.06404887106,39.5566682116,6.79910366526,0.0640488710581
2026-05-27T23:36:05.762,858723,1.31,-0.13,-0.49,10.5,13.0,2.6,2.2,12.8,-16.6,101.12,35.99,0,1,0,1,2,NONE,102,561,1.40467077993,16.9118301789,7.49131441515,0.404670779934
2026-05-27T23:36:05.815,858771,0.8,-0.31,-0.31,-4.0,0.3,-6.3,2.8,12.7,-17.5,101.118,35.99,0,1,0,1,2,NONE,102,568,0.912249965744,7.46860093994,11.875,0.087750034256
2026-05-27T23:36:05.867,858823,0.86,-0.22,-0.32,-29.0,10.7,-3.8,3.1,12.9,-15.7,101.116,35.99,0,1,0,0,1,NONE,98,538,0.943610088967,31.1436992022,2.08899624831,0.0563899110332
2026-05-27T23:36:05.923,858873,0.91,-0.23,-0.25,-16.3,7.3,-2.3,3.3,12.6,-14.2,101.117,35.99,0,1,0,0,1,NONE,49,240,0.971339281611,18.0074984382,1.73205080757,0.0286607183893
2026-05-27T23:36:05.971,858921,0.92,-0.34,-0.27,-9.3,10.9,-2.3,3.8,12.5,-14.4,101.117,35.99,0,0,0,0,0,NONE,62,282,1.01730034896,14.5117194019,2.33853586673,0.0173003489629
2026-05-27T23:36:06.022,858973,0.94,-0.23,-0.27,-15.8,4.4,-1.4,4.3,13.5,-14.0,101.116,35.99,0,0,0,0,0,NONE,70,418,1.00468900661,16.4608626748,2.15006536298,0.00468900660851
2026-05-27T23:36:06.067,859025,0.89,-0.33,-0.23,-21.1,6.0,0.7,3.9,12.6,-12.2,101.118,35.99,0,1,0,0,1,NONE,60,325,0.976678043165,21.9476650239,2.28352732443,0.0233219568353
2026-05-27T23:36:06.115,859071,0.89,-0.28,-0.2,-26.9,2.7,3.7,3.8,12.4,-12.6,101.117,35.99,0,1,0,0,1,NONE,58,348,0.954201236637,27.2871764754,1.26759823801,0.0457987633628
2026-05-27T23:36:06.168,859123,0.91,-0.3,-0.21,-25.9,5.8,8.5,3.8,13.1,-12.1,101.116,35.99,0,0,0,0,0,NONE,113,511,0.980917937444,27.86933799,0.576923076923,0.0190820625557
2026-05-27T23:36:06.212,859171,0.92,-0.29,-0.2,-27.0,5.6,12.3,4.2,12.0,-12.3,101.116,35.99,0,0,0,0,0,NONE,37,210,0.985139584018,30.1935423559,0.360843918244,0.0148604159816
2026-05-27T23:36:06.264,859223,0.9,-0.29,-0.18,-30.9,5.3,14.5,4.5,11.3,-11.6,101.119,35.99,0,1,0,0,1,NONE,72,428,0.962548700067,34.5420034161,0.54392829322,0.0374512999333
2026-05-27T23:36:06.325,859275,0.9,-0.25,-0.15,-35.0,7.0,16.2,3.8,11.2,-11.0,101.116,35.99,0,1,0,0,1,NONE,57,324,0.946044396421,39.1974488966,0.961538461538,0.0539556035788
2026-05-27T23:36:06.372,859323,0.92,-0.22,-0.14,-21.2,7.2,16.1,3.4,10.7,-11.2,101.117,35.99,0,1,0,0,1,NONE,66,397,0.956242647031,27.5769831562,0.779511955578,0.0437573529694
2026-05-27T23:36:06.421,859371,0.92,-0.19,-0.17,-10.3,4.7,18.0,3.4,10.3,-9.7,101.114,35.99,0,1,0,0,1,NONE,31,197,0.954672718789,21.264524448,0.883883476483,0.045327281211
2026-05-27T23:36:06.473,859423,0.92,-0.22,-0.12,-3.6,7.4,15.7,2.5,9.9,-10.2,101.117,35.99,0,0,0,0,0,NONE,139,740,0.953519795285,17.7259696491,1.12133690285,0.0464802047152
2026-05-27T23:36:06.521,859471,1.0,-0.22,-0.16,11.6,6.4,16.6,2.9,9.3,-10.2,101.119,35.99,0,0,0,0,0,NONE,50,267,1.03633971264,21.2386440245,1.86338998125,0.0363397126425
2026-05-27T23:36:06.569,859523,0.91,-0.33,-0.22,5.2,11.0,5.7,2.8,9.3,-9.6,101.114,35.99,0,1,0,0,1,NONE,82,394,0.992673158698,13.4361452805,2.96677858087,0.00732684130173
2026-05-27T23:36:06.614,859573,1.09,-0.15,-0.32,9.9,19.0,4.8,3.0,9.3,-9.1,101.121,35.99,0,1,0,0,1,NONE,35,200,1.14586212085,21.9556370894,5.46991773247,0.14586212085
2026-05-27T23:36:06.663,859621,1.0,-0.12,-0.28,20.1,1.2,6.1,2.8,9.4,-11.2,101.119,35.99,0,0,0,0,0,NONE,67,348,1.04537074763,21.0394866858,2.14492294604,0.0453707476298
2026-05-27T23:36:06.713,859673,0.95,-0.04,-0.35,47.5,0.7,7.6,3.1,10.2,-11.5,101.119,35.98,0,0,0,0,0,NONE,40,202,1.01321271212,48.1092506697,2.25910387009,0.0132127121192
2026-05-27T23:36:06.774,859725,0.9,-0.06,-0.26,36.7,-1.2,1.2,2.5,10.3,-12.8,101.117,35.99,0,0,0,0,0,NONE,64,342,0.938722536216,36.7392161049,2.01694009263,0.0612774637839
2026-05-27T23:36:06.807,859771,0.97,-0.17,-0.21,20.1,9.8,0.9,1.9,12.0,-13.4,101.113,35.99,0,0,0,0,0,NONE,140,745,1.00692601516,22.3799016977,3.03570435734,0.00692601515702
2026-05-27T23:36:06.875,859825,0.92,-0.02,-0.36,13.9,7.0,1.3,1.9,11.5,-13.7,101.116,35.99,0,1,0,1,2,NONE,111,703,0.988129546163,15.6172981018,4.03601754032,0.0118704538372
2026-05-27T23:36:06.922,859871,0.95,-0.04,-0.2,25.7,-5.1,2.5,1.9,11.5,-13.7,101.118,35.99,0,1,0,1,2,NONE,118,1080,0.971648084442,26.3201443765,3.56548249279,0.0283519155579
2026-05-27T23:36:06.974,859923,0.91,-0.08,-0.25,24.2,0.5,-0.7,2.0,12.4,-15.3,101.118,35.99,0,1,0,1,2,NONE,121,712,0.947100839404,24.2152844295,1.45189123755,0.0528991605959
2026-05-27T23:36:07.016,859974,0.89,-0.13,-0.22,8.5,1.7,-1.9,1.7,12.7,-15.3,101.116,35.99,0,1,0,1,2,NONE,122,581,0.925958962374,8.87411967465,1.20870862803,0.0740410376264
2026-05-27T23:36:07.068,860023,0.94,-0.12,-0.2,4.2,4.7,-5.8,1.9,13.6,-16.5,101.118,35.99,0,1,0,1,2,NONE,176,1029,0.968504001024,8.56562899033,1.11780113777,0.0314959989757
2026-05-27T23:36:07.112,860071,0.91,-0.06,-0.19,7.4,1.1,-9.5,2.6,13.0,-16.8,101.118,35.99,0,1,0,1,2,NONE,154,788,0.931557835027,12.0921462115,1.41298541315,0.0684421649731
2026-05-27T23:36:07.168,860123,0.99,-0.17,-0.17,-2.3,1.7,-7.9,2.0,13.5,-17.0,101.117,35.99,0,1,0,0,1,NONE,69,435,1.01877377273,8.40178552452,2.64379367017,0.0187737727288
2026-05-27T23:36:07.211,860173,0.91,-0.19,-0.15,-7.3,-1.9,-9.2,2.1,13.3,-17.5,101.119,35.99,0,1,0,0,1,NONE,83,599,0.94164749243,11.89705846,1.69705627485,0.0583525075698
2026-05-27T23:36:07.271,860221,1.05,-0.14,-0.33,-26.2,14.0,-1.3,2.8,12.8,-16.2,101.116,35.99,0,1,1,1,3,NONE,114,672,1.10950439386,29.7343236008,4.86359063747,0.109504393862
2026-05-27T23:36:07.321,860273,1.04,-0.14,-0.34,-0.7,-3.8,2.9,2.5,13.6,-16.4,101.115,35.99,0,1,1,1,3,NONE,146,764,1.10308657865,4.83114893167,0.27196414661,0.103086578651
2026-05-27T23:36:07.373,860325,0.89,-0.24,-0.24,-24.6,-3.9,-0.9,2.3,13.0,-16.3,101.118,35.99,0,1,1,1,3,NONE,88,583,0.952522965602,24.9234829027,3.96452464002,0.0474770343976
2026-05-27T23:36:07.418,860371,0.96,-0.08,-0.29,-18.0,0.4,3.5,2.7,12.6,-14.4,101.12,35.99,0,1,1,1,3,NONE,211,1252,1.00603180864,18.3414830371,3.94910915752,0.00603180864225
2026-05-27T23:36:07.476,860425,0.92,-0.3,-0.2,-12.1,-2.6,1.6,2.8,12.2,-16.3,101.114,35.99,0,1,0,0,1,NONE,107,736,0.988129546163,12.4791826655,4.46369288637,0.0118704538371
2026-05-27T23:36:07.521,860471,0.96,-0.22,-0.23,-17.2,-2.3,0.0,3.0,11.5,-15.1,101.117,35.99,0,1,0,0,1,NONE,84,481,1.01138518874,17.3530977062,2.05086546349,0.0113851887387
2026-05-27T23:36:07.570,860523,0.92,-0.19,-0.19,-19.3,-4.7,3.0,2.6,11.8,-14.7,101.115,35.99,0,1,0,0,1,NONE,69,443,0.95843622636,20.0893006349,1.23137004566,0.0415637736396
2026-05-27T23:36:07.624,860574,0.86,-0.21,-0.18,-19.2,-3.9,3.7,2.5,11.2,-15.0,101.117,35.99,0,1,0,0,1,NONE,67,386,0.903382532486,19.9384051519,1.25551455636,0.0966174675145
2026-05-27T23:36:07.673,860623,0.98,-0.23,-0.14,-13.0,0.7,6.8,2.5,10.7,-14.4,101.118,35.99,0,0,0,0,0,NONE,43,211,1.01631687972,14.6877499979,2.61352009691,0.0163168797181
2026-05-27T23:36:07.721,860671,0.91,-0.22,-0.17,-15.7,1.6,10.9,1.8,10.6,-13.0,101.118,35.99,0,0,0,0,0,NONE,139,850,0.951525091629,19.1796767439,1.60023869747,0.0484749083708
2026-05-27T23:36:07.771,860723,0.9,-0.14,-0.11,0.6,0.7,8.4,1.9,9.9,-13.8,101.115,35.99,0,1,0,0,1,NONE,127,900,0.917442096265,8.45044377533,1.93266838868,0.0825579037345
2026-05-27T23:36:07.820,860773,0.78,-0.17,-0.07,0.8,-3.6,4.9,1.4,9.9,-14.3,101.118,35.99,0,1,0,0,1,NONE,58,446,0.801373820386,6.13269924258,2.6,0.198626179614
2026-05-27T23:36:07.873,860821,0.69,-0.24,-0.03,6.0,-2.4,0.4,1.6,9.8,-14.7,101.114,35.99,0,1,0,0,1,NONE,45,278,0.731163456417,6.4745656225,2.5173012445,0.268836543583
2026-05-27T23:36:07.916,860873,0.52,-0.04,-0.05,18.9,-8.2,-0.8,0.7,10.1,-14.7,101.119,35.99,0,1,0,0,1,NONE,127,670,0.523927475897,20.6177108332,5.06247945426,0.476072524103
2026-05-27T23:36:07.976,860925,0.62,-0.09,-0.07,28.3,1.2,6.7,0.9,10.2,-14.2,101.119,35.99,0,0,0,0,0,NONE,48,257,0.630396700499,29.107043821,2.18419551762,0.369603299501
2026-05-27T23:36:08.007,860971,0.58,-0.08,-0.13,49.9,0.7,5.9,0.4,10.9,-16.3,101.119,35.99,0,0,0,0,0,NONE,77,200,0.599749947895,50.2524626262,1.58263258463,0.400250052105
2026-05-27T23:36:08.075,861025,0.76,-0.16,-0.21,8.9,-0.5,22.0,-0.1,11.3,-17.6,101.117,35.98,0,1,0,1,2,NONE,160,1063,0.80454956342,23.7373124005,3.93709104175,0.19545043658
2026-05-27T23:36:08.120,861071,0.51,0.18,0.04,57.3,5.4,27.3,-0.3,11.2,-18.0,101.119,35.99,0,1,0,1,2,NONE,120,467,0.542309874518,63.7003924635,10.6632595378,0.457690125482
2026-05-27T23:36:08.176,861123,0.65,-0.26,0.01,35.6,21.6,2.7,0.5,12.1,-19.9,101.123,35.99,0,1,0,0,1,NONE,82,507,0.700142842569,41.7278084735,8.89825792405,0.299857157431
2026-05-27T23:36:08.222,861174,1.27,-0.55,-0.32,23.9,29.4,-5.7,1.3,11.8,-21.6,101.122,35.98,0,1,0,0,1,NONE,123,524,1.42049287221,38.315271107,14.8993805816,0.42049287221
2026-05-27T23:36:08.272,861223,3.3,-0.36,-1.07,-203.1,40.5,-14.3,3.4,13.9,-21.8,101.123,35.98,0,1,0,0,1,NONE,80,448,3.4877643269,207.591786928,44.3355310891,2.4877643269
2026-05-27T23:36:08.312,861271,1.1,0.11,-0.73,49.5,27.1,16.9,3.4,13.3,-18.2,101.123,35.99,0,1,0,0,1,NONE,67,329,1.32476412995,58.908997615,47.3998395743,0.324764129949
2026-05-27T23:36:08.365,861323,1.23,-0.55,-0.57,-4.8,64.8,5.7,4.8,13.9,-19.3,101.123,35.98,0,0,0,0,0,NONE,95,312,1.46297641813,65.2270649347,13.2970722408,0.462976418128
2026-05-27T23:36:08.413,861373,1.24,0.0,-0.41,19.2,11.4,6.8,5.1,12.9,-19.8,101.122,35.98,0,0,0,0,0,NONE,63,413,1.30602450207,23.3418079848,11.4577484699,0.306024502067
2026-05-27T23:36:08.471,861421,1.12,-0.05,-0.17,-25.5,7.3,7.4,4.4,13.1,-19.4,101.121,35.99,0,0,0,0,0,NONE,89,507,1.13393121485,27.5372475022,5.68639335998,0.133931214845
2026-05-27T23:36:08.521,861473,0.6,-0.12,-0.14,-23.5,-22.0,4.8,4.1,13.0,-18.1,101.122,35.98,0,0,0,0,0,NONE,98,576,0.627694193059,32.5467356274,10.106679495,0.372305806941
2026-05-27T23:36:08.572,861525,0.93,-0.17,-0.2,-16.0,2.5,8.4,3.3,11.8,-19.8,101.119,35.98,0,1,0,0,1,NONE,40,234,0.966333275842,18.2430808802,6.52147113762,0.0336667241578
2026-05-27T23:36:08.616,861571,0.92,-0.13,-0.26,-35.6,-23.8,13.0,3.1,10.9,-17.5,101.123,35.98,0,1,0,0,1,NONE,68,287,0.964831591523,44.7526535526,1.58263258463,0.0351684084774
2026-05-27T23:36:08.666,861623,0.89,-0.01,-0.24,-9.2,-13.3,0.9,2.1,9.9,-17.7,101.12,35.99,0,0,0,0,0,NONE,107,543,0.921845974119,16.1969132862,2.4096084781,0.0781540258807
2026-05-27T23:36:08.720,861671,0.85,-0.06,-0.33,-10.1,10.0,0.6,1.1,10.1,-19.0,101.12,35.98,0,0,0,0,0,NONE,58,325,0.913783344125,14.225681003,2.30111687858,0.0862166558751
2026-05-27T23:36:08.764,861723,0.95,-0.15,-0.39,21.1,3.8,3.6,1.8,9.9,-19.2,101.12,35.98,0,1,0,0,1,NONE,60,322,1.0378342835,21.7395952124,2.83286920436,0.0378342834962
2026-05-27T23:36:08.825,861774,0.78,-0.32,-0.02,5.7,-19.3,4.8,1.3,9.4,-19.0,101.121,35.99,0,1,0,0,1,NONE,43,236,0.843326745692,20.6886442282,8.65192606781,0.156673254308
2026-05-27T23:36:08.873,861823,1.0,-0.18,-0.29,-27.2,12.1,0.9,1.1,8.9,-19.4,101.121,35.98,0,1,0,0,1,NONE,32,198,1.05664563596,29.7835525081,7.66054056291,0.0566456359632
2026-05-27T23:36:08.921,861871,0.92,-0.26,-0.2,-21.3,-13.4,0.2,-0.1,9.3,-17.6,101.119,35.98,0,1,0,0,1,NONE,73,412,0.976729235766,25.1652538235,3.01184006142,0.023270764234
2026-05-27T23:36:08.969,861923,0.9,-0.21,-0.2,-13.7,-4.6,-1.8,0.0,8.8,-17.0,101.12,35.99,0,1,0,1,2,NONE,79,434,0.945568612,14.5633100633,1.03560861676,0.0544313879998
2026-05-27T23:36:09.022,861973,0.96,-0.22,-0.1,-17.2,-7.7,-0.5,-0.6,8.2,-18.2,101.124,35.99,0,1,0,1,2,NONE,129,681,0.989949493661,18.8515251372,2.34093998214,0.0100505063388
2026-05-27T23:36:09.066,862021,0.94,-0.21,-0.07,-9.6,-4.6,-2.7,-0.9,8.1,-16.9,101.122,35.99,0,1,0,1,2,NONE,69,398,0.965712172441,10.9822584198,0.779511955578,0.0342878275594
2026-05-27T23:36:09.114,862073,0.95,-0.24,-0.14,-9.1,-1.9,-3.8,-0.9,8.2,-18.1,101.117,35.99,0,1,0,1,2,NONE,197,1083,0.989797959182,10.0429079454,1.47714341305,0.0102020408184
2026-05-27T23:36:09.167,862125,0.93,-0.25,-0.07,-18.9,0.4,-4.2,-1.2,7.1,-18.1,101.12,35.99,0,1,0,0,1,NONE,226,1603,0.965556834164,19.3651749282,1.4131671593,0.0344431658364
2026-05-27T23:36:09.216,862171,0.95,-0.24,-0.14,-19.7,3.1,-3.4,-0.8,7.2,-17.0,101.12,35.98,0,1,0,0,1,NONE,194,977,0.989797959182,20.2301754812,1.59749331051,0.0102020408184
2026-05-27T23:36:09.273,862225,0.88,-0.28,-0.05,-16.1,3.1,-0.4,-2.0,6.9,-17.0,101.125,35.99,0,1,0,0,1,NONE,126,661,0.924824307639,16.4006097448,2.23760110622,0.075175692361
2026-05-27T23:36:09.322,862271,0.91,-0.31,-0.06,-20.1,13.9,4.5,-0.9,7.4,-16.9,101.119,35.98,0,1,0,0,1,NONE,127,668,0.96322375386,24.8489436395,0.947586726857,0.0367762461401
2026-05-27T23:36:09.374,862323,0.92,-0.29,-0.06,-6.9,17.3,5.9,-1.4,6.1,-15.9,101.122,35.98,0,1,0,0,1,NONE,83,452,0.966488489326,19.5374000317,0.430013072596,0.0335115106738
2026-05-27T23:36:09.418,862374,0.98,-0.17,-0.01,-8.7,12.2,4.2,-1.3,5.3,-16.7,101.118,35.98,0,1,0,0,1,NONE,193,1017,0.994685880065,15.5618122338,2.80741589476,0.00531411993534
2026-05-27T23:36:09.470,862423,0.94,-0.16,-0.0,10.6,1.6,9.0,-1.5,5.1,-14.8,101.124,35.99,0,1,0,0,1,NONE,189,845,0.953519795285,13.9971425655,0.865845038188,0.0464802047152
2026-05-27T23:36:09.518,862471,1.09,-0.29,-0.11,35.9,21.9,12.2,-1.8,5.3,-16.2,101.121,35.98,0,1,0,0,1,NONE,81,438,1.13326960605,43.7865276084,4.7278357158,0.133269606051
2026-05-27T23:36:09.568,862523,1.0,-0.48,-0.27,-19.1,14.9,-1.5,-1.3,5.1,-17.1,101.122,35.99,0,1,0,0,1,NONE,334,1588,1.14162165361,24.2707643061,5.0807095437,0.141621653614
2026-05-27T23:36:09.612,862573,1.06,-0.05,-0.18,20.2,6.3,17.3,-2.1,4.6,-17.0,101.124,35.98,0,1,0,0,1,NONE,304,1497,1.07633637865,27.3316666159,8.86791971096,0.0763363786475
2026-05-27T23:36:09.659,862621,0.95,-0.24,-0.22,30.7,0.9,16.4,-2.1,4.4,-16.8,101.123,35.98,0,1,0,0,1,NONE,257,1647,1.00424100693,34.8175243232,4.64914866759,0.00424100693011
2026-05-27T23:36:09.723,862673,0.86,-0.11,-0.3,16.7,9.4,13.4,-2.1,4.3,-17.8,101.123,35.98,0,1,0,0,1,NONE,352,1857,0.917442096265,23.3839688676,3.40770098974,0.0825579037345
2026-05-27T23:36:09.769,862725,0.85,-0.07,-0.28,22.8,5.5,9.1,-3.4,4.3,-17.7,101.12,35.99,0,1,0,0,1,NONE,192,1160,0.897663634108,25.1575038507,0.881264556722,0.102336365892
2026-05-27T23:36:09.821,862771,0.93,-0.07,-0.23,7.7,13.8,7.4,-3.6,4.9,-18.7,101.121,35.98,0,1,0,0,1,NONE,152,759,0.960572745814,17.4496418301,2.05086546349,0.0394272541863
2026-05-27T23:36:09.865,862825,1.01,-0.17,-0.24,-14.2,10.1,7.3,-3.3,3.7,-18.0,101.118,35.98,0,1,0,0,1,NONE,87,584,1.05195056918,18.8928557926,2.37874677383,0.0519505691809
2026-05-27T23:36:09.918,862871,0.96,-0.06,-0.2,-3.5,7.8,9.9,-3.7,4.0,-16.5,101.119,35.99,0,1,0,0,1,NONE,161,1163,0.982445927265,13.0805198673,2.76693957856,0.0175540727348
2026-05-27T23:36:09.966,862923,0.92,-0.15,-0.22,-14.2,19.3,14.2,-3.5,4.1,-16.5,101.12,35.98,0,1,0,0,1,NONE,131,862,0.957757798193,27.852647989,1.93266838868,0.0422422018067
2026-05-27T23:36:10.014,862975,0.92,-0.1,-0.22,-16.1,8.2,9.6,-4.0,2.4,-15.5,101.121,35.98,0,1,0,0,1,NONE,228,1383,0.951209756048,20.4599608993,0.961538461538,0.0487902439525
2026-05-27T23:36:10.073,863023,0.91,-0.11,-0.18,-25.6,14.6,7.6,-3.9,2.8,-15.5,101.12,35.98,0,1,0,0,1,NONE,141,869,0.934130611853,30.4348484471,0.883883476483,0.0658693881475
2026-05-27T23:36:10.122,863071,0.9,-0.12,-0.2,-30.5,17.7,3.2,-3.3,1.8,-15.2,101.121,35.98,0,1,0,0,1,NONE,127,816,0.929731143934,35.4087559793,0.51031036308,0.0702688560664
2026-05-27T23:36:10.174,863123,0.91,-0.13,-0.18,-31.2,17.0,-1.6,-3.8,1.2,-13.1,101.117,35.97,0,1,0,0,1,NONE,89,657,0.936696322188,35.5668384876,0.471055719766,0.0633036778123
2026-05-27T23:36:10.217,863173,0.93,-0.21,-0.21,-36.9,13.9,-4.6,-3.1,0.5,-11.4,101.119,35.97,0,1,0,0,1,NONE,70,466,0.976268405716,39.6986145854,1.75499287748,0.0237315942836
2026-05-27T23:36:10.265,863221,1.0,-0.18,-0.19,-47.2,11.8,-6.5,-3.3,0.4,-10.5,101.124,35.98,0,1,0,0,1,NONE,126,664,1.03368273663,49.0849264031,1.64041830709,0.0336827366267
2026-05-27T23:36:10.314,863273,1.03,-0.24,-0.13,-43.3,-0.5,-4.3,-2.6,0.0,-8.6,101.121,35.97,0,1,0,0,1,NONE,157,963,1.0655515004,43.515859178,1.73076923077,0.0655515003978
2026-05-27T23:36:10.362,863325,1.09,-0.16,-0.25,-47.2,13.0,0.5,-2.1,-0.5,-5.4,101.122,35.98,0,1,1,1,3,NONE,104,688,1.12969022303,48.9600857842,3.00394218304,0.129690223026
2026-05-27T23:36:10.414,863371,1.04,-0.13,-0.39,-17.6,14.8,-2.2,-2.7,-1.9,-2.8,101.121,35.97,0,1,1,1,3,NONE,91,492,1.11830228472,23.1006493415,3.29690236698,0.118302284716
2026-05-27T23:36:10.473,863423,0.92,-0.2,-0.47,-8.8,-5.2,-6.0,-2.4,-1.5,-3.4,101.125,35.98,0,1,1,1,3,NONE,146,893,1.05228323183,11.852425912,3.08292683498,0.0522832318345
2026-05-27T23:36:10.522,863471,0.81,-0.2,-0.28,-25.4,11.3,-15.1,-1.5,-1.5,-1.9,101.121,35.98,0,1,1,1,3,NONE,202,1340,0.880056816348,31.6363714734,4.57385383335,0.119943183652
2026-05-27T23:36:10.572,863523,0.86,-0.32,-0.35,-40.3,15.7,-9.1,-1.2,-1.2,-0.8,101.122,35.97,0,1,0,1,2,NONE,71,568,0.982089608946,44.1971718552,2.83938905004,0.0179103910539
2026-05-27T23:36:10.622,863575,0.89,-0.34,-0.28,-22.5,12.1,3.1,-1.1,-1.5,1.1,101.125,35.98,0,1,0,1,2,NONE,158,881,0.993025679426,25.7346070497,1.51423228346,0.00697432057373
2026-05-27T23:36:10.666,863623,0.91,-0.29,-0.27,-33.2,8.6,5.9,-1.2,-1.2,1.7,101.122,35.98,0,1,0,0,1,NONE,198,1244,0.992522040058,34.7995689628,1.14108866147,0.00747795994245
2026-05-27T23:36:10.717,863671,0.9,-0.28,-0.29,-13.8,13.7,4.0,-1.3,-1.1,2.1,101.122,35.98,0,1,0,0,1,NONE,116,721,0.986154146166,19.8527076239,0.51031036308,0.0138458538342
2026-05-27T23:36:10.762,863723,0.87,-0.28,-0.25,-10.8,2.7,6.1,-1.8,-1.4,3.3,101.12,35.97,0,1,0,0,1,NONE,250,1309,0.94752308679,12.6940931145,0.961538461538,0.05247691321
2026-05-27T23:36:10.815,863773,0.89,-0.39,-0.25,-22.2,7.1,6.7,-1.6,-0.8,4.2,101.119,35.98,0,1,0,0,1,NONE,220,1280,1.00334440747,24.2515978855,2.2360679775,0.00334440746934
2026-05-27T23:36:10.864,863821,0.89,-0.36,-0.2,-27.8,3.3,11.1,-2.6,-0.8,6.2,101.124,35.99,0,1,0,0,1,NONE,227,1251,0.980663041008,30.1154445426,1.21478164476,0.0193369589915
2026-05-27T23:36:10.923,863873,0.89,-0.29,-0.2,-32.8,3.1,13.8,-2.3,-0.4,7.8,101.123,35.97,0,1,0,0,1,NONE,211,1377,0.957183368013,35.7196024614,1.34615384615,0.0428166319874
2026-05-27T23:36:10.975,863925,0.88,-0.29,-0.18,-20.8,6.4,17.9,-2.6,-0.3,8.3,101.122,35.98,0,1,0,0,1,NONE,176,1172,0.943874991723,28.17818305,0.430013072596,0.056125008277
2026-05-27T23:36:11.021,863971,0.89,-0.28,-0.22,-14.3,9.8,20.6,-3.6,0.2,9.2,101.117,35.98,0,1,0,0,1,NONE,172,1056,0.95859271852,26.9237813095,0.922313192852,0.0414072814798
2026-05-27T23:36:11.071,864023,0.95,-0.27,-0.2,-5.2,10.2,20.9,-4.6,0.4,7.9,101.121,35.97,0,1,0,1,2,NONE,210,1168,1.00767058109,23.8304427151,1.23137004566,0.00767058109285
2026-05-27T23:36:11.115,864071,0.92,-0.25,-0.13,-5.1,3.2,20.4,-5.7,0.3,10.2,101.125,35.98,0,1,0,1,2,NONE,145,854,0.962185013394,21.2699318288,1.64041830709,0.037814986606
2026-05-27T23:36:11.163,864123,0.96,-0.29,-0.08,2.8,-0.6,19.5,-5.9,0.3,10.5,101.122,35.98,0,1,0,0,1,NONE,171,944,1.00603180864,19.7091349379,1.45189123755,0.00603180864225
2026-05-27T23:36:11.216,864175,1.05,-0.35,-0.22,17.0,11.2,18.2,-6.0,-0.1,9.9,101.118,35.97,0,1,0,0,1,NONE,139,985,1.12845026474,27.3071419229,3.40227038711,0.128450264744
2026-05-27T23:36:11.264,864223,1.0,-0.23,-0.41,-8.9,11.0,8.0,-6.2,-0.1,10.8,101.119,35.98,0,1,0,0,1,NONE,174,994,1.10498868772,16.2545378279,4.79619351384,0.104988687725
2026-05-27T23:36:11.316,864271,0.94,-0.21,-0.29,-30.8,4.2,6.8,-7.0,1.4,12.0,101.121,35.98,0,1,0,0,1,NONE,160,895,1.00588269694,31.8201194215,2.8259708263,0.00588269693837
2026-05-27T23:36:11.374,864323,0.94,-0.12,-0.3,8.7,-1.2,17.9,-6.8,1.1,12.0,101.12,35.97,0,1,0,0,1,NONE,172,1092,0.993981891183,19.9384051519,1.74142021887,0.00601810881687
2026-05-27T23:36:11.423,864373,0.92,-0.08,-0.23,0.1,-5.3,13.8,-7.0,1.1,12.5,101.122,35.98,0,1,0,0,1,NONE,115,707,0.951682720238,14.7830984574,1.66132477258,0.0483172797618
2026-05-27T23:36:11.472,864421,0.93,-0.07,-0.24,-4.3,-5.9,5.6,-7.4,1.6,11.5,101.121,35.98,0,1,0,1,2,NONE,78,448,0.9630160954,9.20108689232,0.360843918244,0.0369839045997
2026-05-27T23:36:11.522,864473,0.99,-0.15,-0.2,-4.6,-3.8,3.1,-7.5,1.4,13.8,101.121,35.98,0,1,0,1,2,NONE,162,1194,1.02107786187,6.72383818961,2.07121723351,0.0210778618695
2026-05-27T23:36:11.579,864525,0.9,-0.16,-0.24,-19.1,0.7,8.6,-7.4,2.5,13.7,101.121,35.98,0,1,0,0,1,NONE,132,951,0.945092588057,20.9585304828,1.90374902627,0.0549074119431
2026-05-27T23:36:11.618,864571,0.92,-0.11,-0.2,-18.4,4.0,12.5,-7.2,2.4,13.1,101.121,35.98,0,1,0,0,1,NONE,191,1096,0.947892398957,22.6011061676,1.45830520272,0.0521076010432
2026-05-27T23:36:11.666,864623,0.98,-0.05,-0.18,-10.6,3.1,9.3,-7.8,2.5,14.5,101.125,35.98,0,1,0,0,1,NONE,141,763,0.997647232242,14.438143925,1.67649959367,0.00235276775806
2026-05-27T23:36:11.718,864671,0.91,-0.15,-0.13,-9.8,3.8,7.0,-8.2,2.7,14.0,101.12,35.98,0,1,0,0,1,NONE,106,755,0.93139680051,12.6285391079,2.74810540797,0.0686031994901
2026-05-27T23:36:11.763,864723,0.91,-0.15,-0.18,-15.7,13.8,1.8,-8.0,3.2,14.3,101.122,35.97,0,1,0,0,1,NONE,121,836,0.939680796867,20.9802287881,0.961538461538,0.0603192031333
2026-05-27T23:36:11.824,864774,0.94,-0.12,-0.18,-17.0,11.0,-2.0,-7.9,3.2,15.9,101.118,35.98,0,1,0,0,1,NONE,68,399,0.964572444143,20.3469899494,0.831890330808,0.035427555857
2026-05-27T23:36:11.871,864823,0.94,-0.19,-0.13,-25.3,8.2,-4.5,-7.3,4.5,16.2,101.116,35.97,0,1,0,0,1,NONE,49,370,0.967780966955,26.9736908858,1.75557658511,0.0322190330452
2026-05-27T23:36:11.921,864871,0.96,-0.23,-0.1,-38.6,7.5,-2.0,-8.1,4.9,17.2,101.123,35.98,0,1,0,0,1,NONE,95,503,0.992219733728,39.3727062824,1.12190933482,0.00778026627163
2026-05-27T23:36:11.972,864923,0.91,-0.23,-0.16,-42.8,13.1,-2.3,-8.3,6.1,20.4,101.124,35.97,0,1,0,1,2,NONE,46,272,0.952155449493,44.8189691983,1.50197109152,0.0478445505066
2026-05-27T23:36:12.018,864973,1.1,-0.17,-0.2,-47.5,19.3,-0.5,-8.5,7.0,19.7,101.123,35.98,0,1,0,1,2,NONE,119,738,1.1308846095,51.2736774573,4.06448028658,0.130884609498
2026-05-27T23:36:12.065,865022,0.98,-0.06,-0.27,-32.2,6.2,0.4,-8.4,8.3,21.1,101.121,35.98,0,1,1,1,3,NONE,212,1326,1.01828286836,32.7939018721,3.61633574422,0.0182828683622
2026-05-27T23:36:12.119,865073,1.03,-0.15,-0.34,-19.7,11.2,-2.1,-8.6,9.5,21.9,101.121,35.97,0,1,1,1,3,NONE,192,1424,1.09498858442,22.758295191,2.44115678392,0.0949885844154
2026-05-27T23:36:12.175,865125,0.78,-0.16,-0.21,-14.7,-1.2,-7.4,-7.7,9.7,21.9,101.122,35.98,0,1,1,1,3,NONE,188,1270,0.823468275042,16.5012120767,5.42225853072,0.176531724958
2026-05-27T23:36:12.221,865171,0.86,-0.24,-0.33,-22.9,18.6,-5.1,-7.9,10.6,21.6,101.119,35.97,0,1,1,1,3,NONE,151,860,0.951892851113,29.9396058758,3.58530923967,0.048107148887
2026-05-27T23:36:12.269,865223,0.89,-0.3,-0.29,-17.9,15.9,0.7,-8.7,11.5,22.7,101.119,35.98,0,1,1,1,3,NONE,172,1200,0.982954729375,23.9522441537,1.50197109152,0.0170452706253
2026-05-27T23:36:12.319,865271,0.96,-0.24,-0.23,-12.5,14.6,4.8,-9.3,12.5,23.9,101.123,35.97,0,1,1,1,3,NONE,217,1119,1.01592322545,19.8103508298,2.29166666667,0.0159232254457
2026-05-27T23:36:12.370,865323,0.98,-0.23,-0.28,-3.7,9.0,2.6,-9.4,12.0,23.5,101.118,35.97,0,1,0,1,2,NONE,139,743,1.04484448604,10.0722390758,1.05331261059,0.0448444860361
2026-05-27T23:36:12.420,865375,0.91,-0.23,-0.22,-11.4,1.6,1.1,-8.5,12.6,24.8,101.121,35.97,0,1,0,1,2,NONE,105,641,0.9640539404,11.5641687985,1.77298931871,0.0359460596004
2026-05-27T23:36:12.473,865423,0.9,-0.28,-0.2,-7.1,5.4,0.2,-8.9,12.9,23.4,101.119,35.97,0,1,0,0,1,NONE,118,866,0.963535157636,8.92244361148,1.14108866147,0.0364648423643
2026-05-27T23:36:12.520,865471,0.92,-0.29,-0.19,-5.3,5.1,5.1,-8.9,14.4,24.8,101.125,35.98,0,1,0,0,1,NONE,142,913,0.98315817649,8.95041898461,0.51031036308,0.0168418235096
2026-05-27T23:36:12.563,865523,0.91,-0.3,-0.18,-6.2,5.2,11.0,-8.6,14.0,25.2,101.124,35.98,0,1,0,0,1,NONE,112,737,0.974935895329,13.6557680121,0.333086693763,0.0250641046715
2026-05-27T23:36:12.620,865573,0.93,-0.25,-0.16,-0.8,4.6,12.1,-9.0,13.9,26.0,101.121,35.97,0,1,0,0,1,NONE,123,799,0.976217188949,12.9695797927,1.14891252931,0.0237828110507
2026-05-27T23:36:12.656,865621,0.96,-0.25,-0.14,2.7,2.3,12.5,-9.5,14.2,24.3,101.125,35.97,0,1,0,1,2,NONE,72,423,1.00184829191,12.9934598933,0.751156515722,0.00184829190851
2026-05-27T23:36:12.723,865673,0.9,-0.28,-0.14,-4.0,3.1,12.4,-9.8,14.1,26.2,101.119,35.97,0,1,0,1,2,NONE,109,670,0.952890339966,13.3929085713,1.29003921779,0.0471096600343
2026-05-27T23:36:12.777,865725,0.98,-0.2,-0.12,13.7,-0.3,11.8,-9.8,14.7,25.7,101.122,35.98,0,1,0,1,2,NONE,109,565,1.00737282076,18.0836943128,2.20944717175,0.00737282075704
2026-05-27T23:36:12.821,865771,0.92,-0.21,-0.12,23.7,-10.1,13.7,-9.6,14.5,25.7,101.121,35.97,0,1,0,1,2,NONE,79,438,0.951262319237,29.1785880399,1.3223396805,0.0487376807631
2026-05-27T23:36:12.864,865823,1.04,-0.4,-0.39,28.2,15.4,6.9,-9.9,13.3,24.2,101.122,35.97,0,1,0,1,2,NONE,143,664,1.18055071894,32.8635055951,6.75544925779,0.180550718944
2026-05-27T23:36:12.921,865871,1.02,-0.23,-0.27,-24.2,-3.8,5.2,-9.1,12.5,25.0,101.123,35.98,0,1,0,1,2,NONE,46,265,1.07990740344,25.0423641057,4.35511353341,0.0799074034379
2026-05-27T23:36:12.972,865923,0.85,-0.06,-0.35,7.3,-0.1,13.4,-9.8,13.8,24.8,101.121,35.98,0,1,0,0,1,NONE,41,217,0.921194876234,15.2597509809,4.87263825358,0.0788051237659
2026-05-27T23:36:13.025,865975,0.87,-0.04,-0.19,40.9,-13.0,11.5,-9.3,13.3,24.5,101.12,35.97,0,1,0,0,1,NONE,63,354,0.891403387923,44.4303950016,3.12463015563,0.108596612077
2026-05-27T23:36:13.072,866023,0.92,-0.08,-0.25,12.0,6.2,1.2,-9.3,12.4,22.7,101.122,35.98,0,1,1,1,3,NONE,31,181,0.956713123146,13.5602359861,1.82811758071,0.0432868768539
2026-05-27T23:36:13.122,866071,0.98,-0.05,-0.2,22.1,-7.0,-4.1,-9.0,12.9,23.9,101.119,35.97,0,1,1,1,3,NONE,26,156,1.00144895027,23.5418775802,1.74304172195,0.00144895027156
2026-05-27T23:36:13.168,866123,0.99,-0.2,-0.21,2.8,0.9,1.3,-8.5,11.8,22.4,101.12,35.97,0,1,0,1,2,NONE,30,211,1.03160069794,3.21558703816,2.89740753333,0.0316006979447
2026-05-27T23:36:13.222,866173,0.94,-0.08,-0.24,2.2,2.2,4.6,-8.3,11.7,23.3,101.122,35.97,0,1,0,1,2,NONE,32,165,0.973447481891,5.55337735077,2.66833281283,0.026552518109
2026-05-27T23:36:13.269,866221,0.9,-0.03,-0.19,12.5,-0.2,4.7,-8.1,12.0,23.3,101.12,35.97,0,1,1,1,3,NONE,32,173,0.920326029187,13.3558975737,1.69250800097,0.0796739708125
2026-05-27T23:36:13.322,866273,0.92,-0.04,-0.25,20.4,-2.9,1.8,-8.2,11.9,24.0,101.121,35.98,0,1,1,1,3,NONE,73,376,0.954201236637,20.6835683575,1.23137004566,0.0457987633628
2026-05-27T23:36:13.362,866325,0.89,-0.15,-0.12,-7.0,9.2,-1.6,-8.2,11.4,23.0,101.123,35.97,0,1,0,0,1,NONE,102,347,0.910494371207,11.6704755687,3.32531085881,0.0895056287928
2026-05-27T23:36:13.416,866371,0.98,-0.18,-0.17,-17.8,28.4,-6.3,-7.8,12.0,22.4,101.121,35.97,0,1,0,0,1,NONE,41,226,1.01079176886,34.1041053247,2.3312620206,0.0107917688624
2026-05-27T23:36:13.473,866423,0.97,-0.19,-0.13,-0.1,11.9,-2.7,-9.0,13.0,24.6,101.122,35.97,0,1,1,1,3,NONE,53,221,0.996945334509,12.2028685152,0.815892439831,0.00305466549063
2026-05-27T23:36:13.522,866471,0.95,-0.18,-0.1,-12.6,11.4,-6.7,-8.9,12.3,23.2,101.119,35.97,0,1,1,1,3,NONE,74,151,0.97205966895,18.2649938407,0.779511955578,0.0279403310496
2026-05-27T23:36:13.574,866523,1.22,-0.05,-0.28,5.7,24.4,-2.9,-8.9,13.3,23.4,101.121,35.98,0,1,1,1,3,NONE,25,182,1.25271704706,25.2241947344,6.72252242036,0.252717047062
2026-05-27T23:36:13.623,866575,0.94,-0.18,-0.28,4.0,2.9,-3.5,-8.9,13.8,25.6,101.125,35.97,0,1,1,1,3,NONE,73,386,0.997196068985,6.05475020129,5.93667270786,0.00280393101457
2026-05-27T23:36:13.670,866623,0.97,-0.12,-0.42,-12.0,15.7,-0.4,-9.7,13.8,25.5,101.118,35.97,0,1,0,0,1,NONE,62,402,1.0638138935,19.7648678215,3.23420306172,0.0638138934983
2026-05-27T23:36:13.723,866671,0.92,-0.22,-0.25,-12.9,-1.2,-1.3,-10.3,13.6,25.5,101.12,35.97,0,1,0,0,1,NONE,51,311,0.978417088976,13.0207526664,4.23895623945,0.0215829110241
2026-05-27T23:36:13.766,866723,0.92,-0.16,-0.26,-12.0,-2.3,-2.9,-9.2,13.9,24.4,101.121,35.97,0,1,0,0,1,NONE,34,175,0.969329665284,12.5578660608,1.16976202506,0.0306703347158
2026-05-27T23:36:13.823,866773,0.98,-0.27,-0.26,0.1,-4.3,1.0,-9.0,15.1,25.6,101.122,35.97,0,1,0,0,1,NONE,42,184,1.04923781861,4.41588043316,2.50599281723,0.0492378186093
2026-05-27T23:36:13.860,866821,0.93,-0.16,-0.26,7.0,-7.1,-6.2,-8.6,14.9,25.3,101.121,35.97,0,1,0,1,2,NONE,99,263,0.978825827203,11.7409539646,2.5173012445,0.0211741727968
2026-05-27T23:36:13.923,866873,0.88,-0.24,-0.24,3.5,-4.6,-4.2,-8.0,15.1,25.0,101.122,35.97,0,1,0,1,2,NONE,54,206,0.943186089804,7.14492827116,1.85454822327,0.0568139101959
2026-05-27T23:36:13.971,866925,0.91,-0.25,-0.24,12.7,-1.8,-4.3,-7.5,14.9,25.4,101.119,35.97,0,1,0,0,1,NONE,37,171,0.973755616158,13.5284884595,0.608130319263,0.0262443838416
2026-05-27T23:36:14.021,866971,0.9,-0.28,-0.19,11.1,1.7,-2.6,-7.5,14.9,23.8,101.122,35.97,0,1,0,0,1,NONE,72,358,0.961509230325,11.5264912267,1.28610430067,0.0384907696751
2026-05-27T23:36:14.072,867023,0.92,-0.18,-0.17,15.6,0.4,1.8,-7.1,14.4,24.5,101.122,35.97,0,1,0,1,2,NONE,63,291,0.952732911156,15.7085963727,1.99852016258,0.0472670888439
2026-05-27T23:36:14.117,867071,0.93,-0.22,-0.16,14.7,4.9,10.4,-7.2,14.1,24.3,101.118,35.97,0,1,0,1,2,NONE,29,182,0.968968523741,18.6617255365,0.883883476483,0.0310314762594
2026-05-27T23:36:14.165,867123,0.98,-0.24,-0.12,21.0,-0.1,15.0,-7.7,13.5,24.2,101.122,35.97,0,1,0,0,1,NONE,127,725,1.01607086367,25.8071695465,1.29003921779,0.0160708636704
2026-05-27T23:36:14.224,867175,0.97,-0.15,-0.04,23.7,-8.9,12.6,-7.3,12.7,24.0,101.121,35.97,0,1,0,0,1,NONE,202,859,0.982344135219,28.2782602011,2.32366268723,0.0176558647806
2026-05-27T23:36:14.273,867223,0.99,-0.36,-0.41,28.3,21.9,5.6,-7.8,12.8,22.2,101.125,35.97,0,1,0,0,1,NONE,165,783,1.13039815994,36.2196079493,8.87314143294,0.130398159942
2026-05-27T23:36:14.321,867271,0.88,-0.15,-0.23,-8.0,-3.0,-0.6,-7.7,12.9,23.2,101.12,35.97,0,1,0,0,1,NONE,103,503,0.921845974119,8.56504524215,6.20119836089,0.0781540258807
2026-05-27T23:36:14.372,867323,1.08,-0.15,-0.41,28.1,10.6,4.3,-7.8,12.4,24.0,101.121,35.97,0,1,0,0,1,NONE,94,528,1.16490342947,30.339083704,5.17447078734,0.164903429474
2026-05-27T23:36:14.418,867373,0.88,-0.1,-0.26,25.2,-7.9,6.8,-7.4,11.5,23.6,101.121,35.96,0,1,0,0,1,NONE,251,1060,0.923038460737,27.2706802262,5.09901951359,0.0769615392629
2026-05-27T23:36:14.468,867421,0.94,-0.15,-0.24,15.4,9.8,5.9,-7.6,11.4,22.2,101.123,35.97,0,1,0,0,1,NONE,119,544,0.981682229645,19.1835867345,1.6796370309,0.0183177703554
2026-05-27T23:36:14.517,867473,0.96,-0.11,-0.23,3.1,-5.8,5.3,-7.7,11.1,22.4,101.119,35.97,0,1,0,0,1,NONE,62,395,0.993277403347,8.44630096551,0.881264556722,0.00672259665288
2026-05-27T23:36:14.564,867525,0.89,-0.07,-0.25,8.2,1.2,2.7,-7.3,11.0,22.2,101.121,35.97,0,1,0,0,1,NONE,93,550,0.927092228422,8.71607709925,1.59742766595,0.0729077715783
2026-05-27T23:36:14.621,867571,0.95,-0.08,-0.21,15.7,0.6,0.4,-7.1,11.6,21.9,101.121,35.97,0,1,0,0,1,NONE,92,539,0.976217188949,15.7165517847,1.58263258463,0.0237828110507
2026-05-27T23:36:14.665,867623,0.89,-0.1,-0.23,12.6,7.4,0.6,-7.6,10.7,21.5,101.122,35.98,0,1,0,0,1,NONE,59,323,0.924662100445,14.6246367476,1.27562491937,0.0753378995547
2026-05-27T23:36:14.707,867671,0.92,-0.08,-0.2,18.0,8.7,0.9,-7.2,10.4,21.6,101.119,35.97,0,1,0,0,1,NONE,55,335,0.944880944881,20.0124960962,0.977169949963,0.0551190551186
2026-05-27T23:36:14.773,867723,0.96,-0.04,-0.17,14.5,9.2,-2.6,-7.3,9.5,21.3,101.125,35.97,0,1,0,0,1,NONE,74,391,0.97575611707,17.3680741592,1.23137004566,0.0242438829298
2026-05-27T23:36:14.819,867775,0.91,-0.13,-0.14,14.9,10.6,-6.1,-7.1,9.9,21.7,101.122,35.97,0,1,0,0,1,NONE,78,467,0.929838695689,19.2764104542,2.06227024899,0.0701613043113
2026-05-27T23:36:14.873,867823,0.96,-0.17,-0.18,-0.9,13.6,-8.9,-7.7,10.1,21.3,101.125,35.97,0,1,0,1,2,NONE,106,729,0.991413132856,16.2782062894,1.57288217401,0.00858686714367
2026-05-27T23:36:14.919,867874,1.01,-0.04,-0.2,15.6,7.6,-5.6,-7.2,10.2,20.3,101.12,35.96,0,1,0,1,2,NONE,192,1167,1.03038827633,18.2340341121,2.75906809401,0.0303882763308
2026-05-27T23:36:14.968,867921,0.82,-0.24,-0.06,-9.4,-1.8,-9.1,-6.7,10.4,21.7,101.12,35.97,0,1,0,0,1,NONE,90,530,0.856504524215,13.206437824,6.58200353117,0.143495475785
2026-05-27T23:36:15.016,867975,1.17,-0.15,-0.39,-34.6,24.2,-11.0,-6.2,11.3,22.1,101.122,35.97,0,1,0,0,1,NONE,52,252,1.24237675445,43.6325566521,9.06272911351,0.242376754451
2026-05-27T23:36:15.061,868021,0.99,-0.32,-0.26,0.0,-20.5,1.6,-7.4,11.9,23.2,101.12,35.97,0,1,0,1,2,NONE,76,344,1.0724271537,20.5623442243,6.07918758874,0.0724271537032
2026-05-27T23:36:15.109,868071,0.89,-0.14,-0.3,-12.1,-3.4,4.2,-6.4,11.7,22.0,101.12,35.97,0,1,0,1,2,NONE,76,394,0.949578854019,13.2517923316,4.19523539268,0.050421145981
2026-05-27T23:36:15.158,868121,0.97,-0.41,-0.41,-8.6,6.2,-0.9,-6.7,11.8,22.0,101.122,35.97,0,1,0,0,1,NONE,116,700,1.13008849211,10.640018797,6.04648658313,0.13008849211
2026-05-27T23:36:15.223,868173,0.89,-0.25,-0.3,-5.2,-6.7,-6.5,-6.1,12.1,22.7,101.122,35.97,0,1,0,0,1,NONE,89,557,0.971905345185,10.6855041996,4.03846153846,0.0280946548146
2026-05-27T23:36:15.270,868221,0.89,-0.21,-0.26,7.7,-7.1,-5.3,-5.8,11.7,21.7,101.124,35.97,0,1,0,0,1,NONE,62,333,0.950683964312,11.7383985279,1.17851130198,0.049316035688
2026-05-27T23:36:15.322,868273,0.87,-0.31,-0.28,-0.7,-4.2,-5.8,-5.7,11.8,23.1,101.122,35.97,0,1,0,0,1,NONE,64,431,0.965090669316,7.19513724678,1.99852016258,0.0349093306844
2026-05-27T23:36:15.373,868323,0.9,-0.27,-0.27,-5.5,-1.3,-1.0,-4.8,12.4,23.0,101.121,35.97,0,1,0,0,1,NONE,51,327,0.977650244208,5.73933794091,1.01980390272,0.022349755792
2026-05-27T23:36:15.415,868371,0.86,-0.28,-0.23,-8.7,0.9,1.5,-5.1,13.3,22.9,101.121,35.97,0,1,0,0,1,NONE,39,249,0.933220231242,8.87411967465,1.1967838847,0.0667797687577
2026-05-27T23:36:15.467,868423,0.91,-0.29,-0.23,-13.7,7.8,4.0,-5.1,13.6,23.7,101.12,35.97,0,1,0,0,1,NONE,42,235,0.982395032561,16.2643782543,0.980580675691,0.0176049674393
2026-05-27T23:36:15.520,868474,0.89,-0.25,-0.18,-3.7,8.5,8.6,-5.2,13.7,23.2,101.119,35.97,0,1,0,0,1,NONE,21,138,0.941806774238,12.6451571758,1.31533410441,0.0581932257623
2026-05-27T23:36:15.571,868521,0.93,-0.29,-0.16,-2.1,6.5,10.3,-5.5,13.8,22.6,101.123,35.97,0,1,0,0,1,NONE,23,138,0.987218314255,12.3592070943,1.27659574468,0.0127816857452
2026-05-27T23:36:15.624,868575,0.93,-0.25,-0.18,-2.0,4.4,14.8,-5.7,13.8,22.9,101.12,35.97,0,1,0,0,1,NONE,30,148,0.979693829724,15.5692003648,0.828173325,0.0203061702756
2026-05-27T23:36:15.662,868621,0.98,-0.14,-0.09,21.8,-11.4,16.3,-5.9,13.9,24.4,101.121,35.97,0,1,0,0,1,NONE,36,171,0.994032192638,29.510845464,3.27533025507,0.00596780736236
2026-05-27T23:36:15.721,868671,0.98,-0.23,-0.18,33.2,-8.1,22.5,-5.3,12.6,23.0,101.121,35.97,0,1,0,0,1,NONE,77,259,1.02259473889,40.915767132,2.54558441227,0.0225947388873
2026-05-27T23:36:15.771,868721,1.02,-0.24,-0.43,-19.8,13.7,0.0,-5.8,12.3,22.8,101.12,35.97,0,1,0,0,1,NONE,44,167,1.13265175584,24.0775829352,5.06754378373,0.132651755837
2026-05-27T23:36:15.820,868773,1.02,-0.05,-0.36,7.6,-1.5,12.0,-5.6,13.0,23.4,101.12,35.97,0,1,0,0,1,NONE,39,158,1.08282039139,14.2832069228,3.89393398679,0.0828203913854
2026-05-27T23:36:15.869,868821,0.86,-0.14,-0.23,49.2,-5.0,10.7,-5.4,12.1,22.9,101.119,35.97,0,1,0,0,1,NONE,24,116,0.901165911472,50.5977272217,4.68634244967,0.0988340885275
2026-05-27T23:36:15.913,868873,0.92,-0.16,-0.14,16.2,6.0,6.2,-5.2,11.1,21.9,101.12,35.97,0,1,0,0,1,NONE,35,186,0.944245730729,18.3542910514,2.11538461538,0.055754269271
2026-05-27T23:36:15.964,868924,0.99,-0.2,-0.23,-3.8,12.0,4.1,-5.6,11.0,21.8,101.124,35.97,0,1,0,0,1,NONE,37,202,1.03585713301,13.2382022949,2.3692247007,0.0358571330063
2026-05-27T23:36:16.012,868973,0.93,-0.11,-0.22,11.7,6.5,4.5,-5.3,11.0,21.4,101.122,35.97,0,1,0,0,1,NONE,60,288,0.961977130705,14.1205523971,2.2168939778,0.0380228692947
2026-05-27T23:36:16.057,869021,0.9,-0.14,-0.15,1.6,11.6,4.5,-5.9,10.9,22.5,101.121,35.97,0,1,0,0,1,NONE,75,353,0.923092628072,12.5447200048,1.70528182747,0.0769073719285
2026-05-27T23:36:16.121,869073,0.9,-0.12,-0.16,-9.9,15.0,1.4,-5.8,10.9,22.4,101.121,35.97,0,1,0,0,1,NONE,42,197,0.921954445729,18.0269243078,0.430013072596,0.0780455542707
2026-05-27T23:36:16.172,869125,0.94,-0.03,-0.19,-6.2,16.0,-3.2,-6.6,11.5,22.7,101.119,35.96,0,1,0,0,1,NONE,34,174,0.959479025305,17.4550852189,1.97992887327,0.0405209746951
2026-05-27T23:36:16.217,869171,0.98,-0.14,-0.16,0.7,7.9,-9.1,-6.9,12.7,22.5,101.122,35.97,0,1,0,0,1,NONE,54,245,1.00279609094,12.0710397232,2.62674912469,0.00279609093773
2026-05-27T23:36:16.276,869225,0.94,-0.25,-0.11,-22.7,-0.2,-8.2,-6.4,12.7,22.6,101.117,35.96,0,1,0,1,2,NONE,36,175,0.978876907481,24.1364869026,2.35702260396,0.0211230925188
2026-05-27T23:36:16.311,869271,1.0,-0.24,-0.2,-40.3,-0.1,-4.6,-6.3,13.2,23.3,101.12,35.96,0,1,0,1,2,NONE,82,335,1.0476640683,40.5618046936,2.36147401983,0.0476640682967
2026-05-27T23:36:16.374,869323,1.01,-0.18,-0.61,-22.8,10.8,7.1,-6.4,13.8,23.6,101.12,35.97,0,2,1,2,5,NONE,37,216,1.19356608531,26.2085863793,7.97091606772,0.193566085309
2026-05-27T23:36:16.422,869374,0.98,-0.16,-0.28,-2.5,-26.0,4.9,-6.3,15.1,23.3,101.12,35.97,0,2,1,2,5,NONE,38,227,1.03169763012,26.5755526753,6.50909516576,0.0316976301223
2026-05-27T23:36:16.472,869423,0.9,-0.16,-0.17,-7.1,-4.8,6.0,-5.6,15.3,23.2,101.122,35.97,0,1,0,0,1,NONE,158,809,0.929784921366,10.461835403,2.77581030791,0.0702150786338
2026-05-27T23:36:16.521,869471,0.95,-0.32,-0.27,2.0,-38.8,-4.0,-4.9,15.7,24.9,101.122,35.97,0,1,0,0,1,NONE,242,1205,1.03817146946,39.0568815959,4.06650443665,0.0381714694596
2026-05-27T23:36:16.571,869523,0.91,-0.25,-0.11,7.0,-9.2,-3.4,-4.0,15.5,23.9,101.121,35.97,0,1,0,1,2,NONE,362,2402,0.950105257327,12.0498962651,3.44547555138,0.0498947426732
2026-05-27T23:36:16.614,869573,0.9,-0.32,-0.08,-2.4,7.9,-6.2,-3.3,15.6,23.5,101.12,35.97,0,1,0,1,2,NONE,316,1562,0.958540557306,10.3252118622,1.53622914957,0.0414594426943
2026-05-27T23:36:16.667,869621,0.88,-0.27,-0.12,-10.1,19.3,-3.2,-3.5,15.5,23.9,101.118,35.97,0,1,0,1,2,NONE,151,873,0.928277975609,22.0168117583,1.39754248594,0.0717220243914
2026-05-27T23:36:16.715,869673,0.9,-0.26,-0.18,-8.1,26.1,0.0,-4.2,16.1,24.4,101.119,35.97,0,1,0,1,2,NONE,87,403,0.953939201417,27.3280076112,1.23137004566,0.0460607985831
2026-05-27T23:36:16.774,869725,0.91,-0.26,-0.21,-4.5,21.9,2.1,-4.0,16.3,23.9,101.124,35.97,0,1,1,1,3,NONE,59,368,0.969432823872,22.4559568934,0.608130319263,0.0305671761282
2026-05-27T23:36:16.809,869771,0.92,-0.31,-0.21,-4.5,9.8,5.1,-5.1,16.9,24.6,101.121,35.97,0,1,1,1,3,NONE,195,1179,0.993277403347,11.9289563668,1.10848250295,0.00672259665288
2026-05-27T23:36:16.876,869825,0.92,-0.3,-0.19,-5.4,15.1,7.3,-4.8,16.7,24.5,101.121,35.97,0,1,1,1,3,NONE,210,1278,0.986154146166,17.6198751414,0.4140866625,0.0138458538342
2026-05-27T23:36:16.920,869871,0.93,-0.28,-0.17,-9.3,15.8,9.8,-5.4,17.1,25.5,101.119,35.97,0,1,1,1,3,NONE,104,535,0.986002028395,20.788698853,0.652173913043,0.0139979716045
2026-05-27T23:36:16.972,869923,0.91,-0.25,-0.16,-7.0,15.2,12.1,-5.7,17.4,24.8,101.12,35.96,0,1,1,1,3,NONE,76,473,0.957183368013,20.6506658488,0.719549497457,0.0428166319874
2026-05-27T23:36:17.021,869974,0.92,-0.2,-0.14,6.8,9.0,15.7,-6.4,17.8,27.1,101.118,35.97,0,1,1,1,3,NONE,186,890,0.951840322743,19.3320976617,1.07396579903,0.0481596772567
2026-05-27T23:36:17.067,870023,0.96,-0.21,-0.12,15.6,2.7,15.6,-6.5,17.7,25.6,101.126,35.97,0,1,0,0,1,NONE,151,773,0.99,22.2263357304,0.935219529583,0.01
2026-05-27T23:36:17.121,870071,1.03,-0.28,-0.24,37.8,8.9,19.7,-7.0,17.1,26.4,101.12,35.97,0,1,0,0,1,NONE,92,457,1.09402925007,43.5446896877,3.24090608044,0.094029250066
2026-05-27T23:36:17.164,870123,1.03,-0.23,-0.37,-0.7,-3.2,5.9,-7.0,16.0,25.2,101.122,35.97,0,1,0,1,2,NONE,75,407,1.11834699445,6.74833312752,2.67853620715,0.118346994452
2026-05-27T23:36:17.209,870173,0.98,-0.1,-0.33,7.6,-6.8,12.0,-7.3,16.1,25.5,101.124,35.97,0,1,0,1,2,NONE,116,577,1.03889364229,15.748015748,2.89827534924,0.0388936422945
2026-05-27T23:36:17.269,870221,0.96,-0.05,-0.29,54.3,-11.0,14.5,-6.3,13.9,24.1,101.119,35.97,0,1,1,1,3,NONE,143,642,1.00409162928,57.2690143097,1.39754248594,0.0040916292849
2026-05-27T23:36:17.321,870273,0.85,0.01,-0.3,31.4,-10.2,4.2,-6.3,13.7,23.6,101.12,35.97,0,1,1,1,3,NONE,125,640,0.901443287179,33.281225939,2.41727020961,0.098556712821
2026-05-27T23:36:17.369,870325,0.89,-0.16,-0.21,23.6,-3.7,-0.1,-6.3,12.8,23.9,101.118,35.97,0,1,0,1,2,NONE,71,419,0.928331837222,23.8884909528,3.77824667392,0.071668162778
2026-05-27T23:36:17.417,870371,0.99,-0.08,-0.23,12.1,1.7,1.3,-5.9,12.7,23.2,101.121,35.97,0,1,0,1,2,NONE,50,278,1.01950968607,12.2877988265,2.81771334713,0.0195096860746
2026-05-27T23:36:17.470,870425,0.93,-0.04,-0.25,7.0,-5.9,4.2,-5.7,13.0,22.0,101.119,35.97,0,1,0,0,1,NONE,45,253,0.963846460802,10.0722390758,1.38579903214,0.0361535391983
2026-05-27T23:36:17.519,870471,0.93,0.02,-0.16,29.9,-4.2,2.7,-5.7,12.4,22.7,101.122,35.97,0,1,0,0,1,NONE,41,223,0.943874991723,30.3140231576,2.351446484,0.056125008277
2026-05-27T23:36:17.567,870523,0.94,-0.07,-0.2,23.2,4.8,0.5,-5.7,12.1,21.7,101.12,35.97,0,1,0,0,1,NONE,38,184,0.963587048481,23.6966242322,1.90374902627,0.0364129515192
2026-05-27T23:36:17.615,870574,0.92,-0.07,-0.16,16.8,8.5,-3.0,-5.6,11.3,22.0,101.119,35.96,0,1,0,0,1,NONE,47,206,0.936429388689,19.0654137117,0.876889402941,0.0635706113112
2026-05-27T23:36:17.662,870623,0.97,-0.1,-0.11,9.7,8.1,-7.4,-5.9,11.3,22.1,101.122,35.97,0,1,0,0,1,NONE,47,214,0.981325634028,14.6444528747,1.56758076487,0.0186743659722
2026-05-27T23:36:17.722,870671,0.93,-0.13,-0.12,6.5,4.6,-12.3,-5.4,11.6,22.6,101.123,35.97,0,1,0,0,1,NONE,42,184,0.946678403683,14.6526448125,1.062295732,0.0533215963169
2026-05-27T23:36:17.770,870723,0.96,-0.16,-0.1,-6.5,-3.1,-9.3,-5.2,11.9,21.7,101.125,35.97,0,1,0,0,1,NONE,77,420,0.978365984691,11.7622276802,0.902003030735,0.0216340153092
2026-05-27T23:36:17.822,870773,0.96,-0.14,-0.02,-14.9,-4.7,-10.4,-4.8,12.6,21.8,101.125,35.97,0,1,0,0,1,NONE,63,304,0.970360757657,18.7685907835,1.64924225025,0.0296392423433
2026-05-27T23:36:17.870,870821,1.23,0.02,-0.34,4.5,22.8,-5.1,-4.3,13.0,22.4,101.127,35.97,0,1,0,0,1,NONE,70,169,1.27628366753,23.7928560707,9.33788951292,0.276283667529
2026-05-27T23:36:17.919,870873,1.16,-0.3,-0.26,15.0,3.3,-8.6,-4.2,12.7,22.3,101.121,35.97,0,1,0,0,1,NONE,43,256,1.22605056992,17.6025566325,6.48450588465,0.22605056992
2026-05-27T23:36:17.966,870925,0.81,-0.25,-0.22,-32.2,-4.8,-10.1,-3.8,13.3,21.5,101.122,35.97,0,1,0,0,1,NONE,66,375,0.875785361832,34.0865075946,6.84247956718,0.124214638168
2026-05-27T23:36:18.019,870971,0.85,-0.09,-0.28,-21.5,9.0,1.5,-3.6,13.9,23.3,101.123,35.97,0,1,0,0,1,NONE,39,220,0.899444272871,23.3559414283,3.81520190756,0.100555727129
2026-05-27T23:36:18.073,871025,0.89,-0.26,-0.22,-16.9,9.2,1.1,-3.3,14.5,23.8,101.122,35.96,0,1,0,1,2,NONE,33,191,0.952942810456,19.2732975902,3.41966394678,0.0470571895439
2026-05-27T23:36:18.121,871071,0.97,-0.2,-0.26,-6.8,12.2,4.2,-3.9,15.9,23.1,101.121,35.98,0,1,0,1,2,NONE,40,265,1.02396288995,14.5849237228,2.3413760031,0.0239628899526
2026-05-27T23:36:18.169,871123,0.9,-0.28,-0.23,-13.6,1.2,-0.1,-3.7,16.1,23.8,101.124,35.96,0,1,0,1,2,NONE,39,216,0.970206163658,13.653204752,2.12410788792,0.029793836342
2026-05-27T23:36:18.217,871174,0.9,-0.22,-0.24,-17.2,10.3,3.7,-3.8,16.6,24.3,101.124,35.97,0,1,0,1,2,NONE,34,171,0.95707888912,20.3867604096,1.19269853535,0.0429211108796
2026-05-27T23:36:18.265,871223,0.89,-0.24,-0.21,3.5,5.2,6.2,-4.2,16.9,24.1,101.124,35.97,0,1,0,0,1,NONE,34,196,0.945409963984,8.81646187538,0.763603548321,0.0545900360161
2026-05-27T23:36:18.319,871271,0.89,-0.26,-0.16,1.6,6.5,9.3,-3.9,16.1,25.5,101.122,35.97,0,1,0,0,1,NONE,28,131,0.940903820802,11.4586212085,1.12190933482,0.0590961791979
2026-05-27T23:36:18.363,871323,0.92,-0.28,-0.11,-0.2,1.6,11.2,-4.8,16.8,26.4,101.121,35.97,0,1,0,0,1,NONE,64,319,0.967935948294,11.3154761279,1.18546423134,0.0320640517059
2026-05-27T23:36:18.408,871373,0.92,-0.29,-0.06,-1.2,13.2,12.4,-4.6,16.6,25.6,101.121,35.97,0,1,0,0,1,NONE,80,474,0.966488489326,18.1504820873,1.01980390272,0.0335115106738
2026-05-27T23:36:18.472,871422,0.94,-0.13,-0.15,8.2,-2.5,9.0,-4.9,16.4,26.2,101.12,35.97,0,1,0,1,2,NONE,195,948,0.960728889958,12.4294006292,3.76860924747,0.039271110042
2026-05-27T23:36:18.518,871473,0.97,-0.04,-0.08,42.1,-11.4,16.8,-4.7,16.2,25.6,101.123,35.97,0,1,0,1,2,NONE,88,378,0.974114982946,46.7398117241,2.31173061227,0.0258850170539
2026-05-27T23:36:18.569,871525,0.98,-0.49,-0.25,42.5,23.8,6.2,-4.0,14.2,22.2,101.123,35.97,0,1,0,0,1,NONE,44,207,1.12383272777,49.1032585477,9.25277824901,0.123832727767
2026-05-27T23:36:18.620,871571,1.16,-0.01,-0.24,-7.0,5.1,2.9,-5.0,13.7,25.8,101.12,35.97,0,1,0,0,1,NONE,207,939,1.18460964035,9.13345498702,11.1464728203,0.184609640346
2026-05-27T23:36:18.674,871623,1.0,-0.21,-0.29,40.5,-3.5,7.1,-5.0,13.5,23.9,101.119,35.97,0,1,0,0,1,NONE,246,1214,1.06216759506,41.2663301009,5.01845705796,0.0621675950621
2026-05-27T23:36:18.713,871671,0.95,-0.07,-0.29,29.9,2.5,3.7,-4.6,12.9,23.2,101.118,35.97,0,1,0,0,1,NONE,126,695,0.995740930162,30.2316059779,3.09709765569,0.00425906983794
2026-05-27T23:36:18.772,871723,0.91,0.02,-0.37,34.9,-1.3,-0.7,-5.0,12.2,23.6,101.122,35.97,0,1,1,1,3,NONE,84,473,0.982547708765,34.9312181293,2.44011106547,0.0174522912347
2026-05-27T23:36:18.823,871775,0.98,-0.07,-0.22,42.6,1.6,0.6,-4.9,10.8,21.5,101.126,35.97,0,1,1,1,3,NONE,55,328,1.0068266981,42.6342585253,3.62335455412,0.00682669809655
2026-05-27T23:36:18.872,871823,1.01,-0.19,-0.19,6.2,6.7,3.7,-4.4,10.9,22.1,101.121,35.97,0,1,0,0,1,NONE,51,339,1.04513157066,9.84987309563,2.65165042945,0.0451315706647
2026-05-27T23:36:18.923,871871,0.89,-0.06,-0.23,10.9,-5.2,5.4,-5.3,10.5,21.3,101.12,35.97,0,1,0,0,1,NONE,50,294,0.921194876234,13.2291345144,3.77882440567,0.0788051237659
2026-05-27T23:36:18.973,871923,0.9,-0.04,-0.15,18.4,-2.6,3.2,-4.7,10.8,22.5,101.121,35.97,0,1,0,0,1,NONE,63,351,0.913290753265,18.8562986824,1.59742766595,0.0867092467346
2026-05-27T23:36:19.016,871971,0.96,-0.05,-0.18,13.2,0.9,-1.5,-4.2,10.0,21.8,101.121,35.97,0,1,0,0,1,NONE,73,393,0.978008179925,13.3154046127,1.41298541315,0.0219918200751
2026-05-27T23:36:19.073,872023,0.88,-0.08,-0.13,12.3,-1.6,-5.4,-4.5,10.4,20.5,101.121,35.97,0,1,0,0,1,NONE,45,251,0.893140526457,13.5281188641,1.90374902627,0.106859473543
2026-05-27T23:36:19.123,872073,0.95,-0.07,-0.11,9.9,3.5,-10.4,-4.1,10.2,20.5,101.118,35.96,0,1,0,0,1,NONE,38,224,0.958905626222,14.779039211,1.46969384567,0.0410943737781
2026-05-27T23:36:19.172,872121,0.96,-0.11,-0.11,7.5,1.8,-13.8,-3.9,9.9,19.0,101.125,35.97,0,1,0,0,1,NONE,76,486,0.972522493313,15.8091745515,0.85898033867,0.0274775066869
2026-05-27T23:36:19.223,872173,0.95,-0.12,-0.12,8.4,1.2,-12.4,-3.5,10.3,20.0,101.122,35.97,0,1,0,0,1,NONE,209,1008,0.965038859321,15.0253119768,0.333086693763,0.0349611406788
2026-05-27T23:36:19.274,872225,0.99,-0.21,-0.05,-11.2,-7.8,-10.5,-2.9,10.0,19.9,101.123,35.97,0,1,0,0,1,NONE,104,564,1.0132620589,17.2200464575,2.32366268723,0.0132620588969
2026-05-27T23:36:19.319,872271,1.19,-0.08,-0.17,-20.4,7.6,-3.7,-2.5,11.2,19.9,101.122,35.97,0,1,0,0,1,NONE,66,348,1.20474063599,22.0818930348,5.80479561862,0.204740635988
2026-05-27T23:36:19.373,872323,0.98,0.01,-0.2,18.1,-5.2,2.0,-2.2,11.7,20.9,101.124,35.97,0,1,0,0,1,NONE,37,232,1.00024996876,18.9380569225,4.43143023915,0.00024996875781
2026-05-27T23:36:19.415,872371,1.16,-0.28,-0.25,-3.8,-1.4,-3.6,-2.7,12.0,22.2,101.123,35.97,0,1,0,0,1,NONE,29,187,1.21922106281,5.41848687366,7.18674512944,0.21922106281
2026-05-27T23:36:19.463,872423,0.81,-0.24,-0.16,-18.1,5.7,-0.1,-2.1,11.8,20.6,101.122,35.97,0,1,0,0,1,NONE,47,103,0.859825563705,18.9765644941,6.99217652411,0.140174436295
2026-05-27T23:36:19.524,872475,0.95,-0.21,-0.32,-10.9,15.4,4.5,-2.1,12.6,21.2,101.12,35.97,0,1,0,0,1,NONE,119,535,1.02420701033,19.396391417,4.1290212603,0.0242070103255
2026-05-27T23:36:19.575,872523,0.89,-0.19,-0.25,-10.4,7.2,1.5,-2.2,13.2,22.1,101.125,35.97,0,1,0,0,1,NONE,99,501,0.943769039543,12.7377392029,1.96541273585,0.056230960457
2026-05-27T23:36:19.621,872571,1.08,-0.2,-0.25,5.3,-2.1,-2.7,-2.8,13.1,21.9,101.125,35.97,0,1,0,0,1,NONE,57,293,1.12645461515,6.30793151516,3.96381199801,0.126454615153
2026-05-27T23:36:19.668,872623,0.88,-0.23,-0.18,-3.1,-4.2,-10.4,-2.4,13.4,21.9,101.119,35.97,0,1,0,0,1,NONE,51,286,0.927200086281,11.6365802537,4.11556433828,0.0727999137187
2026-05-27T23:36:19.716,872673,0.83,-0.25,-0.24,-13.1,4.9,-4.5,-1.8,14.0,22.0,101.12,35.97,0,1,0,0,1,NONE,22,137,0.899444272871,14.6925151012,1.61245154966,0.100555727129
2026-05-27T23:36:19.769,872721,0.9,-0.26,-0.17,1.5,5.8,2.2,-1.3,14.3,22.5,101.12,35.97,0,1,0,0,1,NONE,70,322,0.952102935611,6.38200595424,2.07289049397,0.0478970643885
2026-05-27T23:36:19.813,872773,0.9,-0.25,-0.21,-1.3,9.2,3.5,-1.6,15.1,22.8,101.119,35.96,0,1,0,0,1,NONE,52,273,0.957392291592,9.9287461444,0.792904928003,0.0426077084079
2026-05-27T23:36:19.872,872825,0.9,-0.24,-0.17,2.6,12.0,7.4,-1.7,14.5,23.0,101.123,35.97,0,1,0,0,1,NONE,29,139,0.946836839165,14.33596875,0.792904928003,0.053163160835
2026-05-27T23:36:19.911,872871,1.0,-0.28,-0.23,6.5,3.7,10.7,-1.8,14.4,22.8,101.119,35.97,0,1,0,0,1,NONE,29,212,1.06362587407,13.0548841435,2.68018000129,0.0636258740742
2026-05-27T23:36:19.973,872923,0.91,-0.18,0.01,-3.3,-41.9,14.8,-2.3,14.9,22.9,101.123,35.97,0,1,0,0,1,NONE,118,684,0.927685291465,44.5593985597,5.29108326623,0.0723147085353
2026-05-27T23:36:20.021,872971,0.93,-0.17,0.06,14.5,-36.3,12.6,-1.5,14.8,23.1,101.116,35.97,0,1,0,0,1,NONE,41,348,0.947311986623,41.0694533687,1.14108866147,0.0526880133768
2026-05-27T23:36:20.073,873023,0.94,-0.18,0.03,34.9,-15.9,14.3,-1.1,14.4,20.6,101.12,35.96,0,1,0,0,1,NONE,316,1645,0.957548954362,40.9305509369,0.637812459684,0.0424510456379
2026-05-27T23:36:20.118,873075,1.03,-0.41,-0.14,-0.8,19.4,-6.4,0.4,13.3,20.5,101.118,35.96,0,1,0,0,1,NONE,1046,3600,1.11740771431,20.4440700449,5.76602475022,0.11740771431
2026-05-27T23:36:20.171,873123,1.09,0.03,-0.12,27.0,1.0,13.5,0.0,13.4,21.4,101.119,35.97,0,1,0,0,1,NONE,451,1957,1.0969958979,30.2034766211,9.26087948787,0.0969958978957
2026-05-27T23:36:20.217,873171,0.92,-0.25,-0.16,32.1,-7.7,12.0,-0.8,11.9,20.6,101.124,35.97,0,1,0,0,1,NONE,818,3159,0.966695401872,35.1240658239,6.875,0.0333045981282
2026-05-27T23:36:20.264,873223,0.89,-0.01,-0.17,39.2,-3.7,7.5,-0.6,11.6,19.7,101.12,35.97,0,1,0,0,1,NONE,455,1753,0.906145683651,40.0821656102,4.65527632189,0.0938543163486
2026-05-27T23:36:20.313,873273,0.82,-0.07,-0.19,45.8,13.5,3.4,-0.5,10.9,19.9,101.122,35.97,0,1,0,0,1,NONE,98,463,0.844630096551,47.8690923248,1.88679622641,0.155369903449
2026-05-27T23:36:20.359,873321,1.01,-0.14,-0.14,34.3,15.0,-3.2,-0.2,10.0,19.5,101.119,35.97,0,1,0,0,1,NONE,71,268,1.0292230079,37.5729956219,4.34513616971,0.0292230079045
2026-05-27T23:36:20.423,873373,1.07,-0.2,-0.17,14.3,11.0,-3.5,-0.7,9.9,18.0,101.119,35.97,0,1,0,0,1,NONE,39,181,1.10172591873,18.3777038827,1.73076923077,0.101725918729
2026-05-27T23:36:20.475,873425,0.95,-0.08,-0.16,7.6,2.8,4.8,-0.9,8.9,18.0,101.119,35.96,0,1,0,0,1,NONE,38,186,0.966695401872,9.41488183675,3.26923076923,0.0333045981282
2026-05-27T23:36:20.520,873471,0.93,-0.02,-0.09,16.7,6.9,6.3,-0.8,9.4,18.5,101.118,35.97,0,1,0,0,1,NONE,66,145,0.934558719396,19.136091555,2.05086546349,0.0654412806035
2026-05-27T23:36:20.564,873523,0.91,-0.06,-0.15,12.1,17.1,3.5,-0.8,9.0,17.3,101.12,35.97,0,1,0,0,1,NONE,79,137,0.924229408751,21.2384086033,1.43909899491,0.0757705912491
2026-05-27T23:36:20.621,873571,0.95,-0.13,-0.13,12.9,18.4,2.3,-1.0,9.2,18.2,101.117,35.96,0,1,0,0,1,NONE,57,211,0.967625960793,22.5889353445,1.73054663811,0.0323740392073
2026-05-27T23:36:20.673,873623,0.94,-0.12,-0.18,13.2,27.7,3.0,-1.6,8.9,17.7,101.125,35.98,0,1,0,0,1,NONE,64,138,0.964572444143,30.8306665513,0.99926008129,0.035427555857
2026-05-27T23:36:20.724,873675,0.97,-0.12,-0.13,2.4,12.8,-0.4,-1.7,9.0,18.4,101.123,35.97,0,1,0,0,1,NONE,47,131,0.986002028395,13.0291979799,1.12133690285,0.0139979716045
2026-05-27T23:36:20.772,873723,0.96,-0.11,-0.14,-4.5,15.2,-4.0,-1.9,8.9,18.3,101.12,35.97,0,1,0,0,1,NONE,68,132,0.976370831191,16.349006086,0.360843918244,0.0236291688093
2026-05-27T23:36:20.818,873771,0.97,-0.19,-0.09,-7.6,2.3,-7.0,-2.1,9.3,19.3,101.118,35.97,0,1,0,0,1,NONE,50,161,0.992522040058,10.5853672586,1.97642353761,0.00747795994245
2026-05-27T23:36:20.871,873823,0.96,-0.16,-0.09,-13.9,-3.7,-5.7,-1.6,9.9,19.5,101.122,35.97,0,1,0,0,1,NONE,57,144,0.977394495585,15.4722331937,0.608130319263,0.0226055044149
2026-05-27T23:36:20.915,873873,1.22,-0.01,-0.26,-13.6,8.5,-1.7,-1.6,10.5,19.0,101.119,35.97,0,1,0,0,1,NONE,91,148,1.24743737318,16.1276160669,6.89927532426,0.247437373178
2026-05-27T23:36:20.967,873922,1.16,-0.09,-0.42,12.3,5.7,0.2,-1.8,10.6,19.6,101.118,35.97,0,1,0,0,1,NONE,45,159,1.23697210963,13.5580234548,3.8506045437,0.236972109629
2026-05-27T23:36:21.012,873973,0.82,-0.17,-0.34,-0.5,-10.5,-1.7,-1.5,10.5,20.4,101.12,35.97,0,1,0,0,1,NONE,28,122,0.90382520434,10.6484740691,7.02606779105,0.0961747956601
2026-05-27T23:36:21.076,874025,0.83,-0.11,-0.22,-13.6,2.7,-1.5,-0.9,10.9,19.0,101.12,35.97,0,1,0,0,1,NONE,41,137,0.865678924313,13.946325681,2.58723539367,0.134321075687
2026-05-27T23:36:21.125,874071,0.88,-0.18,-0.32,-17.6,9.9,0.7,-1.1,11.5,20.8,101.122,35.97,0,1,0,0,1,NONE,20,97,0.953519795285,20.2054448107,2.8675882518,0.0464802047152
2026-05-27T23:36:21.173,874123,1.02,-0.21,-0.27,3.4,0.5,3.7,-0.7,12.3,20.6,101.119,35.97,0,1,0,0,1,NONE,17,110,1.07582526462,5.04975246918,2.9164905554,0.0758252646225
2026-05-27T23:36:21.219,874171,0.94,-0.08,-0.21,9.8,-7.5,-3.4,-1.1,12.1,19.1,101.118,35.97,0,1,0,0,1,NONE,32,104,0.966488489326,12.800390619,3.41692072226,0.0335115106738
2026-05-27T23:36:21.267,874223,0.9,-0.2,-0.17,6.6,-1.9,-5.1,-0.5,12.4,20.1,101.122,35.96,0,1,0,0,1,NONE,23,139,0.937496666661,8.55453096318,2.55124983873,0.0625033333393
2026-05-27T23:36:21.315,874275,0.93,-0.22,-0.2,15.9,1.2,-3.7,0.3,11.8,20.4,101.114,35.97,0,1,0,0,1,NONE,19,107,0.976370831191,16.3688728995,0.902003030735,0.0236291688093
2026-05-27T23:36:21.363,874323,0.94,-0.19,-0.19,20.9,2.9,-1.5,0.1,11.5,19.5,101.123,35.97,0,1,0,0,1,NONE,22,134,0.977650244208,21.1534867102,0.690963497991,0.022349755792
2026-05-27T23:36:21.415,874371,0.95,-0.22,-0.16,18.4,0.1,-1.5,-0.0,11.0,19.4,101.121,35.96,0,1,0,0,1,NONE,16,83,0.98818014552,18.461310896,0.908103946571,0.01181985448
2026-05-27T23:36:21.463,874423,0.9,-0.26,-0.14,9.9,7.0,2.6,0.2,11.9,19.3,101.12,35.96,0,1,0,0,1,NONE,16,105,0.947206418897,12.4004032193,1.29003921779,0.0527935811028
2026-05-27T23:36:21.523,874473,0.96,-0.18,-0.14,15.7,3.7,2.7,-0.4,11.5,20.2,101.12,35.97,0,1,0,0,1,NONE,18,95,0.986711710684,16.3545100813,2,0.0132882893165
2026-05-27T23:36:21.572,874521,0.97,-0.21,-0.09,21.3,2.3,5.6,0.4,11.5,17.7,101.123,35.97,0,1,0,0,1,NONE,20,99,0.996544028129,22.1436221066,1.23251662148,0.00345597187079
2026-05-27T23:36:21.623,874573,0.95,-0.23,-0.08,14.6,2.2,6.7,0.2,10.7,19.5,101.123,35.97,0,1,0,0,1,NONE,46,275,0.980714025596,16.2138829402,0.576923076923,0.0192859744044
2026-05-27T23:36:21.668,874625,0.97,-0.21,-0.07,19.5,-4.6,5.4,0.7,10.7,18.7,101.12,35.97,0,0,0,0,0,NONE,65,375,0.994937183947,20.7501807221,0.576923076923,0.00506281605319
2026-05-27T23:36:21.715,874671,0.92,-0.12,-0.1,32.1,-8.6,9.3,0.4,9.9,17.2,101.121,35.96,0,0,0,0,0,NONE,77,420,0.933166651783,34.5088394473,2.3312620206,0.0668333482169
2026-05-27T23:36:21.767,874723,0.91,-0.2,-0.64,42.5,19.3,-3.9,-0.4,9.0,16.6,101.122,35.97,0,0,0,0,0,NONE,80,421,1.13035392687,46.8396199814,10.4997182267,0.130353926874
2026-05-27T23:36:21.814,874771,1.12,-0.02,-0.13,16.5,-11.4,1.4,1.1,9.4,16.2,101.122,35.97,0,0,0,0,0,NONE,60,315,1.12769676775,20.1039797055,12.0869247536,0.127696767753
2026-05-27T23:36:21.863,874823,0.93,-0.21,-0.32,46.6,0.2,2.0,0.7,8.3,14.9,101.12,35.96,0,0,0,0,0,NONE,37,224,1.00568384694,46.6433274971,6.3286471815,0.00568384694197
2026-05-27T23:36:21.923,874875,0.93,0.03,-0.16,61.0,-16.8,5.1,1.1,7.8,14.0,101.125,35.96,0,0,0,0,0,NONE,199,804,0.944139820154,63.4763735574,5.54700196225,0.0558601798462
2026-05-27T23:36:21.971,874923,0.9,-0.22,-0.17,32.8,1.5,0.6,1.0,7.1,11.8,101.124,35.97,0,1,0,0,1,NONE,52,315,0.941966029111,32.8397624839,5.24983465348,0.0580339708885
2026-05-27T23:36:22.021,874971,1.0,-0.05,-0.23,23.9,0.4,2.6,1.0,6.5,12.6,101.122,35.97,0,1,0,0,1,NONE,100,387,1.02732662771,24.0443340519,4.29490169335,0.027326627709
2026-05-27T23:36:22.071,875023,0.92,-0.04,-0.18,23.5,-6.8,3.9,1.2,6.3,11.5,101.119,35.97,0,1,0,0,1,NONE,104,438,0.938296328459,24.7729691398,1.82439095779,0.0617036715408
2026-05-27T23:36:22.115,875073,0.92,-0.07,-0.12,33.2,-4.3,3.1,1.7,6.4,11.2,101.119,35.96,0,1,0,0,1,NONE,77,374,0.930430008115,33.6205294426,1.3416407865,0.0695699918855
2026-05-27T23:36:22.168,875121,0.93,-0.08,-0.11,20.3,0.4,0.2,1.3,5.7,10.4,101.117,35.97,0,0,0,0,0,NONE,50,291,0.939893611001,20.3049255108,0.360843918244,0.0601063889993
2026-05-27T23:36:22.215,875173,0.92,-0.14,-0.12,9.6,6.1,-2.6,1.9,6.2,10.1,101.123,35.96,0,0,0,0,0,NONE,28,152,0.938296328459,11.6674761624,1.18546423134,0.0617036715408
2026-05-27T23:36:22.276,875225,0.92,-0.09,-0.1,7.9,5.4,-5.2,1.3,6.0,11.4,101.123,35.97,0,0,0,0,0,NONE,83,433,0.929784921366,10.8908218239,1.03560861676,0.0702150786338
2026-05-27T23:36:22.320,875271,0.94,-0.08,-0.11,10.7,7.3,-8.0,1.6,5.9,10.8,101.119,35.97,0,0,0,0,0,NONE,58,415,0.949789450352,15.224322645,0.53249777017,0.050210549648
2026-05-27T23:36:22.374,875323,0.96,-0.05,-0.12,14.3,7.0,-9.6,2.2,6.4,10.2,101.124,35.97,0,0,0,0,0,NONE,83,391,0.968762096699,18.591664799,0.719549497457,0.0312379033013
2026-05-27T23:36:22.421,875371,0.98,-0.13,-0.06,15.4,1.2,-14.0,2.1,6.5,10.6,101.119,35.96,0,0,0,0,0,NONE,78,449,0.990403957989,20.8470621431,2.124591464,0.00959604201114
2026-05-27T23:36:22.471,875423,1.03,-0.14,-0.01,4.5,-1.8,-11.7,2.9,6.2,9.3,101.121,35.97,0,0,0,0,0,NONE,74,438,1.03951911959,12.6641225515,1.37335162087,0.0395191195933
2026-05-27T23:36:22.519,875475,1.17,0.04,-0.3,33.6,10.1,-3.6,2.9,6.9,9.4,101.121,35.97,0,0,0,0,0,NONE,64,335,1.20851148112,35.2693918292,7.09456413296,0.20851148112
2026-05-27T23:36:22.571,875523,1.1,-0.09,-0.14,67.1,-20.0,-1.5,3.0,6.6,8.5,101.119,35.96,0,0,0,0,0,NONE,61,395,1.11251966275,70.0332778042,4.53573772022,0.112519662748
2026-05-27T23:36:22.614,875571,0.88,-0.32,-0.13,6.7,-7.7,-6.7,3.6,6.8,7.0,101.121,35.96,0,0,0,0,0,NONE,81,401,0.945357075395,12.2094225908,6.63403472004,0.0546429246047
2026-05-27T23:36:22.673,875623,0.94,0.0,-0.37,21.8,-4.1,-4.6,4.0,6.8,7.3,101.121,35.97,0,0,0,0,0,NONE,33,232,1.01019800039,22.6541386947,7.77836477544,0.010198000394
2026-05-27T23:36:22.712,875673,0.84,-0.2,-0.24,45.5,-8.5,-2.6,4.3,6.7,6.5,101.126,35.97,0,0,0,0,0,NONE,26,166,0.896214260096,46.3601121655,5.17300686255,0.103785739904
2026-05-27T23:36:22.771,875722,0.98,-0.15,-0.26,51.1,-3.0,-1.8,4.8,6.6,4.9,101.122,35.97,0,0,0,0,0,NONE,19,100,1.02493902258,51.2196251451,3.0612244898,0.0249390225765
2026-05-27T23:36:22.824,875773,0.97,-0.18,-0.22,53.6,-9.0,-8.0,5.0,6.0,4.0,101.119,35.97,0,0,0,0,0,NONE,12,74,1.01079176886,54.9359627202,0.999807747763,0.0107917688624
2026-05-27T23:36:22.872,875825,0.9,-0.2,-0.23,43.9,-4.3,-7.8,5.3,6.6,2.8,101.117,35.97,0,1,0,0,1,NONE,19,85,0.950210502994,44.7944192953,1.4131671593,0.0497894970061
2026-05-27T23:36:22.920,875871,0.91,-0.19,-0.19,59.0,-2.9,-5.4,5.8,6.6,1.8,101.122,35.97,0,1,0,0,1,NONE,15,97,0.94884139876,59.31753535,0.922313192852,0.0511586012404
2026-05-27T23:36:22.972,875923,0.97,-0.2,-0.18,58.3,-0.2,-4.4,5.6,6.8,0.5,101.117,35.97,0,0,0,0,0,NONE,18,103,1.00662803458,58.4661440494,1.18546423134,0.00662803457881
2026-05-27T23:36:23.014,875971,0.93,-0.18,-0.22,65.4,0.1,-3.5,5.5,7.4,-0.6,101.122,35.97,0,0,0,0,0,NONE,15,76,0.972471079261,65.4936638157,1.25,0.0275289207385
2026-05-27T23:36:23.074,876023,0.96,-0.17,-0.2,75.6,-0.4,-5.7,6.0,6.9,-2.4,101.119,35.96,0,1,0,0,1,NONE,24,143,0.995238664844,75.8156316336,0.719549497457,0.00476133515624
2026-05-27T23:36:23.124,876075,0.95,-0.15,-0.2,86.8,-4.9,-7.9,6.4,7.2,-4.1,101.121,35.97,0,1,0,0,1,NONE,30,142,0.982344135219,87.296391678,0.430013072596,0.0176558647806
2026-05-27T23:36:23.172,876123,0.92,-0.23,-0.16,97.5,-14.0,-2.1,6.7,8.2,-5.9,101.118,35.96,0,0,0,0,0,NONE,31,157,0.961717214154,98.5223832436,1.96541273585,0.0382827858461
