relative_path,render_type,render_month,extension,stem,size_mb,statement_id,account_id,be_year,month,raw_page_role,page_number,page_role
renders/bank_statement/2024-01/BS-BBL-OPER-2567-01_header.png,bank_statement,2024-01,.png,BS-BBL-OPER-2567-01_header,0.08986473083496094,BS-BBL-OPER-2567-01,BBL-OPER,2567,01,header,,header
renders/bank_statement/2024-01/BS-BBL-OPER-2567-01_transactions_p1.png,bank_statement,2024-01,.png,BS-BBL-OPER-2567-01_transactions_p1,0.0946512222290039,BS-BBL-OPER-2567-01,BBL-OPER,2567,01,transactions_p1,1,transactions
renders/bank_statement/2024-01/BS-KBANK-OPER-2567-01_header.png,bank_statement,2024-01,.png,BS-KBANK-OPER-2567-01_header,0.2983512878417969,BS-KBANK-OPER-2567-01,KBANK-OPER,2567,01,header,,header
renders/bank_statement/2024-01/BS-KBANK-OPER-2567-01_transactions_p1.png,bank_statement,2024-01,.png,BS-KBANK-OPER-2567-01_transactions_p1,0.8460988998413086,BS-KBANK-OPER-2567-01,KBANK-OPER,2567,01,transactions_p1,1,transactions
renders/bank_statement/2024-01/BS-KBANK-OPER-2567-01_transactions_p10.png,bank_statement,2024-01,.png,BS-KBANK-OPER-2567-01_transactions_p10,0.9043922424316406,BS-KBANK-OPER-2567-01,KBANK-OPER,2567,01,transactions_p10,10,transactions
renders/bank_statement/2024-01/BS-KBANK-OPER-2567-01_transactions_p11.png,bank_statement,2024-01,.png,BS-KBANK-OPER-2567-01_transactions_p11,0.9078922271728516,BS-KBANK-OPER-2567-01,KBANK-OPER,2567,01,transactions_p11,11,transactions
renders/bank_statement/2024-01/BS-KBANK-OPER-2567-01_transactions_p12.png,bank_statement,2024-01,.png,BS-KBANK-OPER-2567-01_transactions_p12,0.8990497589111328,BS-KBANK-OPER-2567-01,KBANK-OPER,2567,01,transactions_p12,12,transactions
renders/bank_statement/2024-01/BS-KBANK-OPER-2567-01_transactions_p13.png,bank_statement,2024-01,.png,BS-KBANK-OPER-2567-01_transactions_p13,0.917811393737793,BS-KBANK-OPER-2567-01,KBANK-OPER,2567,01,transactions_p13,13,transactions
renders/bank_statement/2024-01/BS-KBANK-OPER-2567-01_transactions_p14.png,bank_statement,2024-01,.png,BS-KBANK-OPER-2567-01_transactions_p14,0.913599967956543,BS-KBANK-OPER-2567-01,KBANK-OPER,2567,01,transactions_p14,14,transactions
renders/bank_statement/2024-01/BS-KBANK-OPER-2567-01_transactions_p15.png,bank_statement,2024-01,.png,BS-KBANK-OPER-2567-01_transactions_p15,0.9039669036865234,BS-KBANK-OPER-2567-01,KBANK-OPER,2567,01,transactions_p15,15,transactions
renders/bank_statement/2024-01/BS-KBANK-OPER-2567-01_transactions_p16.png,bank_statement,2024-01,.png,BS-KBANK-OPER-2567-01_transactions_p16,0.9036588668823242,BS-KBANK-OPER-2567-01,KBANK-OPER,2567,01,transactions_p16,16,transactions
renders/bank_statement/2024-01/BS-KBANK-OPER-2567-01_transactions_p17.png,bank_statement,2024-01,.png,BS-KBANK-OPER-2567-01_transactions_p17,0.9111537933349609,BS-KBANK-OPER-2567-01,KBANK-OPER,2567,01,transactions_p17,17,transactions
renders/bank_statement/2024-01/BS-KBANK-OPER-2567-01_transactions_p18.png,bank_statement,2024-01,.png,BS-KBANK-OPER-2567-01_transactions_p18,0.9079647064208984,BS-KBANK-OPER-2567-01,KBANK-OPER,2567,01,transactions_p18,18,transactions
renders/bank_statement/2024-01/BS-KBANK-OPER-2567-01_transactions_p19.png,bank_statement,2024-01,.png,BS-KBANK-OPER-2567-01_transactions_p19,0.9008293151855469,BS-KBANK-OPER-2567-01,KBANK-OPER,2567,01,transactions_p19,19,transactions
renders/bank_statement/2024-01/BS-KBANK-OPER-2567-01_transactions_p2.png,bank_statement,2024-01,.png,BS-KBANK-OPER-2567-01_transactions_p2,0.8661308288574219,BS-KBANK-OPER-2567-01,KBANK-OPER,2567,01,transactions_p2,2,transactions
renders/bank_statement/2024-01/BS-KBANK-OPER-2567-01_transactions_p20.png,bank_statement,2024-01,.png,BS-KBANK-OPER-2567-01_transactions_p20,0.9155597686767578,BS-KBANK-OPER-2567-01,KBANK-OPER,2567,01,transactions_p20,20,transactions
renders/bank_statement/2024-01/BS-KBANK-OPER-2567-01_transactions_p21.png,bank_statement,2024-01,.png,BS-KBANK-OPER-2567-01_transactions_p21,0.911921501159668,BS-KBANK-OPER-2567-01,KBANK-OPER,2567,01,transactions_p21,21,transactions
renders/bank_statement/2024-01/BS-KBANK-OPER-2567-01_transactions_p22.png,bank_statement,2024-01,.png,BS-KBANK-OPER-2567-01_transactions_p22,0.6177892684936523,BS-KBANK-OPER-2567-01,KBANK-OPER,2567,01,transactions_p22,22,transactions
renders/bank_statement/2024-01/BS-KBANK-OPER-2567-01_transactions_p3.png,bank_statement,2024-01,.png,BS-KBANK-OPER-2567-01_transactions_p3,0.8655900955200195,BS-KBANK-OPER-2567-01,KBANK-OPER,2567,01,transactions_p3,3,transactions
renders/bank_statement/2024-01/BS-KBANK-OPER-2567-01_transactions_p4.png,bank_statement,2024-01,.png,BS-KBANK-OPER-2567-01_transactions_p4,0.8611545562744141,BS-KBANK-OPER-2567-01,KBANK-OPER,2567,01,transactions_p4,4,transactions
renders/bank_statement/2024-01/BS-KBANK-OPER-2567-01_transactions_p5.png,bank_statement,2024-01,.png,BS-KBANK-OPER-2567-01_transactions_p5,0.8696784973144531,BS-KBANK-OPER-2567-01,KBANK-OPER,2567,01,transactions_p5,5,transactions
renders/bank_statement/2024-01/BS-KBANK-OPER-2567-01_transactions_p6.png,bank_statement,2024-01,.png,BS-KBANK-OPER-2567-01_transactions_p6,0.8557395935058594,BS-KBANK-OPER-2567-01,KBANK-OPER,2567,01,transactions_p6,6,transactions
renders/bank_statement/2024-01/BS-KBANK-OPER-2567-01_transactions_p7.png,bank_statement,2024-01,.png,BS-KBANK-OPER-2567-01_transactions_p7,0.8766994476318359,BS-KBANK-OPER-2567-01,KBANK-OPER,2567,01,transactions_p7,7,transactions
renders/bank_statement/2024-01/BS-KBANK-OPER-2567-01_transactions_p8.png,bank_statement,2024-01,.png,BS-KBANK-OPER-2567-01_transactions_p8,0.8645639419555664,BS-KBANK-OPER-2567-01,KBANK-OPER,2567,01,transactions_p8,8,transactions
renders/bank_statement/2024-01/BS-KBANK-OPER-2567-01_transactions_p9.png,bank_statement,2024-01,.png,BS-KBANK-OPER-2567-01_transactions_p9,0.9040985107421875,BS-KBANK-OPER-2567-01,KBANK-OPER,2567,01,transactions_p9,9,transactions
renders/bank_statement/2024-01/BS-OPER-BKK-CTW-2567-01_header.png,bank_statement,2024-01,.png,BS-OPER-BKK-CTW-2567-01_header,0.29753780364990234,BS-OPER-BKK-CTW-2567-01,OPER-BKK-CTW,2567,01,header,,header
renders/bank_statement/2024-01/BS-OPER-BKK-CTW-2567-01_transactions_p1.png,bank_statement,2024-01,.png,BS-OPER-BKK-CTW-2567-01_transactions_p1,0.8794336318969727,BS-OPER-BKK-CTW-2567-01,OPER-BKK-CTW,2567,01,transactions_p1,1,transactions
renders/bank_statement/2024-01/BS-OPER-BKK-CTW-2567-01_transactions_p2.png,bank_statement,2024-01,.png,BS-OPER-BKK-CTW-2567-01_transactions_p2,0.8923959732055664,BS-OPER-BKK-CTW-2567-01,OPER-BKK-CTW,2567,01,transactions_p2,2,transactions
renders/bank_statement/2024-01/BS-OPER-BKK-CTW-2567-01_transactions_p3.png,bank_statement,2024-01,.png,BS-OPER-BKK-CTW-2567-01_transactions_p3,0.5648870468139648,BS-OPER-BKK-CTW-2567-01,OPER-BKK-CTW,2567,01,transactions_p3,3,transactions
renders/bank_statement/2024-01/BS-OPER-BKK-EMSP-2567-01_header.png,bank_statement,2024-01,.png,BS-OPER-BKK-EMSP-2567-01_header,0.05918693542480469,BS-OPER-BKK-EMSP-2567-01,OPER-BKK-EMSP,2567,01,header,,header
renders/bank_statement/2024-01/BS-OPER-BKK-EMSP-2567-01_transactions_p1.png,bank_statement,2024-01,.png,BS-OPER-BKK-EMSP-2567-01_transactions_p1,0.19280624389648438,BS-OPER-BKK-EMSP-2567-01,OPER-BKK-EMSP,2567,01,transactions_p1,1,transactions
renders/bank_statement/2024-01/BS-OPER-BKK-EMSP-2567-01_transactions_p2.png,bank_statement,2024-01,.png,BS-OPER-BKK-EMSP-2567-01_transactions_p2,0.2000112533569336,BS-OPER-BKK-EMSP-2567-01,OPER-BKK-EMSP,2567,01,transactions_p2,2,transactions
renders/bank_statement/2024-01/BS-OPER-BKK-EMSP-2567-01_transactions_p3.png,bank_statement,2024-01,.png,BS-OPER-BKK-EMSP-2567-01_transactions_p3,0.1953897476196289,BS-OPER-BKK-EMSP-2567-01,OPER-BKK-EMSP,2567,01,transactions_p3,3,transactions
renders/bank_statement/2024-01/BS-OPER-BKK-EMSP-2567-01_transactions_p4.png,bank_statement,2024-01,.png,BS-OPER-BKK-EMSP-2567-01_transactions_p4,0.196685791015625,BS-OPER-BKK-EMSP-2567-01,OPER-BKK-EMSP,2567,01,transactions_p4,4,transactions
renders/bank_statement/2024-01/BS-OPER-BKK-EMSP-2567-01_transactions_p5.png,bank_statement,2024-01,.png,BS-OPER-BKK-EMSP-2567-01_transactions_p5,0.19866275787353516,BS-OPER-BKK-EMSP-2567-01,OPER-BKK-EMSP,2567,01,transactions_p5,5,transactions
renders/bank_statement/2024-01/BS-OPER-BKK-EMSP-2567-01_transactions_p6.png,bank_statement,2024-01,.png,BS-OPER-BKK-EMSP-2567-01_transactions_p6,0.19959354400634766,BS-OPER-BKK-EMSP-2567-01,OPER-BKK-EMSP,2567,01,transactions_p6,6,transactions
renders/bank_statement/2024-01/BS-OPER-BKK-EMSP-2567-01_transactions_p7.png,bank_statement,2024-01,.png,BS-OPER-BKK-EMSP-2567-01_transactions_p7,0.19955730438232422,BS-OPER-BKK-EMSP-2567-01,OPER-BKK-EMSP,2567,01,transactions_p7,7,transactions
renders/bank_statement/2024-01/BS-OPER-BKK-EMSP-2567-01_transactions_p8.png,bank_statement,2024-01,.png,BS-OPER-BKK-EMSP-2567-01_transactions_p8,0.09793853759765625,BS-OPER-BKK-EMSP-2567-01,OPER-BKK-EMSP,2567,01,transactions_p8,8,transactions
renders/bank_statement/2024-01/BS-OPER-BKK-PKT-2567-01_header.png,bank_statement,2024-01,.png,BS-OPER-BKK-PKT-2567-01_header,0.09085464477539062,BS-OPER-BKK-PKT-2567-01,OPER-BKK-PKT,2567,01,header,,header
renders/bank_statement/2024-01/BS-OPER-BKK-PKT-2567-01_transactions_p1.png,bank_statement,2024-01,.png,BS-OPER-BKK-PKT-2567-01_transactions_p1,0.17446327209472656,BS-OPER-BKK-PKT-2567-01,OPER-BKK-PKT,2567,01,transactions_p1,1,transactions
renders/bank_statement/2024-01/BS-OPER-BKK-PKT-2567-01_transactions_p2.png,bank_statement,2024-01,.png,BS-OPER-BKK-PKT-2567-01_transactions_p2,0.17867088317871094,BS-OPER-BKK-PKT-2567-01,OPER-BKK-PKT,2567,01,transactions_p2,2,transactions
renders/bank_statement/2024-01/BS-OPER-BKK-PKT-2567-01_transactions_p3.png,bank_statement,2024-01,.png,BS-OPER-BKK-PKT-2567-01_transactions_p3,0.17845439910888672,BS-OPER-BKK-PKT-2567-01,OPER-BKK-PKT,2567,01,transactions_p3,3,transactions
renders/bank_statement/2024-01/BS-OPER-BKK-PKT-2567-01_transactions_p4.png,bank_statement,2024-01,.png,BS-OPER-BKK-PKT-2567-01_transactions_p4,0.1806955337524414,BS-OPER-BKK-PKT-2567-01,OPER-BKK-PKT,2567,01,transactions_p4,4,transactions
renders/bank_statement/2024-01/BS-OPER-BKK-PKT-2567-01_transactions_p5.png,bank_statement,2024-01,.png,BS-OPER-BKK-PKT-2567-01_transactions_p5,0.17883682250976562,BS-OPER-BKK-PKT-2567-01,OPER-BKK-PKT,2567,01,transactions_p5,5,transactions
renders/bank_statement/2024-01/BS-OPER-BKK-PKT-2567-01_transactions_p6.png,bank_statement,2024-01,.png,BS-OPER-BKK-PKT-2567-01_transactions_p6,0.18027687072753906,BS-OPER-BKK-PKT-2567-01,OPER-BKK-PKT,2567,01,transactions_p6,6,transactions
renders/bank_statement/2024-01/BS-OPER-BKK-PKT-2567-01_transactions_p7.png,bank_statement,2024-01,.png,BS-OPER-BKK-PKT-2567-01_transactions_p7,0.18244075775146484,BS-OPER-BKK-PKT-2567-01,OPER-BKK-PKT,2567,01,transactions_p7,7,transactions
renders/bank_statement/2024-01/BS-OPER-BKK-PKT-2567-01_transactions_p8.png,bank_statement,2024-01,.png,BS-OPER-BKK-PKT-2567-01_transactions_p8,0.08735179901123047,BS-OPER-BKK-PKT-2567-01,OPER-BKK-PKT,2567,01,transactions_p8,8,transactions
renders/bank_statement/2024-01/BS-OPER-BKK-R9-2567-01_header.png,bank_statement,2024-01,.png,BS-OPER-BKK-R9-2567-01_header,0.2965507507324219,BS-OPER-BKK-R9-2567-01,OPER-BKK-R9,2567,01,header,,header
renders/bank_statement/2024-01/BS-OPER-BKK-R9-2567-01_transactions_p1.png,bank_statement,2024-01,.png,BS-OPER-BKK-R9-2567-01_transactions_p1,0.8879947662353516,BS-OPER-BKK-R9-2567-01,OPER-BKK-R9,2567,01,transactions_p1,1,transactions
renders/bank_statement/2024-01/BS-OPER-BKK-R9-2567-01_transactions_p2.png,bank_statement,2024-01,.png,BS-OPER-BKK-R9-2567-01_transactions_p2,0.9052562713623047,BS-OPER-BKK-R9-2567-01,OPER-BKK-R9,2567,01,transactions_p2,2,transactions
renders/bank_statement/2024-01/BS-OPER-BKK-R9-2567-01_transactions_p3.png,bank_statement,2024-01,.png,BS-OPER-BKK-R9-2567-01_transactions_p3,0.4148426055908203,BS-OPER-BKK-R9-2567-01,OPER-BKK-R9,2567,01,transactions_p3,3,transactions
renders/bank_statement/2024-01/BS-OPER-BKK-SIAM-2567-01_header.png,bank_statement,2024-01,.png,BS-OPER-BKK-SIAM-2567-01_header,0.059356689453125,BS-OPER-BKK-SIAM-2567-01,OPER-BKK-SIAM,2567,01,header,,header
renders/bank_statement/2024-01/BS-OPER-BKK-SIAM-2567-01_transactions_p1.png,bank_statement,2024-01,.png,BS-OPER-BKK-SIAM-2567-01_transactions_p1,0.1951904296875,BS-OPER-BKK-SIAM-2567-01,OPER-BKK-SIAM,2567,01,transactions_p1,1,transactions
renders/bank_statement/2024-01/BS-OPER-BKK-SIAM-2567-01_transactions_p2.png,bank_statement,2024-01,.png,BS-OPER-BKK-SIAM-2567-01_transactions_p2,0.20223617553710938,BS-OPER-BKK-SIAM-2567-01,OPER-BKK-SIAM,2567,01,transactions_p2,2,transactions
renders/bank_statement/2024-01/BS-OPER-BKK-SIAM-2567-01_transactions_p3.png,bank_statement,2024-01,.png,BS-OPER-BKK-SIAM-2567-01_transactions_p3,0.19825267791748047,BS-OPER-BKK-SIAM-2567-01,OPER-BKK-SIAM,2567,01,transactions_p3,3,transactions
renders/bank_statement/2024-01/BS-OPER-BKK-SIAM-2567-01_transactions_p4.png,bank_statement,2024-01,.png,BS-OPER-BKK-SIAM-2567-01_transactions_p4,0.1967458724975586,BS-OPER-BKK-SIAM-2567-01,OPER-BKK-SIAM,2567,01,transactions_p4,4,transactions
renders/bank_statement/2024-01/BS-OPER-BKK-SIAM-2567-01_transactions_p5.png,bank_statement,2024-01,.png,BS-OPER-BKK-SIAM-2567-01_transactions_p5,0.199493408203125,BS-OPER-BKK-SIAM-2567-01,OPER-BKK-SIAM,2567,01,transactions_p5,5,transactions
renders/bank_statement/2024-01/BS-OPER-BKK-SIAM-2567-01_transactions_p6.png,bank_statement,2024-01,.png,BS-OPER-BKK-SIAM-2567-01_transactions_p6,0.20110416412353516,BS-OPER-BKK-SIAM-2567-01,OPER-BKK-SIAM,2567,01,transactions_p6,6,transactions
renders/bank_statement/2024-01/BS-OPER-BKK-SIAM-2567-01_transactions_p7.png,bank_statement,2024-01,.png,BS-OPER-BKK-SIAM-2567-01_transactions_p7,0.20285987854003906,BS-OPER-BKK-SIAM-2567-01,OPER-BKK-SIAM,2567,01,transactions_p7,7,transactions
renders/bank_statement/2024-01/BS-OPER-BKK-SIAM-2567-01_transactions_p8.png,bank_statement,2024-01,.png,BS-OPER-BKK-SIAM-2567-01_transactions_p8,0.14655590057373047,BS-OPER-BKK-SIAM-2567-01,OPER-BKK-SIAM,2567,01,transactions_p8,8,transactions
renders/bank_statement/2024-01/BS-OPER-CNX-MAYA-2567-01_header.png,bank_statement,2024-01,.png,BS-OPER-CNX-MAYA-2567-01_header,0.09143447875976562,BS-OPER-CNX-MAYA-2567-01,OPER-CNX-MAYA,2567,01,header,,header
renders/bank_statement/2024-01/BS-OPER-CNX-MAYA-2567-01_transactions_p1.png,bank_statement,2024-01,.png,BS-OPER-CNX-MAYA-2567-01_transactions_p1,0.1765899658203125,BS-OPER-CNX-MAYA-2567-01,OPER-CNX-MAYA,2567,01,transactions_p1,1,transactions
renders/bank_statement/2024-01/BS-OPER-CNX-MAYA-2567-01_transactions_p2.png,bank_statement,2024-01,.png,BS-OPER-CNX-MAYA-2567-01_transactions_p2,0.1785287857055664,BS-OPER-CNX-MAYA-2567-01,OPER-CNX-MAYA,2567,01,transactions_p2,2,transactions
renders/bank_statement/2024-01/BS-OPER-CNX-MAYA-2567-01_transactions_p3.png,bank_statement,2024-01,.png,BS-OPER-CNX-MAYA-2567-01_transactions_p3,0.17967605590820312,BS-OPER-CNX-MAYA-2567-01,OPER-CNX-MAYA,2567,01,transactions_p3,3,transactions
renders/bank_statement/2024-01/BS-OPER-CNX-MAYA-2567-01_transactions_p4.png,bank_statement,2024-01,.png,BS-OPER-CNX-MAYA-2567-01_transactions_p4,0.17788219451904297,BS-OPER-CNX-MAYA-2567-01,OPER-CNX-MAYA,2567,01,transactions_p4,4,transactions
renders/bank_statement/2024-01/BS-OPER-CNX-MAYA-2567-01_transactions_p5.png,bank_statement,2024-01,.png,BS-OPER-CNX-MAYA-2567-01_transactions_p5,0.18082237243652344,BS-OPER-CNX-MAYA-2567-01,OPER-CNX-MAYA,2567,01,transactions_p5,5,transactions
renders/bank_statement/2024-01/BS-OPER-CNX-MAYA-2567-01_transactions_p6.png,bank_statement,2024-01,.png,BS-OPER-CNX-MAYA-2567-01_transactions_p6,0.1792001724243164,BS-OPER-CNX-MAYA-2567-01,OPER-CNX-MAYA,2567,01,transactions_p6,6,transactions
renders/bank_statement/2024-01/BS-OPER-CNX-MAYA-2567-01_transactions_p7.png,bank_statement,2024-01,.png,BS-OPER-CNX-MAYA-2567-01_transactions_p7,0.18250179290771484,BS-OPER-CNX-MAYA-2567-01,OPER-CNX-MAYA,2567,01,transactions_p7,7,transactions
renders/bank_statement/2024-01/BS-OPER-CNX-MAYA-2567-01_transactions_p8.png,bank_statement,2024-01,.png,BS-OPER-CNX-MAYA-2567-01_transactions_p8,0.0869894027709961,BS-OPER-CNX-MAYA-2567-01,OPER-CNX-MAYA,2567,01,transactions_p8,8,transactions
renders/bank_statement/2024-01/BS-OPER-HKT-FEST-2567-01_header.png,bank_statement,2024-01,.png,BS-OPER-HKT-FEST-2567-01_header,0.29404449462890625,BS-OPER-HKT-FEST-2567-01,OPER-HKT-FEST,2567,01,header,,header
renders/bank_statement/2024-01/BS-OPER-HKT-FEST-2567-01_transactions_p1.png,bank_statement,2024-01,.png,BS-OPER-HKT-FEST-2567-01_transactions_p1,0.8456020355224609,BS-OPER-HKT-FEST-2567-01,OPER-HKT-FEST,2567,01,transactions_p1,1,transactions
renders/bank_statement/2024-01/BS-OPER-HKT-FEST-2567-01_transactions_p2.png,bank_statement,2024-01,.png,BS-OPER-HKT-FEST-2567-01_transactions_p2,0.8654336929321289,BS-OPER-HKT-FEST-2567-01,OPER-HKT-FEST,2567,01,transactions_p2,2,transactions
renders/bank_statement/2024-01/BS-OPER-HKT-FEST-2567-01_transactions_p3.png,bank_statement,2024-01,.png,BS-OPER-HKT-FEST-2567-01_transactions_p3,0.39902400970458984,BS-OPER-HKT-FEST-2567-01,OPER-HKT-FEST,2567,01,transactions_p3,3,transactions
renders/bank_statement/2024-01/BS-OPER-KKC-CTRL-2567-01_header.png,bank_statement,2024-01,.png,BS-OPER-KKC-CTRL-2567-01_header,0.059192657470703125,BS-OPER-KKC-CTRL-2567-01,OPER-KKC-CTRL,2567,01,header,,header
renders/bank_statement/2024-01/BS-OPER-KKC-CTRL-2567-01_transactions_p1.png,bank_statement,2024-01,.png,BS-OPER-KKC-CTRL-2567-01_transactions_p1,0.18252086639404297,BS-OPER-KKC-CTRL-2567-01,OPER-KKC-CTRL,2567,01,transactions_p1,1,transactions
renders/bank_statement/2024-01/BS-OPER-KKC-CTRL-2567-01_transactions_p2.png,bank_statement,2024-01,.png,BS-OPER-KKC-CTRL-2567-01_transactions_p2,0.18991661071777344,BS-OPER-KKC-CTRL-2567-01,OPER-KKC-CTRL,2567,01,transactions_p2,2,transactions
renders/bank_statement/2024-01/BS-OPER-KKC-CTRL-2567-01_transactions_p3.png,bank_statement,2024-01,.png,BS-OPER-KKC-CTRL-2567-01_transactions_p3,0.1881866455078125,BS-OPER-KKC-CTRL-2567-01,OPER-KKC-CTRL,2567,01,transactions_p3,3,transactions
renders/bank_statement/2024-01/BS-OPER-KKC-CTRL-2567-01_transactions_p4.png,bank_statement,2024-01,.png,BS-OPER-KKC-CTRL-2567-01_transactions_p4,0.1898174285888672,BS-OPER-KKC-CTRL-2567-01,OPER-KKC-CTRL,2567,01,transactions_p4,4,transactions
renders/bank_statement/2024-01/BS-OPER-KKC-CTRL-2567-01_transactions_p5.png,bank_statement,2024-01,.png,BS-OPER-KKC-CTRL-2567-01_transactions_p5,0.1875591278076172,BS-OPER-KKC-CTRL-2567-01,OPER-KKC-CTRL,2567,01,transactions_p5,5,transactions
renders/bank_statement/2024-01/BS-OPER-KKC-CTRL-2567-01_transactions_p6.png,bank_statement,2024-01,.png,BS-OPER-KKC-CTRL-2567-01_transactions_p6,0.18950366973876953,BS-OPER-KKC-CTRL-2567-01,OPER-KKC-CTRL,2567,01,transactions_p6,6,transactions
renders/bank_statement/2024-01/BS-OPER-KKC-CTRL-2567-01_transactions_p7.png,bank_statement,2024-01,.png,BS-OPER-KKC-CTRL-2567-01_transactions_p7,0.1264505386352539,BS-OPER-KKC-CTRL-2567-01,OPER-KKC-CTRL,2567,01,transactions_p7,7,transactions
renders/bank_statement/2024-01/BS-OPER-PTY-CTRL-2567-01_header.png,bank_statement,2024-01,.png,BS-OPER-PTY-CTRL-2567-01_header,0.09075069427490234,BS-OPER-PTY-CTRL-2567-01,OPER-PTY-CTRL,2567,01,header,,header
renders/bank_statement/2024-01/BS-OPER-PTY-CTRL-2567-01_transactions_p1.png,bank_statement,2024-01,.png,BS-OPER-PTY-CTRL-2567-01_transactions_p1,0.174957275390625,BS-OPER-PTY-CTRL-2567-01,OPER-PTY-CTRL,2567,01,transactions_p1,1,transactions
renders/bank_statement/2024-01/BS-OPER-PTY-CTRL-2567-01_transactions_p2.png,bank_statement,2024-01,.png,BS-OPER-PTY-CTRL-2567-01_transactions_p2,0.18032455444335938,BS-OPER-PTY-CTRL-2567-01,OPER-PTY-CTRL,2567,01,transactions_p2,2,transactions
renders/bank_statement/2024-01/BS-OPER-PTY-CTRL-2567-01_transactions_p3.png,bank_statement,2024-01,.png,BS-OPER-PTY-CTRL-2567-01_transactions_p3,0.180572509765625,BS-OPER-PTY-CTRL-2567-01,OPER-PTY-CTRL,2567,01,transactions_p3,3,transactions
renders/bank_statement/2024-01/BS-OPER-PTY-CTRL-2567-01_transactions_p4.png,bank_statement,2024-01,.png,BS-OPER-PTY-CTRL-2567-01_transactions_p4,0.1807394027709961,BS-OPER-PTY-CTRL-2567-01,OPER-PTY-CTRL,2567,01,transactions_p4,4,transactions
renders/bank_statement/2024-01/BS-OPER-PTY-CTRL-2567-01_transactions_p5.png,bank_statement,2024-01,.png,BS-OPER-PTY-CTRL-2567-01_transactions_p5,0.17904090881347656,BS-OPER-PTY-CTRL-2567-01,OPER-PTY-CTRL,2567,01,transactions_p5,5,transactions
renders/bank_statement/2024-01/BS-OPER-PTY-CTRL-2567-01_transactions_p6.png,bank_statement,2024-01,.png,BS-OPER-PTY-CTRL-2567-01_transactions_p6,0.18042945861816406,BS-OPER-PTY-CTRL-2567-01,OPER-PTY-CTRL,2567,01,transactions_p6,6,transactions
renders/bank_statement/2024-01/BS-OPER-PTY-CTRL-2567-01_transactions_p7.png,bank_statement,2024-01,.png,BS-OPER-PTY-CTRL-2567-01_transactions_p7,0.18197154998779297,BS-OPER-PTY-CTRL-2567-01,OPER-PTY-CTRL,2567,01,transactions_p7,7,transactions
renders/bank_statement/2024-01/BS-OPER-PTY-CTRL-2567-01_transactions_p8.png,bank_statement,2024-01,.png,BS-OPER-PTY-CTRL-2567-01_transactions_p8,0.11858081817626953,BS-OPER-PTY-CTRL-2567-01,OPER-PTY-CTRL,2567,01,transactions_p8,8,transactions
renders/bank_statement/2024-01/BS-OPER-REMOTE-2567-01_header.png,bank_statement,2024-01,.png,BS-OPER-REMOTE-2567-01_header,0.29508113861083984,BS-OPER-REMOTE-2567-01,OPER-REMOTE,2567,01,header,,header
renders/bank_statement/2024-01/BS-OPER-REMOTE-2567-01_transactions_p1.png,bank_statement,2024-01,.png,BS-OPER-REMOTE-2567-01_transactions_p1,0.8695878982543945,BS-OPER-REMOTE-2567-01,OPER-REMOTE,2567,01,transactions_p1,1,transactions
renders/bank_statement/2024-01/BS-OPER-REMOTE-2567-01_transactions_p2.png,bank_statement,2024-01,.png,BS-OPER-REMOTE-2567-01_transactions_p2,0.8215341567993164,BS-OPER-REMOTE-2567-01,OPER-REMOTE,2567,01,transactions_p2,2,transactions
renders/bank_statement/2024-01/BS-OPER-UDN-CTRL-2567-01_header.png,bank_statement,2024-01,.png,BS-OPER-UDN-CTRL-2567-01_header,0.0590972900390625,BS-OPER-UDN-CTRL-2567-01,OPER-UDN-CTRL,2567,01,header,,header
renders/bank_statement/2024-01/BS-OPER-UDN-CTRL-2567-01_transactions_p1.png,bank_statement,2024-01,.png,BS-OPER-UDN-CTRL-2567-01_transactions_p1,0.18719863891601562,BS-OPER-UDN-CTRL-2567-01,OPER-UDN-CTRL,2567,01,transactions_p1,1,transactions
renders/bank_statement/2024-01/BS-OPER-UDN-CTRL-2567-01_transactions_p2.png,bank_statement,2024-01,.png,BS-OPER-UDN-CTRL-2567-01_transactions_p2,0.19185638427734375,BS-OPER-UDN-CTRL-2567-01,OPER-UDN-CTRL,2567,01,transactions_p2,2,transactions
renders/bank_statement/2024-01/BS-OPER-UDN-CTRL-2567-01_transactions_p3.png,bank_statement,2024-01,.png,BS-OPER-UDN-CTRL-2567-01_transactions_p3,0.19044017791748047,BS-OPER-UDN-CTRL-2567-01,OPER-UDN-CTRL,2567,01,transactions_p3,3,transactions
renders/bank_statement/2024-01/BS-OPER-UDN-CTRL-2567-01_transactions_p4.png,bank_statement,2024-01,.png,BS-OPER-UDN-CTRL-2567-01_transactions_p4,0.19084644317626953,BS-OPER-UDN-CTRL-2567-01,OPER-UDN-CTRL,2567,01,transactions_p4,4,transactions
renders/bank_statement/2024-01/BS-OPER-UDN-CTRL-2567-01_transactions_p5.png,bank_statement,2024-01,.png,BS-OPER-UDN-CTRL-2567-01_transactions_p5,0.19228363037109375,BS-OPER-UDN-CTRL-2567-01,OPER-UDN-CTRL,2567,01,transactions_p5,5,transactions
renders/bank_statement/2024-01/BS-OPER-UDN-CTRL-2567-01_transactions_p6.png,bank_statement,2024-01,.png,BS-OPER-UDN-CTRL-2567-01_transactions_p6,0.18842124938964844,BS-OPER-UDN-CTRL-2567-01,OPER-UDN-CTRL,2567,01,transactions_p6,6,transactions
renders/bank_statement/2024-01/BS-SCB-OPER-2567-01_header.png,bank_statement,2024-01,.png,BS-SCB-OPER-2567-01_header,0.058467864990234375,BS-SCB-OPER-2567-01,SCB-OPER,2567,01,header,,header
renders/bank_statement/2024-01/BS-SCB-OPER-2567-01_transactions_p1.png,bank_statement,2024-01,.png,BS-SCB-OPER-2567-01_transactions_p1,0.08245468139648438,BS-SCB-OPER-2567-01,SCB-OPER,2567,01,transactions_p1,1,transactions
renders/bank_statement/2024-02/BS-BBL-OPER-2567-02_header.png,bank_statement,2024-02,.png,BS-BBL-OPER-2567-02_header,0.09038162231445312,BS-BBL-OPER-2567-02,BBL-OPER,2567,02,header,,header
renders/bank_statement/2024-02/BS-BBL-OPER-2567-02_transactions_p1.png,bank_statement,2024-02,.png,BS-BBL-OPER-2567-02_transactions_p1,0.09522151947021484,BS-BBL-OPER-2567-02,BBL-OPER,2567,02,transactions_p1,1,transactions
renders/bank_statement/2024-02/BS-KBANK-OPER-2567-02_header.png,bank_statement,2024-02,.png,BS-KBANK-OPER-2567-02_header,0.29853057861328125,BS-KBANK-OPER-2567-02,KBANK-OPER,2567,02,header,,header
renders/bank_statement/2024-02/BS-KBANK-OPER-2567-02_transactions_p1.png,bank_statement,2024-02,.png,BS-KBANK-OPER-2567-02_transactions_p1,0.8477268218994141,BS-KBANK-OPER-2567-02,KBANK-OPER,2567,02,transactions_p1,1,transactions
renders/bank_statement/2024-02/BS-KBANK-OPER-2567-02_transactions_p10.png,bank_statement,2024-02,.png,BS-KBANK-OPER-2567-02_transactions_p10,0.8453922271728516,BS-KBANK-OPER-2567-02,KBANK-OPER,2567,02,transactions_p10,10,transactions
renders/bank_statement/2024-02/BS-KBANK-OPER-2567-02_transactions_p11.png,bank_statement,2024-02,.png,BS-KBANK-OPER-2567-02_transactions_p11,0.8619604110717773,BS-KBANK-OPER-2567-02,KBANK-OPER,2567,02,transactions_p11,11,transactions
renders/bank_statement/2024-02/BS-KBANK-OPER-2567-02_transactions_p12.png,bank_statement,2024-02,.png,BS-KBANK-OPER-2567-02_transactions_p12,0.8786516189575195,BS-KBANK-OPER-2567-02,KBANK-OPER,2567,02,transactions_p12,12,transactions
renders/bank_statement/2024-02/BS-KBANK-OPER-2567-02_transactions_p13.png,bank_statement,2024-02,.png,BS-KBANK-OPER-2567-02_transactions_p13,0.8749008178710938,BS-KBANK-OPER-2567-02,KBANK-OPER,2567,02,transactions_p13,13,transactions
renders/bank_statement/2024-02/BS-KBANK-OPER-2567-02_transactions_p14.png,bank_statement,2024-02,.png,BS-KBANK-OPER-2567-02_transactions_p14,0.8785209655761719,BS-KBANK-OPER-2567-02,KBANK-OPER,2567,02,transactions_p14,14,transactions
renders/bank_statement/2024-02/BS-KBANK-OPER-2567-02_transactions_p15.png,bank_statement,2024-02,.png,BS-KBANK-OPER-2567-02_transactions_p15,0.9058084487915039,BS-KBANK-OPER-2567-02,KBANK-OPER,2567,02,transactions_p15,15,transactions
renders/bank_statement/2024-02/BS-KBANK-OPER-2567-02_transactions_p16.png,bank_statement,2024-02,.png,BS-KBANK-OPER-2567-02_transactions_p16,0.917973518371582,BS-KBANK-OPER-2567-02,KBANK-OPER,2567,02,transactions_p16,16,transactions
renders/bank_statement/2024-02/BS-KBANK-OPER-2567-02_transactions_p17.png,bank_statement,2024-02,.png,BS-KBANK-OPER-2567-02_transactions_p17,0.9265985488891602,BS-KBANK-OPER-2567-02,KBANK-OPER,2567,02,transactions_p17,17,transactions
renders/bank_statement/2024-02/BS-KBANK-OPER-2567-02_transactions_p18.png,bank_statement,2024-02,.png,BS-KBANK-OPER-2567-02_transactions_p18,0.9251718521118164,BS-KBANK-OPER-2567-02,KBANK-OPER,2567,02,transactions_p18,18,transactions
renders/bank_statement/2024-02/BS-KBANK-OPER-2567-02_transactions_p19.png,bank_statement,2024-02,.png,BS-KBANK-OPER-2567-02_transactions_p19,0.9157285690307617,BS-KBANK-OPER-2567-02,KBANK-OPER,2567,02,transactions_p19,19,transactions
renders/bank_statement/2024-02/BS-KBANK-OPER-2567-02_transactions_p2.png,bank_statement,2024-02,.png,BS-KBANK-OPER-2567-02_transactions_p2,0.8830585479736328,BS-KBANK-OPER-2567-02,KBANK-OPER,2567,02,transactions_p2,2,transactions
renders/bank_statement/2024-02/BS-KBANK-OPER-2567-02_transactions_p20.png,bank_statement,2024-02,.png,BS-KBANK-OPER-2567-02_transactions_p20,0.9168529510498047,BS-KBANK-OPER-2567-02,KBANK-OPER,2567,02,transactions_p20,20,transactions
renders/bank_statement/2024-02/BS-KBANK-OPER-2567-02_transactions_p21.png,bank_statement,2024-02,.png,BS-KBANK-OPER-2567-02_transactions_p21,0.9107980728149414,BS-KBANK-OPER-2567-02,KBANK-OPER,2567,02,transactions_p21,21,transactions
renders/bank_statement/2024-02/BS-KBANK-OPER-2567-02_transactions_p22.png,bank_statement,2024-02,.png,BS-KBANK-OPER-2567-02_transactions_p22,0.9127626419067383,BS-KBANK-OPER-2567-02,KBANK-OPER,2567,02,transactions_p22,22,transactions
renders/bank_statement/2024-02/BS-KBANK-OPER-2567-02_transactions_p23.png,bank_statement,2024-02,.png,BS-KBANK-OPER-2567-02_transactions_p23,0.9141416549682617,BS-KBANK-OPER-2567-02,KBANK-OPER,2567,02,transactions_p23,23,transactions
renders/bank_statement/2024-02/BS-KBANK-OPER-2567-02_transactions_p24.png,bank_statement,2024-02,.png,BS-KBANK-OPER-2567-02_transactions_p24,0.9065237045288086,BS-KBANK-OPER-2567-02,KBANK-OPER,2567,02,transactions_p24,24,transactions
renders/bank_statement/2024-02/BS-KBANK-OPER-2567-02_transactions_p25.png,bank_statement,2024-02,.png,BS-KBANK-OPER-2567-02_transactions_p25,0.9103641510009766,BS-KBANK-OPER-2567-02,KBANK-OPER,2567,02,transactions_p25,25,transactions
renders/bank_statement/2024-02/BS-KBANK-OPER-2567-02_transactions_p26.png,bank_statement,2024-02,.png,BS-KBANK-OPER-2567-02_transactions_p26,0.9074983596801758,BS-KBANK-OPER-2567-02,KBANK-OPER,2567,02,transactions_p26,26,transactions
renders/bank_statement/2024-02/BS-KBANK-OPER-2567-02_transactions_p27.png,bank_statement,2024-02,.png,BS-KBANK-OPER-2567-02_transactions_p27,0.9048929214477539,BS-KBANK-OPER-2567-02,KBANK-OPER,2567,02,transactions_p27,27,transactions
renders/bank_statement/2024-02/BS-KBANK-OPER-2567-02_transactions_p28.png,bank_statement,2024-02,.png,BS-KBANK-OPER-2567-02_transactions_p28,0.13498592376708984,BS-KBANK-OPER-2567-02,KBANK-OPER,2567,02,transactions_p28,28,transactions
renders/bank_statement/2024-02/BS-KBANK-OPER-2567-02_transactions_p3.png,bank_statement,2024-02,.png,BS-KBANK-OPER-2567-02_transactions_p3,0.8790388107299805,BS-KBANK-OPER-2567-02,KBANK-OPER,2567,02,transactions_p3,3,transactions
renders/bank_statement/2024-02/BS-KBANK-OPER-2567-02_transactions_p4.png,bank_statement,2024-02,.png,BS-KBANK-OPER-2567-02_transactions_p4,0.8885984420776367,BS-KBANK-OPER-2567-02,KBANK-OPER,2567,02,transactions_p4,4,transactions
renders/bank_statement/2024-02/BS-KBANK-OPER-2567-02_transactions_p5.png,bank_statement,2024-02,.png,BS-KBANK-OPER-2567-02_transactions_p5,0.8588447570800781,BS-KBANK-OPER-2567-02,KBANK-OPER,2567,02,transactions_p5,5,transactions
renders/bank_statement/2024-02/BS-KBANK-OPER-2567-02_transactions_p6.png,bank_statement,2024-02,.png,BS-KBANK-OPER-2567-02_transactions_p6,0.8710384368896484,BS-KBANK-OPER-2567-02,KBANK-OPER,2567,02,transactions_p6,6,transactions
renders/bank_statement/2024-02/BS-KBANK-OPER-2567-02_transactions_p7.png,bank_statement,2024-02,.png,BS-KBANK-OPER-2567-02_transactions_p7,0.8858461380004883,BS-KBANK-OPER-2567-02,KBANK-OPER,2567,02,transactions_p7,7,transactions
renders/bank_statement/2024-02/BS-KBANK-OPER-2567-02_transactions_p8.png,bank_statement,2024-02,.png,BS-KBANK-OPER-2567-02_transactions_p8,0.88519287109375,BS-KBANK-OPER-2567-02,KBANK-OPER,2567,02,transactions_p8,8,transactions
renders/bank_statement/2024-02/BS-KBANK-OPER-2567-02_transactions_p9.png,bank_statement,2024-02,.png,BS-KBANK-OPER-2567-02_transactions_p9,0.8844261169433594,BS-KBANK-OPER-2567-02,KBANK-OPER,2567,02,transactions_p9,9,transactions
renders/bank_statement/2024-02/BS-OPER-BKK-CTW-2567-02_header.png,bank_statement,2024-02,.png,BS-OPER-BKK-CTW-2567-02_header,0.2992401123046875,BS-OPER-BKK-CTW-2567-02,OPER-BKK-CTW,2567,02,header,,header
renders/bank_statement/2024-02/BS-OPER-BKK-CTW-2567-02_transactions_p1.png,bank_statement,2024-02,.png,BS-OPER-BKK-CTW-2567-02_transactions_p1,0.8761720657348633,BS-OPER-BKK-CTW-2567-02,OPER-BKK-CTW,2567,02,transactions_p1,1,transactions
renders/bank_statement/2024-02/BS-OPER-BKK-CTW-2567-02_transactions_p2.png,bank_statement,2024-02,.png,BS-OPER-BKK-CTW-2567-02_transactions_p2,0.8862934112548828,BS-OPER-BKK-CTW-2567-02,OPER-BKK-CTW,2567,02,transactions_p2,2,transactions
renders/bank_statement/2024-02/BS-OPER-BKK-CTW-2567-02_transactions_p3.png,bank_statement,2024-02,.png,BS-OPER-BKK-CTW-2567-02_transactions_p3,0.4312753677368164,BS-OPER-BKK-CTW-2567-02,OPER-BKK-CTW,2567,02,transactions_p3,3,transactions
renders/bank_statement/2024-02/BS-OPER-BKK-EMSP-2567-02_header.png,bank_statement,2024-02,.png,BS-OPER-BKK-EMSP-2567-02_header,0.059307098388671875,BS-OPER-BKK-EMSP-2567-02,OPER-BKK-EMSP,2567,02,header,,header
renders/bank_statement/2024-02/BS-OPER-BKK-EMSP-2567-02_transactions_p1.png,bank_statement,2024-02,.png,BS-OPER-BKK-EMSP-2567-02_transactions_p1,0.19266700744628906,BS-OPER-BKK-EMSP-2567-02,OPER-BKK-EMSP,2567,02,transactions_p1,1,transactions
renders/bank_statement/2024-02/BS-OPER-BKK-EMSP-2567-02_transactions_p2.png,bank_statement,2024-02,.png,BS-OPER-BKK-EMSP-2567-02_transactions_p2,0.20021724700927734,BS-OPER-BKK-EMSP-2567-02,OPER-BKK-EMSP,2567,02,transactions_p2,2,transactions
renders/bank_statement/2024-02/BS-OPER-BKK-EMSP-2567-02_transactions_p3.png,bank_statement,2024-02,.png,BS-OPER-BKK-EMSP-2567-02_transactions_p3,0.19669437408447266,BS-OPER-BKK-EMSP-2567-02,OPER-BKK-EMSP,2567,02,transactions_p3,3,transactions
renders/bank_statement/2024-02/BS-OPER-BKK-EMSP-2567-02_transactions_p4.png,bank_statement,2024-02,.png,BS-OPER-BKK-EMSP-2567-02_transactions_p4,0.19870567321777344,BS-OPER-BKK-EMSP-2567-02,OPER-BKK-EMSP,2567,02,transactions_p4,4,transactions
renders/bank_statement/2024-02/BS-OPER-BKK-EMSP-2567-02_transactions_p5.png,bank_statement,2024-02,.png,BS-OPER-BKK-EMSP-2567-02_transactions_p5,0.1971111297607422,BS-OPER-BKK-EMSP-2567-02,OPER-BKK-EMSP,2567,02,transactions_p5,5,transactions
renders/bank_statement/2024-02/BS-OPER-BKK-EMSP-2567-02_transactions_p6.png,bank_statement,2024-02,.png,BS-OPER-BKK-EMSP-2567-02_transactions_p6,0.19597911834716797,BS-OPER-BKK-EMSP-2567-02,OPER-BKK-EMSP,2567,02,transactions_p6,6,transactions
renders/bank_statement/2024-02/BS-OPER-BKK-EMSP-2567-02_transactions_p7.png,bank_statement,2024-02,.png,BS-OPER-BKK-EMSP-2567-02_transactions_p7,0.1602773666381836,BS-OPER-BKK-EMSP-2567-02,OPER-BKK-EMSP,2567,02,transactions_p7,7,transactions
renders/bank_statement/2024-02/BS-OPER-BKK-PKT-2567-02_header.png,bank_statement,2024-02,.png,BS-OPER-BKK-PKT-2567-02_header,0.09124469757080078,BS-OPER-BKK-PKT-2567-02,OPER-BKK-PKT,2567,02,header,,header
renders/bank_statement/2024-02/BS-OPER-BKK-PKT-2567-02_transactions_p1.png,bank_statement,2024-02,.png,BS-OPER-BKK-PKT-2567-02_transactions_p1,0.17444896697998047,BS-OPER-BKK-PKT-2567-02,OPER-BKK-PKT,2567,02,transactions_p1,1,transactions
renders/bank_statement/2024-02/BS-OPER-BKK-PKT-2567-02_transactions_p2.png,bank_statement,2024-02,.png,BS-OPER-BKK-PKT-2567-02_transactions_p2,0.18171405792236328,BS-OPER-BKK-PKT-2567-02,OPER-BKK-PKT,2567,02,transactions_p2,2,transactions
renders/bank_statement/2024-02/BS-OPER-BKK-PKT-2567-02_transactions_p3.png,bank_statement,2024-02,.png,BS-OPER-BKK-PKT-2567-02_transactions_p3,0.18154621124267578,BS-OPER-BKK-PKT-2567-02,OPER-BKK-PKT,2567,02,transactions_p3,3,transactions
renders/bank_statement/2024-02/BS-OPER-BKK-PKT-2567-02_transactions_p4.png,bank_statement,2024-02,.png,BS-OPER-BKK-PKT-2567-02_transactions_p4,0.18061542510986328,BS-OPER-BKK-PKT-2567-02,OPER-BKK-PKT,2567,02,transactions_p4,4,transactions
renders/bank_statement/2024-02/BS-OPER-BKK-PKT-2567-02_transactions_p5.png,bank_statement,2024-02,.png,BS-OPER-BKK-PKT-2567-02_transactions_p5,0.1824655532836914,BS-OPER-BKK-PKT-2567-02,OPER-BKK-PKT,2567,02,transactions_p5,5,transactions
renders/bank_statement/2024-02/BS-OPER-BKK-PKT-2567-02_transactions_p6.png,bank_statement,2024-02,.png,BS-OPER-BKK-PKT-2567-02_transactions_p6,0.18145465850830078,BS-OPER-BKK-PKT-2567-02,OPER-BKK-PKT,2567,02,transactions_p6,6,transactions
renders/bank_statement/2024-02/BS-OPER-BKK-PKT-2567-02_transactions_p7.png,bank_statement,2024-02,.png,BS-OPER-BKK-PKT-2567-02_transactions_p7,0.18236446380615234,BS-OPER-BKK-PKT-2567-02,OPER-BKK-PKT,2567,02,transactions_p7,7,transactions
renders/bank_statement/2024-02/BS-OPER-BKK-R9-2567-02_header.png,bank_statement,2024-02,.png,BS-OPER-BKK-R9-2567-02_header,0.2962980270385742,BS-OPER-BKK-R9-2567-02,OPER-BKK-R9,2567,02,header,,header
renders/bank_statement/2024-02/BS-OPER-BKK-R9-2567-02_transactions_p1.png,bank_statement,2024-02,.png,BS-OPER-BKK-R9-2567-02_transactions_p1,0.8882331848144531,BS-OPER-BKK-R9-2567-02,OPER-BKK-R9,2567,02,transactions_p1,1,transactions
renders/bank_statement/2024-02/BS-OPER-BKK-R9-2567-02_transactions_p2.png,bank_statement,2024-02,.png,BS-OPER-BKK-R9-2567-02_transactions_p2,0.9075002670288086,BS-OPER-BKK-R9-2567-02,OPER-BKK-R9,2567,02,transactions_p2,2,transactions
renders/bank_statement/2024-02/BS-OPER-BKK-R9-2567-02_transactions_p3.png,bank_statement,2024-02,.png,BS-OPER-BKK-R9-2567-02_transactions_p3,0.24501609802246094,BS-OPER-BKK-R9-2567-02,OPER-BKK-R9,2567,02,transactions_p3,3,transactions
renders/bank_statement/2024-02/BS-OPER-BKK-SIAM-2567-02_header.png,bank_statement,2024-02,.png,BS-OPER-BKK-SIAM-2567-02_header,0.059479713439941406,BS-OPER-BKK-SIAM-2567-02,OPER-BKK-SIAM,2567,02,header,,header
renders/bank_statement/2024-02/BS-OPER-BKK-SIAM-2567-02_transactions_p1.png,bank_statement,2024-02,.png,BS-OPER-BKK-SIAM-2567-02_transactions_p1,0.19478511810302734,BS-OPER-BKK-SIAM-2567-02,OPER-BKK-SIAM,2567,02,transactions_p1,1,transactions
renders/bank_statement/2024-02/BS-OPER-BKK-SIAM-2567-02_transactions_p2.png,bank_statement,2024-02,.png,BS-OPER-BKK-SIAM-2567-02_transactions_p2,0.20217227935791016,BS-OPER-BKK-SIAM-2567-02,OPER-BKK-SIAM,2567,02,transactions_p2,2,transactions
renders/bank_statement/2024-02/BS-OPER-BKK-SIAM-2567-02_transactions_p3.png,bank_statement,2024-02,.png,BS-OPER-BKK-SIAM-2567-02_transactions_p3,0.1980762481689453,BS-OPER-BKK-SIAM-2567-02,OPER-BKK-SIAM,2567,02,transactions_p3,3,transactions
renders/bank_statement/2024-02/BS-OPER-BKK-SIAM-2567-02_transactions_p4.png,bank_statement,2024-02,.png,BS-OPER-BKK-SIAM-2567-02_transactions_p4,0.1990652084350586,BS-OPER-BKK-SIAM-2567-02,OPER-BKK-SIAM,2567,02,transactions_p4,4,transactions
renders/bank_statement/2024-02/BS-OPER-BKK-SIAM-2567-02_transactions_p5.png,bank_statement,2024-02,.png,BS-OPER-BKK-SIAM-2567-02_transactions_p5,0.20125865936279297,BS-OPER-BKK-SIAM-2567-02,OPER-BKK-SIAM,2567,02,transactions_p5,5,transactions
renders/bank_statement/2024-02/BS-OPER-BKK-SIAM-2567-02_transactions_p6.png,bank_statement,2024-02,.png,BS-OPER-BKK-SIAM-2567-02_transactions_p6,0.1997976303100586,BS-OPER-BKK-SIAM-2567-02,OPER-BKK-SIAM,2567,02,transactions_p6,6,transactions
renders/bank_statement/2024-02/BS-OPER-BKK-SIAM-2567-02_transactions_p7.png,bank_statement,2024-02,.png,BS-OPER-BKK-SIAM-2567-02_transactions_p7,0.19991397857666016,BS-OPER-BKK-SIAM-2567-02,OPER-BKK-SIAM,2567,02,transactions_p7,7,transactions
renders/bank_statement/2024-02/BS-OPER-BKK-SIAM-2567-02_transactions_p8.png,bank_statement,2024-02,.png,BS-OPER-BKK-SIAM-2567-02_transactions_p8,0.09015655517578125,BS-OPER-BKK-SIAM-2567-02,OPER-BKK-SIAM,2567,02,transactions_p8,8,transactions
renders/bank_statement/2024-02/BS-OPER-CNX-MAYA-2567-02_header.png,bank_statement,2024-02,.png,BS-OPER-CNX-MAYA-2567-02_header,0.09193229675292969,BS-OPER-CNX-MAYA-2567-02,OPER-CNX-MAYA,2567,02,header,,header
renders/bank_statement/2024-02/BS-OPER-CNX-MAYA-2567-02_transactions_p1.png,bank_statement,2024-02,.png,BS-OPER-CNX-MAYA-2567-02_transactions_p1,0.17683696746826172,BS-OPER-CNX-MAYA-2567-02,OPER-CNX-MAYA,2567,02,transactions_p1,1,transactions
renders/bank_statement/2024-02/BS-OPER-CNX-MAYA-2567-02_transactions_p2.png,bank_statement,2024-02,.png,BS-OPER-CNX-MAYA-2567-02_transactions_p2,0.18167400360107422,BS-OPER-CNX-MAYA-2567-02,OPER-CNX-MAYA,2567,02,transactions_p2,2,transactions
renders/bank_statement/2024-02/BS-OPER-CNX-MAYA-2567-02_transactions_p3.png,bank_statement,2024-02,.png,BS-OPER-CNX-MAYA-2567-02_transactions_p3,0.1826801300048828,BS-OPER-CNX-MAYA-2567-02,OPER-CNX-MAYA,2567,02,transactions_p3,3,transactions
renders/bank_statement/2024-02/BS-OPER-CNX-MAYA-2567-02_transactions_p4.png,bank_statement,2024-02,.png,BS-OPER-CNX-MAYA-2567-02_transactions_p4,0.18116474151611328,BS-OPER-CNX-MAYA-2567-02,OPER-CNX-MAYA,2567,02,transactions_p4,4,transactions
renders/bank_statement/2024-02/BS-OPER-CNX-MAYA-2567-02_transactions_p5.png,bank_statement,2024-02,.png,BS-OPER-CNX-MAYA-2567-02_transactions_p5,0.18230819702148438,BS-OPER-CNX-MAYA-2567-02,OPER-CNX-MAYA,2567,02,transactions_p5,5,transactions
renders/bank_statement/2024-02/BS-OPER-CNX-MAYA-2567-02_transactions_p6.png,bank_statement,2024-02,.png,BS-OPER-CNX-MAYA-2567-02_transactions_p6,0.1797924041748047,BS-OPER-CNX-MAYA-2567-02,OPER-CNX-MAYA,2567,02,transactions_p6,6,transactions
renders/bank_statement/2024-02/BS-OPER-CNX-MAYA-2567-02_transactions_p7.png,bank_statement,2024-02,.png,BS-OPER-CNX-MAYA-2567-02_transactions_p7,0.18344879150390625,BS-OPER-CNX-MAYA-2567-02,OPER-CNX-MAYA,2567,02,transactions_p7,7,transactions
renders/bank_statement/2024-02/BS-OPER-CNX-MAYA-2567-02_transactions_p8.png,bank_statement,2024-02,.png,BS-OPER-CNX-MAYA-2567-02_transactions_p8,0.09428882598876953,BS-OPER-CNX-MAYA-2567-02,OPER-CNX-MAYA,2567,02,transactions_p8,8,transactions
renders/bank_statement/2024-02/BS-OPER-HKT-FEST-2567-02_header.png,bank_statement,2024-02,.png,BS-OPER-HKT-FEST-2567-02_header,0.2938241958618164,BS-OPER-HKT-FEST-2567-02,OPER-HKT-FEST,2567,02,header,,header
renders/bank_statement/2024-02/BS-OPER-HKT-FEST-2567-02_transactions_p1.png,bank_statement,2024-02,.png,BS-OPER-HKT-FEST-2567-02_transactions_p1,0.8511266708374023,BS-OPER-HKT-FEST-2567-02,OPER-HKT-FEST,2567,02,transactions_p1,1,transactions
renders/bank_statement/2024-02/BS-OPER-HKT-FEST-2567-02_transactions_p2.png,bank_statement,2024-02,.png,BS-OPER-HKT-FEST-2567-02_transactions_p2,0.8600845336914062,BS-OPER-HKT-FEST-2567-02,OPER-HKT-FEST,2567,02,transactions_p2,2,transactions
renders/bank_statement/2024-02/BS-OPER-HKT-FEST-2567-02_transactions_p3.png,bank_statement,2024-02,.png,BS-OPER-HKT-FEST-2567-02_transactions_p3,0.25670337677001953,BS-OPER-HKT-FEST-2567-02,OPER-HKT-FEST,2567,02,transactions_p3,3,transactions
renders/bank_statement/2024-02/BS-OPER-KKC-CTRL-2567-02_header.png,bank_statement,2024-02,.png,BS-OPER-KKC-CTRL-2567-02_header,0.05931377410888672,BS-OPER-KKC-CTRL-2567-02,OPER-KKC-CTRL,2567,02,header,,header
renders/bank_statement/2024-02/BS-OPER-KKC-CTRL-2567-02_transactions_p1.png,bank_statement,2024-02,.png,BS-OPER-KKC-CTRL-2567-02_transactions_p1,0.18252944946289062,BS-OPER-KKC-CTRL-2567-02,OPER-KKC-CTRL,2567,02,transactions_p1,1,transactions
renders/bank_statement/2024-02/BS-OPER-KKC-CTRL-2567-02_transactions_p2.png,bank_statement,2024-02,.png,BS-OPER-KKC-CTRL-2567-02_transactions_p2,0.1869821548461914,BS-OPER-KKC-CTRL-2567-02,OPER-KKC-CTRL,2567,02,transactions_p2,2,transactions
renders/bank_statement/2024-02/BS-OPER-KKC-CTRL-2567-02_transactions_p3.png,bank_statement,2024-02,.png,BS-OPER-KKC-CTRL-2567-02_transactions_p3,0.18776702880859375,BS-OPER-KKC-CTRL-2567-02,OPER-KKC-CTRL,2567,02,transactions_p3,3,transactions
renders/bank_statement/2024-02/BS-OPER-KKC-CTRL-2567-02_transactions_p4.png,bank_statement,2024-02,.png,BS-OPER-KKC-CTRL-2567-02_transactions_p4,0.18681049346923828,BS-OPER-KKC-CTRL-2567-02,OPER-KKC-CTRL,2567,02,transactions_p4,4,transactions
renders/bank_statement/2024-02/BS-OPER-KKC-CTRL-2567-02_transactions_p5.png,bank_statement,2024-02,.png,BS-OPER-KKC-CTRL-2567-02_transactions_p5,0.18642902374267578,BS-OPER-KKC-CTRL-2567-02,OPER-KKC-CTRL,2567,02,transactions_p5,5,transactions
renders/bank_statement/2024-02/BS-OPER-KKC-CTRL-2567-02_transactions_p6.png,bank_statement,2024-02,.png,BS-OPER-KKC-CTRL-2567-02_transactions_p6,0.1663370132446289,BS-OPER-KKC-CTRL-2567-02,OPER-KKC-CTRL,2567,02,transactions_p6,6,transactions
renders/bank_statement/2024-02/BS-OPER-PTY-CTRL-2567-02_header.png,bank_statement,2024-02,.png,BS-OPER-PTY-CTRL-2567-02_header,0.09114456176757812,BS-OPER-PTY-CTRL-2567-02,OPER-PTY-CTRL,2567,02,header,,header
renders/bank_statement/2024-02/BS-OPER-PTY-CTRL-2567-02_transactions_p1.png,bank_statement,2024-02,.png,BS-OPER-PTY-CTRL-2567-02_transactions_p1,0.17755603790283203,BS-OPER-PTY-CTRL-2567-02,OPER-PTY-CTRL,2567,02,transactions_p1,1,transactions
renders/bank_statement/2024-02/BS-OPER-PTY-CTRL-2567-02_transactions_p2.png,bank_statement,2024-02,.png,BS-OPER-PTY-CTRL-2567-02_transactions_p2,0.1818380355834961,BS-OPER-PTY-CTRL-2567-02,OPER-PTY-CTRL,2567,02,transactions_p2,2,transactions
renders/bank_statement/2024-02/BS-OPER-PTY-CTRL-2567-02_transactions_p3.png,bank_statement,2024-02,.png,BS-OPER-PTY-CTRL-2567-02_transactions_p3,0.18050861358642578,BS-OPER-PTY-CTRL-2567-02,OPER-PTY-CTRL,2567,02,transactions_p3,3,transactions
renders/bank_statement/2024-02/BS-OPER-PTY-CTRL-2567-02_transactions_p4.png,bank_statement,2024-02,.png,BS-OPER-PTY-CTRL-2567-02_transactions_p4,0.18035888671875,BS-OPER-PTY-CTRL-2567-02,OPER-PTY-CTRL,2567,02,transactions_p4,4,transactions
renders/bank_statement/2024-02/BS-OPER-PTY-CTRL-2567-02_transactions_p5.png,bank_statement,2024-02,.png,BS-OPER-PTY-CTRL-2567-02_transactions_p5,0.18209171295166016,BS-OPER-PTY-CTRL-2567-02,OPER-PTY-CTRL,2567,02,transactions_p5,5,transactions
renders/bank_statement/2024-02/BS-OPER-PTY-CTRL-2567-02_transactions_p6.png,bank_statement,2024-02,.png,BS-OPER-PTY-CTRL-2567-02_transactions_p6,0.1808032989501953,BS-OPER-PTY-CTRL-2567-02,OPER-PTY-CTRL,2567,02,transactions_p6,6,transactions
renders/bank_statement/2024-02/BS-OPER-PTY-CTRL-2567-02_transactions_p7.png,bank_statement,2024-02,.png,BS-OPER-PTY-CTRL-2567-02_transactions_p7,0.17452526092529297,BS-OPER-PTY-CTRL-2567-02,OPER-PTY-CTRL,2567,02,transactions_p7,7,transactions
renders/bank_statement/2024-02/BS-OPER-REMOTE-2567-02_header.png,bank_statement,2024-02,.png,BS-OPER-REMOTE-2567-02_header,0.29528141021728516,BS-OPER-REMOTE-2567-02,OPER-REMOTE,2567,02,header,,header
renders/bank_statement/2024-02/BS-OPER-REMOTE-2567-02_transactions_p1.png,bank_statement,2024-02,.png,BS-OPER-REMOTE-2567-02_transactions_p1,0.8701486587524414,BS-OPER-REMOTE-2567-02,OPER-REMOTE,2567,02,transactions_p1,1,transactions
renders/bank_statement/2024-02/BS-OPER-REMOTE-2567-02_transactions_p2.png,bank_statement,2024-02,.png,BS-OPER-REMOTE-2567-02_transactions_p2,0.6682453155517578,BS-OPER-REMOTE-2567-02,OPER-REMOTE,2567,02,transactions_p2,2,transactions
renders/bank_statement/2024-02/BS-OPER-UDN-CTRL-2567-02_header.png,bank_statement,2024-02,.png,BS-OPER-UDN-CTRL-2567-02_header,0.05921363830566406,BS-OPER-UDN-CTRL-2567-02,OPER-UDN-CTRL,2567,02,header,,header
renders/bank_statement/2024-02/BS-OPER-UDN-CTRL-2567-02_transactions_p1.png,bank_statement,2024-02,.png,BS-OPER-UDN-CTRL-2567-02_transactions_p1,0.1866769790649414,BS-OPER-UDN-CTRL-2567-02,OPER-UDN-CTRL,2567,02,transactions_p1,1,transactions
renders/bank_statement/2024-02/BS-OPER-UDN-CTRL-2567-02_transactions_p2.png,bank_statement,2024-02,.png,BS-OPER-UDN-CTRL-2567-02_transactions_p2,0.19095516204833984,BS-OPER-UDN-CTRL-2567-02,OPER-UDN-CTRL,2567,02,transactions_p2,2,transactions
renders/bank_statement/2024-02/BS-OPER-UDN-CTRL-2567-02_transactions_p3.png,bank_statement,2024-02,.png,BS-OPER-UDN-CTRL-2567-02_transactions_p3,0.1909160614013672,BS-OPER-UDN-CTRL-2567-02,OPER-UDN-CTRL,2567,02,transactions_p3,3,transactions
renders/bank_statement/2024-02/BS-OPER-UDN-CTRL-2567-02_transactions_p4.png,bank_statement,2024-02,.png,BS-OPER-UDN-CTRL-2567-02_transactions_p4,0.19023799896240234,BS-OPER-UDN-CTRL-2567-02,OPER-UDN-CTRL,2567,02,transactions_p4,4,transactions
renders/bank_statement/2024-02/BS-OPER-UDN-CTRL-2567-02_transactions_p5.png,bank_statement,2024-02,.png,BS-OPER-UDN-CTRL-2567-02_transactions_p5,0.188995361328125,BS-OPER-UDN-CTRL-2567-02,OPER-UDN-CTRL,2567,02,transactions_p5,5,transactions
renders/bank_statement/2024-02/BS-OPER-UDN-CTRL-2567-02_transactions_p6.png,bank_statement,2024-02,.png,BS-OPER-UDN-CTRL-2567-02_transactions_p6,0.11909294128417969,BS-OPER-UDN-CTRL-2567-02,OPER-UDN-CTRL,2567,02,transactions_p6,6,transactions
renders/bank_statement/2024-02/BS-SCB-OPER-2567-02_header.png,bank_statement,2024-02,.png,BS-SCB-OPER-2567-02_header,0.058579444885253906,BS-SCB-OPER-2567-02,SCB-OPER,2567,02,header,,header
renders/bank_statement/2024-02/BS-SCB-OPER-2567-02_transactions_p1.png,bank_statement,2024-02,.png,BS-SCB-OPER-2567-02_transactions_p1,0.08281803131103516,BS-SCB-OPER-2567-02,SCB-OPER,2567,02,transactions_p1,1,transactions
renders/bank_statement/2024-03/BS-BBL-OPER-2567-03_header.png,bank_statement,2024-03,.png,BS-BBL-OPER-2567-03_header,0.09024906158447266,BS-BBL-OPER-2567-03,BBL-OPER,2567,03,header,,header
renders/bank_statement/2024-03/BS-BBL-OPER-2567-03_transactions_p1.png,bank_statement,2024-03,.png,BS-BBL-OPER-2567-03_transactions_p1,0.09537887573242188,BS-BBL-OPER-2567-03,BBL-OPER,2567,03,transactions_p1,1,transactions
renders/bank_statement/2024-03/BS-KBANK-OPER-2567-03_header.png,bank_statement,2024-03,.png,BS-KBANK-OPER-2567-03_header,0.3005037307739258,BS-KBANK-OPER-2567-03,KBANK-OPER,2567,03,header,,header
renders/bank_statement/2024-03/BS-KBANK-OPER-2567-03_transactions_p1.png,bank_statement,2024-03,.png,BS-KBANK-OPER-2567-03_transactions_p1,0.8716850280761719,BS-KBANK-OPER-2567-03,KBANK-OPER,2567,03,transactions_p1,1,transactions
renders/bank_statement/2024-03/BS-KBANK-OPER-2567-03_transactions_p10.png,bank_statement,2024-03,.png,BS-KBANK-OPER-2567-03_transactions_p10,0.9015111923217773,BS-KBANK-OPER-2567-03,KBANK-OPER,2567,03,transactions_p10,10,transactions
renders/bank_statement/2024-03/BS-KBANK-OPER-2567-03_transactions_p11.png,bank_statement,2024-03,.png,BS-KBANK-OPER-2567-03_transactions_p11,0.8933792114257812,BS-KBANK-OPER-2567-03,KBANK-OPER,2567,03,transactions_p11,11,transactions
renders/bank_statement/2024-03/BS-KBANK-OPER-2567-03_transactions_p12.png,bank_statement,2024-03,.png,BS-KBANK-OPER-2567-03_transactions_p12,0.9046287536621094,BS-KBANK-OPER-2567-03,KBANK-OPER,2567,03,transactions_p12,12,transactions
renders/bank_statement/2024-03/BS-KBANK-OPER-2567-03_transactions_p13.png,bank_statement,2024-03,.png,BS-KBANK-OPER-2567-03_transactions_p13,0.8780307769775391,BS-KBANK-OPER-2567-03,KBANK-OPER,2567,03,transactions_p13,13,transactions
renders/bank_statement/2024-03/BS-KBANK-OPER-2567-03_transactions_p14.png,bank_statement,2024-03,.png,BS-KBANK-OPER-2567-03_transactions_p14,0.8798694610595703,BS-KBANK-OPER-2567-03,KBANK-OPER,2567,03,transactions_p14,14,transactions
renders/bank_statement/2024-03/BS-KBANK-OPER-2567-03_transactions_p15.png,bank_statement,2024-03,.png,BS-KBANK-OPER-2567-03_transactions_p15,0.884678840637207,BS-KBANK-OPER-2567-03,KBANK-OPER,2567,03,transactions_p15,15,transactions
renders/bank_statement/2024-03/BS-KBANK-OPER-2567-03_transactions_p16.png,bank_statement,2024-03,.png,BS-KBANK-OPER-2567-03_transactions_p16,0.8824176788330078,BS-KBANK-OPER-2567-03,KBANK-OPER,2567,03,transactions_p16,16,transactions
renders/bank_statement/2024-03/BS-KBANK-OPER-2567-03_transactions_p17.png,bank_statement,2024-03,.png,BS-KBANK-OPER-2567-03_transactions_p17,0.8943748474121094,BS-KBANK-OPER-2567-03,KBANK-OPER,2567,03,transactions_p17,17,transactions
renders/bank_statement/2024-03/BS-KBANK-OPER-2567-03_transactions_p18.png,bank_statement,2024-03,.png,BS-KBANK-OPER-2567-03_transactions_p18,0.8922290802001953,BS-KBANK-OPER-2567-03,KBANK-OPER,2567,03,transactions_p18,18,transactions
renders/bank_statement/2024-03/BS-KBANK-OPER-2567-03_transactions_p19.png,bank_statement,2024-03,.png,BS-KBANK-OPER-2567-03_transactions_p19,0.8915786743164062,BS-KBANK-OPER-2567-03,KBANK-OPER,2567,03,transactions_p19,19,transactions
renders/bank_statement/2024-03/BS-KBANK-OPER-2567-03_transactions_p2.png,bank_statement,2024-03,.png,BS-KBANK-OPER-2567-03_transactions_p2,0.8823528289794922,BS-KBANK-OPER-2567-03,KBANK-OPER,2567,03,transactions_p2,2,transactions
renders/bank_statement/2024-03/BS-KBANK-OPER-2567-03_transactions_p20.png,bank_statement,2024-03,.png,BS-KBANK-OPER-2567-03_transactions_p20,0.8853702545166016,BS-KBANK-OPER-2567-03,KBANK-OPER,2567,03,transactions_p20,20,transactions
renders/bank_statement/2024-03/BS-KBANK-OPER-2567-03_transactions_p21.png,bank_statement,2024-03,.png,BS-KBANK-OPER-2567-03_transactions_p21,0.9091119766235352,BS-KBANK-OPER-2567-03,KBANK-OPER,2567,03,transactions_p21,21,transactions
renders/bank_statement/2024-03/BS-KBANK-OPER-2567-03_transactions_p22.png,bank_statement,2024-03,.png,BS-KBANK-OPER-2567-03_transactions_p22,0.9079055786132812,BS-KBANK-OPER-2567-03,KBANK-OPER,2567,03,transactions_p22,22,transactions
renders/bank_statement/2024-03/BS-KBANK-OPER-2567-03_transactions_p23.png,bank_statement,2024-03,.png,BS-KBANK-OPER-2567-03_transactions_p23,0.9139986038208008,BS-KBANK-OPER-2567-03,KBANK-OPER,2567,03,transactions_p23,23,transactions
renders/bank_statement/2024-03/BS-KBANK-OPER-2567-03_transactions_p24.png,bank_statement,2024-03,.png,BS-KBANK-OPER-2567-03_transactions_p24,0.9017820358276367,BS-KBANK-OPER-2567-03,KBANK-OPER,2567,03,transactions_p24,24,transactions
renders/bank_statement/2024-03/BS-KBANK-OPER-2567-03_transactions_p25.png,bank_statement,2024-03,.png,BS-KBANK-OPER-2567-03_transactions_p25,0.9071455001831055,BS-KBANK-OPER-2567-03,KBANK-OPER,2567,03,transactions_p25,25,transactions
renders/bank_statement/2024-03/BS-KBANK-OPER-2567-03_transactions_p26.png,bank_statement,2024-03,.png,BS-KBANK-OPER-2567-03_transactions_p26,0.9102859497070312,BS-KBANK-OPER-2567-03,KBANK-OPER,2567,03,transactions_p26,26,transactions
renders/bank_statement/2024-03/BS-KBANK-OPER-2567-03_transactions_p27.png,bank_statement,2024-03,.png,BS-KBANK-OPER-2567-03_transactions_p27,0.9124717712402344,BS-KBANK-OPER-2567-03,KBANK-OPER,2567,03,transactions_p27,27,transactions
renders/bank_statement/2024-03/BS-KBANK-OPER-2567-03_transactions_p28.png,bank_statement,2024-03,.png,BS-KBANK-OPER-2567-03_transactions_p28,0.9083671569824219,BS-KBANK-OPER-2567-03,KBANK-OPER,2567,03,transactions_p28,28,transactions
renders/bank_statement/2024-03/BS-KBANK-OPER-2567-03_transactions_p29.png,bank_statement,2024-03,.png,BS-KBANK-OPER-2567-03_transactions_p29,0.91058349609375,BS-KBANK-OPER-2567-03,KBANK-OPER,2567,03,transactions_p29,29,transactions
renders/bank_statement/2024-03/BS-KBANK-OPER-2567-03_transactions_p3.png,bank_statement,2024-03,.png,BS-KBANK-OPER-2567-03_transactions_p3,0.8813457489013672,BS-KBANK-OPER-2567-03,KBANK-OPER,2567,03,transactions_p3,3,transactions
renders/bank_statement/2024-03/BS-KBANK-OPER-2567-03_transactions_p30.png,bank_statement,2024-03,.png,BS-KBANK-OPER-2567-03_transactions_p30,0.9166736602783203,BS-KBANK-OPER-2567-03,KBANK-OPER,2567,03,transactions_p30,30,transactions
renders/bank_statement/2024-03/BS-KBANK-OPER-2567-03_transactions_p31.png,bank_statement,2024-03,.png,BS-KBANK-OPER-2567-03_transactions_p31,0.9070329666137695,BS-KBANK-OPER-2567-03,KBANK-OPER,2567,03,transactions_p31,31,transactions
renders/bank_statement/2024-03/BS-KBANK-OPER-2567-03_transactions_p32.png,bank_statement,2024-03,.png,BS-KBANK-OPER-2567-03_transactions_p32,0.9305000305175781,BS-KBANK-OPER-2567-03,KBANK-OPER,2567,03,transactions_p32,32,transactions
renders/bank_statement/2024-03/BS-KBANK-OPER-2567-03_transactions_p33.png,bank_statement,2024-03,.png,BS-KBANK-OPER-2567-03_transactions_p33,0.9319067001342773,BS-KBANK-OPER-2567-03,KBANK-OPER,2567,03,transactions_p33,33,transactions
renders/bank_statement/2024-03/BS-KBANK-OPER-2567-03_transactions_p34.png,bank_statement,2024-03,.png,BS-KBANK-OPER-2567-03_transactions_p34,0.34255027770996094,BS-KBANK-OPER-2567-03,KBANK-OPER,2567,03,transactions_p34,34,transactions
renders/bank_statement/2024-03/BS-KBANK-OPER-2567-03_transactions_p4.png,bank_statement,2024-03,.png,BS-KBANK-OPER-2567-03_transactions_p4,0.8938760757446289,BS-KBANK-OPER-2567-03,KBANK-OPER,2567,03,transactions_p4,4,transactions
renders/bank_statement/2024-03/BS-KBANK-OPER-2567-03_transactions_p5.png,bank_statement,2024-03,.png,BS-KBANK-OPER-2567-03_transactions_p5,0.8903274536132812,BS-KBANK-OPER-2567-03,KBANK-OPER,2567,03,transactions_p5,5,transactions
renders/bank_statement/2024-03/BS-KBANK-OPER-2567-03_transactions_p6.png,bank_statement,2024-03,.png,BS-KBANK-OPER-2567-03_transactions_p6,0.8982667922973633,BS-KBANK-OPER-2567-03,KBANK-OPER,2567,03,transactions_p6,6,transactions
renders/bank_statement/2024-03/BS-KBANK-OPER-2567-03_transactions_p7.png,bank_statement,2024-03,.png,BS-KBANK-OPER-2567-03_transactions_p7,0.8776464462280273,BS-KBANK-OPER-2567-03,KBANK-OPER,2567,03,transactions_p7,7,transactions
renders/bank_statement/2024-03/BS-KBANK-OPER-2567-03_transactions_p8.png,bank_statement,2024-03,.png,BS-KBANK-OPER-2567-03_transactions_p8,0.8739948272705078,BS-KBANK-OPER-2567-03,KBANK-OPER,2567,03,transactions_p8,8,transactions
renders/bank_statement/2024-03/BS-KBANK-OPER-2567-03_transactions_p9.png,bank_statement,2024-03,.png,BS-KBANK-OPER-2567-03_transactions_p9,0.8756160736083984,BS-KBANK-OPER-2567-03,KBANK-OPER,2567,03,transactions_p9,9,transactions
renders/bank_statement/2024-03/BS-OPER-BKK-CTW-2567-03_header.png,bank_statement,2024-03,.png,BS-OPER-BKK-CTW-2567-03_header,0.3003959655761719,BS-OPER-BKK-CTW-2567-03,OPER-BKK-CTW,2567,03,header,,header
renders/bank_statement/2024-03/BS-OPER-BKK-CTW-2567-03_transactions_p1.png,bank_statement,2024-03,.png,BS-OPER-BKK-CTW-2567-03_transactions_p1,0.906097412109375,BS-OPER-BKK-CTW-2567-03,OPER-BKK-CTW,2567,03,transactions_p1,1,transactions
renders/bank_statement/2024-03/BS-OPER-BKK-CTW-2567-03_transactions_p2.png,bank_statement,2024-03,.png,BS-OPER-BKK-CTW-2567-03_transactions_p2,0.9127473831176758,BS-OPER-BKK-CTW-2567-03,OPER-BKK-CTW,2567,03,transactions_p2,2,transactions
renders/bank_statement/2024-03/BS-OPER-BKK-CTW-2567-03_transactions_p3.png,bank_statement,2024-03,.png,BS-OPER-BKK-CTW-2567-03_transactions_p3,0.6121158599853516,BS-OPER-BKK-CTW-2567-03,OPER-BKK-CTW,2567,03,transactions_p3,3,transactions
renders/bank_statement/2024-03/BS-OPER-BKK-EMSP-2567-03_header.png,bank_statement,2024-03,.png,BS-OPER-BKK-EMSP-2567-03_header,0.05938911437988281,BS-OPER-BKK-EMSP-2567-03,OPER-BKK-EMSP,2567,03,header,,header
renders/bank_statement/2024-03/BS-OPER-BKK-EMSP-2567-03_transactions_p1.png,bank_statement,2024-03,.png,BS-OPER-BKK-EMSP-2567-03_transactions_p1,0.19559478759765625,BS-OPER-BKK-EMSP-2567-03,OPER-BKK-EMSP,2567,03,transactions_p1,1,transactions
renders/bank_statement/2024-03/BS-OPER-BKK-EMSP-2567-03_transactions_p2.png,bank_statement,2024-03,.png,BS-OPER-BKK-EMSP-2567-03_transactions_p2,0.2031078338623047,BS-OPER-BKK-EMSP-2567-03,OPER-BKK-EMSP,2567,03,transactions_p2,2,transactions
renders/bank_statement/2024-03/BS-OPER-BKK-EMSP-2567-03_transactions_p3.png,bank_statement,2024-03,.png,BS-OPER-BKK-EMSP-2567-03_transactions_p3,0.1987018585205078,BS-OPER-BKK-EMSP-2567-03,OPER-BKK-EMSP,2567,03,transactions_p3,3,transactions
renders/bank_statement/2024-03/BS-OPER-BKK-EMSP-2567-03_transactions_p4.png,bank_statement,2024-03,.png,BS-OPER-BKK-EMSP-2567-03_transactions_p4,0.20023059844970703,BS-OPER-BKK-EMSP-2567-03,OPER-BKK-EMSP,2567,03,transactions_p4,4,transactions
renders/bank_statement/2024-03/BS-OPER-BKK-EMSP-2567-03_transactions_p5.png,bank_statement,2024-03,.png,BS-OPER-BKK-EMSP-2567-03_transactions_p5,0.2005157470703125,BS-OPER-BKK-EMSP-2567-03,OPER-BKK-EMSP,2567,03,transactions_p5,5,transactions
renders/bank_statement/2024-03/BS-OPER-BKK-EMSP-2567-03_transactions_p6.png,bank_statement,2024-03,.png,BS-OPER-BKK-EMSP-2567-03_transactions_p6,0.2013702392578125,BS-OPER-BKK-EMSP-2567-03,OPER-BKK-EMSP,2567,03,transactions_p6,6,transactions
renders/bank_statement/2024-03/BS-OPER-BKK-EMSP-2567-03_transactions_p7.png,bank_statement,2024-03,.png,BS-OPER-BKK-EMSP-2567-03_transactions_p7,0.20315170288085938,BS-OPER-BKK-EMSP-2567-03,OPER-BKK-EMSP,2567,03,transactions_p7,7,transactions
renders/bank_statement/2024-03/BS-OPER-BKK-EMSP-2567-03_transactions_p8.png,bank_statement,2024-03,.png,BS-OPER-BKK-EMSP-2567-03_transactions_p8,0.08906364440917969,BS-OPER-BKK-EMSP-2567-03,OPER-BKK-EMSP,2567,03,transactions_p8,8,transactions
renders/bank_statement/2024-03/BS-OPER-BKK-PKT-2567-03_header.png,bank_statement,2024-03,.png,BS-OPER-BKK-PKT-2567-03_header,0.09121513366699219,BS-OPER-BKK-PKT-2567-03,OPER-BKK-PKT,2567,03,header,,header
renders/bank_statement/2024-03/BS-OPER-BKK-PKT-2567-03_transactions_p1.png,bank_statement,2024-03,.png,BS-OPER-BKK-PKT-2567-03_transactions_p1,0.17669296264648438,BS-OPER-BKK-PKT-2567-03,OPER-BKK-PKT,2567,03,transactions_p1,1,transactions
renders/bank_statement/2024-03/BS-OPER-BKK-PKT-2567-03_transactions_p2.png,bank_statement,2024-03,.png,BS-OPER-BKK-PKT-2567-03_transactions_p2,0.18211650848388672,BS-OPER-BKK-PKT-2567-03,OPER-BKK-PKT,2567,03,transactions_p2,2,transactions
renders/bank_statement/2024-03/BS-OPER-BKK-PKT-2567-03_transactions_p3.png,bank_statement,2024-03,.png,BS-OPER-BKK-PKT-2567-03_transactions_p3,0.18064308166503906,BS-OPER-BKK-PKT-2567-03,OPER-BKK-PKT,2567,03,transactions_p3,3,transactions
renders/bank_statement/2024-03/BS-OPER-BKK-PKT-2567-03_transactions_p4.png,bank_statement,2024-03,.png,BS-OPER-BKK-PKT-2567-03_transactions_p4,0.1826801300048828,BS-OPER-BKK-PKT-2567-03,OPER-BKK-PKT,2567,03,transactions_p4,4,transactions
renders/bank_statement/2024-03/BS-OPER-BKK-PKT-2567-03_transactions_p5.png,bank_statement,2024-03,.png,BS-OPER-BKK-PKT-2567-03_transactions_p5,0.1842193603515625,BS-OPER-BKK-PKT-2567-03,OPER-BKK-PKT,2567,03,transactions_p5,5,transactions
renders/bank_statement/2024-03/BS-OPER-BKK-PKT-2567-03_transactions_p6.png,bank_statement,2024-03,.png,BS-OPER-BKK-PKT-2567-03_transactions_p6,0.1825237274169922,BS-OPER-BKK-PKT-2567-03,OPER-BKK-PKT,2567,03,transactions_p6,6,transactions
renders/bank_statement/2024-03/BS-OPER-BKK-PKT-2567-03_transactions_p7.png,bank_statement,2024-03,.png,BS-OPER-BKK-PKT-2567-03_transactions_p7,0.18319988250732422,BS-OPER-BKK-PKT-2567-03,OPER-BKK-PKT,2567,03,transactions_p7,7,transactions
renders/bank_statement/2024-03/BS-OPER-BKK-PKT-2567-03_transactions_p8.png,bank_statement,2024-03,.png,BS-OPER-BKK-PKT-2567-03_transactions_p8,0.08809185028076172,BS-OPER-BKK-PKT-2567-03,OPER-BKK-PKT,2567,03,transactions_p8,8,transactions
renders/bank_statement/2024-03/BS-OPER-BKK-R9-2567-03_header.png,bank_statement,2024-03,.png,BS-OPER-BKK-R9-2567-03_header,0.2978515625,BS-OPER-BKK-R9-2567-03,OPER-BKK-R9,2567,03,header,,header
renders/bank_statement/2024-03/BS-OPER-BKK-R9-2567-03_transactions_p1.png,bank_statement,2024-03,.png,BS-OPER-BKK-R9-2567-03_transactions_p1,0.9107475280761719,BS-OPER-BKK-R9-2567-03,OPER-BKK-R9,2567,03,transactions_p1,1,transactions
renders/bank_statement/2024-03/BS-OPER-BKK-R9-2567-03_transactions_p2.png,bank_statement,2024-03,.png,BS-OPER-BKK-R9-2567-03_transactions_p2,0.9312143325805664,BS-OPER-BKK-R9-2567-03,OPER-BKK-R9,2567,03,transactions_p2,2,transactions
renders/bank_statement/2024-03/BS-OPER-BKK-R9-2567-03_transactions_p3.png,bank_statement,2024-03,.png,BS-OPER-BKK-R9-2567-03_transactions_p3,0.42158031463623047,BS-OPER-BKK-R9-2567-03,OPER-BKK-R9,2567,03,transactions_p3,3,transactions
renders/bank_statement/2024-03/BS-OPER-BKK-SIAM-2567-03_header.png,bank_statement,2024-03,.png,BS-OPER-BKK-SIAM-2567-03_header,0.059566497802734375,BS-OPER-BKK-SIAM-2567-03,OPER-BKK-SIAM,2567,03,header,,header
renders/bank_statement/2024-03/BS-OPER-BKK-SIAM-2567-03_transactions_p1.png,bank_statement,2024-03,.png,BS-OPER-BKK-SIAM-2567-03_transactions_p1,0.19788742065429688,BS-OPER-BKK-SIAM-2567-03,OPER-BKK-SIAM,2567,03,transactions_p1,1,transactions
renders/bank_statement/2024-03/BS-OPER-BKK-SIAM-2567-03_transactions_p2.png,bank_statement,2024-03,.png,BS-OPER-BKK-SIAM-2567-03_transactions_p2,0.20610904693603516,BS-OPER-BKK-SIAM-2567-03,OPER-BKK-SIAM,2567,03,transactions_p2,2,transactions
renders/bank_statement/2024-03/BS-OPER-BKK-SIAM-2567-03_transactions_p3.png,bank_statement,2024-03,.png,BS-OPER-BKK-SIAM-2567-03_transactions_p3,0.1997213363647461,BS-OPER-BKK-SIAM-2567-03,OPER-BKK-SIAM,2567,03,transactions_p3,3,transactions
renders/bank_statement/2024-03/BS-OPER-BKK-SIAM-2567-03_transactions_p4.png,bank_statement,2024-03,.png,BS-OPER-BKK-SIAM-2567-03_transactions_p4,0.20150089263916016,BS-OPER-BKK-SIAM-2567-03,OPER-BKK-SIAM,2567,03,transactions_p4,4,transactions
renders/bank_statement/2024-03/BS-OPER-BKK-SIAM-2567-03_transactions_p5.png,bank_statement,2024-03,.png,BS-OPER-BKK-SIAM-2567-03_transactions_p5,0.2034435272216797,BS-OPER-BKK-SIAM-2567-03,OPER-BKK-SIAM,2567,03,transactions_p5,5,transactions
renders/bank_statement/2024-03/BS-OPER-BKK-SIAM-2567-03_transactions_p6.png,bank_statement,2024-03,.png,BS-OPER-BKK-SIAM-2567-03_transactions_p6,0.2038583755493164,BS-OPER-BKK-SIAM-2567-03,OPER-BKK-SIAM,2567,03,transactions_p6,6,transactions
renders/bank_statement/2024-03/BS-OPER-BKK-SIAM-2567-03_transactions_p7.png,bank_statement,2024-03,.png,BS-OPER-BKK-SIAM-2567-03_transactions_p7,0.20479488372802734,BS-OPER-BKK-SIAM-2567-03,OPER-BKK-SIAM,2567,03,transactions_p7,7,transactions
renders/bank_statement/2024-03/BS-OPER-BKK-SIAM-2567-03_transactions_p8.png,bank_statement,2024-03,.png,BS-OPER-BKK-SIAM-2567-03_transactions_p8,0.13049888610839844,BS-OPER-BKK-SIAM-2567-03,OPER-BKK-SIAM,2567,03,transactions_p8,8,transactions
renders/bank_statement/2024-03/BS-OPER-CNX-MAYA-2567-03_header.png,bank_statement,2024-03,.png,BS-OPER-CNX-MAYA-2567-03_header,0.091796875,BS-OPER-CNX-MAYA-2567-03,OPER-CNX-MAYA,2567,03,header,,header
renders/bank_statement/2024-03/BS-OPER-CNX-MAYA-2567-03_transactions_p1.png,bank_statement,2024-03,.png,BS-OPER-CNX-MAYA-2567-03_transactions_p1,0.17710018157958984,BS-OPER-CNX-MAYA-2567-03,OPER-CNX-MAYA,2567,03,transactions_p1,1,transactions
renders/bank_statement/2024-03/BS-OPER-CNX-MAYA-2567-03_transactions_p2.png,bank_statement,2024-03,.png,BS-OPER-CNX-MAYA-2567-03_transactions_p2,0.18220233917236328,BS-OPER-CNX-MAYA-2567-03,OPER-CNX-MAYA,2567,03,transactions_p2,2,transactions
renders/bank_statement/2024-03/BS-OPER-CNX-MAYA-2567-03_transactions_p3.png,bank_statement,2024-03,.png,BS-OPER-CNX-MAYA-2567-03_transactions_p3,0.18148136138916016,BS-OPER-CNX-MAYA-2567-03,OPER-CNX-MAYA,2567,03,transactions_p3,3,transactions
renders/bank_statement/2024-03/BS-OPER-CNX-MAYA-2567-03_transactions_p4.png,bank_statement,2024-03,.png,BS-OPER-CNX-MAYA-2567-03_transactions_p4,0.18291187286376953,BS-OPER-CNX-MAYA-2567-03,OPER-CNX-MAYA,2567,03,transactions_p4,4,transactions
renders/bank_statement/2024-03/BS-OPER-CNX-MAYA-2567-03_transactions_p5.png,bank_statement,2024-03,.png,BS-OPER-CNX-MAYA-2567-03_transactions_p5,0.18218040466308594,BS-OPER-CNX-MAYA-2567-03,OPER-CNX-MAYA,2567,03,transactions_p5,5,transactions
renders/bank_statement/2024-03/BS-OPER-CNX-MAYA-2567-03_transactions_p6.png,bank_statement,2024-03,.png,BS-OPER-CNX-MAYA-2567-03_transactions_p6,0.1796722412109375,BS-OPER-CNX-MAYA-2567-03,OPER-CNX-MAYA,2567,03,transactions_p6,6,transactions
renders/bank_statement/2024-03/BS-OPER-CNX-MAYA-2567-03_transactions_p7.png,bank_statement,2024-03,.png,BS-OPER-CNX-MAYA-2567-03_transactions_p7,0.18409061431884766,BS-OPER-CNX-MAYA-2567-03,OPER-CNX-MAYA,2567,03,transactions_p7,7,transactions
renders/bank_statement/2024-03/BS-OPER-CNX-MAYA-2567-03_transactions_p8.png,bank_statement,2024-03,.png,BS-OPER-CNX-MAYA-2567-03_transactions_p8,0.10665225982666016,BS-OPER-CNX-MAYA-2567-03,OPER-CNX-MAYA,2567,03,transactions_p8,8,transactions
renders/bank_statement/2024-03/BS-OPER-HKT-FEST-2567-03_header.png,bank_statement,2024-03,.png,BS-OPER-HKT-FEST-2567-03_header,0.2959423065185547,BS-OPER-HKT-FEST-2567-03,OPER-HKT-FEST,2567,03,header,,header
renders/bank_statement/2024-03/BS-OPER-HKT-FEST-2567-03_transactions_p1.png,bank_statement,2024-03,.png,BS-OPER-HKT-FEST-2567-03_transactions_p1,0.8754081726074219,BS-OPER-HKT-FEST-2567-03,OPER-HKT-FEST,2567,03,transactions_p1,1,transactions
renders/bank_statement/2024-03/BS-OPER-HKT-FEST-2567-03_transactions_p2.png,bank_statement,2024-03,.png,BS-OPER-HKT-FEST-2567-03_transactions_p2,0.8968591690063477,BS-OPER-HKT-FEST-2567-03,OPER-HKT-FEST,2567,03,transactions_p2,2,transactions
renders/bank_statement/2024-03/BS-OPER-HKT-FEST-2567-03_transactions_p3.png,bank_statement,2024-03,.png,BS-OPER-HKT-FEST-2567-03_transactions_p3,0.2396717071533203,BS-OPER-HKT-FEST-2567-03,OPER-HKT-FEST,2567,03,transactions_p3,3,transactions
renders/bank_statement/2024-03/BS-OPER-KKC-CTRL-2567-03_header.png,bank_statement,2024-03,.png,BS-OPER-KKC-CTRL-2567-03_header,0.05940437316894531,BS-OPER-KKC-CTRL-2567-03,OPER-KKC-CTRL,2567,03,header,,header
renders/bank_statement/2024-03/BS-OPER-KKC-CTRL-2567-03_transactions_p1.png,bank_statement,2024-03,.png,BS-OPER-KKC-CTRL-2567-03_transactions_p1,0.1845836639404297,BS-OPER-KKC-CTRL-2567-03,OPER-KKC-CTRL,2567,03,transactions_p1,1,transactions
renders/bank_statement/2024-03/BS-OPER-KKC-CTRL-2567-03_transactions_p2.png,bank_statement,2024-03,.png,BS-OPER-KKC-CTRL-2567-03_transactions_p2,0.1907787322998047,BS-OPER-KKC-CTRL-2567-03,OPER-KKC-CTRL,2567,03,transactions_p2,2,transactions
renders/bank_statement/2024-03/BS-OPER-KKC-CTRL-2567-03_transactions_p3.png,bank_statement,2024-03,.png,BS-OPER-KKC-CTRL-2567-03_transactions_p3,0.19068431854248047,BS-OPER-KKC-CTRL-2567-03,OPER-KKC-CTRL,2567,03,transactions_p3,3,transactions
renders/bank_statement/2024-03/BS-OPER-KKC-CTRL-2567-03_transactions_p4.png,bank_statement,2024-03,.png,BS-OPER-KKC-CTRL-2567-03_transactions_p4,0.19091129302978516,BS-OPER-KKC-CTRL-2567-03,OPER-KKC-CTRL,2567,03,transactions_p4,4,transactions
renders/bank_statement/2024-03/BS-OPER-KKC-CTRL-2567-03_transactions_p5.png,bank_statement,2024-03,.png,BS-OPER-KKC-CTRL-2567-03_transactions_p5,0.1883401870727539,BS-OPER-KKC-CTRL-2567-03,OPER-KKC-CTRL,2567,03,transactions_p5,5,transactions
renders/bank_statement/2024-03/BS-OPER-KKC-CTRL-2567-03_transactions_p6.png,bank_statement,2024-03,.png,BS-OPER-KKC-CTRL-2567-03_transactions_p6,0.19141387939453125,BS-OPER-KKC-CTRL-2567-03,OPER-KKC-CTRL,2567,03,transactions_p6,6,transactions
renders/bank_statement/2024-03/BS-OPER-KKC-CTRL-2567-03_transactions_p7.png,bank_statement,2024-03,.png,BS-OPER-KKC-CTRL-2567-03_transactions_p7,0.11185073852539062,BS-OPER-KKC-CTRL-2567-03,OPER-KKC-CTRL,2567,03,transactions_p7,7,transactions
renders/bank_statement/2024-03/BS-OPER-PTY-CTRL-2567-03_header.png,bank_statement,2024-03,.png,BS-OPER-PTY-CTRL-2567-03_header,0.09110546112060547,BS-OPER-PTY-CTRL-2567-03,OPER-PTY-CTRL,2567,03,header,,header
renders/bank_statement/2024-03/BS-OPER-PTY-CTRL-2567-03_transactions_p1.png,bank_statement,2024-03,.png,BS-OPER-PTY-CTRL-2567-03_transactions_p1,0.17653846740722656,BS-OPER-PTY-CTRL-2567-03,OPER-PTY-CTRL,2567,03,transactions_p1,1,transactions
renders/bank_statement/2024-03/BS-OPER-PTY-CTRL-2567-03_transactions_p2.png,bank_statement,2024-03,.png,BS-OPER-PTY-CTRL-2567-03_transactions_p2,0.18181800842285156,BS-OPER-PTY-CTRL-2567-03,OPER-PTY-CTRL,2567,03,transactions_p2,2,transactions
renders/bank_statement/2024-03/BS-OPER-PTY-CTRL-2567-03_transactions_p3.png,bank_statement,2024-03,.png,BS-OPER-PTY-CTRL-2567-03_transactions_p3,0.18274402618408203,BS-OPER-PTY-CTRL-2567-03,OPER-PTY-CTRL,2567,03,transactions_p3,3,transactions
renders/bank_statement/2024-03/BS-OPER-PTY-CTRL-2567-03_transactions_p4.png,bank_statement,2024-03,.png,BS-OPER-PTY-CTRL-2567-03_transactions_p4,0.18205833435058594,BS-OPER-PTY-CTRL-2567-03,OPER-PTY-CTRL,2567,03,transactions_p4,4,transactions
renders/bank_statement/2024-03/BS-OPER-PTY-CTRL-2567-03_transactions_p5.png,bank_statement,2024-03,.png,BS-OPER-PTY-CTRL-2567-03_transactions_p5,0.18365859985351562,BS-OPER-PTY-CTRL-2567-03,OPER-PTY-CTRL,2567,03,transactions_p5,5,transactions
renders/bank_statement/2024-03/BS-OPER-PTY-CTRL-2567-03_transactions_p6.png,bank_statement,2024-03,.png,BS-OPER-PTY-CTRL-2567-03_transactions_p6,0.18170833587646484,BS-OPER-PTY-CTRL-2567-03,OPER-PTY-CTRL,2567,03,transactions_p6,6,transactions
renders/bank_statement/2024-03/BS-OPER-PTY-CTRL-2567-03_transactions_p7.png,bank_statement,2024-03,.png,BS-OPER-PTY-CTRL-2567-03_transactions_p7,0.18561077117919922,BS-OPER-PTY-CTRL-2567-03,OPER-PTY-CTRL,2567,03,transactions_p7,7,transactions
renders/bank_statement/2024-03/BS-OPER-PTY-CTRL-2567-03_transactions_p8.png,bank_statement,2024-03,.png,BS-OPER-PTY-CTRL-2567-03_transactions_p8,0.11372756958007812,BS-OPER-PTY-CTRL-2567-03,OPER-PTY-CTRL,2567,03,transactions_p8,8,transactions
renders/bank_statement/2024-03/BS-OPER-REMOTE-2567-03_header.png,bank_statement,2024-03,.png,BS-OPER-REMOTE-2567-03_header,0.2957143783569336,BS-OPER-REMOTE-2567-03,OPER-REMOTE,2567,03,header,,header
renders/bank_statement/2024-03/BS-OPER-REMOTE-2567-03_transactions_p1.png,bank_statement,2024-03,.png,BS-OPER-REMOTE-2567-03_transactions_p1,0.896453857421875,BS-OPER-REMOTE-2567-03,OPER-REMOTE,2567,03,transactions_p1,1,transactions
renders/bank_statement/2024-03/BS-OPER-REMOTE-2567-03_transactions_p2.png,bank_statement,2024-03,.png,BS-OPER-REMOTE-2567-03_transactions_p2,0.8560609817504883,BS-OPER-REMOTE-2567-03,OPER-REMOTE,2567,03,transactions_p2,2,transactions
renders/bank_statement/2024-03/BS-OPER-UDN-CTRL-2567-03_header.png,bank_statement,2024-03,.png,BS-OPER-UDN-CTRL-2567-03_header,0.059304237365722656,BS-OPER-UDN-CTRL-2567-03,OPER-UDN-CTRL,2567,03,header,,header
renders/bank_statement/2024-03/BS-OPER-UDN-CTRL-2567-03_transactions_p1.png,bank_statement,2024-03,.png,BS-OPER-UDN-CTRL-2567-03_transactions_p1,0.1903400421142578,BS-OPER-UDN-CTRL-2567-03,OPER-UDN-CTRL,2567,03,transactions_p1,1,transactions
renders/bank_statement/2024-03/BS-OPER-UDN-CTRL-2567-03_transactions_p2.png,bank_statement,2024-03,.png,BS-OPER-UDN-CTRL-2567-03_transactions_p2,0.1981801986694336,BS-OPER-UDN-CTRL-2567-03,OPER-UDN-CTRL,2567,03,transactions_p2,2,transactions
renders/bank_statement/2024-03/BS-OPER-UDN-CTRL-2567-03_transactions_p3.png,bank_statement,2024-03,.png,BS-OPER-UDN-CTRL-2567-03_transactions_p3,0.1932373046875,BS-OPER-UDN-CTRL-2567-03,OPER-UDN-CTRL,2567,03,transactions_p3,3,transactions
renders/bank_statement/2024-03/BS-OPER-UDN-CTRL-2567-03_transactions_p4.png,bank_statement,2024-03,.png,BS-OPER-UDN-CTRL-2567-03_transactions_p4,0.1952505111694336,BS-OPER-UDN-CTRL-2567-03,OPER-UDN-CTRL,2567,03,transactions_p4,4,transactions
renders/bank_statement/2024-03/BS-OPER-UDN-CTRL-2567-03_transactions_p5.png,bank_statement,2024-03,.png,BS-OPER-UDN-CTRL-2567-03_transactions_p5,0.19423770904541016,BS-OPER-UDN-CTRL-2567-03,OPER-UDN-CTRL,2567,03,transactions_p5,5,transactions
renders/bank_statement/2024-03/BS-OPER-UDN-CTRL-2567-03_transactions_p6.png,bank_statement,2024-03,.png,BS-OPER-UDN-CTRL-2567-03_transactions_p6,0.18148136138916016,BS-OPER-UDN-CTRL-2567-03,OPER-UDN-CTRL,2567,03,transactions_p6,6,transactions
renders/bank_statement/2024-03/BS-SCB-OPER-2567-03_header.png,bank_statement,2024-03,.png,BS-SCB-OPER-2567-03_header,0.058673858642578125,BS-SCB-OPER-2567-03,SCB-OPER,2567,03,header,,header
renders/bank_statement/2024-03/BS-SCB-OPER-2567-03_transactions_p1.png,bank_statement,2024-03,.png,BS-SCB-OPER-2567-03_transactions_p1,0.08278656005859375,BS-SCB-OPER-2567-03,SCB-OPER,2567,03,transactions_p1,1,transactions
renders/bank_statement/2024-04/BS-BBL-OPER-2567-04_header.png,bank_statement,2024-04,.png,BS-BBL-OPER-2567-04_header,0.09014701843261719,BS-BBL-OPER-2567-04,BBL-OPER,2567,04,header,,header
renders/bank_statement/2024-04/BS-BBL-OPER-2567-04_transactions_p1.png,bank_statement,2024-04,.png,BS-BBL-OPER-2567-04_transactions_p1,0.094879150390625,BS-BBL-OPER-2567-04,BBL-OPER,2567,04,transactions_p1,1,transactions
renders/bank_statement/2024-04/BS-KBANK-OPER-2567-04_header.png,bank_statement,2024-04,.png,BS-KBANK-OPER-2567-04_header,0.2984437942504883,BS-KBANK-OPER-2567-04,KBANK-OPER,2567,04,header,,header
renders/bank_statement/2024-04/BS-KBANK-OPER-2567-04_transactions_p1.png,bank_statement,2024-04,.png,BS-KBANK-OPER-2567-04_transactions_p1,0.8523216247558594,BS-KBANK-OPER-2567-04,KBANK-OPER,2567,04,transactions_p1,1,transactions
renders/bank_statement/2024-04/BS-KBANK-OPER-2567-04_transactions_p10.png,bank_statement,2024-04,.png,BS-KBANK-OPER-2567-04_transactions_p10,0.8984813690185547,BS-KBANK-OPER-2567-04,KBANK-OPER,2567,04,transactions_p10,10,transactions
renders/bank_statement/2024-04/BS-KBANK-OPER-2567-04_transactions_p11.png,bank_statement,2024-04,.png,BS-KBANK-OPER-2567-04_transactions_p11,0.8957920074462891,BS-KBANK-OPER-2567-04,KBANK-OPER,2567,04,transactions_p11,11,transactions
renders/bank_statement/2024-04/BS-KBANK-OPER-2567-04_transactions_p12.png,bank_statement,2024-04,.png,BS-KBANK-OPER-2567-04_transactions_p12,0.8883628845214844,BS-KBANK-OPER-2567-04,KBANK-OPER,2567,04,transactions_p12,12,transactions
renders/bank_statement/2024-04/BS-KBANK-OPER-2567-04_transactions_p13.png,bank_statement,2024-04,.png,BS-KBANK-OPER-2567-04_transactions_p13,0.8777647018432617,BS-KBANK-OPER-2567-04,KBANK-OPER,2567,04,transactions_p13,13,transactions
renders/bank_statement/2024-04/BS-KBANK-OPER-2567-04_transactions_p14.png,bank_statement,2024-04,.png,BS-KBANK-OPER-2567-04_transactions_p14,0.871546745300293,BS-KBANK-OPER-2567-04,KBANK-OPER,2567,04,transactions_p14,14,transactions
renders/bank_statement/2024-04/BS-KBANK-OPER-2567-04_transactions_p15.png,bank_statement,2024-04,.png,BS-KBANK-OPER-2567-04_transactions_p15,0.876739501953125,BS-KBANK-OPER-2567-04,KBANK-OPER,2567,04,transactions_p15,15,transactions
renders/bank_statement/2024-04/BS-KBANK-OPER-2567-04_transactions_p16.png,bank_statement,2024-04,.png,BS-KBANK-OPER-2567-04_transactions_p16,0.8706188201904297,BS-KBANK-OPER-2567-04,KBANK-OPER,2567,04,transactions_p16,16,transactions
renders/bank_statement/2024-04/BS-KBANK-OPER-2567-04_transactions_p17.png,bank_statement,2024-04,.png,BS-KBANK-OPER-2567-04_transactions_p17,0.8889856338500977,BS-KBANK-OPER-2567-04,KBANK-OPER,2567,04,transactions_p17,17,transactions
renders/bank_statement/2024-04/BS-KBANK-OPER-2567-04_transactions_p18.png,bank_statement,2024-04,.png,BS-KBANK-OPER-2567-04_transactions_p18,0.8807477951049805,BS-KBANK-OPER-2567-04,KBANK-OPER,2567,04,transactions_p18,18,transactions
renders/bank_statement/2024-04/BS-KBANK-OPER-2567-04_transactions_p19.png,bank_statement,2024-04,.png,BS-KBANK-OPER-2567-04_transactions_p19,0.8959732055664062,BS-KBANK-OPER-2567-04,KBANK-OPER,2567,04,transactions_p19,19,transactions
renders/bank_statement/2024-04/BS-KBANK-OPER-2567-04_transactions_p2.png,bank_statement,2024-04,.png,BS-KBANK-OPER-2567-04_transactions_p2,0.8718090057373047,BS-KBANK-OPER-2567-04,KBANK-OPER,2567,04,transactions_p2,2,transactions
renders/bank_statement/2024-04/BS-KBANK-OPER-2567-04_transactions_p20.png,bank_statement,2024-04,.png,BS-KBANK-OPER-2567-04_transactions_p20,0.9043598175048828,BS-KBANK-OPER-2567-04,KBANK-OPER,2567,04,transactions_p20,20,transactions
renders/bank_statement/2024-04/BS-KBANK-OPER-2567-04_transactions_p21.png,bank_statement,2024-04,.png,BS-KBANK-OPER-2567-04_transactions_p21,0.9179496765136719,BS-KBANK-OPER-2567-04,KBANK-OPER,2567,04,transactions_p21,21,transactions
renders/bank_statement/2024-04/BS-KBANK-OPER-2567-04_transactions_p22.png,bank_statement,2024-04,.png,BS-KBANK-OPER-2567-04_transactions_p22,0.9194002151489258,BS-KBANK-OPER-2567-04,KBANK-OPER,2567,04,transactions_p22,22,transactions
renders/bank_statement/2024-04/BS-KBANK-OPER-2567-04_transactions_p23.png,bank_statement,2024-04,.png,BS-KBANK-OPER-2567-04_transactions_p23,0.9124183654785156,BS-KBANK-OPER-2567-04,KBANK-OPER,2567,04,transactions_p23,23,transactions
renders/bank_statement/2024-04/BS-KBANK-OPER-2567-04_transactions_p24.png,bank_statement,2024-04,.png,BS-KBANK-OPER-2567-04_transactions_p24,0.9122734069824219,BS-KBANK-OPER-2567-04,KBANK-OPER,2567,04,transactions_p24,24,transactions
renders/bank_statement/2024-04/BS-KBANK-OPER-2567-04_transactions_p25.png,bank_statement,2024-04,.png,BS-KBANK-OPER-2567-04_transactions_p25,0.9067163467407227,BS-KBANK-OPER-2567-04,KBANK-OPER,2567,04,transactions_p25,25,transactions
renders/bank_statement/2024-04/BS-KBANK-OPER-2567-04_transactions_p26.png,bank_statement,2024-04,.png,BS-KBANK-OPER-2567-04_transactions_p26,0.9027328491210938,BS-KBANK-OPER-2567-04,KBANK-OPER,2567,04,transactions_p26,26,transactions
renders/bank_statement/2024-04/BS-KBANK-OPER-2567-04_transactions_p27.png,bank_statement,2024-04,.png,BS-KBANK-OPER-2567-04_transactions_p27,0.9049463272094727,BS-KBANK-OPER-2567-04,KBANK-OPER,2567,04,transactions_p27,27,transactions
renders/bank_statement/2024-04/BS-KBANK-OPER-2567-04_transactions_p28.png,bank_statement,2024-04,.png,BS-KBANK-OPER-2567-04_transactions_p28,0.9063758850097656,BS-KBANK-OPER-2567-04,KBANK-OPER,2567,04,transactions_p28,28,transactions
renders/bank_statement/2024-04/BS-KBANK-OPER-2567-04_transactions_p29.png,bank_statement,2024-04,.png,BS-KBANK-OPER-2567-04_transactions_p29,0.9070835113525391,BS-KBANK-OPER-2567-04,KBANK-OPER,2567,04,transactions_p29,29,transactions
renders/bank_statement/2024-04/BS-KBANK-OPER-2567-04_transactions_p3.png,bank_statement,2024-04,.png,BS-KBANK-OPER-2567-04_transactions_p3,0.8731851577758789,BS-KBANK-OPER-2567-04,KBANK-OPER,2567,04,transactions_p3,3,transactions
renders/bank_statement/2024-04/BS-KBANK-OPER-2567-04_transactions_p30.png,bank_statement,2024-04,.png,BS-KBANK-OPER-2567-04_transactions_p30,0.9092702865600586,BS-KBANK-OPER-2567-04,KBANK-OPER,2567,04,transactions_p30,30,transactions
renders/bank_statement/2024-04/BS-KBANK-OPER-2567-04_transactions_p31.png,bank_statement,2024-04,.png,BS-KBANK-OPER-2567-04_transactions_p31,0.9101943969726562,BS-KBANK-OPER-2567-04,KBANK-OPER,2567,04,transactions_p31,31,transactions
renders/bank_statement/2024-04/BS-KBANK-OPER-2567-04_transactions_p32.png,bank_statement,2024-04,.png,BS-KBANK-OPER-2567-04_transactions_p32,0.9016361236572266,BS-KBANK-OPER-2567-04,KBANK-OPER,2567,04,transactions_p32,32,transactions
renders/bank_statement/2024-04/BS-KBANK-OPER-2567-04_transactions_p33.png,bank_statement,2024-04,.png,BS-KBANK-OPER-2567-04_transactions_p33,0.6887378692626953,BS-KBANK-OPER-2567-04,KBANK-OPER,2567,04,transactions_p33,33,transactions
renders/bank_statement/2024-04/BS-KBANK-OPER-2567-04_transactions_p4.png,bank_statement,2024-04,.png,BS-KBANK-OPER-2567-04_transactions_p4,0.8856115341186523,BS-KBANK-OPER-2567-04,KBANK-OPER,2567,04,transactions_p4,4,transactions
renders/bank_statement/2024-04/BS-KBANK-OPER-2567-04_transactions_p5.png,bank_statement,2024-04,.png,BS-KBANK-OPER-2567-04_transactions_p5,0.8860578536987305,BS-KBANK-OPER-2567-04,KBANK-OPER,2567,04,transactions_p5,5,transactions
renders/bank_statement/2024-04/BS-KBANK-OPER-2567-04_transactions_p6.png,bank_statement,2024-04,.png,BS-KBANK-OPER-2567-04_transactions_p6,0.8886337280273438,BS-KBANK-OPER-2567-04,KBANK-OPER,2567,04,transactions_p6,6,transactions
renders/bank_statement/2024-04/BS-KBANK-OPER-2567-04_transactions_p7.png,bank_statement,2024-04,.png,BS-KBANK-OPER-2567-04_transactions_p7,0.8712673187255859,BS-KBANK-OPER-2567-04,KBANK-OPER,2567,04,transactions_p7,7,transactions
renders/bank_statement/2024-04/BS-KBANK-OPER-2567-04_transactions_p8.png,bank_statement,2024-04,.png,BS-KBANK-OPER-2567-04_transactions_p8,0.873046875,BS-KBANK-OPER-2567-04,KBANK-OPER,2567,04,transactions_p8,8,transactions
renders/bank_statement/2024-04/BS-KBANK-OPER-2567-04_transactions_p9.png,bank_statement,2024-04,.png,BS-KBANK-OPER-2567-04_transactions_p9,0.871668815612793,BS-KBANK-OPER-2567-04,KBANK-OPER,2567,04,transactions_p9,9,transactions
renders/bank_statement/2024-04/BS-OPER-BKK-CTW-2567-04_header.png,bank_statement,2024-04,.png,BS-OPER-BKK-CTW-2567-04_header,0.2979545593261719,BS-OPER-BKK-CTW-2567-04,OPER-BKK-CTW,2567,04,header,,header
renders/bank_statement/2024-04/BS-OPER-BKK-CTW-2567-04_transactions_p1.png,bank_statement,2024-04,.png,BS-OPER-BKK-CTW-2567-04_transactions_p1,0.8894243240356445,BS-OPER-BKK-CTW-2567-04,OPER-BKK-CTW,2567,04,transactions_p1,1,transactions
renders/bank_statement/2024-04/BS-OPER-BKK-CTW-2567-04_transactions_p2.png,bank_statement,2024-04,.png,BS-OPER-BKK-CTW-2567-04_transactions_p2,0.9026775360107422,BS-OPER-BKK-CTW-2567-04,OPER-BKK-CTW,2567,04,transactions_p2,2,transactions
renders/bank_statement/2024-04/BS-OPER-BKK-CTW-2567-04_transactions_p3.png,bank_statement,2024-04,.png,BS-OPER-BKK-CTW-2567-04_transactions_p3,0.19257831573486328,BS-OPER-BKK-CTW-2567-04,OPER-BKK-CTW,2567,04,transactions_p3,3,transactions
renders/bank_statement/2024-04/BS-OPER-BKK-EMSP-2567-04_header.png,bank_statement,2024-04,.png,BS-OPER-BKK-EMSP-2567-04_header,0.05935955047607422,BS-OPER-BKK-EMSP-2567-04,OPER-BKK-EMSP,2567,04,header,,header
renders/bank_statement/2024-04/BS-OPER-BKK-EMSP-2567-04_transactions_p1.png,bank_statement,2024-04,.png,BS-OPER-BKK-EMSP-2567-04_transactions_p1,0.19309425354003906,BS-OPER-BKK-EMSP-2567-04,OPER-BKK-EMSP,2567,04,transactions_p1,1,transactions
renders/bank_statement/2024-04/BS-OPER-BKK-EMSP-2567-04_transactions_p2.png,bank_statement,2024-04,.png,BS-OPER-BKK-EMSP-2567-04_transactions_p2,0.20163631439208984,BS-OPER-BKK-EMSP-2567-04,OPER-BKK-EMSP,2567,04,transactions_p2,2,transactions
renders/bank_statement/2024-04/BS-OPER-BKK-EMSP-2567-04_transactions_p3.png,bank_statement,2024-04,.png,BS-OPER-BKK-EMSP-2567-04_transactions_p3,0.1959676742553711,BS-OPER-BKK-EMSP-2567-04,OPER-BKK-EMSP,2567,04,transactions_p3,3,transactions
renders/bank_statement/2024-04/BS-OPER-BKK-EMSP-2567-04_transactions_p4.png,bank_statement,2024-04,.png,BS-OPER-BKK-EMSP-2567-04_transactions_p4,0.19912147521972656,BS-OPER-BKK-EMSP-2567-04,OPER-BKK-EMSP,2567,04,transactions_p4,4,transactions
renders/bank_statement/2024-04/BS-OPER-BKK-EMSP-2567-04_transactions_p5.png,bank_statement,2024-04,.png,BS-OPER-BKK-EMSP-2567-04_transactions_p5,0.19917964935302734,BS-OPER-BKK-EMSP-2567-04,OPER-BKK-EMSP,2567,04,transactions_p5,5,transactions
renders/bank_statement/2024-04/BS-OPER-BKK-EMSP-2567-04_transactions_p6.png,bank_statement,2024-04,.png,BS-OPER-BKK-EMSP-2567-04_transactions_p6,0.20104503631591797,BS-OPER-BKK-EMSP-2567-04,OPER-BKK-EMSP,2567,04,transactions_p6,6,transactions
renders/bank_statement/2024-04/BS-OPER-BKK-EMSP-2567-04_transactions_p7.png,bank_statement,2024-04,.png,BS-OPER-BKK-EMSP-2567-04_transactions_p7,0.08118438720703125,BS-OPER-BKK-EMSP-2567-04,OPER-BKK-EMSP,2567,04,transactions_p7,7,transactions
renders/bank_statement/2024-04/BS-OPER-BKK-PKT-2567-04_header.png,bank_statement,2024-04,.png,BS-OPER-BKK-PKT-2567-04_header,0.09110736846923828,BS-OPER-BKK-PKT-2567-04,OPER-BKK-PKT,2567,04,header,,header
renders/bank_statement/2024-04/BS-OPER-BKK-PKT-2567-04_transactions_p1.png,bank_statement,2024-04,.png,BS-OPER-BKK-PKT-2567-04_transactions_p1,0.17506885528564453,BS-OPER-BKK-PKT-2567-04,OPER-BKK-PKT,2567,04,transactions_p1,1,transactions
renders/bank_statement/2024-04/BS-OPER-BKK-PKT-2567-04_transactions_p2.png,bank_statement,2024-04,.png,BS-OPER-BKK-PKT-2567-04_transactions_p2,0.17863082885742188,BS-OPER-BKK-PKT-2567-04,OPER-BKK-PKT,2567,04,transactions_p2,2,transactions
renders/bank_statement/2024-04/BS-OPER-BKK-PKT-2567-04_transactions_p3.png,bank_statement,2024-04,.png,BS-OPER-BKK-PKT-2567-04_transactions_p3,0.1810312271118164,BS-OPER-BKK-PKT-2567-04,OPER-BKK-PKT,2567,04,transactions_p3,3,transactions
renders/bank_statement/2024-04/BS-OPER-BKK-PKT-2567-04_transactions_p4.png,bank_statement,2024-04,.png,BS-OPER-BKK-PKT-2567-04_transactions_p4,0.1792612075805664,BS-OPER-BKK-PKT-2567-04,OPER-BKK-PKT,2567,04,transactions_p4,4,transactions
renders/bank_statement/2024-04/BS-OPER-BKK-PKT-2567-04_transactions_p5.png,bank_statement,2024-04,.png,BS-OPER-BKK-PKT-2567-04_transactions_p5,0.17945384979248047,BS-OPER-BKK-PKT-2567-04,OPER-BKK-PKT,2567,04,transactions_p5,5,transactions
renders/bank_statement/2024-04/BS-OPER-BKK-PKT-2567-04_transactions_p6.png,bank_statement,2024-04,.png,BS-OPER-BKK-PKT-2567-04_transactions_p6,0.17359352111816406,BS-OPER-BKK-PKT-2567-04,OPER-BKK-PKT,2567,04,transactions_p6,6,transactions
renders/bank_statement/2024-04/BS-OPER-BKK-R9-2567-04_header.png,bank_statement,2024-04,.png,BS-OPER-BKK-R9-2567-04_header,0.2961568832397461,BS-OPER-BKK-R9-2567-04,OPER-BKK-R9,2567,04,header,,header
renders/bank_statement/2024-04/BS-OPER-BKK-R9-2567-04_transactions_p1.png,bank_statement,2024-04,.png,BS-OPER-BKK-R9-2567-04_transactions_p1,0.8952064514160156,BS-OPER-BKK-R9-2567-04,OPER-BKK-R9,2567,04,transactions_p1,1,transactions
renders/bank_statement/2024-04/BS-OPER-BKK-R9-2567-04_transactions_p2.png,bank_statement,2024-04,.png,BS-OPER-BKK-R9-2567-04_transactions_p2,0.9182882308959961,BS-OPER-BKK-R9-2567-04,OPER-BKK-R9,2567,04,transactions_p2,2,transactions
renders/bank_statement/2024-04/BS-OPER-BKK-R9-2567-04_transactions_p3.png,bank_statement,2024-04,.png,BS-OPER-BKK-R9-2567-04_transactions_p3,0.0776681900024414,BS-OPER-BKK-R9-2567-04,OPER-BKK-R9,2567,04,transactions_p3,3,transactions
renders/bank_statement/2024-04/BS-OPER-BKK-SIAM-2567-04_header.png,bank_statement,2024-04,.png,BS-OPER-BKK-SIAM-2567-04_header,0.0595245361328125,BS-OPER-BKK-SIAM-2567-04,OPER-BKK-SIAM,2567,04,header,,header
renders/bank_statement/2024-04/BS-OPER-BKK-SIAM-2567-04_transactions_p1.png,bank_statement,2024-04,.png,BS-OPER-BKK-SIAM-2567-04_transactions_p1,0.19546031951904297,BS-OPER-BKK-SIAM-2567-04,OPER-BKK-SIAM,2567,04,transactions_p1,1,transactions
renders/bank_statement/2024-04/BS-OPER-BKK-SIAM-2567-04_transactions_p2.png,bank_statement,2024-04,.png,BS-OPER-BKK-SIAM-2567-04_transactions_p2,0.2037820816040039,BS-OPER-BKK-SIAM-2567-04,OPER-BKK-SIAM,2567,04,transactions_p2,2,transactions
renders/bank_statement/2024-04/BS-OPER-BKK-SIAM-2567-04_transactions_p3.png,bank_statement,2024-04,.png,BS-OPER-BKK-SIAM-2567-04_transactions_p3,0.20090389251708984,BS-OPER-BKK-SIAM-2567-04,OPER-BKK-SIAM,2567,04,transactions_p3,3,transactions
renders/bank_statement/2024-04/BS-OPER-BKK-SIAM-2567-04_transactions_p4.png,bank_statement,2024-04,.png,BS-OPER-BKK-SIAM-2567-04_transactions_p4,0.20096302032470703,BS-OPER-BKK-SIAM-2567-04,OPER-BKK-SIAM,2567,04,transactions_p4,4,transactions
renders/bank_statement/2024-04/BS-OPER-BKK-SIAM-2567-04_transactions_p5.png,bank_statement,2024-04,.png,BS-OPER-BKK-SIAM-2567-04_transactions_p5,0.20151901245117188,BS-OPER-BKK-SIAM-2567-04,OPER-BKK-SIAM,2567,04,transactions_p5,5,transactions
renders/bank_statement/2024-04/BS-OPER-BKK-SIAM-2567-04_transactions_p6.png,bank_statement,2024-04,.png,BS-OPER-BKK-SIAM-2567-04_transactions_p6,0.2054424285888672,BS-OPER-BKK-SIAM-2567-04,OPER-BKK-SIAM,2567,04,transactions_p6,6,transactions
renders/bank_statement/2024-04/BS-OPER-BKK-SIAM-2567-04_transactions_p7.png,bank_statement,2024-04,.png,BS-OPER-BKK-SIAM-2567-04_transactions_p7,0.11520957946777344,BS-OPER-BKK-SIAM-2567-04,OPER-BKK-SIAM,2567,04,transactions_p7,7,transactions
renders/bank_statement/2024-04/BS-OPER-CNX-MAYA-2567-04_header.png,bank_statement,2024-04,.png,BS-OPER-CNX-MAYA-2567-04_header,0.09169483184814453,BS-OPER-CNX-MAYA-2567-04,OPER-CNX-MAYA,2567,04,header,,header
renders/bank_statement/2024-04/BS-OPER-CNX-MAYA-2567-04_transactions_p1.png,bank_statement,2024-04,.png,BS-OPER-CNX-MAYA-2567-04_transactions_p1,0.17445087432861328,BS-OPER-CNX-MAYA-2567-04,OPER-CNX-MAYA,2567,04,transactions_p1,1,transactions
renders/bank_statement/2024-04/BS-OPER-CNX-MAYA-2567-04_transactions_p2.png,bank_statement,2024-04,.png,BS-OPER-CNX-MAYA-2567-04_transactions_p2,0.17898941040039062,BS-OPER-CNX-MAYA-2567-04,OPER-CNX-MAYA,2567,04,transactions_p2,2,transactions
renders/bank_statement/2024-04/BS-OPER-CNX-MAYA-2567-04_transactions_p3.png,bank_statement,2024-04,.png,BS-OPER-CNX-MAYA-2567-04_transactions_p3,0.17963886260986328,BS-OPER-CNX-MAYA-2567-04,OPER-CNX-MAYA,2567,04,transactions_p3,3,transactions
renders/bank_statement/2024-04/BS-OPER-CNX-MAYA-2567-04_transactions_p4.png,bank_statement,2024-04,.png,BS-OPER-CNX-MAYA-2567-04_transactions_p4,0.1804676055908203,BS-OPER-CNX-MAYA-2567-04,OPER-CNX-MAYA,2567,04,transactions_p4,4,transactions
renders/bank_statement/2024-04/BS-OPER-CNX-MAYA-2567-04_transactions_p5.png,bank_statement,2024-04,.png,BS-OPER-CNX-MAYA-2567-04_transactions_p5,0.17807292938232422,BS-OPER-CNX-MAYA-2567-04,OPER-CNX-MAYA,2567,04,transactions_p5,5,transactions
renders/bank_statement/2024-04/BS-OPER-CNX-MAYA-2567-04_transactions_p6.png,bank_statement,2024-04,.png,BS-OPER-CNX-MAYA-2567-04_transactions_p6,0.1725940704345703,BS-OPER-CNX-MAYA-2567-04,OPER-CNX-MAYA,2567,04,transactions_p6,6,transactions
renders/bank_statement/2024-04/BS-OPER-HKT-FEST-2567-04_header.png,bank_statement,2024-04,.png,BS-OPER-HKT-FEST-2567-04_header,0.2942237854003906,BS-OPER-HKT-FEST-2567-04,OPER-HKT-FEST,2567,04,header,,header
renders/bank_statement/2024-04/BS-OPER-HKT-FEST-2567-04_transactions_p1.png,bank_statement,2024-04,.png,BS-OPER-HKT-FEST-2567-04_transactions_p1,0.8500776290893555,BS-OPER-HKT-FEST-2567-04,OPER-HKT-FEST,2567,04,transactions_p1,1,transactions
renders/bank_statement/2024-04/BS-OPER-HKT-FEST-2567-04_transactions_p2.png,bank_statement,2024-04,.png,BS-OPER-HKT-FEST-2567-04_transactions_p2,0.8686323165893555,BS-OPER-HKT-FEST-2567-04,OPER-HKT-FEST,2567,04,transactions_p2,2,transactions
renders/bank_statement/2024-04/BS-OPER-HKT-FEST-2567-04_transactions_p3.png,bank_statement,2024-04,.png,BS-OPER-HKT-FEST-2567-04_transactions_p3,0.07736968994140625,BS-OPER-HKT-FEST-2567-04,OPER-HKT-FEST,2567,04,transactions_p3,3,transactions
renders/bank_statement/2024-04/BS-OPER-KKC-CTRL-2567-04_header.png,bank_statement,2024-04,.png,BS-OPER-KKC-CTRL-2567-04_header,0.059372901916503906,BS-OPER-KKC-CTRL-2567-04,OPER-KKC-CTRL,2567,04,header,,header
renders/bank_statement/2024-04/BS-OPER-KKC-CTRL-2567-04_transactions_p1.png,bank_statement,2024-04,.png,BS-OPER-KKC-CTRL-2567-04_transactions_p1,0.1834859848022461,BS-OPER-KKC-CTRL-2567-04,OPER-KKC-CTRL,2567,04,transactions_p1,1,transactions
renders/bank_statement/2024-04/BS-OPER-KKC-CTRL-2567-04_transactions_p2.png,bank_statement,2024-04,.png,BS-OPER-KKC-CTRL-2567-04_transactions_p2,0.18897724151611328,BS-OPER-KKC-CTRL-2567-04,OPER-KKC-CTRL,2567,04,transactions_p2,2,transactions
renders/bank_statement/2024-04/BS-OPER-KKC-CTRL-2567-04_transactions_p3.png,bank_statement,2024-04,.png,BS-OPER-KKC-CTRL-2567-04_transactions_p3,0.18910503387451172,BS-OPER-KKC-CTRL-2567-04,OPER-KKC-CTRL,2567,04,transactions_p3,3,transactions
renders/bank_statement/2024-04/BS-OPER-KKC-CTRL-2567-04_transactions_p4.png,bank_statement,2024-04,.png,BS-OPER-KKC-CTRL-2567-04_transactions_p4,0.1879720687866211,BS-OPER-KKC-CTRL-2567-04,OPER-KKC-CTRL,2567,04,transactions_p4,4,transactions
renders/bank_statement/2024-04/BS-OPER-KKC-CTRL-2567-04_transactions_p5.png,bank_statement,2024-04,.png,BS-OPER-KKC-CTRL-2567-04_transactions_p5,0.1880626678466797,BS-OPER-KKC-CTRL-2567-04,OPER-KKC-CTRL,2567,04,transactions_p5,5,transactions
renders/bank_statement/2024-04/BS-OPER-KKC-CTRL-2567-04_transactions_p6.png,bank_statement,2024-04,.png,BS-OPER-KKC-CTRL-2567-04_transactions_p6,0.11956405639648438,BS-OPER-KKC-CTRL-2567-04,OPER-KKC-CTRL,2567,04,transactions_p6,6,transactions
renders/bank_statement/2024-04/BS-OPER-PTY-CTRL-2567-04_header.png,bank_statement,2024-04,.png,BS-OPER-PTY-CTRL-2567-04_header,0.09100723266601562,BS-OPER-PTY-CTRL-2567-04,OPER-PTY-CTRL,2567,04,header,,header
renders/bank_statement/2024-04/BS-OPER-PTY-CTRL-2567-04_transactions_p1.png,bank_statement,2024-04,.png,BS-OPER-PTY-CTRL-2567-04_transactions_p1,0.173858642578125,BS-OPER-PTY-CTRL-2567-04,OPER-PTY-CTRL,2567,04,transactions_p1,1,transactions
renders/bank_statement/2024-04/BS-OPER-PTY-CTRL-2567-04_transactions_p2.png,bank_statement,2024-04,.png,BS-OPER-PTY-CTRL-2567-04_transactions_p2,0.17853164672851562,BS-OPER-PTY-CTRL-2567-04,OPER-PTY-CTRL,2567,04,transactions_p2,2,transactions
renders/bank_statement/2024-04/BS-OPER-PTY-CTRL-2567-04_transactions_p3.png,bank_statement,2024-04,.png,BS-OPER-PTY-CTRL-2567-04_transactions_p3,0.17894744873046875,BS-OPER-PTY-CTRL-2567-04,OPER-PTY-CTRL,2567,04,transactions_p3,3,transactions
renders/bank_statement/2024-04/BS-OPER-PTY-CTRL-2567-04_transactions_p4.png,bank_statement,2024-04,.png,BS-OPER-PTY-CTRL-2567-04_transactions_p4,0.17805194854736328,BS-OPER-PTY-CTRL-2567-04,OPER-PTY-CTRL,2567,04,transactions_p4,4,transactions
renders/bank_statement/2024-04/BS-OPER-PTY-CTRL-2567-04_transactions_p5.png,bank_statement,2024-04,.png,BS-OPER-PTY-CTRL-2567-04_transactions_p5,0.17917442321777344,BS-OPER-PTY-CTRL-2567-04,OPER-PTY-CTRL,2567,04,transactions_p5,5,transactions
renders/bank_statement/2024-04/BS-OPER-PTY-CTRL-2567-04_transactions_p6.png,bank_statement,2024-04,.png,BS-OPER-PTY-CTRL-2567-04_transactions_p6,0.17258071899414062,BS-OPER-PTY-CTRL-2567-04,OPER-PTY-CTRL,2567,04,transactions_p6,6,transactions
renders/bank_statement/2024-04/BS-OPER-REMOTE-2567-04_header.png,bank_statement,2024-04,.png,BS-OPER-REMOTE-2567-04_header,0.2941904067993164,BS-OPER-REMOTE-2567-04,OPER-REMOTE,2567,04,header,,header
renders/bank_statement/2024-04/BS-OPER-REMOTE-2567-04_transactions_p1.png,bank_statement,2024-04,.png,BS-OPER-REMOTE-2567-04_transactions_p1,0.8773660659790039,BS-OPER-REMOTE-2567-04,OPER-REMOTE,2567,04,transactions_p1,1,transactions
renders/bank_statement/2024-04/BS-OPER-REMOTE-2567-04_transactions_p2.png,bank_statement,2024-04,.png,BS-OPER-REMOTE-2567-04_transactions_p2,0.7919521331787109,BS-OPER-REMOTE-2567-04,OPER-REMOTE,2567,04,transactions_p2,2,transactions
renders/bank_statement/2024-04/BS-OPER-UDN-CTRL-2567-04_header.png,bank_statement,2024-04,.png,BS-OPER-UDN-CTRL-2567-04_header,0.05926799774169922,BS-OPER-UDN-CTRL-2567-04,OPER-UDN-CTRL,2567,04,header,,header
renders/bank_statement/2024-04/BS-OPER-UDN-CTRL-2567-04_transactions_p1.png,bank_statement,2024-04,.png,BS-OPER-UDN-CTRL-2567-04_transactions_p1,0.1872844696044922,BS-OPER-UDN-CTRL-2567-04,OPER-UDN-CTRL,2567,04,transactions_p1,1,transactions
renders/bank_statement/2024-04/BS-OPER-UDN-CTRL-2567-04_transactions_p2.png,bank_statement,2024-04,.png,BS-OPER-UDN-CTRL-2567-04_transactions_p2,0.19390392303466797,BS-OPER-UDN-CTRL-2567-04,OPER-UDN-CTRL,2567,04,transactions_p2,2,transactions
renders/bank_statement/2024-04/BS-OPER-UDN-CTRL-2567-04_transactions_p3.png,bank_statement,2024-04,.png,BS-OPER-UDN-CTRL-2567-04_transactions_p3,0.19106006622314453,BS-OPER-UDN-CTRL-2567-04,OPER-UDN-CTRL,2567,04,transactions_p3,3,transactions
renders/bank_statement/2024-04/BS-OPER-UDN-CTRL-2567-04_transactions_p4.png,bank_statement,2024-04,.png,BS-OPER-UDN-CTRL-2567-04_transactions_p4,0.19070148468017578,BS-OPER-UDN-CTRL-2567-04,OPER-UDN-CTRL,2567,04,transactions_p4,4,transactions
renders/bank_statement/2024-04/BS-OPER-UDN-CTRL-2567-04_transactions_p5.png,bank_statement,2024-04,.png,BS-OPER-UDN-CTRL-2567-04_transactions_p5,0.19191455841064453,BS-OPER-UDN-CTRL-2567-04,OPER-UDN-CTRL,2567,04,transactions_p5,5,transactions
renders/bank_statement/2024-04/BS-OPER-UDN-CTRL-2567-04_transactions_p6.png,bank_statement,2024-04,.png,BS-OPER-UDN-CTRL-2567-04_transactions_p6,0.09689044952392578,BS-OPER-UDN-CTRL-2567-04,OPER-UDN-CTRL,2567,04,transactions_p6,6,transactions
renders/bank_statement/2024-04/BS-SCB-OPER-2567-04_header.png,bank_statement,2024-04,.png,BS-SCB-OPER-2567-04_header,0.0586395263671875,BS-SCB-OPER-2567-04,SCB-OPER,2567,04,header,,header
renders/bank_statement/2024-04/BS-SCB-OPER-2567-04_transactions_p1.png,bank_statement,2024-04,.png,BS-SCB-OPER-2567-04_transactions_p1,0.08287334442138672,BS-SCB-OPER-2567-04,SCB-OPER,2567,04,transactions_p1,1,transactions
renders/bank_statement/2024-05/BS-BBL-OPER-2567-05_header.png,bank_statement,2024-05,.png,BS-BBL-OPER-2567-05_header,0.09012222290039062,BS-BBL-OPER-2567-05,BBL-OPER,2567,05,header,,header
renders/bank_statement/2024-05/BS-BBL-OPER-2567-05_transactions_p1.png,bank_statement,2024-05,.png,BS-BBL-OPER-2567-05_transactions_p1,0.09497737884521484,BS-BBL-OPER-2567-05,BBL-OPER,2567,05,transactions_p1,1,transactions
renders/bank_statement/2024-05/BS-KBANK-OPER-2567-05_header.png,bank_statement,2024-05,.png,BS-KBANK-OPER-2567-05_header,0.2997398376464844,BS-KBANK-OPER-2567-05,KBANK-OPER,2567,05,header,,header
renders/bank_statement/2024-05/BS-KBANK-OPER-2567-05_transactions_p1.png,bank_statement,2024-05,.png,BS-KBANK-OPER-2567-05_transactions_p1,0.8692073822021484,BS-KBANK-OPER-2567-05,KBANK-OPER,2567,05,transactions_p1,1,transactions
renders/bank_statement/2024-05/BS-KBANK-OPER-2567-05_transactions_p10.png,bank_statement,2024-05,.png,BS-KBANK-OPER-2567-05_transactions_p10,0.8949480056762695,BS-KBANK-OPER-2567-05,KBANK-OPER,2567,05,transactions_p10,10,transactions
renders/bank_statement/2024-05/BS-KBANK-OPER-2567-05_transactions_p11.png,bank_statement,2024-05,.png,BS-KBANK-OPER-2567-05_transactions_p11,0.9113225936889648,BS-KBANK-OPER-2567-05,KBANK-OPER,2567,05,transactions_p11,11,transactions
renders/bank_statement/2024-05/BS-KBANK-OPER-2567-05_transactions_p12.png,bank_statement,2024-05,.png,BS-KBANK-OPER-2567-05_transactions_p12,0.9080228805541992,BS-KBANK-OPER-2567-05,KBANK-OPER,2567,05,transactions_p12,12,transactions
renders/bank_statement/2024-05/BS-KBANK-OPER-2567-05_transactions_p13.png,bank_statement,2024-05,.png,BS-KBANK-OPER-2567-05_transactions_p13,0.8884363174438477,BS-KBANK-OPER-2567-05,KBANK-OPER,2567,05,transactions_p13,13,transactions
renders/bank_statement/2024-05/BS-KBANK-OPER-2567-05_transactions_p14.png,bank_statement,2024-05,.png,BS-KBANK-OPER-2567-05_transactions_p14,0.8832635879516602,BS-KBANK-OPER-2567-05,KBANK-OPER,2567,05,transactions_p14,14,transactions
renders/bank_statement/2024-05/BS-KBANK-OPER-2567-05_transactions_p15.png,bank_statement,2024-05,.png,BS-KBANK-OPER-2567-05_transactions_p15,0.8833780288696289,BS-KBANK-OPER-2567-05,KBANK-OPER,2567,05,transactions_p15,15,transactions
renders/bank_statement/2024-05/BS-KBANK-OPER-2567-05_transactions_p16.png,bank_statement,2024-05,.png,BS-KBANK-OPER-2567-05_transactions_p16,0.8851642608642578,BS-KBANK-OPER-2567-05,KBANK-OPER,2567,05,transactions_p16,16,transactions
renders/bank_statement/2024-05/BS-KBANK-OPER-2567-05_transactions_p17.png,bank_statement,2024-05,.png,BS-KBANK-OPER-2567-05_transactions_p17,0.90924072265625,BS-KBANK-OPER-2567-05,KBANK-OPER,2567,05,transactions_p17,17,transactions
renders/bank_statement/2024-05/BS-KBANK-OPER-2567-05_transactions_p18.png,bank_statement,2024-05,.png,BS-KBANK-OPER-2567-05_transactions_p18,0.9088525772094727,BS-KBANK-OPER-2567-05,KBANK-OPER,2567,05,transactions_p18,18,transactions
renders/bank_statement/2024-05/BS-KBANK-OPER-2567-05_transactions_p19.png,bank_statement,2024-05,.png,BS-KBANK-OPER-2567-05_transactions_p19,0.9060745239257812,BS-KBANK-OPER-2567-05,KBANK-OPER,2567,05,transactions_p19,19,transactions
renders/bank_statement/2024-05/BS-KBANK-OPER-2567-05_transactions_p2.png,bank_statement,2024-05,.png,BS-KBANK-OPER-2567-05_transactions_p2,0.8838396072387695,BS-KBANK-OPER-2567-05,KBANK-OPER,2567,05,transactions_p2,2,transactions
renders/bank_statement/2024-05/BS-KBANK-OPER-2567-05_transactions_p20.png,bank_statement,2024-05,.png,BS-KBANK-OPER-2567-05_transactions_p20,0.9161453247070312,BS-KBANK-OPER-2567-05,KBANK-OPER,2567,05,transactions_p20,20,transactions
renders/bank_statement/2024-05/BS-KBANK-OPER-2567-05_transactions_p21.png,bank_statement,2024-05,.png,BS-KBANK-OPER-2567-05_transactions_p21,0.9248800277709961,BS-KBANK-OPER-2567-05,KBANK-OPER,2567,05,transactions_p21,21,transactions
renders/bank_statement/2024-05/BS-KBANK-OPER-2567-05_transactions_p22.png,bank_statement,2024-05,.png,BS-KBANK-OPER-2567-05_transactions_p22,0.9301004409790039,BS-KBANK-OPER-2567-05,KBANK-OPER,2567,05,transactions_p22,22,transactions
renders/bank_statement/2024-05/BS-KBANK-OPER-2567-05_transactions_p23.png,bank_statement,2024-05,.png,BS-KBANK-OPER-2567-05_transactions_p23,0.9299249649047852,BS-KBANK-OPER-2567-05,KBANK-OPER,2567,05,transactions_p23,23,transactions
renders/bank_statement/2024-05/BS-KBANK-OPER-2567-05_transactions_p24.png,bank_statement,2024-05,.png,BS-KBANK-OPER-2567-05_transactions_p24,0.9286556243896484,BS-KBANK-OPER-2567-05,KBANK-OPER,2567,05,transactions_p24,24,transactions
renders/bank_statement/2024-05/BS-KBANK-OPER-2567-05_transactions_p25.png,bank_statement,2024-05,.png,BS-KBANK-OPER-2567-05_transactions_p25,0.9219198226928711,BS-KBANK-OPER-2567-05,KBANK-OPER,2567,05,transactions_p25,25,transactions
renders/bank_statement/2024-05/BS-KBANK-OPER-2567-05_transactions_p26.png,bank_statement,2024-05,.png,BS-KBANK-OPER-2567-05_transactions_p26,0.9220571517944336,BS-KBANK-OPER-2567-05,KBANK-OPER,2567,05,transactions_p26,26,transactions
renders/bank_statement/2024-05/BS-KBANK-OPER-2567-05_transactions_p27.png,bank_statement,2024-05,.png,BS-KBANK-OPER-2567-05_transactions_p27,0.9332361221313477,BS-KBANK-OPER-2567-05,KBANK-OPER,2567,05,transactions_p27,27,transactions
renders/bank_statement/2024-05/BS-KBANK-OPER-2567-05_transactions_p28.png,bank_statement,2024-05,.png,BS-KBANK-OPER-2567-05_transactions_p28,0.937525749206543,BS-KBANK-OPER-2567-05,KBANK-OPER,2567,05,transactions_p28,28,transactions
renders/bank_statement/2024-05/BS-KBANK-OPER-2567-05_transactions_p29.png,bank_statement,2024-05,.png,BS-KBANK-OPER-2567-05_transactions_p29,0.9377679824829102,BS-KBANK-OPER-2567-05,KBANK-OPER,2567,05,transactions_p29,29,transactions
renders/bank_statement/2024-05/BS-KBANK-OPER-2567-05_transactions_p3.png,bank_statement,2024-05,.png,BS-KBANK-OPER-2567-05_transactions_p3,0.8874654769897461,BS-KBANK-OPER-2567-05,KBANK-OPER,2567,05,transactions_p3,3,transactions
renders/bank_statement/2024-05/BS-KBANK-OPER-2567-05_transactions_p30.png,bank_statement,2024-05,.png,BS-KBANK-OPER-2567-05_transactions_p30,0.9410991668701172,BS-KBANK-OPER-2567-05,KBANK-OPER,2567,05,transactions_p30,30,transactions
renders/bank_statement/2024-05/BS-KBANK-OPER-2567-05_transactions_p31.png,bank_statement,2024-05,.png,BS-KBANK-OPER-2567-05_transactions_p31,0.9306640625,BS-KBANK-OPER-2567-05,KBANK-OPER,2567,05,transactions_p31,31,transactions
renders/bank_statement/2024-05/BS-KBANK-OPER-2567-05_transactions_p32.png,bank_statement,2024-05,.png,BS-KBANK-OPER-2567-05_transactions_p32,0.9372072219848633,BS-KBANK-OPER-2567-05,KBANK-OPER,2567,05,transactions_p32,32,transactions
renders/bank_statement/2024-05/BS-KBANK-OPER-2567-05_transactions_p33.png,bank_statement,2024-05,.png,BS-KBANK-OPER-2567-05_transactions_p33,0.9352579116821289,BS-KBANK-OPER-2567-05,KBANK-OPER,2567,05,transactions_p33,33,transactions
renders/bank_statement/2024-05/BS-KBANK-OPER-2567-05_transactions_p34.png,bank_statement,2024-05,.png,BS-KBANK-OPER-2567-05_transactions_p34,0.21587085723876953,BS-KBANK-OPER-2567-05,KBANK-OPER,2567,05,transactions_p34,34,transactions
renders/bank_statement/2024-05/BS-KBANK-OPER-2567-05_transactions_p4.png,bank_statement,2024-05,.png,BS-KBANK-OPER-2567-05_transactions_p4,0.8993377685546875,BS-KBANK-OPER-2567-05,KBANK-OPER,2567,05,transactions_p4,4,transactions
renders/bank_statement/2024-05/BS-KBANK-OPER-2567-05_transactions_p5.png,bank_statement,2024-05,.png,BS-KBANK-OPER-2567-05_transactions_p5,0.8973827362060547,BS-KBANK-OPER-2567-05,KBANK-OPER,2567,05,transactions_p5,5,transactions
renders/bank_statement/2024-05/BS-KBANK-OPER-2567-05_transactions_p6.png,bank_statement,2024-05,.png,BS-KBANK-OPER-2567-05_transactions_p6,0.8985395431518555,BS-KBANK-OPER-2567-05,KBANK-OPER,2567,05,transactions_p6,6,transactions
renders/bank_statement/2024-05/BS-KBANK-OPER-2567-05_transactions_p7.png,bank_statement,2024-05,.png,BS-KBANK-OPER-2567-05_transactions_p7,0.893671989440918,BS-KBANK-OPER-2567-05,KBANK-OPER,2567,05,transactions_p7,7,transactions
renders/bank_statement/2024-05/BS-KBANK-OPER-2567-05_transactions_p8.png,bank_statement,2024-05,.png,BS-KBANK-OPER-2567-05_transactions_p8,0.8878326416015625,BS-KBANK-OPER-2567-05,KBANK-OPER,2567,05,transactions_p8,8,transactions
renders/bank_statement/2024-05/BS-KBANK-OPER-2567-05_transactions_p9.png,bank_statement,2024-05,.png,BS-KBANK-OPER-2567-05_transactions_p9,0.8864345550537109,BS-KBANK-OPER-2567-05,KBANK-OPER,2567,05,transactions_p9,9,transactions
renders/bank_statement/2024-05/BS-OPER-BKK-CTW-2567-05_header.png,bank_statement,2024-05,.png,BS-OPER-BKK-CTW-2567-05_header,0.29898929595947266,BS-OPER-BKK-CTW-2567-05,OPER-BKK-CTW,2567,05,header,,header
renders/bank_statement/2024-05/BS-OPER-BKK-CTW-2567-05_transactions_p1.png,bank_statement,2024-05,.png,BS-OPER-BKK-CTW-2567-05_transactions_p1,0.9063282012939453,BS-OPER-BKK-CTW-2567-05,OPER-BKK-CTW,2567,05,transactions_p1,1,transactions
renders/bank_statement/2024-05/BS-OPER-BKK-CTW-2567-05_transactions_p2.png,bank_statement,2024-05,.png,BS-OPER-BKK-CTW-2567-05_transactions_p2,0.9158153533935547,BS-OPER-BKK-CTW-2567-05,OPER-BKK-CTW,2567,05,transactions_p2,2,transactions
renders/bank_statement/2024-05/BS-OPER-BKK-CTW-2567-05_transactions_p3.png,bank_statement,2024-05,.png,BS-OPER-BKK-CTW-2567-05_transactions_p3,0.5758934020996094,BS-OPER-BKK-CTW-2567-05,OPER-BKK-CTW,2567,05,transactions_p3,3,transactions
renders/bank_statement/2024-05/BS-OPER-BKK-EMSP-2567-05_header.png,bank_statement,2024-05,.png,BS-OPER-BKK-EMSP-2567-05_header,0.05934619903564453,BS-OPER-BKK-EMSP-2567-05,OPER-BKK-EMSP,2567,05,header,,header
renders/bank_statement/2024-05/BS-OPER-BKK-EMSP-2567-05_transactions_p1.png,bank_statement,2024-05,.png,BS-OPER-BKK-EMSP-2567-05_transactions_p1,0.1955270767211914,BS-OPER-BKK-EMSP-2567-05,OPER-BKK-EMSP,2567,05,transactions_p1,1,transactions
renders/bank_statement/2024-05/BS-OPER-BKK-EMSP-2567-05_transactions_p2.png,bank_statement,2024-05,.png,BS-OPER-BKK-EMSP-2567-05_transactions_p2,0.2024517059326172,BS-OPER-BKK-EMSP-2567-05,OPER-BKK-EMSP,2567,05,transactions_p2,2,transactions
renders/bank_statement/2024-05/BS-OPER-BKK-EMSP-2567-05_transactions_p3.png,bank_statement,2024-05,.png,BS-OPER-BKK-EMSP-2567-05_transactions_p3,0.19931316375732422,BS-OPER-BKK-EMSP-2567-05,OPER-BKK-EMSP,2567,05,transactions_p3,3,transactions
renders/bank_statement/2024-05/BS-OPER-BKK-EMSP-2567-05_transactions_p4.png,bank_statement,2024-05,.png,BS-OPER-BKK-EMSP-2567-05_transactions_p4,0.20021343231201172,BS-OPER-BKK-EMSP-2567-05,OPER-BKK-EMSP,2567,05,transactions_p4,4,transactions
renders/bank_statement/2024-05/BS-OPER-BKK-EMSP-2567-05_transactions_p5.png,bank_statement,2024-05,.png,BS-OPER-BKK-EMSP-2567-05_transactions_p5,0.19976043701171875,BS-OPER-BKK-EMSP-2567-05,OPER-BKK-EMSP,2567,05,transactions_p5,5,transactions
renders/bank_statement/2024-05/BS-OPER-BKK-EMSP-2567-05_transactions_p6.png,bank_statement,2024-05,.png,BS-OPER-BKK-EMSP-2567-05_transactions_p6,0.20071887969970703,BS-OPER-BKK-EMSP-2567-05,OPER-BKK-EMSP,2567,05,transactions_p6,6,transactions
renders/bank_statement/2024-05/BS-OPER-BKK-EMSP-2567-05_transactions_p7.png,bank_statement,2024-05,.png,BS-OPER-BKK-EMSP-2567-05_transactions_p7,0.20228290557861328,BS-OPER-BKK-EMSP-2567-05,OPER-BKK-EMSP,2567,05,transactions_p7,7,transactions
renders/bank_statement/2024-05/BS-OPER-BKK-EMSP-2567-05_transactions_p8.png,bank_statement,2024-05,.png,BS-OPER-BKK-EMSP-2567-05_transactions_p8,0.1064291000366211,BS-OPER-BKK-EMSP-2567-05,OPER-BKK-EMSP,2567,05,transactions_p8,8,transactions
renders/bank_statement/2024-05/BS-OPER-BKK-PKT-2567-05_header.png,bank_statement,2024-05,.png,BS-OPER-BKK-PKT-2567-05_header,0.09108734130859375,BS-OPER-BKK-PKT-2567-05,OPER-BKK-PKT,2567,05,header,,header
renders/bank_statement/2024-05/BS-OPER-BKK-PKT-2567-05_transactions_p1.png,bank_statement,2024-05,.png,BS-OPER-BKK-PKT-2567-05_transactions_p1,0.1766490936279297,BS-OPER-BKK-PKT-2567-05,OPER-BKK-PKT,2567,05,transactions_p1,1,transactions
renders/bank_statement/2024-05/BS-OPER-BKK-PKT-2567-05_transactions_p2.png,bank_statement,2024-05,.png,BS-OPER-BKK-PKT-2567-05_transactions_p2,0.1802978515625,BS-OPER-BKK-PKT-2567-05,OPER-BKK-PKT,2567,05,transactions_p2,2,transactions
renders/bank_statement/2024-05/BS-OPER-BKK-PKT-2567-05_transactions_p3.png,bank_statement,2024-05,.png,BS-OPER-BKK-PKT-2567-05_transactions_p3,0.18080520629882812,BS-OPER-BKK-PKT-2567-05,OPER-BKK-PKT,2567,05,transactions_p3,3,transactions
renders/bank_statement/2024-05/BS-OPER-BKK-PKT-2567-05_transactions_p4.png,bank_statement,2024-05,.png,BS-OPER-BKK-PKT-2567-05_transactions_p4,0.18035888671875,BS-OPER-BKK-PKT-2567-05,OPER-BKK-PKT,2567,05,transactions_p4,4,transactions
renders/bank_statement/2024-05/BS-OPER-BKK-PKT-2567-05_transactions_p5.png,bank_statement,2024-05,.png,BS-OPER-BKK-PKT-2567-05_transactions_p5,0.1821727752685547,BS-OPER-BKK-PKT-2567-05,OPER-BKK-PKT,2567,05,transactions_p5,5,transactions
renders/bank_statement/2024-05/BS-OPER-BKK-PKT-2567-05_transactions_p6.png,bank_statement,2024-05,.png,BS-OPER-BKK-PKT-2567-05_transactions_p6,0.18109989166259766,BS-OPER-BKK-PKT-2567-05,OPER-BKK-PKT,2567,05,transactions_p6,6,transactions
renders/bank_statement/2024-05/BS-OPER-BKK-PKT-2567-05_transactions_p7.png,bank_statement,2024-05,.png,BS-OPER-BKK-PKT-2567-05_transactions_p7,0.1842336654663086,BS-OPER-BKK-PKT-2567-05,OPER-BKK-PKT,2567,05,transactions_p7,7,transactions
renders/bank_statement/2024-05/BS-OPER-BKK-PKT-2567-05_transactions_p8.png,bank_statement,2024-05,.png,BS-OPER-BKK-PKT-2567-05_transactions_p8,0.13729381561279297,BS-OPER-BKK-PKT-2567-05,OPER-BKK-PKT,2567,05,transactions_p8,8,transactions
renders/bank_statement/2024-05/BS-OPER-BKK-R9-2567-05_header.png,bank_statement,2024-05,.png,BS-OPER-BKK-R9-2567-05_header,0.2970008850097656,BS-OPER-BKK-R9-2567-05,OPER-BKK-R9,2567,05,header,,header
renders/bank_statement/2024-05/BS-OPER-BKK-R9-2567-05_transactions_p1.png,bank_statement,2024-05,.png,BS-OPER-BKK-R9-2567-05_transactions_p1,0.9061355590820312,BS-OPER-BKK-R9-2567-05,OPER-BKK-R9,2567,05,transactions_p1,1,transactions
renders/bank_statement/2024-05/BS-OPER-BKK-R9-2567-05_transactions_p2.png,bank_statement,2024-05,.png,BS-OPER-BKK-R9-2567-05_transactions_p2,0.9260940551757812,BS-OPER-BKK-R9-2567-05,OPER-BKK-R9,2567,05,transactions_p2,2,transactions
renders/bank_statement/2024-05/BS-OPER-BKK-R9-2567-05_transactions_p3.png,bank_statement,2024-05,.png,BS-OPER-BKK-R9-2567-05_transactions_p3,0.5251808166503906,BS-OPER-BKK-R9-2567-05,OPER-BKK-R9,2567,05,transactions_p3,3,transactions
renders/bank_statement/2024-05/BS-OPER-BKK-SIAM-2567-05_header.png,bank_statement,2024-05,.png,BS-OPER-BKK-SIAM-2567-05_header,0.05951499938964844,BS-OPER-BKK-SIAM-2567-05,OPER-BKK-SIAM,2567,05,header,,header
renders/bank_statement/2024-05/BS-OPER-BKK-SIAM-2567-05_transactions_p1.png,bank_statement,2024-05,.png,BS-OPER-BKK-SIAM-2567-05_transactions_p1,0.1977224349975586,BS-OPER-BKK-SIAM-2567-05,OPER-BKK-SIAM,2567,05,transactions_p1,1,transactions
renders/bank_statement/2024-05/BS-OPER-BKK-SIAM-2567-05_transactions_p2.png,bank_statement,2024-05,.png,BS-OPER-BKK-SIAM-2567-05_transactions_p2,0.2038707733154297,BS-OPER-BKK-SIAM-2567-05,OPER-BKK-SIAM,2567,05,transactions_p2,2,transactions
renders/bank_statement/2024-05/BS-OPER-BKK-SIAM-2567-05_transactions_p3.png,bank_statement,2024-05,.png,BS-OPER-BKK-SIAM-2567-05_transactions_p3,0.20189666748046875,BS-OPER-BKK-SIAM-2567-05,OPER-BKK-SIAM,2567,05,transactions_p3,3,transactions
renders/bank_statement/2024-05/BS-OPER-BKK-SIAM-2567-05_transactions_p4.png,bank_statement,2024-05,.png,BS-OPER-BKK-SIAM-2567-05_transactions_p4,0.2005167007446289,BS-OPER-BKK-SIAM-2567-05,OPER-BKK-SIAM,2567,05,transactions_p4,4,transactions
renders/bank_statement/2024-05/BS-OPER-BKK-SIAM-2567-05_transactions_p5.png,bank_statement,2024-05,.png,BS-OPER-BKK-SIAM-2567-05_transactions_p5,0.2025299072265625,BS-OPER-BKK-SIAM-2567-05,OPER-BKK-SIAM,2567,05,transactions_p5,5,transactions
renders/bank_statement/2024-05/BS-OPER-BKK-SIAM-2567-05_transactions_p6.png,bank_statement,2024-05,.png,BS-OPER-BKK-SIAM-2567-05_transactions_p6,0.20380115509033203,BS-OPER-BKK-SIAM-2567-05,OPER-BKK-SIAM,2567,05,transactions_p6,6,transactions
renders/bank_statement/2024-05/BS-OPER-BKK-SIAM-2567-05_transactions_p7.png,bank_statement,2024-05,.png,BS-OPER-BKK-SIAM-2567-05_transactions_p7,0.20467758178710938,BS-OPER-BKK-SIAM-2567-05,OPER-BKK-SIAM,2567,05,transactions_p7,7,transactions
renders/bank_statement/2024-05/BS-OPER-BKK-SIAM-2567-05_transactions_p8.png,bank_statement,2024-05,.png,BS-OPER-BKK-SIAM-2567-05_transactions_p8,0.17354774475097656,BS-OPER-BKK-SIAM-2567-05,OPER-BKK-SIAM,2567,05,transactions_p8,8,transactions
renders/bank_statement/2024-05/BS-OPER-CNX-MAYA-2567-05_header.png,bank_statement,2024-05,.png,BS-OPER-CNX-MAYA-2567-05_header,0.09166812896728516,BS-OPER-CNX-MAYA-2567-05,OPER-CNX-MAYA,2567,05,header,,header
renders/bank_statement/2024-05/BS-OPER-CNX-MAYA-2567-05_transactions_p1.png,bank_statement,2024-05,.png,BS-OPER-CNX-MAYA-2567-05_transactions_p1,0.17631149291992188,BS-OPER-CNX-MAYA-2567-05,OPER-CNX-MAYA,2567,05,transactions_p1,1,transactions
renders/bank_statement/2024-05/BS-OPER-CNX-MAYA-2567-05_transactions_p2.png,bank_statement,2024-05,.png,BS-OPER-CNX-MAYA-2567-05_transactions_p2,0.1813678741455078,BS-OPER-CNX-MAYA-2567-05,OPER-CNX-MAYA,2567,05,transactions_p2,2,transactions
renders/bank_statement/2024-05/BS-OPER-CNX-MAYA-2567-05_transactions_p3.png,bank_statement,2024-05,.png,BS-OPER-CNX-MAYA-2567-05_transactions_p3,0.18184757232666016,BS-OPER-CNX-MAYA-2567-05,OPER-CNX-MAYA,2567,05,transactions_p3,3,transactions
renders/bank_statement/2024-05/BS-OPER-CNX-MAYA-2567-05_transactions_p4.png,bank_statement,2024-05,.png,BS-OPER-CNX-MAYA-2567-05_transactions_p4,0.18081378936767578,BS-OPER-CNX-MAYA-2567-05,OPER-CNX-MAYA,2567,05,transactions_p4,4,transactions
renders/bank_statement/2024-05/BS-OPER-CNX-MAYA-2567-05_transactions_p5.png,bank_statement,2024-05,.png,BS-OPER-CNX-MAYA-2567-05_transactions_p5,0.18180370330810547,BS-OPER-CNX-MAYA-2567-05,OPER-CNX-MAYA,2567,05,transactions_p5,5,transactions
renders/bank_statement/2024-05/BS-OPER-CNX-MAYA-2567-05_transactions_p6.png,bank_statement,2024-05,.png,BS-OPER-CNX-MAYA-2567-05_transactions_p6,0.1799602508544922,BS-OPER-CNX-MAYA-2567-05,OPER-CNX-MAYA,2567,05,transactions_p6,6,transactions
renders/bank_statement/2024-05/BS-OPER-CNX-MAYA-2567-05_transactions_p7.png,bank_statement,2024-05,.png,BS-OPER-CNX-MAYA-2567-05_transactions_p7,0.18375015258789062,BS-OPER-CNX-MAYA-2567-05,OPER-CNX-MAYA,2567,05,transactions_p7,7,transactions
renders/bank_statement/2024-05/BS-OPER-CNX-MAYA-2567-05_transactions_p8.png,bank_statement,2024-05,.png,BS-OPER-CNX-MAYA-2567-05_transactions_p8,0.09513282775878906,BS-OPER-CNX-MAYA-2567-05,OPER-CNX-MAYA,2567,05,transactions_p8,8,transactions
renders/bank_statement/2024-05/BS-OPER-HKT-FEST-2567-05_header.png,bank_statement,2024-05,.png,BS-OPER-HKT-FEST-2567-05_header,0.29537296295166016,BS-OPER-HKT-FEST-2567-05,OPER-HKT-FEST,2567,05,header,,header
renders/bank_statement/2024-05/BS-OPER-HKT-FEST-2567-05_transactions_p1.png,bank_statement,2024-05,.png,BS-OPER-HKT-FEST-2567-05_transactions_p1,0.8666582107543945,BS-OPER-HKT-FEST-2567-05,OPER-HKT-FEST,2567,05,transactions_p1,1,transactions
renders/bank_statement/2024-05/BS-OPER-HKT-FEST-2567-05_transactions_p2.png,bank_statement,2024-05,.png,BS-OPER-HKT-FEST-2567-05_transactions_p2,0.8804244995117188,BS-OPER-HKT-FEST-2567-05,OPER-HKT-FEST,2567,05,transactions_p2,2,transactions
renders/bank_statement/2024-05/BS-OPER-HKT-FEST-2567-05_transactions_p3.png,bank_statement,2024-05,.png,BS-OPER-HKT-FEST-2567-05_transactions_p3,0.4050760269165039,BS-OPER-HKT-FEST-2567-05,OPER-HKT-FEST,2567,05,transactions_p3,3,transactions
renders/bank_statement/2024-05/BS-OPER-KKC-CTRL-2567-05_header.png,bank_statement,2024-05,.png,BS-OPER-KKC-CTRL-2567-05_header,0.059356689453125,BS-OPER-KKC-CTRL-2567-05,OPER-KKC-CTRL,2567,05,header,,header
renders/bank_statement/2024-05/BS-OPER-KKC-CTRL-2567-05_transactions_p1.png,bank_statement,2024-05,.png,BS-OPER-KKC-CTRL-2567-05_transactions_p1,0.18486309051513672,BS-OPER-KKC-CTRL-2567-05,OPER-KKC-CTRL,2567,05,transactions_p1,1,transactions
renders/bank_statement/2024-05/BS-OPER-KKC-CTRL-2567-05_transactions_p2.png,bank_statement,2024-05,.png,BS-OPER-KKC-CTRL-2567-05_transactions_p2,0.19037723541259766,BS-OPER-KKC-CTRL-2567-05,OPER-KKC-CTRL,2567,05,transactions_p2,2,transactions
renders/bank_statement/2024-05/BS-OPER-KKC-CTRL-2567-05_transactions_p3.png,bank_statement,2024-05,.png,BS-OPER-KKC-CTRL-2567-05_transactions_p3,0.19037342071533203,BS-OPER-KKC-CTRL-2567-05,OPER-KKC-CTRL,2567,05,transactions_p3,3,transactions
renders/bank_statement/2024-05/BS-OPER-KKC-CTRL-2567-05_transactions_p4.png,bank_statement,2024-05,.png,BS-OPER-KKC-CTRL-2567-05_transactions_p4,0.19181156158447266,BS-OPER-KKC-CTRL-2567-05,OPER-KKC-CTRL,2567,05,transactions_p4,4,transactions
renders/bank_statement/2024-05/BS-OPER-KKC-CTRL-2567-05_transactions_p5.png,bank_statement,2024-05,.png,BS-OPER-KKC-CTRL-2567-05_transactions_p5,0.1897878646850586,BS-OPER-KKC-CTRL-2567-05,OPER-KKC-CTRL,2567,05,transactions_p5,5,transactions
renders/bank_statement/2024-05/BS-OPER-KKC-CTRL-2567-05_transactions_p6.png,bank_statement,2024-05,.png,BS-OPER-KKC-CTRL-2567-05_transactions_p6,0.1887063980102539,BS-OPER-KKC-CTRL-2567-05,OPER-KKC-CTRL,2567,05,transactions_p6,6,transactions
renders/bank_statement/2024-05/BS-OPER-KKC-CTRL-2567-05_transactions_p7.png,bank_statement,2024-05,.png,BS-OPER-KKC-CTRL-2567-05_transactions_p7,0.17758655548095703,BS-OPER-KKC-CTRL-2567-05,OPER-KKC-CTRL,2567,05,transactions_p7,7,transactions
renders/bank_statement/2024-05/BS-OPER-PTY-CTRL-2567-05_header.png,bank_statement,2024-05,.png,BS-OPER-PTY-CTRL-2567-05_header,0.09098243713378906,BS-OPER-PTY-CTRL-2567-05,OPER-PTY-CTRL,2567,05,header,,header
renders/bank_statement/2024-05/BS-OPER-PTY-CTRL-2567-05_transactions_p1.png,bank_statement,2024-05,.png,BS-OPER-PTY-CTRL-2567-05_transactions_p1,0.1781015396118164,BS-OPER-PTY-CTRL-2567-05,OPER-PTY-CTRL,2567,05,transactions_p1,1,transactions
renders/bank_statement/2024-05/BS-OPER-PTY-CTRL-2567-05_transactions_p2.png,bank_statement,2024-05,.png,BS-OPER-PTY-CTRL-2567-05_transactions_p2,0.18045997619628906,BS-OPER-PTY-CTRL-2567-05,OPER-PTY-CTRL,2567,05,transactions_p2,2,transactions
renders/bank_statement/2024-05/BS-OPER-PTY-CTRL-2567-05_transactions_p3.png,bank_statement,2024-05,.png,BS-OPER-PTY-CTRL-2567-05_transactions_p3,0.18130111694335938,BS-OPER-PTY-CTRL-2567-05,OPER-PTY-CTRL,2567,05,transactions_p3,3,transactions
renders/bank_statement/2024-05/BS-OPER-PTY-CTRL-2567-05_transactions_p4.png,bank_statement,2024-05,.png,BS-OPER-PTY-CTRL-2567-05_transactions_p4,0.1811847686767578,BS-OPER-PTY-CTRL-2567-05,OPER-PTY-CTRL,2567,05,transactions_p4,4,transactions
renders/bank_statement/2024-05/BS-OPER-PTY-CTRL-2567-05_transactions_p5.png,bank_statement,2024-05,.png,BS-OPER-PTY-CTRL-2567-05_transactions_p5,0.1814899444580078,BS-OPER-PTY-CTRL-2567-05,OPER-PTY-CTRL,2567,05,transactions_p5,5,transactions
renders/bank_statement/2024-05/BS-OPER-PTY-CTRL-2567-05_transactions_p6.png,bank_statement,2024-05,.png,BS-OPER-PTY-CTRL-2567-05_transactions_p6,0.1811847686767578,BS-OPER-PTY-CTRL-2567-05,OPER-PTY-CTRL,2567,05,transactions_p6,6,transactions
renders/bank_statement/2024-05/BS-OPER-PTY-CTRL-2567-05_transactions_p7.png,bank_statement,2024-05,.png,BS-OPER-PTY-CTRL-2567-05_transactions_p7,0.18285751342773438,BS-OPER-PTY-CTRL-2567-05,OPER-PTY-CTRL,2567,05,transactions_p7,7,transactions
renders/bank_statement/2024-05/BS-OPER-PTY-CTRL-2567-05_transactions_p8.png,bank_statement,2024-05,.png,BS-OPER-PTY-CTRL-2567-05_transactions_p8,0.08811759948730469,BS-OPER-PTY-CTRL-2567-05,OPER-PTY-CTRL,2567,05,transactions_p8,8,transactions
renders/bank_statement/2024-05/BS-OPER-REMOTE-2567-05_header.png,bank_statement,2024-05,.png,BS-OPER-REMOTE-2567-05_header,0.2945842742919922,BS-OPER-REMOTE-2567-05,OPER-REMOTE,2567,05,header,,header
renders/bank_statement/2024-05/BS-OPER-REMOTE-2567-05_transactions_p1.png,bank_statement,2024-05,.png,BS-OPER-REMOTE-2567-05_transactions_p1,0.8867321014404297,BS-OPER-REMOTE-2567-05,OPER-REMOTE,2567,05,transactions_p1,1,transactions
renders/bank_statement/2024-05/BS-OPER-REMOTE-2567-05_transactions_p2.png,bank_statement,2024-05,.png,BS-OPER-REMOTE-2567-05_transactions_p2,0.8726911544799805,BS-OPER-REMOTE-2567-05,OPER-REMOTE,2567,05,transactions_p2,2,transactions
renders/bank_statement/2024-05/BS-OPER-UDN-CTRL-2567-05_header.png,bank_statement,2024-05,.png,BS-OPER-UDN-CTRL-2567-05_header,0.05925273895263672,BS-OPER-UDN-CTRL-2567-05,OPER-UDN-CTRL,2567,05,header,,header
renders/bank_statement/2024-05/BS-OPER-UDN-CTRL-2567-05_transactions_p1.png,bank_statement,2024-05,.png,BS-OPER-UDN-CTRL-2567-05_transactions_p1,0.19037914276123047,BS-OPER-UDN-CTRL-2567-05,OPER-UDN-CTRL,2567,05,transactions_p1,1,transactions
renders/bank_statement/2024-05/BS-OPER-UDN-CTRL-2567-05_transactions_p2.png,bank_statement,2024-05,.png,BS-OPER-UDN-CTRL-2567-05_transactions_p2,0.19701004028320312,BS-OPER-UDN-CTRL-2567-05,OPER-UDN-CTRL,2567,05,transactions_p2,2,transactions
renders/bank_statement/2024-05/BS-OPER-UDN-CTRL-2567-05_transactions_p3.png,bank_statement,2024-05,.png,BS-OPER-UDN-CTRL-2567-05_transactions_p3,0.1935720443725586,BS-OPER-UDN-CTRL-2567-05,OPER-UDN-CTRL,2567,05,transactions_p3,3,transactions
renders/bank_statement/2024-05/BS-OPER-UDN-CTRL-2567-05_transactions_p4.png,bank_statement,2024-05,.png,BS-OPER-UDN-CTRL-2567-05_transactions_p4,0.1955738067626953,BS-OPER-UDN-CTRL-2567-05,OPER-UDN-CTRL,2567,05,transactions_p4,4,transactions
renders/bank_statement/2024-05/BS-OPER-UDN-CTRL-2567-05_transactions_p5.png,bank_statement,2024-05,.png,BS-OPER-UDN-CTRL-2567-05_transactions_p5,0.19433879852294922,BS-OPER-UDN-CTRL-2567-05,OPER-UDN-CTRL,2567,05,transactions_p5,5,transactions
renders/bank_statement/2024-05/BS-OPER-UDN-CTRL-2567-05_transactions_p6.png,bank_statement,2024-05,.png,BS-OPER-UDN-CTRL-2567-05_transactions_p6,0.19358062744140625,BS-OPER-UDN-CTRL-2567-05,OPER-UDN-CTRL,2567,05,transactions_p6,6,transactions
renders/bank_statement/2024-05/BS-OPER-UDN-CTRL-2567-05_transactions_p7.png,bank_statement,2024-05,.png,BS-OPER-UDN-CTRL-2567-05_transactions_p7,0.12066650390625,BS-OPER-UDN-CTRL-2567-05,OPER-UDN-CTRL,2567,05,transactions_p7,7,transactions
renders/bank_statement/2024-05/BS-SCB-OPER-2567-05_header.png,bank_statement,2024-05,.png,BS-SCB-OPER-2567-05_header,0.05862712860107422,BS-SCB-OPER-2567-05,SCB-OPER,2567,05,header,,header
renders/bank_statement/2024-05/BS-SCB-OPER-2567-05_transactions_p1.png,bank_statement,2024-05,.png,BS-SCB-OPER-2567-05_transactions_p1,0.08279228210449219,BS-SCB-OPER-2567-05,SCB-OPER,2567,05,transactions_p1,1,transactions
renders/bank_statement/2024-06/BS-BBL-OPER-2567-06_header.png,bank_statement,2024-06,.png,BS-BBL-OPER-2567-06_header,0.0904388427734375,BS-BBL-OPER-2567-06,BBL-OPER,2567,06,header,,header
renders/bank_statement/2024-06/BS-BBL-OPER-2567-06_transactions_p1.png,bank_statement,2024-06,.png,BS-BBL-OPER-2567-06_transactions_p1,0.09566116333007812,BS-BBL-OPER-2567-06,BBL-OPER,2567,06,transactions_p1,1,transactions
renders/bank_statement/2024-06/BS-KBANK-OPER-2567-06_header.png,bank_statement,2024-06,.png,BS-KBANK-OPER-2567-06_header,0.2994356155395508,BS-KBANK-OPER-2567-06,KBANK-OPER,2567,06,header,,header
renders/bank_statement/2024-06/BS-KBANK-OPER-2567-06_transactions_p1.png,bank_statement,2024-06,.png,BS-KBANK-OPER-2567-06_transactions_p1,0.8727083206176758,BS-KBANK-OPER-2567-06,KBANK-OPER,2567,06,transactions_p1,1,transactions
renders/bank_statement/2024-06/BS-KBANK-OPER-2567-06_transactions_p10.png,bank_statement,2024-06,.png,BS-KBANK-OPER-2567-06_transactions_p10,0.9106264114379883,BS-KBANK-OPER-2567-06,KBANK-OPER,2567,06,transactions_p10,10,transactions
renders/bank_statement/2024-06/BS-KBANK-OPER-2567-06_transactions_p11.png,bank_statement,2024-06,.png,BS-KBANK-OPER-2567-06_transactions_p11,0.9118585586547852,BS-KBANK-OPER-2567-06,KBANK-OPER,2567,06,transactions_p11,11,transactions
renders/bank_statement/2024-06/BS-KBANK-OPER-2567-06_transactions_p12.png,bank_statement,2024-06,.png,BS-KBANK-OPER-2567-06_transactions_p12,0.9065837860107422,BS-KBANK-OPER-2567-06,KBANK-OPER,2567,06,transactions_p12,12,transactions
renders/bank_statement/2024-06/BS-KBANK-OPER-2567-06_transactions_p13.png,bank_statement,2024-06,.png,BS-KBANK-OPER-2567-06_transactions_p13,0.8977127075195312,BS-KBANK-OPER-2567-06,KBANK-OPER,2567,06,transactions_p13,13,transactions
renders/bank_statement/2024-06/BS-KBANK-OPER-2567-06_transactions_p14.png,bank_statement,2024-06,.png,BS-KBANK-OPER-2567-06_transactions_p14,0.878605842590332,BS-KBANK-OPER-2567-06,KBANK-OPER,2567,06,transactions_p14,14,transactions
renders/bank_statement/2024-06/BS-KBANK-OPER-2567-06_transactions_p15.png,bank_statement,2024-06,.png,BS-KBANK-OPER-2567-06_transactions_p15,0.8901224136352539,BS-KBANK-OPER-2567-06,KBANK-OPER,2567,06,transactions_p15,15,transactions
renders/bank_statement/2024-06/BS-KBANK-OPER-2567-06_transactions_p16.png,bank_statement,2024-06,.png,BS-KBANK-OPER-2567-06_transactions_p16,0.8942270278930664,BS-KBANK-OPER-2567-06,KBANK-OPER,2567,06,transactions_p16,16,transactions
renders/bank_statement/2024-06/BS-KBANK-OPER-2567-06_transactions_p17.png,bank_statement,2024-06,.png,BS-KBANK-OPER-2567-06_transactions_p17,0.9187822341918945,BS-KBANK-OPER-2567-06,KBANK-OPER,2567,06,transactions_p17,17,transactions
renders/bank_statement/2024-06/BS-KBANK-OPER-2567-06_transactions_p18.png,bank_statement,2024-06,.png,BS-KBANK-OPER-2567-06_transactions_p18,0.9074993133544922,BS-KBANK-OPER-2567-06,KBANK-OPER,2567,06,transactions_p18,18,transactions
renders/bank_statement/2024-06/BS-KBANK-OPER-2567-06_transactions_p19.png,bank_statement,2024-06,.png,BS-KBANK-OPER-2567-06_transactions_p19,0.9084405899047852,BS-KBANK-OPER-2567-06,KBANK-OPER,2567,06,transactions_p19,19,transactions
renders/bank_statement/2024-06/BS-KBANK-OPER-2567-06_transactions_p2.png,bank_statement,2024-06,.png,BS-KBANK-OPER-2567-06_transactions_p2,0.883087158203125,BS-KBANK-OPER-2567-06,KBANK-OPER,2567,06,transactions_p2,2,transactions
renders/bank_statement/2024-06/BS-KBANK-OPER-2567-06_transactions_p20.png,bank_statement,2024-06,.png,BS-KBANK-OPER-2567-06_transactions_p20,0.9063901901245117,BS-KBANK-OPER-2567-06,KBANK-OPER,2567,06,transactions_p20,20,transactions
renders/bank_statement/2024-06/BS-KBANK-OPER-2567-06_transactions_p21.png,bank_statement,2024-06,.png,BS-KBANK-OPER-2567-06_transactions_p21,0.9194736480712891,BS-KBANK-OPER-2567-06,KBANK-OPER,2567,06,transactions_p21,21,transactions
renders/bank_statement/2024-06/BS-KBANK-OPER-2567-06_transactions_p22.png,bank_statement,2024-06,.png,BS-KBANK-OPER-2567-06_transactions_p22,0.9202680587768555,BS-KBANK-OPER-2567-06,KBANK-OPER,2567,06,transactions_p22,22,transactions
renders/bank_statement/2024-06/BS-KBANK-OPER-2567-06_transactions_p23.png,bank_statement,2024-06,.png,BS-KBANK-OPER-2567-06_transactions_p23,0.9252738952636719,BS-KBANK-OPER-2567-06,KBANK-OPER,2567,06,transactions_p23,23,transactions
renders/bank_statement/2024-06/BS-KBANK-OPER-2567-06_transactions_p24.png,bank_statement,2024-06,.png,BS-KBANK-OPER-2567-06_transactions_p24,0.9339771270751953,BS-KBANK-OPER-2567-06,KBANK-OPER,2567,06,transactions_p24,24,transactions
renders/bank_statement/2024-06/BS-KBANK-OPER-2567-06_transactions_p25.png,bank_statement,2024-06,.png,BS-KBANK-OPER-2567-06_transactions_p25,0.9179859161376953,BS-KBANK-OPER-2567-06,KBANK-OPER,2567,06,transactions_p25,25,transactions
renders/bank_statement/2024-06/BS-KBANK-OPER-2567-06_transactions_p26.png,bank_statement,2024-06,.png,BS-KBANK-OPER-2567-06_transactions_p26,0.9224367141723633,BS-KBANK-OPER-2567-06,KBANK-OPER,2567,06,transactions_p26,26,transactions
renders/bank_statement/2024-06/BS-KBANK-OPER-2567-06_transactions_p27.png,bank_statement,2024-06,.png,BS-KBANK-OPER-2567-06_transactions_p27,0.9203433990478516,BS-KBANK-OPER-2567-06,KBANK-OPER,2567,06,transactions_p27,27,transactions
renders/bank_statement/2024-06/BS-KBANK-OPER-2567-06_transactions_p28.png,bank_statement,2024-06,.png,BS-KBANK-OPER-2567-06_transactions_p28,0.9188108444213867,BS-KBANK-OPER-2567-06,KBANK-OPER,2567,06,transactions_p28,28,transactions
renders/bank_statement/2024-06/BS-KBANK-OPER-2567-06_transactions_p29.png,bank_statement,2024-06,.png,BS-KBANK-OPER-2567-06_transactions_p29,0.9181880950927734,BS-KBANK-OPER-2567-06,KBANK-OPER,2567,06,transactions_p29,29,transactions
renders/bank_statement/2024-06/BS-KBANK-OPER-2567-06_transactions_p3.png,bank_statement,2024-06,.png,BS-KBANK-OPER-2567-06_transactions_p3,0.9066753387451172,BS-KBANK-OPER-2567-06,KBANK-OPER,2567,06,transactions_p3,3,transactions
renders/bank_statement/2024-06/BS-KBANK-OPER-2567-06_transactions_p30.png,bank_statement,2024-06,.png,BS-KBANK-OPER-2567-06_transactions_p30,0.9229469299316406,BS-KBANK-OPER-2567-06,KBANK-OPER,2567,06,transactions_p30,30,transactions
renders/bank_statement/2024-06/BS-KBANK-OPER-2567-06_transactions_p31.png,bank_statement,2024-06,.png,BS-KBANK-OPER-2567-06_transactions_p31,0.9330377578735352,BS-KBANK-OPER-2567-06,KBANK-OPER,2567,06,transactions_p31,31,transactions
renders/bank_statement/2024-06/BS-KBANK-OPER-2567-06_transactions_p32.png,bank_statement,2024-06,.png,BS-KBANK-OPER-2567-06_transactions_p32,0.93505859375,BS-KBANK-OPER-2567-06,KBANK-OPER,2567,06,transactions_p32,32,transactions
renders/bank_statement/2024-06/BS-KBANK-OPER-2567-06_transactions_p33.png,bank_statement,2024-06,.png,BS-KBANK-OPER-2567-06_transactions_p33,0.9339599609375,BS-KBANK-OPER-2567-06,KBANK-OPER,2567,06,transactions_p33,33,transactions
renders/bank_statement/2024-06/BS-KBANK-OPER-2567-06_transactions_p34.png,bank_statement,2024-06,.png,BS-KBANK-OPER-2567-06_transactions_p34,0.4440298080444336,BS-KBANK-OPER-2567-06,KBANK-OPER,2567,06,transactions_p34,34,transactions
renders/bank_statement/2024-06/BS-KBANK-OPER-2567-06_transactions_p4.png,bank_statement,2024-06,.png,BS-KBANK-OPER-2567-06_transactions_p4,0.9065971374511719,BS-KBANK-OPER-2567-06,KBANK-OPER,2567,06,transactions_p4,4,transactions
renders/bank_statement/2024-06/BS-KBANK-OPER-2567-06_transactions_p5.png,bank_statement,2024-06,.png,BS-KBANK-OPER-2567-06_transactions_p5,0.8981266021728516,BS-KBANK-OPER-2567-06,KBANK-OPER,2567,06,transactions_p5,5,transactions
renders/bank_statement/2024-06/BS-KBANK-OPER-2567-06_transactions_p6.png,bank_statement,2024-06,.png,BS-KBANK-OPER-2567-06_transactions_p6,0.9120635986328125,BS-KBANK-OPER-2567-06,KBANK-OPER,2567,06,transactions_p6,6,transactions
renders/bank_statement/2024-06/BS-KBANK-OPER-2567-06_transactions_p7.png,bank_statement,2024-06,.png,BS-KBANK-OPER-2567-06_transactions_p7,0.8951940536499023,BS-KBANK-OPER-2567-06,KBANK-OPER,2567,06,transactions_p7,7,transactions
renders/bank_statement/2024-06/BS-KBANK-OPER-2567-06_transactions_p8.png,bank_statement,2024-06,.png,BS-KBANK-OPER-2567-06_transactions_p8,0.8864269256591797,BS-KBANK-OPER-2567-06,KBANK-OPER,2567,06,transactions_p8,8,transactions
renders/bank_statement/2024-06/BS-KBANK-OPER-2567-06_transactions_p9.png,bank_statement,2024-06,.png,BS-KBANK-OPER-2567-06_transactions_p9,0.8947925567626953,BS-KBANK-OPER-2567-06,KBANK-OPER,2567,06,transactions_p9,9,transactions
renders/bank_statement/2024-06/BS-OPER-BKK-CTW-2567-06_header.png,bank_statement,2024-06,.png,BS-OPER-BKK-CTW-2567-06_header,0.3002433776855469,BS-OPER-BKK-CTW-2567-06,OPER-BKK-CTW,2567,06,header,,header
renders/bank_statement/2024-06/BS-OPER-BKK-CTW-2567-06_transactions_p1.png,bank_statement,2024-06,.png,BS-OPER-BKK-CTW-2567-06_transactions_p1,0.9066429138183594,BS-OPER-BKK-CTW-2567-06,OPER-BKK-CTW,2567,06,transactions_p1,1,transactions
renders/bank_statement/2024-06/BS-OPER-BKK-CTW-2567-06_transactions_p2.png,bank_statement,2024-06,.png,BS-OPER-BKK-CTW-2567-06_transactions_p2,0.9219322204589844,BS-OPER-BKK-CTW-2567-06,OPER-BKK-CTW,2567,06,transactions_p2,2,transactions
renders/bank_statement/2024-06/BS-OPER-BKK-CTW-2567-06_transactions_p3.png,bank_statement,2024-06,.png,BS-OPER-BKK-CTW-2567-06_transactions_p3,0.5230798721313477,BS-OPER-BKK-CTW-2567-06,OPER-BKK-CTW,2567,06,transactions_p3,3,transactions
renders/bank_statement/2024-06/BS-OPER-BKK-EMSP-2567-06_header.png,bank_statement,2024-06,.png,BS-OPER-BKK-EMSP-2567-06_header,0.05947113037109375,BS-OPER-BKK-EMSP-2567-06,OPER-BKK-EMSP,2567,06,header,,header
renders/bank_statement/2024-06/BS-OPER-BKK-EMSP-2567-06_transactions_p1.png,bank_statement,2024-06,.png,BS-OPER-BKK-EMSP-2567-06_transactions_p1,0.19700145721435547,BS-OPER-BKK-EMSP-2567-06,OPER-BKK-EMSP,2567,06,transactions_p1,1,transactions
renders/bank_statement/2024-06/BS-OPER-BKK-EMSP-2567-06_transactions_p2.png,bank_statement,2024-06,.png,BS-OPER-BKK-EMSP-2567-06_transactions_p2,0.20282459259033203,BS-OPER-BKK-EMSP-2567-06,OPER-BKK-EMSP,2567,06,transactions_p2,2,transactions
renders/bank_statement/2024-06/BS-OPER-BKK-EMSP-2567-06_transactions_p3.png,bank_statement,2024-06,.png,BS-OPER-BKK-EMSP-2567-06_transactions_p3,0.1998453140258789,BS-OPER-BKK-EMSP-2567-06,OPER-BKK-EMSP,2567,06,transactions_p3,3,transactions
renders/bank_statement/2024-06/BS-OPER-BKK-EMSP-2567-06_transactions_p4.png,bank_statement,2024-06,.png,BS-OPER-BKK-EMSP-2567-06_transactions_p4,0.20080089569091797,BS-OPER-BKK-EMSP-2567-06,OPER-BKK-EMSP,2567,06,transactions_p4,4,transactions
renders/bank_statement/2024-06/BS-OPER-BKK-EMSP-2567-06_transactions_p5.png,bank_statement,2024-06,.png,BS-OPER-BKK-EMSP-2567-06_transactions_p5,0.20154571533203125,BS-OPER-BKK-EMSP-2567-06,OPER-BKK-EMSP,2567,06,transactions_p5,5,transactions
renders/bank_statement/2024-06/BS-OPER-BKK-EMSP-2567-06_transactions_p6.png,bank_statement,2024-06,.png,BS-OPER-BKK-EMSP-2567-06_transactions_p6,0.20248794555664062,BS-OPER-BKK-EMSP-2567-06,OPER-BKK-EMSP,2567,06,transactions_p6,6,transactions
renders/bank_statement/2024-06/BS-OPER-BKK-EMSP-2567-06_transactions_p7.png,bank_statement,2024-06,.png,BS-OPER-BKK-EMSP-2567-06_transactions_p7,0.2033405303955078,BS-OPER-BKK-EMSP-2567-06,OPER-BKK-EMSP,2567,06,transactions_p7,7,transactions
renders/bank_statement/2024-06/BS-OPER-BKK-EMSP-2567-06_transactions_p8.png,bank_statement,2024-06,.png,BS-OPER-BKK-EMSP-2567-06_transactions_p8,0.11467456817626953,BS-OPER-BKK-EMSP-2567-06,OPER-BKK-EMSP,2567,06,transactions_p8,8,transactions
renders/bank_statement/2024-06/BS-OPER-BKK-PKT-2567-06_header.png,bank_statement,2024-06,.png,BS-OPER-BKK-PKT-2567-06_header,0.09140872955322266,BS-OPER-BKK-PKT-2567-06,OPER-BKK-PKT,2567,06,header,,header
renders/bank_statement/2024-06/BS-OPER-BKK-PKT-2567-06_transactions_p1.png,bank_statement,2024-06,.png,BS-OPER-BKK-PKT-2567-06_transactions_p1,0.17838287353515625,BS-OPER-BKK-PKT-2567-06,OPER-BKK-PKT,2567,06,transactions_p1,1,transactions
renders/bank_statement/2024-06/BS-OPER-BKK-PKT-2567-06_transactions_p2.png,bank_statement,2024-06,.png,BS-OPER-BKK-PKT-2567-06_transactions_p2,0.1807851791381836,BS-OPER-BKK-PKT-2567-06,OPER-BKK-PKT,2567,06,transactions_p2,2,transactions
renders/bank_statement/2024-06/BS-OPER-BKK-PKT-2567-06_transactions_p3.png,bank_statement,2024-06,.png,BS-OPER-BKK-PKT-2567-06_transactions_p3,0.18329811096191406,BS-OPER-BKK-PKT-2567-06,OPER-BKK-PKT,2567,06,transactions_p3,3,transactions
renders/bank_statement/2024-06/BS-OPER-BKK-PKT-2567-06_transactions_p4.png,bank_statement,2024-06,.png,BS-OPER-BKK-PKT-2567-06_transactions_p4,0.18091392517089844,BS-OPER-BKK-PKT-2567-06,OPER-BKK-PKT,2567,06,transactions_p4,4,transactions
renders/bank_statement/2024-06/BS-OPER-BKK-PKT-2567-06_transactions_p5.png,bank_statement,2024-06,.png,BS-OPER-BKK-PKT-2567-06_transactions_p5,0.18259525299072266,BS-OPER-BKK-PKT-2567-06,OPER-BKK-PKT,2567,06,transactions_p5,5,transactions
renders/bank_statement/2024-06/BS-OPER-BKK-PKT-2567-06_transactions_p6.png,bank_statement,2024-06,.png,BS-OPER-BKK-PKT-2567-06_transactions_p6,0.18097305297851562,BS-OPER-BKK-PKT-2567-06,OPER-BKK-PKT,2567,06,transactions_p6,6,transactions
renders/bank_statement/2024-06/BS-OPER-BKK-PKT-2567-06_transactions_p7.png,bank_statement,2024-06,.png,BS-OPER-BKK-PKT-2567-06_transactions_p7,0.1840801239013672,BS-OPER-BKK-PKT-2567-06,OPER-BKK-PKT,2567,06,transactions_p7,7,transactions
renders/bank_statement/2024-06/BS-OPER-BKK-PKT-2567-06_transactions_p8.png,bank_statement,2024-06,.png,BS-OPER-BKK-PKT-2567-06_transactions_p8,0.10133838653564453,BS-OPER-BKK-PKT-2567-06,OPER-BKK-PKT,2567,06,transactions_p8,8,transactions
renders/bank_statement/2024-06/BS-OPER-BKK-R9-2567-06_header.png,bank_statement,2024-06,.png,BS-OPER-BKK-R9-2567-06_header,0.2971467971801758,BS-OPER-BKK-R9-2567-06,OPER-BKK-R9,2567,06,header,,header
renders/bank_statement/2024-06/BS-OPER-BKK-R9-2567-06_transactions_p1.png,bank_statement,2024-06,.png,BS-OPER-BKK-R9-2567-06_transactions_p1,0.9175691604614258,BS-OPER-BKK-R9-2567-06,OPER-BKK-R9,2567,06,transactions_p1,1,transactions
renders/bank_statement/2024-06/BS-OPER-BKK-R9-2567-06_transactions_p2.png,bank_statement,2024-06,.png,BS-OPER-BKK-R9-2567-06_transactions_p2,0.9268827438354492,BS-OPER-BKK-R9-2567-06,OPER-BKK-R9,2567,06,transactions_p2,2,transactions
renders/bank_statement/2024-06/BS-OPER-BKK-R9-2567-06_transactions_p3.png,bank_statement,2024-06,.png,BS-OPER-BKK-R9-2567-06_transactions_p3,0.33063316345214844,BS-OPER-BKK-R9-2567-06,OPER-BKK-R9,2567,06,transactions_p3,3,transactions
renders/bank_statement/2024-06/BS-OPER-BKK-SIAM-2567-06_header.png,bank_statement,2024-06,.png,BS-OPER-BKK-SIAM-2567-06_header,0.059638023376464844,BS-OPER-BKK-SIAM-2567-06,OPER-BKK-SIAM,2567,06,header,,header
renders/bank_statement/2024-06/BS-OPER-BKK-SIAM-2567-06_transactions_p1.png,bank_statement,2024-06,.png,BS-OPER-BKK-SIAM-2567-06_transactions_p1,0.1995410919189453,BS-OPER-BKK-SIAM-2567-06,OPER-BKK-SIAM,2567,06,transactions_p1,1,transactions
renders/bank_statement/2024-06/BS-OPER-BKK-SIAM-2567-06_transactions_p2.png,bank_statement,2024-06,.png,BS-OPER-BKK-SIAM-2567-06_transactions_p2,0.20443153381347656,BS-OPER-BKK-SIAM-2567-06,OPER-BKK-SIAM,2567,06,transactions_p2,2,transactions
renders/bank_statement/2024-06/BS-OPER-BKK-SIAM-2567-06_transactions_p3.png,bank_statement,2024-06,.png,BS-OPER-BKK-SIAM-2567-06_transactions_p3,0.20199012756347656,BS-OPER-BKK-SIAM-2567-06,OPER-BKK-SIAM,2567,06,transactions_p3,3,transactions
renders/bank_statement/2024-06/BS-OPER-BKK-SIAM-2567-06_transactions_p4.png,bank_statement,2024-06,.png,BS-OPER-BKK-SIAM-2567-06_transactions_p4,0.2029428482055664,BS-OPER-BKK-SIAM-2567-06,OPER-BKK-SIAM,2567,06,transactions_p4,4,transactions
renders/bank_statement/2024-06/BS-OPER-BKK-SIAM-2567-06_transactions_p5.png,bank_statement,2024-06,.png,BS-OPER-BKK-SIAM-2567-06_transactions_p5,0.20386314392089844,BS-OPER-BKK-SIAM-2567-06,OPER-BKK-SIAM,2567,06,transactions_p5,5,transactions
renders/bank_statement/2024-06/BS-OPER-BKK-SIAM-2567-06_transactions_p6.png,bank_statement,2024-06,.png,BS-OPER-BKK-SIAM-2567-06_transactions_p6,0.20367908477783203,BS-OPER-BKK-SIAM-2567-06,OPER-BKK-SIAM,2567,06,transactions_p6,6,transactions
renders/bank_statement/2024-06/BS-OPER-BKK-SIAM-2567-06_transactions_p7.png,bank_statement,2024-06,.png,BS-OPER-BKK-SIAM-2567-06_transactions_p7,0.20486927032470703,BS-OPER-BKK-SIAM-2567-06,OPER-BKK-SIAM,2567,06,transactions_p7,7,transactions
renders/bank_statement/2024-06/BS-OPER-BKK-SIAM-2567-06_transactions_p8.png,bank_statement,2024-06,.png,BS-OPER-BKK-SIAM-2567-06_transactions_p8,0.13301467895507812,BS-OPER-BKK-SIAM-2567-06,OPER-BKK-SIAM,2567,06,transactions_p8,8,transactions
renders/bank_statement/2024-06/BS-OPER-CNX-MAYA-2567-06_header.png,bank_statement,2024-06,.png,BS-OPER-CNX-MAYA-2567-06_header,0.09189510345458984,BS-OPER-CNX-MAYA-2567-06,OPER-CNX-MAYA,2567,06,header,,header
renders/bank_statement/2024-06/BS-OPER-CNX-MAYA-2567-06_transactions_p1.png,bank_statement,2024-06,.png,BS-OPER-CNX-MAYA-2567-06_transactions_p1,0.17746734619140625,BS-OPER-CNX-MAYA-2567-06,OPER-CNX-MAYA,2567,06,transactions_p1,1,transactions
renders/bank_statement/2024-06/BS-OPER-CNX-MAYA-2567-06_transactions_p2.png,bank_statement,2024-06,.png,BS-OPER-CNX-MAYA-2567-06_transactions_p2,0.18062210083007812,BS-OPER-CNX-MAYA-2567-06,OPER-CNX-MAYA,2567,06,transactions_p2,2,transactions
renders/bank_statement/2024-06/BS-OPER-CNX-MAYA-2567-06_transactions_p3.png,bank_statement,2024-06,.png,BS-OPER-CNX-MAYA-2567-06_transactions_p3,0.1827545166015625,BS-OPER-CNX-MAYA-2567-06,OPER-CNX-MAYA,2567,06,transactions_p3,3,transactions
renders/bank_statement/2024-06/BS-OPER-CNX-MAYA-2567-06_transactions_p4.png,bank_statement,2024-06,.png,BS-OPER-CNX-MAYA-2567-06_transactions_p4,0.18357563018798828,BS-OPER-CNX-MAYA-2567-06,OPER-CNX-MAYA,2567,06,transactions_p4,4,transactions
renders/bank_statement/2024-06/BS-OPER-CNX-MAYA-2567-06_transactions_p5.png,bank_statement,2024-06,.png,BS-OPER-CNX-MAYA-2567-06_transactions_p5,0.18157196044921875,BS-OPER-CNX-MAYA-2567-06,OPER-CNX-MAYA,2567,06,transactions_p5,5,transactions
renders/bank_statement/2024-06/BS-OPER-CNX-MAYA-2567-06_transactions_p6.png,bank_statement,2024-06,.png,BS-OPER-CNX-MAYA-2567-06_transactions_p6,0.18399906158447266,BS-OPER-CNX-MAYA-2567-06,OPER-CNX-MAYA,2567,06,transactions_p6,6,transactions
renders/bank_statement/2024-06/BS-OPER-CNX-MAYA-2567-06_transactions_p7.png,bank_statement,2024-06,.png,BS-OPER-CNX-MAYA-2567-06_transactions_p7,0.15189170837402344,BS-OPER-CNX-MAYA-2567-06,OPER-CNX-MAYA,2567,06,transactions_p7,7,transactions
renders/bank_statement/2024-06/BS-OPER-HKT-FEST-2567-06_header.png,bank_statement,2024-06,.png,BS-OPER-HKT-FEST-2567-06_header,0.29514217376708984,BS-OPER-HKT-FEST-2567-06,OPER-HKT-FEST,2567,06,header,,header
renders/bank_statement/2024-06/BS-OPER-HKT-FEST-2567-06_transactions_p1.png,bank_statement,2024-06,.png,BS-OPER-HKT-FEST-2567-06_transactions_p1,0.8845891952514648,BS-OPER-HKT-FEST-2567-06,OPER-HKT-FEST,2567,06,transactions_p1,1,transactions
renders/bank_statement/2024-06/BS-OPER-HKT-FEST-2567-06_transactions_p2.png,bank_statement,2024-06,.png,BS-OPER-HKT-FEST-2567-06_transactions_p2,0.8978595733642578,BS-OPER-HKT-FEST-2567-06,OPER-HKT-FEST,2567,06,transactions_p2,2,transactions
renders/bank_statement/2024-06/BS-OPER-HKT-FEST-2567-06_transactions_p3.png,bank_statement,2024-06,.png,BS-OPER-HKT-FEST-2567-06_transactions_p3,0.20846271514892578,BS-OPER-HKT-FEST-2567-06,OPER-HKT-FEST,2567,06,transactions_p3,3,transactions
renders/bank_statement/2024-06/BS-OPER-KKC-CTRL-2567-06_header.png,bank_statement,2024-06,.png,BS-OPER-KKC-CTRL-2567-06_header,0.059478759765625,BS-OPER-KKC-CTRL-2567-06,OPER-KKC-CTRL,2567,06,header,,header
renders/bank_statement/2024-06/BS-OPER-KKC-CTRL-2567-06_transactions_p1.png,bank_statement,2024-06,.png,BS-OPER-KKC-CTRL-2567-06_transactions_p1,0.1849498748779297,BS-OPER-KKC-CTRL-2567-06,OPER-KKC-CTRL,2567,06,transactions_p1,1,transactions
renders/bank_statement/2024-06/BS-OPER-KKC-CTRL-2567-06_transactions_p2.png,bank_statement,2024-06,.png,BS-OPER-KKC-CTRL-2567-06_transactions_p2,0.18985939025878906,BS-OPER-KKC-CTRL-2567-06,OPER-KKC-CTRL,2567,06,transactions_p2,2,transactions
renders/bank_statement/2024-06/BS-OPER-KKC-CTRL-2567-06_transactions_p3.png,bank_statement,2024-06,.png,BS-OPER-KKC-CTRL-2567-06_transactions_p3,0.19085216522216797,BS-OPER-KKC-CTRL-2567-06,OPER-KKC-CTRL,2567,06,transactions_p3,3,transactions
renders/bank_statement/2024-06/BS-OPER-KKC-CTRL-2567-06_transactions_p4.png,bank_statement,2024-06,.png,BS-OPER-KKC-CTRL-2567-06_transactions_p4,0.1919412612915039,BS-OPER-KKC-CTRL-2567-06,OPER-KKC-CTRL,2567,06,transactions_p4,4,transactions
renders/bank_statement/2024-06/BS-OPER-KKC-CTRL-2567-06_transactions_p5.png,bank_statement,2024-06,.png,BS-OPER-KKC-CTRL-2567-06_transactions_p5,0.18954849243164062,BS-OPER-KKC-CTRL-2567-06,OPER-KKC-CTRL,2567,06,transactions_p5,5,transactions
renders/bank_statement/2024-06/BS-OPER-KKC-CTRL-2567-06_transactions_p6.png,bank_statement,2024-06,.png,BS-OPER-KKC-CTRL-2567-06_transactions_p6,0.18970298767089844,BS-OPER-KKC-CTRL-2567-06,OPER-KKC-CTRL,2567,06,transactions_p6,6,transactions
renders/bank_statement/2024-06/BS-OPER-KKC-CTRL-2567-06_transactions_p7.png,bank_statement,2024-06,.png,BS-OPER-KKC-CTRL-2567-06_transactions_p7,0.13404369354248047,BS-OPER-KKC-CTRL-2567-06,OPER-KKC-CTRL,2567,06,transactions_p7,7,transactions
renders/bank_statement/2024-06/BS-OPER-PTY-CTRL-2567-06_header.png,bank_statement,2024-06,.png,BS-OPER-PTY-CTRL-2567-06_header,0.09120655059814453,BS-OPER-PTY-CTRL-2567-06,OPER-PTY-CTRL,2567,06,header,,header
renders/bank_statement/2024-06/BS-OPER-PTY-CTRL-2567-06_transactions_p1.png,bank_statement,2024-06,.png,BS-OPER-PTY-CTRL-2567-06_transactions_p1,0.17856502532958984,BS-OPER-PTY-CTRL-2567-06,OPER-PTY-CTRL,2567,06,transactions_p1,1,transactions
renders/bank_statement/2024-06/BS-OPER-PTY-CTRL-2567-06_transactions_p2.png,bank_statement,2024-06,.png,BS-OPER-PTY-CTRL-2567-06_transactions_p2,0.1814584732055664,BS-OPER-PTY-CTRL-2567-06,OPER-PTY-CTRL,2567,06,transactions_p2,2,transactions
renders/bank_statement/2024-06/BS-OPER-PTY-CTRL-2567-06_transactions_p3.png,bank_statement,2024-06,.png,BS-OPER-PTY-CTRL-2567-06_transactions_p3,0.18393230438232422,BS-OPER-PTY-CTRL-2567-06,OPER-PTY-CTRL,2567,06,transactions_p3,3,transactions
renders/bank_statement/2024-06/BS-OPER-PTY-CTRL-2567-06_transactions_p4.png,bank_statement,2024-06,.png,BS-OPER-PTY-CTRL-2567-06_transactions_p4,0.1808490753173828,BS-OPER-PTY-CTRL-2567-06,OPER-PTY-CTRL,2567,06,transactions_p4,4,transactions
renders/bank_statement/2024-06/BS-OPER-PTY-CTRL-2567-06_transactions_p5.png,bank_statement,2024-06,.png,BS-OPER-PTY-CTRL-2567-06_transactions_p5,0.18442153930664062,BS-OPER-PTY-CTRL-2567-06,OPER-PTY-CTRL,2567,06,transactions_p5,5,transactions
renders/bank_statement/2024-06/BS-OPER-PTY-CTRL-2567-06_transactions_p6.png,bank_statement,2024-06,.png,BS-OPER-PTY-CTRL-2567-06_transactions_p6,0.18164539337158203,BS-OPER-PTY-CTRL-2567-06,OPER-PTY-CTRL,2567,06,transactions_p6,6,transactions
renders/bank_statement/2024-06/BS-OPER-PTY-CTRL-2567-06_transactions_p7.png,bank_statement,2024-06,.png,BS-OPER-PTY-CTRL-2567-06_transactions_p7,0.17873096466064453,BS-OPER-PTY-CTRL-2567-06,OPER-PTY-CTRL,2567,06,transactions_p7,7,transactions
renders/bank_statement/2024-06/BS-OPER-REMOTE-2567-06_header.png,bank_statement,2024-06,.png,BS-OPER-REMOTE-2567-06_header,0.29572010040283203,BS-OPER-REMOTE-2567-06,OPER-REMOTE,2567,06,header,,header
renders/bank_statement/2024-06/BS-OPER-REMOTE-2567-06_transactions_p1.png,bank_statement,2024-06,.png,BS-OPER-REMOTE-2567-06_transactions_p1,0.9000473022460938,BS-OPER-REMOTE-2567-06,OPER-REMOTE,2567,06,transactions_p1,1,transactions
renders/bank_statement/2024-06/BS-OPER-REMOTE-2567-06_transactions_p2.png,bank_statement,2024-06,.png,BS-OPER-REMOTE-2567-06_transactions_p2,0.8118457794189453,BS-OPER-REMOTE-2567-06,OPER-REMOTE,2567,06,transactions_p2,2,transactions
renders/bank_statement/2024-06/BS-OPER-UDN-CTRL-2567-06_header.png,bank_statement,2024-06,.png,BS-OPER-UDN-CTRL-2567-06_header,0.05937480926513672,BS-OPER-UDN-CTRL-2567-06,OPER-UDN-CTRL,2567,06,header,,header
renders/bank_statement/2024-06/BS-OPER-UDN-CTRL-2567-06_transactions_p1.png,bank_statement,2024-06,.png,BS-OPER-UDN-CTRL-2567-06_transactions_p1,0.1906576156616211,BS-OPER-UDN-CTRL-2567-06,OPER-UDN-CTRL,2567,06,transactions_p1,1,transactions
renders/bank_statement/2024-06/BS-OPER-UDN-CTRL-2567-06_transactions_p2.png,bank_statement,2024-06,.png,BS-OPER-UDN-CTRL-2567-06_transactions_p2,0.1976337432861328,BS-OPER-UDN-CTRL-2567-06,OPER-UDN-CTRL,2567,06,transactions_p2,2,transactions
renders/bank_statement/2024-06/BS-OPER-UDN-CTRL-2567-06_transactions_p3.png,bank_statement,2024-06,.png,BS-OPER-UDN-CTRL-2567-06_transactions_p3,0.19519519805908203,BS-OPER-UDN-CTRL-2567-06,OPER-UDN-CTRL,2567,06,transactions_p3,3,transactions
renders/bank_statement/2024-06/BS-OPER-UDN-CTRL-2567-06_transactions_p4.png,bank_statement,2024-06,.png,BS-OPER-UDN-CTRL-2567-06_transactions_p4,0.19623565673828125,BS-OPER-UDN-CTRL-2567-06,OPER-UDN-CTRL,2567,06,transactions_p4,4,transactions
renders/bank_statement/2024-06/BS-OPER-UDN-CTRL-2567-06_transactions_p5.png,bank_statement,2024-06,.png,BS-OPER-UDN-CTRL-2567-06_transactions_p5,0.19533061981201172,BS-OPER-UDN-CTRL-2567-06,OPER-UDN-CTRL,2567,06,transactions_p5,5,transactions
renders/bank_statement/2024-06/BS-OPER-UDN-CTRL-2567-06_transactions_p6.png,bank_statement,2024-06,.png,BS-OPER-UDN-CTRL-2567-06_transactions_p6,0.1837024688720703,BS-OPER-UDN-CTRL-2567-06,OPER-UDN-CTRL,2567,06,transactions_p6,6,transactions
renders/bank_statement/2024-06/BS-SCB-OPER-2567-06_header.png,bank_statement,2024-06,.png,BS-SCB-OPER-2567-06_header,0.05874443054199219,BS-SCB-OPER-2567-06,SCB-OPER,2567,06,header,,header
renders/bank_statement/2024-06/BS-SCB-OPER-2567-06_transactions_p1.png,bank_statement,2024-06,.png,BS-SCB-OPER-2567-06_transactions_p1,0.08311271667480469,BS-SCB-OPER-2567-06,SCB-OPER,2567,06,transactions_p1,1,transactions
renders/bank_statement/2024-07/BS-BBL-OPER-2567-07_header.png,bank_statement,2024-07,.png,BS-BBL-OPER-2567-07_header,0.09009933471679688,BS-BBL-OPER-2567-07,BBL-OPER,2567,07,header,,header
renders/bank_statement/2024-07/BS-BBL-OPER-2567-07_transactions_p1.png,bank_statement,2024-07,.png,BS-BBL-OPER-2567-07_transactions_p1,0.09510231018066406,BS-BBL-OPER-2567-07,BBL-OPER,2567,07,transactions_p1,1,transactions
renders/bank_statement/2024-07/BS-KBANK-OPER-2567-07_header.png,bank_statement,2024-07,.png,BS-KBANK-OPER-2567-07_header,0.3003063201904297,BS-KBANK-OPER-2567-07,KBANK-OPER,2567,07,header,,header
renders/bank_statement/2024-07/BS-KBANK-OPER-2567-07_transactions_p1.png,bank_statement,2024-07,.png,BS-KBANK-OPER-2567-07_transactions_p1,0.8653249740600586,BS-KBANK-OPER-2567-07,KBANK-OPER,2567,07,transactions_p1,1,transactions
renders/bank_statement/2024-07/BS-KBANK-OPER-2567-07_transactions_p10.png,bank_statement,2024-07,.png,BS-KBANK-OPER-2567-07_transactions_p10,0.8971643447875977,BS-KBANK-OPER-2567-07,KBANK-OPER,2567,07,transactions_p10,10,transactions
renders/bank_statement/2024-07/BS-KBANK-OPER-2567-07_transactions_p11.png,bank_statement,2024-07,.png,BS-KBANK-OPER-2567-07_transactions_p11,0.9097385406494141,BS-KBANK-OPER-2567-07,KBANK-OPER,2567,07,transactions_p11,11,transactions
renders/bank_statement/2024-07/BS-KBANK-OPER-2567-07_transactions_p12.png,bank_statement,2024-07,.png,BS-KBANK-OPER-2567-07_transactions_p12,0.9048423767089844,BS-KBANK-OPER-2567-07,KBANK-OPER,2567,07,transactions_p12,12,transactions
renders/bank_statement/2024-07/BS-KBANK-OPER-2567-07_transactions_p13.png,bank_statement,2024-07,.png,BS-KBANK-OPER-2567-07_transactions_p13,0.8983917236328125,BS-KBANK-OPER-2567-07,KBANK-OPER,2567,07,transactions_p13,13,transactions
renders/bank_statement/2024-07/BS-KBANK-OPER-2567-07_transactions_p14.png,bank_statement,2024-07,.png,BS-KBANK-OPER-2567-07_transactions_p14,0.8828649520874023,BS-KBANK-OPER-2567-07,KBANK-OPER,2567,07,transactions_p14,14,transactions
renders/bank_statement/2024-07/BS-KBANK-OPER-2567-07_transactions_p15.png,bank_statement,2024-07,.png,BS-KBANK-OPER-2567-07_transactions_p15,0.8862285614013672,BS-KBANK-OPER-2567-07,KBANK-OPER,2567,07,transactions_p15,15,transactions
renders/bank_statement/2024-07/BS-KBANK-OPER-2567-07_transactions_p16.png,bank_statement,2024-07,.png,BS-KBANK-OPER-2567-07_transactions_p16,0.8898353576660156,BS-KBANK-OPER-2567-07,KBANK-OPER,2567,07,transactions_p16,16,transactions
renders/bank_statement/2024-07/BS-KBANK-OPER-2567-07_transactions_p17.png,bank_statement,2024-07,.png,BS-KBANK-OPER-2567-07_transactions_p17,0.893798828125,BS-KBANK-OPER-2567-07,KBANK-OPER,2567,07,transactions_p17,17,transactions
renders/bank_statement/2024-07/BS-KBANK-OPER-2567-07_transactions_p18.png,bank_statement,2024-07,.png,BS-KBANK-OPER-2567-07_transactions_p18,0.9048385620117188,BS-KBANK-OPER-2567-07,KBANK-OPER,2567,07,transactions_p18,18,transactions
renders/bank_statement/2024-07/BS-KBANK-OPER-2567-07_transactions_p19.png,bank_statement,2024-07,.png,BS-KBANK-OPER-2567-07_transactions_p19,0.8909683227539062,BS-KBANK-OPER-2567-07,KBANK-OPER,2567,07,transactions_p19,19,transactions
renders/bank_statement/2024-07/BS-KBANK-OPER-2567-07_transactions_p2.png,bank_statement,2024-07,.png,BS-KBANK-OPER-2567-07_transactions_p2,0.8858556747436523,BS-KBANK-OPER-2567-07,KBANK-OPER,2567,07,transactions_p2,2,transactions
renders/bank_statement/2024-07/BS-KBANK-OPER-2567-07_transactions_p20.png,bank_statement,2024-07,.png,BS-KBANK-OPER-2567-07_transactions_p20,0.8967733383178711,BS-KBANK-OPER-2567-07,KBANK-OPER,2567,07,transactions_p20,20,transactions
renders/bank_statement/2024-07/BS-KBANK-OPER-2567-07_transactions_p21.png,bank_statement,2024-07,.png,BS-KBANK-OPER-2567-07_transactions_p21,0.9052133560180664,BS-KBANK-OPER-2567-07,KBANK-OPER,2567,07,transactions_p21,21,transactions
renders/bank_statement/2024-07/BS-KBANK-OPER-2567-07_transactions_p22.png,bank_statement,2024-07,.png,BS-KBANK-OPER-2567-07_transactions_p22,0.9222373962402344,BS-KBANK-OPER-2567-07,KBANK-OPER,2567,07,transactions_p22,22,transactions
renders/bank_statement/2024-07/BS-KBANK-OPER-2567-07_transactions_p23.png,bank_statement,2024-07,.png,BS-KBANK-OPER-2567-07_transactions_p23,0.9196090698242188,BS-KBANK-OPER-2567-07,KBANK-OPER,2567,07,transactions_p23,23,transactions
renders/bank_statement/2024-07/BS-KBANK-OPER-2567-07_transactions_p24.png,bank_statement,2024-07,.png,BS-KBANK-OPER-2567-07_transactions_p24,0.9141016006469727,BS-KBANK-OPER-2567-07,KBANK-OPER,2567,07,transactions_p24,24,transactions
renders/bank_statement/2024-07/BS-KBANK-OPER-2567-07_transactions_p25.png,bank_statement,2024-07,.png,BS-KBANK-OPER-2567-07_transactions_p25,0.9236669540405273,BS-KBANK-OPER-2567-07,KBANK-OPER,2567,07,transactions_p25,25,transactions
renders/bank_statement/2024-07/BS-KBANK-OPER-2567-07_transactions_p26.png,bank_statement,2024-07,.png,BS-KBANK-OPER-2567-07_transactions_p26,0.9213333129882812,BS-KBANK-OPER-2567-07,KBANK-OPER,2567,07,transactions_p26,26,transactions
renders/bank_statement/2024-07/BS-KBANK-OPER-2567-07_transactions_p27.png,bank_statement,2024-07,.png,BS-KBANK-OPER-2567-07_transactions_p27,0.9119014739990234,BS-KBANK-OPER-2567-07,KBANK-OPER,2567,07,transactions_p27,27,transactions
renders/bank_statement/2024-07/BS-KBANK-OPER-2567-07_transactions_p28.png,bank_statement,2024-07,.png,BS-KBANK-OPER-2567-07_transactions_p28,0.9187612533569336,BS-KBANK-OPER-2567-07,KBANK-OPER,2567,07,transactions_p28,28,transactions
renders/bank_statement/2024-07/BS-KBANK-OPER-2567-07_transactions_p29.png,bank_statement,2024-07,.png,BS-KBANK-OPER-2567-07_transactions_p29,0.9286766052246094,BS-KBANK-OPER-2567-07,KBANK-OPER,2567,07,transactions_p29,29,transactions
renders/bank_statement/2024-07/BS-KBANK-OPER-2567-07_transactions_p3.png,bank_statement,2024-07,.png,BS-KBANK-OPER-2567-07_transactions_p3,0.8893918991088867,BS-KBANK-OPER-2567-07,KBANK-OPER,2567,07,transactions_p3,3,transactions
renders/bank_statement/2024-07/BS-KBANK-OPER-2567-07_transactions_p30.png,bank_statement,2024-07,.png,BS-KBANK-OPER-2567-07_transactions_p30,0.9199533462524414,BS-KBANK-OPER-2567-07,KBANK-OPER,2567,07,transactions_p30,30,transactions
renders/bank_statement/2024-07/BS-KBANK-OPER-2567-07_transactions_p31.png,bank_statement,2024-07,.png,BS-KBANK-OPER-2567-07_transactions_p31,0.9240598678588867,BS-KBANK-OPER-2567-07,KBANK-OPER,2567,07,transactions_p31,31,transactions
renders/bank_statement/2024-07/BS-KBANK-OPER-2567-07_transactions_p32.png,bank_statement,2024-07,.png,BS-KBANK-OPER-2567-07_transactions_p32,0.917877197265625,BS-KBANK-OPER-2567-07,KBANK-OPER,2567,07,transactions_p32,32,transactions
renders/bank_statement/2024-07/BS-KBANK-OPER-2567-07_transactions_p33.png,bank_statement,2024-07,.png,BS-KBANK-OPER-2567-07_transactions_p33,0.9173460006713867,BS-KBANK-OPER-2567-07,KBANK-OPER,2567,07,transactions_p33,33,transactions
renders/bank_statement/2024-07/BS-KBANK-OPER-2567-07_transactions_p34.png,bank_statement,2024-07,.png,BS-KBANK-OPER-2567-07_transactions_p34,0.9221210479736328,BS-KBANK-OPER-2567-07,KBANK-OPER,2567,07,transactions_p34,34,transactions
renders/bank_statement/2024-07/BS-KBANK-OPER-2567-07_transactions_p35.png,bank_statement,2024-07,.png,BS-KBANK-OPER-2567-07_transactions_p35,0.9128360748291016,BS-KBANK-OPER-2567-07,KBANK-OPER,2567,07,transactions_p35,35,transactions
renders/bank_statement/2024-07/BS-KBANK-OPER-2567-07_transactions_p36.png,bank_statement,2024-07,.png,BS-KBANK-OPER-2567-07_transactions_p36,0.28545188903808594,BS-KBANK-OPER-2567-07,KBANK-OPER,2567,07,transactions_p36,36,transactions
renders/bank_statement/2024-07/BS-KBANK-OPER-2567-07_transactions_p4.png,bank_statement,2024-07,.png,BS-KBANK-OPER-2567-07_transactions_p4,0.901667594909668,BS-KBANK-OPER-2567-07,KBANK-OPER,2567,07,transactions_p4,4,transactions
renders/bank_statement/2024-07/BS-KBANK-OPER-2567-07_transactions_p5.png,bank_statement,2024-07,.png,BS-KBANK-OPER-2567-07_transactions_p5,0.8993358612060547,BS-KBANK-OPER-2567-07,KBANK-OPER,2567,07,transactions_p5,5,transactions
renders/bank_statement/2024-07/BS-KBANK-OPER-2567-07_transactions_p6.png,bank_statement,2024-07,.png,BS-KBANK-OPER-2567-07_transactions_p6,0.9112548828125,BS-KBANK-OPER-2567-07,KBANK-OPER,2567,07,transactions_p6,6,transactions
renders/bank_statement/2024-07/BS-KBANK-OPER-2567-07_transactions_p7.png,bank_statement,2024-07,.png,BS-KBANK-OPER-2567-07_transactions_p7,0.891326904296875,BS-KBANK-OPER-2567-07,KBANK-OPER,2567,07,transactions_p7,7,transactions
renders/bank_statement/2024-07/BS-KBANK-OPER-2567-07_transactions_p8.png,bank_statement,2024-07,.png,BS-KBANK-OPER-2567-07_transactions_p8,0.8807430267333984,BS-KBANK-OPER-2567-07,KBANK-OPER,2567,07,transactions_p8,8,transactions
renders/bank_statement/2024-07/BS-KBANK-OPER-2567-07_transactions_p9.png,bank_statement,2024-07,.png,BS-KBANK-OPER-2567-07_transactions_p9,0.8819770812988281,BS-KBANK-OPER-2567-07,KBANK-OPER,2567,07,transactions_p9,9,transactions
renders/bank_statement/2024-07/BS-OPER-BKK-CTW-2567-07_header.png,bank_statement,2024-07,.png,BS-OPER-BKK-CTW-2567-07_header,0.2991762161254883,BS-OPER-BKK-CTW-2567-07,OPER-BKK-CTW,2567,07,header,,header
renders/bank_statement/2024-07/BS-OPER-BKK-CTW-2567-07_transactions_p1.png,bank_statement,2024-07,.png,BS-OPER-BKK-CTW-2567-07_transactions_p1,0.8986539840698242,BS-OPER-BKK-CTW-2567-07,OPER-BKK-CTW,2567,07,transactions_p1,1,transactions
renders/bank_statement/2024-07/BS-OPER-BKK-CTW-2567-07_transactions_p2.png,bank_statement,2024-07,.png,BS-OPER-BKK-CTW-2567-07_transactions_p2,0.9065647125244141,BS-OPER-BKK-CTW-2567-07,OPER-BKK-CTW,2567,07,transactions_p2,2,transactions
renders/bank_statement/2024-07/BS-OPER-BKK-CTW-2567-07_transactions_p3.png,bank_statement,2024-07,.png,BS-OPER-BKK-CTW-2567-07_transactions_p3,0.5317707061767578,BS-OPER-BKK-CTW-2567-07,OPER-BKK-CTW,2567,07,transactions_p3,3,transactions
renders/bank_statement/2024-07/BS-OPER-BKK-EMSP-2567-07_header.png,bank_statement,2024-07,.png,BS-OPER-BKK-EMSP-2567-07_header,0.05926799774169922,BS-OPER-BKK-EMSP-2567-07,OPER-BKK-EMSP,2567,07,header,,header
renders/bank_statement/2024-07/BS-OPER-BKK-EMSP-2567-07_transactions_p1.png,bank_statement,2024-07,.png,BS-OPER-BKK-EMSP-2567-07_transactions_p1,0.19404029846191406,BS-OPER-BKK-EMSP-2567-07,OPER-BKK-EMSP,2567,07,transactions_p1,1,transactions
renders/bank_statement/2024-07/BS-OPER-BKK-EMSP-2567-07_transactions_p2.png,bank_statement,2024-07,.png,BS-OPER-BKK-EMSP-2567-07_transactions_p2,0.2013568878173828,BS-OPER-BKK-EMSP-2567-07,OPER-BKK-EMSP,2567,07,transactions_p2,2,transactions
renders/bank_statement/2024-07/BS-OPER-BKK-EMSP-2567-07_transactions_p3.png,bank_statement,2024-07,.png,BS-OPER-BKK-EMSP-2567-07_transactions_p3,0.1982898712158203,BS-OPER-BKK-EMSP-2567-07,OPER-BKK-EMSP,2567,07,transactions_p3,3,transactions
renders/bank_statement/2024-07/BS-OPER-BKK-EMSP-2567-07_transactions_p4.png,bank_statement,2024-07,.png,BS-OPER-BKK-EMSP-2567-07_transactions_p4,0.1980905532836914,BS-OPER-BKK-EMSP-2567-07,OPER-BKK-EMSP,2567,07,transactions_p4,4,transactions
renders/bank_statement/2024-07/BS-OPER-BKK-EMSP-2567-07_transactions_p5.png,bank_statement,2024-07,.png,BS-OPER-BKK-EMSP-2567-07_transactions_p5,0.1997089385986328,BS-OPER-BKK-EMSP-2567-07,OPER-BKK-EMSP,2567,07,transactions_p5,5,transactions
renders/bank_statement/2024-07/BS-OPER-BKK-EMSP-2567-07_transactions_p6.png,bank_statement,2024-07,.png,BS-OPER-BKK-EMSP-2567-07_transactions_p6,0.20073699951171875,BS-OPER-BKK-EMSP-2567-07,OPER-BKK-EMSP,2567,07,transactions_p6,6,transactions
renders/bank_statement/2024-07/BS-OPER-BKK-EMSP-2567-07_transactions_p7.png,bank_statement,2024-07,.png,BS-OPER-BKK-EMSP-2567-07_transactions_p7,0.20167064666748047,BS-OPER-BKK-EMSP-2567-07,OPER-BKK-EMSP,2567,07,transactions_p7,7,transactions
renders/bank_statement/2024-07/BS-OPER-BKK-EMSP-2567-07_transactions_p8.png,bank_statement,2024-07,.png,BS-OPER-BKK-EMSP-2567-07_transactions_p8,0.12200546264648438,BS-OPER-BKK-EMSP-2567-07,OPER-BKK-EMSP,2567,07,transactions_p8,8,transactions
renders/bank_statement/2024-07/BS-OPER-BKK-PKT-2567-07_header.png,bank_statement,2024-07,.png,BS-OPER-BKK-PKT-2567-07_header,0.09106731414794922,BS-OPER-BKK-PKT-2567-07,OPER-BKK-PKT,2567,07,header,,header
renders/bank_statement/2024-07/BS-OPER-BKK-PKT-2567-07_transactions_p1.png,bank_statement,2024-07,.png,BS-OPER-BKK-PKT-2567-07_transactions_p1,0.17556190490722656,BS-OPER-BKK-PKT-2567-07,OPER-BKK-PKT,2567,07,transactions_p1,1,transactions
renders/bank_statement/2024-07/BS-OPER-BKK-PKT-2567-07_transactions_p2.png,bank_statement,2024-07,.png,BS-OPER-BKK-PKT-2567-07_transactions_p2,0.1809549331665039,BS-OPER-BKK-PKT-2567-07,OPER-BKK-PKT,2567,07,transactions_p2,2,transactions
renders/bank_statement/2024-07/BS-OPER-BKK-PKT-2567-07_transactions_p3.png,bank_statement,2024-07,.png,BS-OPER-BKK-PKT-2567-07_transactions_p3,0.1807565689086914,BS-OPER-BKK-PKT-2567-07,OPER-BKK-PKT,2567,07,transactions_p3,3,transactions
renders/bank_statement/2024-07/BS-OPER-BKK-PKT-2567-07_transactions_p4.png,bank_statement,2024-07,.png,BS-OPER-BKK-PKT-2567-07_transactions_p4,0.181549072265625,BS-OPER-BKK-PKT-2567-07,OPER-BKK-PKT,2567,07,transactions_p4,4,transactions
renders/bank_statement/2024-07/BS-OPER-BKK-PKT-2567-07_transactions_p5.png,bank_statement,2024-07,.png,BS-OPER-BKK-PKT-2567-07_transactions_p5,0.1805105209350586,BS-OPER-BKK-PKT-2567-07,OPER-BKK-PKT,2567,07,transactions_p5,5,transactions
renders/bank_statement/2024-07/BS-OPER-BKK-PKT-2567-07_transactions_p6.png,bank_statement,2024-07,.png,BS-OPER-BKK-PKT-2567-07_transactions_p6,0.18088245391845703,BS-OPER-BKK-PKT-2567-07,OPER-BKK-PKT,2567,07,transactions_p6,6,transactions
renders/bank_statement/2024-07/BS-OPER-BKK-PKT-2567-07_transactions_p7.png,bank_statement,2024-07,.png,BS-OPER-BKK-PKT-2567-07_transactions_p7,0.18392086029052734,BS-OPER-BKK-PKT-2567-07,OPER-BKK-PKT,2567,07,transactions_p7,7,transactions
renders/bank_statement/2024-07/BS-OPER-BKK-PKT-2567-07_transactions_p8.png,bank_statement,2024-07,.png,BS-OPER-BKK-PKT-2567-07_transactions_p8,0.111968994140625,BS-OPER-BKK-PKT-2567-07,OPER-BKK-PKT,2567,07,transactions_p8,8,transactions
renders/bank_statement/2024-07/BS-OPER-BKK-R9-2567-07_header.png,bank_statement,2024-07,.png,BS-OPER-BKK-R9-2567-07_header,0.29630279541015625,BS-OPER-BKK-R9-2567-07,OPER-BKK-R9,2567,07,header,,header
renders/bank_statement/2024-07/BS-OPER-BKK-R9-2567-07_transactions_p1.png,bank_statement,2024-07,.png,BS-OPER-BKK-R9-2567-07_transactions_p1,0.8999805450439453,BS-OPER-BKK-R9-2567-07,OPER-BKK-R9,2567,07,transactions_p1,1,transactions
renders/bank_statement/2024-07/BS-OPER-BKK-R9-2567-07_transactions_p2.png,bank_statement,2024-07,.png,BS-OPER-BKK-R9-2567-07_transactions_p2,0.9177045822143555,BS-OPER-BKK-R9-2567-07,OPER-BKK-R9,2567,07,transactions_p2,2,transactions
renders/bank_statement/2024-07/BS-OPER-BKK-R9-2567-07_transactions_p3.png,bank_statement,2024-07,.png,BS-OPER-BKK-R9-2567-07_transactions_p3,0.43861961364746094,BS-OPER-BKK-R9-2567-07,OPER-BKK-R9,2567,07,transactions_p3,3,transactions
renders/bank_statement/2024-07/BS-OPER-BKK-SIAM-2567-07_header.png,bank_statement,2024-07,.png,BS-OPER-BKK-SIAM-2567-07_header,0.059436798095703125,BS-OPER-BKK-SIAM-2567-07,OPER-BKK-SIAM,2567,07,header,,header
renders/bank_statement/2024-07/BS-OPER-BKK-SIAM-2567-07_transactions_p1.png,bank_statement,2024-07,.png,BS-OPER-BKK-SIAM-2567-07_transactions_p1,0.19544315338134766,BS-OPER-BKK-SIAM-2567-07,OPER-BKK-SIAM,2567,07,transactions_p1,1,transactions
renders/bank_statement/2024-07/BS-OPER-BKK-SIAM-2567-07_transactions_p2.png,bank_statement,2024-07,.png,BS-OPER-BKK-SIAM-2567-07_transactions_p2,0.20255184173583984,BS-OPER-BKK-SIAM-2567-07,OPER-BKK-SIAM,2567,07,transactions_p2,2,transactions
renders/bank_statement/2024-07/BS-OPER-BKK-SIAM-2567-07_transactions_p3.png,bank_statement,2024-07,.png,BS-OPER-BKK-SIAM-2567-07_transactions_p3,0.19984722137451172,BS-OPER-BKK-SIAM-2567-07,OPER-BKK-SIAM,2567,07,transactions_p3,3,transactions
renders/bank_statement/2024-07/BS-OPER-BKK-SIAM-2567-07_transactions_p4.png,bank_statement,2024-07,.png,BS-OPER-BKK-SIAM-2567-07_transactions_p4,0.20038604736328125,BS-OPER-BKK-SIAM-2567-07,OPER-BKK-SIAM,2567,07,transactions_p4,4,transactions
renders/bank_statement/2024-07/BS-OPER-BKK-SIAM-2567-07_transactions_p5.png,bank_statement,2024-07,.png,BS-OPER-BKK-SIAM-2567-07_transactions_p5,0.20109081268310547,BS-OPER-BKK-SIAM-2567-07,OPER-BKK-SIAM,2567,07,transactions_p5,5,transactions
renders/bank_statement/2024-07/BS-OPER-BKK-SIAM-2567-07_transactions_p6.png,bank_statement,2024-07,.png,BS-OPER-BKK-SIAM-2567-07_transactions_p6,0.20181751251220703,BS-OPER-BKK-SIAM-2567-07,OPER-BKK-SIAM,2567,07,transactions_p6,6,transactions
renders/bank_statement/2024-07/BS-OPER-BKK-SIAM-2567-07_transactions_p7.png,bank_statement,2024-07,.png,BS-OPER-BKK-SIAM-2567-07_transactions_p7,0.20396900177001953,BS-OPER-BKK-SIAM-2567-07,OPER-BKK-SIAM,2567,07,transactions_p7,7,transactions
renders/bank_statement/2024-07/BS-OPER-BKK-SIAM-2567-07_transactions_p8.png,bank_statement,2024-07,.png,BS-OPER-BKK-SIAM-2567-07_transactions_p8,0.17073822021484375,BS-OPER-BKK-SIAM-2567-07,OPER-BKK-SIAM,2567,07,transactions_p8,8,transactions
renders/bank_statement/2024-07/BS-OPER-CNX-MAYA-2567-07_header.png,bank_statement,2024-07,.png,BS-OPER-CNX-MAYA-2567-07_header,0.09165382385253906,BS-OPER-CNX-MAYA-2567-07,OPER-CNX-MAYA,2567,07,header,,header
renders/bank_statement/2024-07/BS-OPER-CNX-MAYA-2567-07_transactions_p1.png,bank_statement,2024-07,.png,BS-OPER-CNX-MAYA-2567-07_transactions_p1,0.17699527740478516,BS-OPER-CNX-MAYA-2567-07,OPER-CNX-MAYA,2567,07,transactions_p1,1,transactions
renders/bank_statement/2024-07/BS-OPER-CNX-MAYA-2567-07_transactions_p2.png,bank_statement,2024-07,.png,BS-OPER-CNX-MAYA-2567-07_transactions_p2,0.17996501922607422,BS-OPER-CNX-MAYA-2567-07,OPER-CNX-MAYA,2567,07,transactions_p2,2,transactions
renders/bank_statement/2024-07/BS-OPER-CNX-MAYA-2567-07_transactions_p3.png,bank_statement,2024-07,.png,BS-OPER-CNX-MAYA-2567-07_transactions_p3,0.18100452423095703,BS-OPER-CNX-MAYA-2567-07,OPER-CNX-MAYA,2567,07,transactions_p3,3,transactions
renders/bank_statement/2024-07/BS-OPER-CNX-MAYA-2567-07_transactions_p4.png,bank_statement,2024-07,.png,BS-OPER-CNX-MAYA-2567-07_transactions_p4,0.18097209930419922,BS-OPER-CNX-MAYA-2567-07,OPER-CNX-MAYA,2567,07,transactions_p4,4,transactions
renders/bank_statement/2024-07/BS-OPER-CNX-MAYA-2567-07_transactions_p5.png,bank_statement,2024-07,.png,BS-OPER-CNX-MAYA-2567-07_transactions_p5,0.1815624237060547,BS-OPER-CNX-MAYA-2567-07,OPER-CNX-MAYA,2567,07,transactions_p5,5,transactions
renders/bank_statement/2024-07/BS-OPER-CNX-MAYA-2567-07_transactions_p6.png,bank_statement,2024-07,.png,BS-OPER-CNX-MAYA-2567-07_transactions_p6,0.18383216857910156,BS-OPER-CNX-MAYA-2567-07,OPER-CNX-MAYA,2567,07,transactions_p6,6,transactions
renders/bank_statement/2024-07/BS-OPER-CNX-MAYA-2567-07_transactions_p7.png,bank_statement,2024-07,.png,BS-OPER-CNX-MAYA-2567-07_transactions_p7,0.18300628662109375,BS-OPER-CNX-MAYA-2567-07,OPER-CNX-MAYA,2567,07,transactions_p7,7,transactions
renders/bank_statement/2024-07/BS-OPER-CNX-MAYA-2567-07_transactions_p8.png,bank_statement,2024-07,.png,BS-OPER-CNX-MAYA-2567-07_transactions_p8,0.1190185546875,BS-OPER-CNX-MAYA-2567-07,OPER-CNX-MAYA,2567,07,transactions_p8,8,transactions
renders/bank_statement/2024-07/BS-OPER-HKT-FEST-2567-07_header.png,bank_statement,2024-07,.png,BS-OPER-HKT-FEST-2567-07_header,0.29391002655029297,BS-OPER-HKT-FEST-2567-07,OPER-HKT-FEST,2567,07,header,,header
renders/bank_statement/2024-07/BS-OPER-HKT-FEST-2567-07_transactions_p1.png,bank_statement,2024-07,.png,BS-OPER-HKT-FEST-2567-07_transactions_p1,0.8594627380371094,BS-OPER-HKT-FEST-2567-07,OPER-HKT-FEST,2567,07,transactions_p1,1,transactions
renders/bank_statement/2024-07/BS-OPER-HKT-FEST-2567-07_transactions_p2.png,bank_statement,2024-07,.png,BS-OPER-HKT-FEST-2567-07_transactions_p2,0.8721027374267578,BS-OPER-HKT-FEST-2567-07,OPER-HKT-FEST,2567,07,transactions_p2,2,transactions
renders/bank_statement/2024-07/BS-OPER-HKT-FEST-2567-07_transactions_p3.png,bank_statement,2024-07,.png,BS-OPER-HKT-FEST-2567-07_transactions_p3,0.42053890228271484,BS-OPER-HKT-FEST-2567-07,OPER-HKT-FEST,2567,07,transactions_p3,3,transactions
renders/bank_statement/2024-07/BS-OPER-KKC-CTRL-2567-07_header.png,bank_statement,2024-07,.png,BS-OPER-KKC-CTRL-2567-07_header,0.05927562713623047,BS-OPER-KKC-CTRL-2567-07,OPER-KKC-CTRL,2567,07,header,,header
renders/bank_statement/2024-07/BS-OPER-KKC-CTRL-2567-07_transactions_p1.png,bank_statement,2024-07,.png,BS-OPER-KKC-CTRL-2567-07_transactions_p1,0.18470287322998047,BS-OPER-KKC-CTRL-2567-07,OPER-KKC-CTRL,2567,07,transactions_p1,1,transactions
renders/bank_statement/2024-07/BS-OPER-KKC-CTRL-2567-07_transactions_p2.png,bank_statement,2024-07,.png,BS-OPER-KKC-CTRL-2567-07_transactions_p2,0.1902151107788086,BS-OPER-KKC-CTRL-2567-07,OPER-KKC-CTRL,2567,07,transactions_p2,2,transactions
renders/bank_statement/2024-07/BS-OPER-KKC-CTRL-2567-07_transactions_p3.png,bank_statement,2024-07,.png,BS-OPER-KKC-CTRL-2567-07_transactions_p3,0.19013214111328125,BS-OPER-KKC-CTRL-2567-07,OPER-KKC-CTRL,2567,07,transactions_p3,3,transactions
renders/bank_statement/2024-07/BS-OPER-KKC-CTRL-2567-07_transactions_p4.png,bank_statement,2024-07,.png,BS-OPER-KKC-CTRL-2567-07_transactions_p4,0.19227313995361328,BS-OPER-KKC-CTRL-2567-07,OPER-KKC-CTRL,2567,07,transactions_p4,4,transactions
renders/bank_statement/2024-07/BS-OPER-KKC-CTRL-2567-07_transactions_p5.png,bank_statement,2024-07,.png,BS-OPER-KKC-CTRL-2567-07_transactions_p5,0.18813419342041016,BS-OPER-KKC-CTRL-2567-07,OPER-KKC-CTRL,2567,07,transactions_p5,5,transactions
renders/bank_statement/2024-07/BS-OPER-KKC-CTRL-2567-07_transactions_p6.png,bank_statement,2024-07,.png,BS-OPER-KKC-CTRL-2567-07_transactions_p6,0.18930435180664062,BS-OPER-KKC-CTRL-2567-07,OPER-KKC-CTRL,2567,07,transactions_p6,6,transactions
renders/bank_statement/2024-07/BS-OPER-KKC-CTRL-2567-07_transactions_p7.png,bank_statement,2024-07,.png,BS-OPER-KKC-CTRL-2567-07_transactions_p7,0.14145183563232422,BS-OPER-KKC-CTRL-2567-07,OPER-KKC-CTRL,2567,07,transactions_p7,7,transactions
renders/bank_statement/2024-07/BS-OPER-PTY-CTRL-2567-07_header.png,bank_statement,2024-07,.png,BS-OPER-PTY-CTRL-2567-07_header,0.09096145629882812,BS-OPER-PTY-CTRL-2567-07,OPER-PTY-CTRL,2567,07,header,,header
renders/bank_statement/2024-07/BS-OPER-PTY-CTRL-2567-07_transactions_p1.png,bank_statement,2024-07,.png,BS-OPER-PTY-CTRL-2567-07_transactions_p1,0.17797183990478516,BS-OPER-PTY-CTRL-2567-07,OPER-PTY-CTRL,2567,07,transactions_p1,1,transactions
renders/bank_statement/2024-07/BS-OPER-PTY-CTRL-2567-07_transactions_p2.png,bank_statement,2024-07,.png,BS-OPER-PTY-CTRL-2567-07_transactions_p2,0.17987537384033203,BS-OPER-PTY-CTRL-2567-07,OPER-PTY-CTRL,2567,07,transactions_p2,2,transactions
renders/bank_statement/2024-07/BS-OPER-PTY-CTRL-2567-07_transactions_p3.png,bank_statement,2024-07,.png,BS-OPER-PTY-CTRL-2567-07_transactions_p3,0.18224239349365234,BS-OPER-PTY-CTRL-2567-07,OPER-PTY-CTRL,2567,07,transactions_p3,3,transactions
renders/bank_statement/2024-07/BS-OPER-PTY-CTRL-2567-07_transactions_p4.png,bank_statement,2024-07,.png,BS-OPER-PTY-CTRL-2567-07_transactions_p4,0.1809978485107422,BS-OPER-PTY-CTRL-2567-07,OPER-PTY-CTRL,2567,07,transactions_p4,4,transactions
renders/bank_statement/2024-07/BS-OPER-PTY-CTRL-2567-07_transactions_p5.png,bank_statement,2024-07,.png,BS-OPER-PTY-CTRL-2567-07_transactions_p5,0.18098163604736328,BS-OPER-PTY-CTRL-2567-07,OPER-PTY-CTRL,2567,07,transactions_p5,5,transactions
renders/bank_statement/2024-07/BS-OPER-PTY-CTRL-2567-07_transactions_p6.png,bank_statement,2024-07,.png,BS-OPER-PTY-CTRL-2567-07_transactions_p6,0.18020057678222656,BS-OPER-PTY-CTRL-2567-07,OPER-PTY-CTRL,2567,07,transactions_p6,6,transactions
renders/bank_statement/2024-07/BS-OPER-PTY-CTRL-2567-07_transactions_p7.png,bank_statement,2024-07,.png,BS-OPER-PTY-CTRL-2567-07_transactions_p7,0.182830810546875,BS-OPER-PTY-CTRL-2567-07,OPER-PTY-CTRL,2567,07,transactions_p7,7,transactions
renders/bank_statement/2024-07/BS-OPER-PTY-CTRL-2567-07_transactions_p8.png,bank_statement,2024-07,.png,BS-OPER-PTY-CTRL-2567-07_transactions_p8,0.08769035339355469,BS-OPER-PTY-CTRL-2567-07,OPER-PTY-CTRL,2567,07,transactions_p8,8,transactions
renders/bank_statement/2024-07/BS-OPER-REMOTE-2567-07_header.png,bank_statement,2024-07,.png,BS-OPER-REMOTE-2567-07_header,0.2951812744140625,BS-OPER-REMOTE-2567-07,OPER-REMOTE,2567,07,header,,header
renders/bank_statement/2024-07/BS-OPER-REMOTE-2567-07_transactions_p1.png,bank_statement,2024-07,.png,BS-OPER-REMOTE-2567-07_transactions_p1,0.8793954849243164,BS-OPER-REMOTE-2567-07,OPER-REMOTE,2567,07,transactions_p1,1,transactions
renders/bank_statement/2024-07/BS-OPER-REMOTE-2567-07_transactions_p2.png,bank_statement,2024-07,.png,BS-OPER-REMOTE-2567-07_transactions_p2,0.8626909255981445,BS-OPER-REMOTE-2567-07,OPER-REMOTE,2567,07,transactions_p2,2,transactions
renders/bank_statement/2024-07/BS-OPER-UDN-CTRL-2567-07_header.png,bank_statement,2024-07,.png,BS-OPER-UDN-CTRL-2567-07_header,0.05916881561279297,BS-OPER-UDN-CTRL-2567-07,OPER-UDN-CTRL,2567,07,header,,header
renders/bank_statement/2024-07/BS-OPER-UDN-CTRL-2567-07_transactions_p1.png,bank_statement,2024-07,.png,BS-OPER-UDN-CTRL-2567-07_transactions_p1,0.1882801055908203,BS-OPER-UDN-CTRL-2567-07,OPER-UDN-CTRL,2567,07,transactions_p1,1,transactions
renders/bank_statement/2024-07/BS-OPER-UDN-CTRL-2567-07_transactions_p2.png,bank_statement,2024-07,.png,BS-OPER-UDN-CTRL-2567-07_transactions_p2,0.19481563568115234,BS-OPER-UDN-CTRL-2567-07,OPER-UDN-CTRL,2567,07,transactions_p2,2,transactions
renders/bank_statement/2024-07/BS-OPER-UDN-CTRL-2567-07_transactions_p3.png,bank_statement,2024-07,.png,BS-OPER-UDN-CTRL-2567-07_transactions_p3,0.19217395782470703,BS-OPER-UDN-CTRL-2567-07,OPER-UDN-CTRL,2567,07,transactions_p3,3,transactions
renders/bank_statement/2024-07/BS-OPER-UDN-CTRL-2567-07_transactions_p4.png,bank_statement,2024-07,.png,BS-OPER-UDN-CTRL-2567-07_transactions_p4,0.19344711303710938,BS-OPER-UDN-CTRL-2567-07,OPER-UDN-CTRL,2567,07,transactions_p4,4,transactions
renders/bank_statement/2024-07/BS-OPER-UDN-CTRL-2567-07_transactions_p5.png,bank_statement,2024-07,.png,BS-OPER-UDN-CTRL-2567-07_transactions_p5,0.19258880615234375,BS-OPER-UDN-CTRL-2567-07,OPER-UDN-CTRL,2567,07,transactions_p5,5,transactions
renders/bank_statement/2024-07/BS-OPER-UDN-CTRL-2567-07_transactions_p6.png,bank_statement,2024-07,.png,BS-OPER-UDN-CTRL-2567-07_transactions_p6,0.1935272216796875,BS-OPER-UDN-CTRL-2567-07,OPER-UDN-CTRL,2567,07,transactions_p6,6,transactions
renders/bank_statement/2024-07/BS-OPER-UDN-CTRL-2567-07_transactions_p7.png,bank_statement,2024-07,.png,BS-OPER-UDN-CTRL-2567-07_transactions_p7,0.15814876556396484,BS-OPER-UDN-CTRL-2567-07,OPER-UDN-CTRL,2567,07,transactions_p7,7,transactions
renders/bank_statement/2024-07/BS-SCB-OPER-2567-07_header.png,bank_statement,2024-07,.png,BS-SCB-OPER-2567-07_header,0.0585479736328125,BS-SCB-OPER-2567-07,SCB-OPER,2567,07,header,,header
renders/bank_statement/2024-07/BS-SCB-OPER-2567-07_transactions_p1.png,bank_statement,2024-07,.png,BS-SCB-OPER-2567-07_transactions_p1,0.08271503448486328,BS-SCB-OPER-2567-07,SCB-OPER,2567,07,transactions_p1,1,transactions
renders/bank_statement/2024-08/BS-BBL-OPER-2567-08_header.png,bank_statement,2024-08,.png,BS-BBL-OPER-2567-08_header,0.090362548828125,BS-BBL-OPER-2567-08,BBL-OPER,2567,08,header,,header
renders/bank_statement/2024-08/BS-BBL-OPER-2567-08_transactions_p1.png,bank_statement,2024-08,.png,BS-BBL-OPER-2567-08_transactions_p1,0.09551239013671875,BS-BBL-OPER-2567-08,BBL-OPER,2567,08,transactions_p1,1,transactions
renders/bank_statement/2024-08/BS-KBANK-OPER-2567-08_header.png,bank_statement,2024-08,.png,BS-KBANK-OPER-2567-08_header,0.30213069915771484,BS-KBANK-OPER-2567-08,KBANK-OPER,2567,08,header,,header
renders/bank_statement/2024-08/BS-KBANK-OPER-2567-08_transactions_p1.png,bank_statement,2024-08,.png,BS-KBANK-OPER-2567-08_transactions_p1,0.8711862564086914,BS-KBANK-OPER-2567-08,KBANK-OPER,2567,08,transactions_p1,1,transactions
renders/bank_statement/2024-08/BS-KBANK-OPER-2567-08_transactions_p10.png,bank_statement,2024-08,.png,BS-KBANK-OPER-2567-08_transactions_p10,0.899846076965332,BS-KBANK-OPER-2567-08,KBANK-OPER,2567,08,transactions_p10,10,transactions
renders/bank_statement/2024-08/BS-KBANK-OPER-2567-08_transactions_p11.png,bank_statement,2024-08,.png,BS-KBANK-OPER-2567-08_transactions_p11,0.922511100769043,BS-KBANK-OPER-2567-08,KBANK-OPER,2567,08,transactions_p11,11,transactions
renders/bank_statement/2024-08/BS-KBANK-OPER-2567-08_transactions_p12.png,bank_statement,2024-08,.png,BS-KBANK-OPER-2567-08_transactions_p12,0.9119224548339844,BS-KBANK-OPER-2567-08,KBANK-OPER,2567,08,transactions_p12,12,transactions
renders/bank_statement/2024-08/BS-KBANK-OPER-2567-08_transactions_p13.png,bank_statement,2024-08,.png,BS-KBANK-OPER-2567-08_transactions_p13,0.9088048934936523,BS-KBANK-OPER-2567-08,KBANK-OPER,2567,08,transactions_p13,13,transactions
renders/bank_statement/2024-08/BS-KBANK-OPER-2567-08_transactions_p14.png,bank_statement,2024-08,.png,BS-KBANK-OPER-2567-08_transactions_p14,0.8885221481323242,BS-KBANK-OPER-2567-08,KBANK-OPER,2567,08,transactions_p14,14,transactions
renders/bank_statement/2024-08/BS-KBANK-OPER-2567-08_transactions_p15.png,bank_statement,2024-08,.png,BS-KBANK-OPER-2567-08_transactions_p15,0.8900985717773438,BS-KBANK-OPER-2567-08,KBANK-OPER,2567,08,transactions_p15,15,transactions
renders/bank_statement/2024-08/BS-KBANK-OPER-2567-08_transactions_p16.png,bank_statement,2024-08,.png,BS-KBANK-OPER-2567-08_transactions_p16,0.8952856063842773,BS-KBANK-OPER-2567-08,KBANK-OPER,2567,08,transactions_p16,16,transactions
renders/bank_statement/2024-08/BS-KBANK-OPER-2567-08_transactions_p17.png,bank_statement,2024-08,.png,BS-KBANK-OPER-2567-08_transactions_p17,0.9190378189086914,BS-KBANK-OPER-2567-08,KBANK-OPER,2567,08,transactions_p17,17,transactions
renders/bank_statement/2024-08/BS-KBANK-OPER-2567-08_transactions_p18.png,bank_statement,2024-08,.png,BS-KBANK-OPER-2567-08_transactions_p18,0.9075984954833984,BS-KBANK-OPER-2567-08,KBANK-OPER,2567,08,transactions_p18,18,transactions
renders/bank_statement/2024-08/BS-KBANK-OPER-2567-08_transactions_p19.png,bank_statement,2024-08,.png,BS-KBANK-OPER-2567-08_transactions_p19,0.910710334777832,BS-KBANK-OPER-2567-08,KBANK-OPER,2567,08,transactions_p19,19,transactions
renders/bank_statement/2024-08/BS-KBANK-OPER-2567-08_transactions_p2.png,bank_statement,2024-08,.png,BS-KBANK-OPER-2567-08_transactions_p2,0.8973665237426758,BS-KBANK-OPER-2567-08,KBANK-OPER,2567,08,transactions_p2,2,transactions
renders/bank_statement/2024-08/BS-KBANK-OPER-2567-08_transactions_p20.png,bank_statement,2024-08,.png,BS-KBANK-OPER-2567-08_transactions_p20,0.9064979553222656,BS-KBANK-OPER-2567-08,KBANK-OPER,2567,08,transactions_p20,20,transactions
renders/bank_statement/2024-08/BS-KBANK-OPER-2567-08_transactions_p21.png,bank_statement,2024-08,.png,BS-KBANK-OPER-2567-08_transactions_p21,0.902522087097168,BS-KBANK-OPER-2567-08,KBANK-OPER,2567,08,transactions_p21,21,transactions
renders/bank_statement/2024-08/BS-KBANK-OPER-2567-08_transactions_p22.png,bank_statement,2024-08,.png,BS-KBANK-OPER-2567-08_transactions_p22,0.9021196365356445,BS-KBANK-OPER-2567-08,KBANK-OPER,2567,08,transactions_p22,22,transactions
renders/bank_statement/2024-08/BS-KBANK-OPER-2567-08_transactions_p23.png,bank_statement,2024-08,.png,BS-KBANK-OPER-2567-08_transactions_p23,0.9260568618774414,BS-KBANK-OPER-2567-08,KBANK-OPER,2567,08,transactions_p23,23,transactions
renders/bank_statement/2024-08/BS-KBANK-OPER-2567-08_transactions_p24.png,bank_statement,2024-08,.png,BS-KBANK-OPER-2567-08_transactions_p24,0.9291667938232422,BS-KBANK-OPER-2567-08,KBANK-OPER,2567,08,transactions_p24,24,transactions
renders/bank_statement/2024-08/BS-KBANK-OPER-2567-08_transactions_p25.png,bank_statement,2024-08,.png,BS-KBANK-OPER-2567-08_transactions_p25,0.9339189529418945,BS-KBANK-OPER-2567-08,KBANK-OPER,2567,08,transactions_p25,25,transactions
renders/bank_statement/2024-08/BS-KBANK-OPER-2567-08_transactions_p26.png,bank_statement,2024-08,.png,BS-KBANK-OPER-2567-08_transactions_p26,0.9244813919067383,BS-KBANK-OPER-2567-08,KBANK-OPER,2567,08,transactions_p26,26,transactions
renders/bank_statement/2024-08/BS-KBANK-OPER-2567-08_transactions_p27.png,bank_statement,2024-08,.png,BS-KBANK-OPER-2567-08_transactions_p27,0.9269199371337891,BS-KBANK-OPER-2567-08,KBANK-OPER,2567,08,transactions_p27,27,transactions
renders/bank_statement/2024-08/BS-KBANK-OPER-2567-08_transactions_p28.png,bank_statement,2024-08,.png,BS-KBANK-OPER-2567-08_transactions_p28,0.9163846969604492,BS-KBANK-OPER-2567-08,KBANK-OPER,2567,08,transactions_p28,28,transactions
renders/bank_statement/2024-08/BS-KBANK-OPER-2567-08_transactions_p29.png,bank_statement,2024-08,.png,BS-KBANK-OPER-2567-08_transactions_p29,0.919926643371582,BS-KBANK-OPER-2567-08,KBANK-OPER,2567,08,transactions_p29,29,transactions
renders/bank_statement/2024-08/BS-KBANK-OPER-2567-08_transactions_p3.png,bank_statement,2024-08,.png,BS-KBANK-OPER-2567-08_transactions_p3,0.8981523513793945,BS-KBANK-OPER-2567-08,KBANK-OPER,2567,08,transactions_p3,3,transactions
renders/bank_statement/2024-08/BS-KBANK-OPER-2567-08_transactions_p30.png,bank_statement,2024-08,.png,BS-KBANK-OPER-2567-08_transactions_p30,0.934514045715332,BS-KBANK-OPER-2567-08,KBANK-OPER,2567,08,transactions_p30,30,transactions
renders/bank_statement/2024-08/BS-KBANK-OPER-2567-08_transactions_p31.png,bank_statement,2024-08,.png,BS-KBANK-OPER-2567-08_transactions_p31,0.9340610504150391,BS-KBANK-OPER-2567-08,KBANK-OPER,2567,08,transactions_p31,31,transactions
renders/bank_statement/2024-08/BS-KBANK-OPER-2567-08_transactions_p32.png,bank_statement,2024-08,.png,BS-KBANK-OPER-2567-08_transactions_p32,0.9250030517578125,BS-KBANK-OPER-2567-08,KBANK-OPER,2567,08,transactions_p32,32,transactions
renders/bank_statement/2024-08/BS-KBANK-OPER-2567-08_transactions_p33.png,bank_statement,2024-08,.png,BS-KBANK-OPER-2567-08_transactions_p33,0.9224224090576172,BS-KBANK-OPER-2567-08,KBANK-OPER,2567,08,transactions_p33,33,transactions
renders/bank_statement/2024-08/BS-KBANK-OPER-2567-08_transactions_p34.png,bank_statement,2024-08,.png,BS-KBANK-OPER-2567-08_transactions_p34,0.9315500259399414,BS-KBANK-OPER-2567-08,KBANK-OPER,2567,08,transactions_p34,34,transactions
renders/bank_statement/2024-08/BS-KBANK-OPER-2567-08_transactions_p35.png,bank_statement,2024-08,.png,BS-KBANK-OPER-2567-08_transactions_p35,0.913416862487793,BS-KBANK-OPER-2567-08,KBANK-OPER,2567,08,transactions_p35,35,transactions
renders/bank_statement/2024-08/BS-KBANK-OPER-2567-08_transactions_p36.png,bank_statement,2024-08,.png,BS-KBANK-OPER-2567-08_transactions_p36,0.1365213394165039,BS-KBANK-OPER-2567-08,KBANK-OPER,2567,08,transactions_p36,36,transactions
renders/bank_statement/2024-08/BS-KBANK-OPER-2567-08_transactions_p4.png,bank_statement,2024-08,.png,BS-KBANK-OPER-2567-08_transactions_p4,0.9063911437988281,BS-KBANK-OPER-2567-08,KBANK-OPER,2567,08,transactions_p4,4,transactions
renders/bank_statement/2024-08/BS-KBANK-OPER-2567-08_transactions_p5.png,bank_statement,2024-08,.png,BS-KBANK-OPER-2567-08_transactions_p5,0.9079132080078125,BS-KBANK-OPER-2567-08,KBANK-OPER,2567,08,transactions_p5,5,transactions
renders/bank_statement/2024-08/BS-KBANK-OPER-2567-08_transactions_p6.png,bank_statement,2024-08,.png,BS-KBANK-OPER-2567-08_transactions_p6,0.9075555801391602,BS-KBANK-OPER-2567-08,KBANK-OPER,2567,08,transactions_p6,6,transactions
renders/bank_statement/2024-08/BS-KBANK-OPER-2567-08_transactions_p7.png,bank_statement,2024-08,.png,BS-KBANK-OPER-2567-08_transactions_p7,0.8916873931884766,BS-KBANK-OPER-2567-08,KBANK-OPER,2567,08,transactions_p7,7,transactions
renders/bank_statement/2024-08/BS-KBANK-OPER-2567-08_transactions_p8.png,bank_statement,2024-08,.png,BS-KBANK-OPER-2567-08_transactions_p8,0.8863811492919922,BS-KBANK-OPER-2567-08,KBANK-OPER,2567,08,transactions_p8,8,transactions
renders/bank_statement/2024-08/BS-KBANK-OPER-2567-08_transactions_p9.png,bank_statement,2024-08,.png,BS-KBANK-OPER-2567-08_transactions_p9,0.8938560485839844,BS-KBANK-OPER-2567-08,KBANK-OPER,2567,08,transactions_p9,9,transactions
renders/bank_statement/2024-08/BS-OPER-BKK-CTW-2567-08_header.png,bank_statement,2024-08,.png,BS-OPER-BKK-CTW-2567-08_header,0.3016233444213867,BS-OPER-BKK-CTW-2567-08,OPER-BKK-CTW,2567,08,header,,header
renders/bank_statement/2024-08/BS-OPER-BKK-CTW-2567-08_transactions_p1.png,bank_statement,2024-08,.png,BS-OPER-BKK-CTW-2567-08_transactions_p1,0.9075937271118164,BS-OPER-BKK-CTW-2567-08,OPER-BKK-CTW,2567,08,transactions_p1,1,transactions
renders/bank_statement/2024-08/BS-OPER-BKK-CTW-2567-08_transactions_p2.png,bank_statement,2024-08,.png,BS-OPER-BKK-CTW-2567-08_transactions_p2,0.9229774475097656,BS-OPER-BKK-CTW-2567-08,OPER-BKK-CTW,2567,08,transactions_p2,2,transactions
renders/bank_statement/2024-08/BS-OPER-BKK-CTW-2567-08_transactions_p3.png,bank_statement,2024-08,.png,BS-OPER-BKK-CTW-2567-08_transactions_p3,0.6137704849243164,BS-OPER-BKK-CTW-2567-08,OPER-BKK-CTW,2567,08,transactions_p3,3,transactions
renders/bank_statement/2024-08/BS-OPER-BKK-EMSP-2567-08_header.png,bank_statement,2024-08,.png,BS-OPER-BKK-EMSP-2567-08_header,0.05941486358642578,BS-OPER-BKK-EMSP-2567-08,OPER-BKK-EMSP,2567,08,header,,header
renders/bank_statement/2024-08/BS-OPER-BKK-EMSP-2567-08_transactions_p1.png,bank_statement,2024-08,.png,BS-OPER-BKK-EMSP-2567-08_transactions_p1,0.19684505462646484,BS-OPER-BKK-EMSP-2567-08,OPER-BKK-EMSP,2567,08,transactions_p1,1,transactions
renders/bank_statement/2024-08/BS-OPER-BKK-EMSP-2567-08_transactions_p2.png,bank_statement,2024-08,.png,BS-OPER-BKK-EMSP-2567-08_transactions_p2,0.2027444839477539,BS-OPER-BKK-EMSP-2567-08,OPER-BKK-EMSP,2567,08,transactions_p2,2,transactions
renders/bank_statement/2024-08/BS-OPER-BKK-EMSP-2567-08_transactions_p3.png,bank_statement,2024-08,.png,BS-OPER-BKK-EMSP-2567-08_transactions_p3,0.19955158233642578,BS-OPER-BKK-EMSP-2567-08,OPER-BKK-EMSP,2567,08,transactions_p3,3,transactions
renders/bank_statement/2024-08/BS-OPER-BKK-EMSP-2567-08_transactions_p4.png,bank_statement,2024-08,.png,BS-OPER-BKK-EMSP-2567-08_transactions_p4,0.20125293731689453,BS-OPER-BKK-EMSP-2567-08,OPER-BKK-EMSP,2567,08,transactions_p4,4,transactions
renders/bank_statement/2024-08/BS-OPER-BKK-EMSP-2567-08_transactions_p5.png,bank_statement,2024-08,.png,BS-OPER-BKK-EMSP-2567-08_transactions_p5,0.2005910873413086,BS-OPER-BKK-EMSP-2567-08,OPER-BKK-EMSP,2567,08,transactions_p5,5,transactions
renders/bank_statement/2024-08/BS-OPER-BKK-EMSP-2567-08_transactions_p6.png,bank_statement,2024-08,.png,BS-OPER-BKK-EMSP-2567-08_transactions_p6,0.20268821716308594,BS-OPER-BKK-EMSP-2567-08,OPER-BKK-EMSP,2567,08,transactions_p6,6,transactions
renders/bank_statement/2024-08/BS-OPER-BKK-EMSP-2567-08_transactions_p7.png,bank_statement,2024-08,.png,BS-OPER-BKK-EMSP-2567-08_transactions_p7,0.20434856414794922,BS-OPER-BKK-EMSP-2567-08,OPER-BKK-EMSP,2567,08,transactions_p7,7,transactions
renders/bank_statement/2024-08/BS-OPER-BKK-EMSP-2567-08_transactions_p8.png,bank_statement,2024-08,.png,BS-OPER-BKK-EMSP-2567-08_transactions_p8,0.13109397888183594,BS-OPER-BKK-EMSP-2567-08,OPER-BKK-EMSP,2567,08,transactions_p8,8,transactions
renders/bank_statement/2024-08/BS-OPER-BKK-PKT-2567-08_header.png,bank_statement,2024-08,.png,BS-OPER-BKK-PKT-2567-08_header,0.09133243560791016,BS-OPER-BKK-PKT-2567-08,OPER-BKK-PKT,2567,08,header,,header
renders/bank_statement/2024-08/BS-OPER-BKK-PKT-2567-08_transactions_p1.png,bank_statement,2024-08,.png,BS-OPER-BKK-PKT-2567-08_transactions_p1,0.1786336898803711,BS-OPER-BKK-PKT-2567-08,OPER-BKK-PKT,2567,08,transactions_p1,1,transactions
renders/bank_statement/2024-08/BS-OPER-BKK-PKT-2567-08_transactions_p2.png,bank_statement,2024-08,.png,BS-OPER-BKK-PKT-2567-08_transactions_p2,0.18064022064208984,BS-OPER-BKK-PKT-2567-08,OPER-BKK-PKT,2567,08,transactions_p2,2,transactions
renders/bank_statement/2024-08/BS-OPER-BKK-PKT-2567-08_transactions_p3.png,bank_statement,2024-08,.png,BS-OPER-BKK-PKT-2567-08_transactions_p3,0.1813669204711914,BS-OPER-BKK-PKT-2567-08,OPER-BKK-PKT,2567,08,transactions_p3,3,transactions
renders/bank_statement/2024-08/BS-OPER-BKK-PKT-2567-08_transactions_p4.png,bank_statement,2024-08,.png,BS-OPER-BKK-PKT-2567-08_transactions_p4,0.1820993423461914,BS-OPER-BKK-PKT-2567-08,OPER-BKK-PKT,2567,08,transactions_p4,4,transactions
renders/bank_statement/2024-08/BS-OPER-BKK-PKT-2567-08_transactions_p5.png,bank_statement,2024-08,.png,BS-OPER-BKK-PKT-2567-08_transactions_p5,0.18316173553466797,BS-OPER-BKK-PKT-2567-08,OPER-BKK-PKT,2567,08,transactions_p5,5,transactions
renders/bank_statement/2024-08/BS-OPER-BKK-PKT-2567-08_transactions_p6.png,bank_statement,2024-08,.png,BS-OPER-BKK-PKT-2567-08_transactions_p6,0.18382740020751953,BS-OPER-BKK-PKT-2567-08,OPER-BKK-PKT,2567,08,transactions_p6,6,transactions
renders/bank_statement/2024-08/BS-OPER-BKK-PKT-2567-08_transactions_p7.png,bank_statement,2024-08,.png,BS-OPER-BKK-PKT-2567-08_transactions_p7,0.18374347686767578,BS-OPER-BKK-PKT-2567-08,OPER-BKK-PKT,2567,08,transactions_p7,7,transactions
renders/bank_statement/2024-08/BS-OPER-BKK-PKT-2567-08_transactions_p8.png,bank_statement,2024-08,.png,BS-OPER-BKK-PKT-2567-08_transactions_p8,0.13333988189697266,BS-OPER-BKK-PKT-2567-08,OPER-BKK-PKT,2567,08,transactions_p8,8,transactions
renders/bank_statement/2024-08/BS-OPER-BKK-R9-2567-08_header.png,bank_statement,2024-08,.png,BS-OPER-BKK-R9-2567-08_header,0.295867919921875,BS-OPER-BKK-R9-2567-08,OPER-BKK-R9,2567,08,header,,header
renders/bank_statement/2024-08/BS-OPER-BKK-R9-2567-08_transactions_p1.png,bank_statement,2024-08,.png,BS-OPER-BKK-R9-2567-08_transactions_p1,0.9176807403564453,BS-OPER-BKK-R9-2567-08,OPER-BKK-R9,2567,08,transactions_p1,1,transactions
renders/bank_statement/2024-08/BS-OPER-BKK-R9-2567-08_transactions_p2.png,bank_statement,2024-08,.png,BS-OPER-BKK-R9-2567-08_transactions_p2,0.9298725128173828,BS-OPER-BKK-R9-2567-08,OPER-BKK-R9,2567,08,transactions_p2,2,transactions
renders/bank_statement/2024-08/BS-OPER-BKK-R9-2567-08_transactions_p3.png,bank_statement,2024-08,.png,BS-OPER-BKK-R9-2567-08_transactions_p3,0.5649852752685547,BS-OPER-BKK-R9-2567-08,OPER-BKK-R9,2567,08,transactions_p3,3,transactions
renders/bank_statement/2024-08/BS-OPER-BKK-SIAM-2567-08_header.png,bank_statement,2024-08,.png,BS-OPER-BKK-SIAM-2567-08_header,0.059586524963378906,BS-OPER-BKK-SIAM-2567-08,OPER-BKK-SIAM,2567,08,header,,header
renders/bank_statement/2024-08/BS-OPER-BKK-SIAM-2567-08_transactions_p1.png,bank_statement,2024-08,.png,BS-OPER-BKK-SIAM-2567-08_transactions_p1,0.19995498657226562,BS-OPER-BKK-SIAM-2567-08,OPER-BKK-SIAM,2567,08,transactions_p1,1,transactions
renders/bank_statement/2024-08/BS-OPER-BKK-SIAM-2567-08_transactions_p2.png,bank_statement,2024-08,.png,BS-OPER-BKK-SIAM-2567-08_transactions_p2,0.20504188537597656,BS-OPER-BKK-SIAM-2567-08,OPER-BKK-SIAM,2567,08,transactions_p2,2,transactions
renders/bank_statement/2024-08/BS-OPER-BKK-SIAM-2567-08_transactions_p3.png,bank_statement,2024-08,.png,BS-OPER-BKK-SIAM-2567-08_transactions_p3,0.20363616943359375,BS-OPER-BKK-SIAM-2567-08,OPER-BKK-SIAM,2567,08,transactions_p3,3,transactions
renders/bank_statement/2024-08/BS-OPER-BKK-SIAM-2567-08_transactions_p4.png,bank_statement,2024-08,.png,BS-OPER-BKK-SIAM-2567-08_transactions_p4,0.20373249053955078,BS-OPER-BKK-SIAM-2567-08,OPER-BKK-SIAM,2567,08,transactions_p4,4,transactions
renders/bank_statement/2024-08/BS-OPER-BKK-SIAM-2567-08_transactions_p5.png,bank_statement,2024-08,.png,BS-OPER-BKK-SIAM-2567-08_transactions_p5,0.20373916625976562,BS-OPER-BKK-SIAM-2567-08,OPER-BKK-SIAM,2567,08,transactions_p5,5,transactions
renders/bank_statement/2024-08/BS-OPER-BKK-SIAM-2567-08_transactions_p6.png,bank_statement,2024-08,.png,BS-OPER-BKK-SIAM-2567-08_transactions_p6,0.20572662353515625,BS-OPER-BKK-SIAM-2567-08,OPER-BKK-SIAM,2567,08,transactions_p6,6,transactions
renders/bank_statement/2024-08/BS-OPER-BKK-SIAM-2567-08_transactions_p7.png,bank_statement,2024-08,.png,BS-OPER-BKK-SIAM-2567-08_transactions_p7,0.2072429656982422,BS-OPER-BKK-SIAM-2567-08,OPER-BKK-SIAM,2567,08,transactions_p7,7,transactions
renders/bank_statement/2024-08/BS-OPER-BKK-SIAM-2567-08_transactions_p8.png,bank_statement,2024-08,.png,BS-OPER-BKK-SIAM-2567-08_transactions_p8,0.1659402847290039,BS-OPER-BKK-SIAM-2567-08,OPER-BKK-SIAM,2567,08,transactions_p8,8,transactions
renders/bank_statement/2024-08/BS-OPER-CNX-MAYA-2567-08_header.png,bank_statement,2024-08,.png,BS-OPER-CNX-MAYA-2567-08_header,0.09191226959228516,BS-OPER-CNX-MAYA-2567-08,OPER-CNX-MAYA,2567,08,header,,header
renders/bank_statement/2024-08/BS-OPER-CNX-MAYA-2567-08_transactions_p1.png,bank_statement,2024-08,.png,BS-OPER-CNX-MAYA-2567-08_transactions_p1,0.1775064468383789,BS-OPER-CNX-MAYA-2567-08,OPER-CNX-MAYA,2567,08,transactions_p1,1,transactions
renders/bank_statement/2024-08/BS-OPER-CNX-MAYA-2567-08_transactions_p2.png,bank_statement,2024-08,.png,BS-OPER-CNX-MAYA-2567-08_transactions_p2,0.1799030303955078,BS-OPER-CNX-MAYA-2567-08,OPER-CNX-MAYA,2567,08,transactions_p2,2,transactions
renders/bank_statement/2024-08/BS-OPER-CNX-MAYA-2567-08_transactions_p3.png,bank_statement,2024-08,.png,BS-OPER-CNX-MAYA-2567-08_transactions_p3,0.1820659637451172,BS-OPER-CNX-MAYA-2567-08,OPER-CNX-MAYA,2567,08,transactions_p3,3,transactions
renders/bank_statement/2024-08/BS-OPER-CNX-MAYA-2567-08_transactions_p4.png,bank_statement,2024-08,.png,BS-OPER-CNX-MAYA-2567-08_transactions_p4,0.1811838150024414,BS-OPER-CNX-MAYA-2567-08,OPER-CNX-MAYA,2567,08,transactions_p4,4,transactions
renders/bank_statement/2024-08/BS-OPER-CNX-MAYA-2567-08_transactions_p5.png,bank_statement,2024-08,.png,BS-OPER-CNX-MAYA-2567-08_transactions_p5,0.1825542449951172,BS-OPER-CNX-MAYA-2567-08,OPER-CNX-MAYA,2567,08,transactions_p5,5,transactions
renders/bank_statement/2024-08/BS-OPER-CNX-MAYA-2567-08_transactions_p6.png,bank_statement,2024-08,.png,BS-OPER-CNX-MAYA-2567-08_transactions_p6,0.18280696868896484,BS-OPER-CNX-MAYA-2567-08,OPER-CNX-MAYA,2567,08,transactions_p6,6,transactions
renders/bank_statement/2024-08/BS-OPER-CNX-MAYA-2567-08_transactions_p7.png,bank_statement,2024-08,.png,BS-OPER-CNX-MAYA-2567-08_transactions_p7,0.18311595916748047,BS-OPER-CNX-MAYA-2567-08,OPER-CNX-MAYA,2567,08,transactions_p7,7,transactions
renders/bank_statement/2024-08/BS-OPER-CNX-MAYA-2567-08_transactions_p8.png,bank_statement,2024-08,.png,BS-OPER-CNX-MAYA-2567-08_transactions_p8,0.0945444107055664,BS-OPER-CNX-MAYA-2567-08,OPER-CNX-MAYA,2567,08,transactions_p8,8,transactions
renders/bank_statement/2024-08/BS-OPER-HKT-FEST-2567-08_header.png,bank_statement,2024-08,.png,BS-OPER-HKT-FEST-2567-08_header,0.2958087921142578,BS-OPER-HKT-FEST-2567-08,OPER-HKT-FEST,2567,08,header,,header
renders/bank_statement/2024-08/BS-OPER-HKT-FEST-2567-08_transactions_p1.png,bank_statement,2024-08,.png,BS-OPER-HKT-FEST-2567-08_transactions_p1,0.8842411041259766,BS-OPER-HKT-FEST-2567-08,OPER-HKT-FEST,2567,08,transactions_p1,1,transactions
renders/bank_statement/2024-08/BS-OPER-HKT-FEST-2567-08_transactions_p2.png,bank_statement,2024-08,.png,BS-OPER-HKT-FEST-2567-08_transactions_p2,0.8956260681152344,BS-OPER-HKT-FEST-2567-08,OPER-HKT-FEST,2567,08,transactions_p2,2,transactions
renders/bank_statement/2024-08/BS-OPER-HKT-FEST-2567-08_transactions_p3.png,bank_statement,2024-08,.png,BS-OPER-HKT-FEST-2567-08_transactions_p3,0.4462556838989258,BS-OPER-HKT-FEST-2567-08,OPER-HKT-FEST,2567,08,transactions_p3,3,transactions
renders/bank_statement/2024-08/BS-OPER-KKC-CTRL-2567-08_header.png,bank_statement,2024-08,.png,BS-OPER-KKC-CTRL-2567-08_header,0.059429168701171875,BS-OPER-KKC-CTRL-2567-08,OPER-KKC-CTRL,2567,08,header,,header
renders/bank_statement/2024-08/BS-OPER-KKC-CTRL-2567-08_transactions_p1.png,bank_statement,2024-08,.png,BS-OPER-KKC-CTRL-2567-08_transactions_p1,0.18646240234375,BS-OPER-KKC-CTRL-2567-08,OPER-KKC-CTRL,2567,08,transactions_p1,1,transactions
renders/bank_statement/2024-08/BS-OPER-KKC-CTRL-2567-08_transactions_p2.png,bank_statement,2024-08,.png,BS-OPER-KKC-CTRL-2567-08_transactions_p2,0.1896038055419922,BS-OPER-KKC-CTRL-2567-08,OPER-KKC-CTRL,2567,08,transactions_p2,2,transactions
renders/bank_statement/2024-08/BS-OPER-KKC-CTRL-2567-08_transactions_p3.png,bank_statement,2024-08,.png,BS-OPER-KKC-CTRL-2567-08_transactions_p3,0.19120121002197266,BS-OPER-KKC-CTRL-2567-08,OPER-KKC-CTRL,2567,08,transactions_p3,3,transactions
renders/bank_statement/2024-08/BS-OPER-KKC-CTRL-2567-08_transactions_p4.png,bank_statement,2024-08,.png,BS-OPER-KKC-CTRL-2567-08_transactions_p4,0.19187545776367188,BS-OPER-KKC-CTRL-2567-08,OPER-KKC-CTRL,2567,08,transactions_p4,4,transactions
renders/bank_statement/2024-08/BS-OPER-KKC-CTRL-2567-08_transactions_p5.png,bank_statement,2024-08,.png,BS-OPER-KKC-CTRL-2567-08_transactions_p5,0.18914031982421875,BS-OPER-KKC-CTRL-2567-08,OPER-KKC-CTRL,2567,08,transactions_p5,5,transactions
renders/bank_statement/2024-08/BS-OPER-KKC-CTRL-2567-08_transactions_p6.png,bank_statement,2024-08,.png,BS-OPER-KKC-CTRL-2567-08_transactions_p6,0.1896686553955078,BS-OPER-KKC-CTRL-2567-08,OPER-KKC-CTRL,2567,08,transactions_p6,6,transactions
renders/bank_statement/2024-08/BS-OPER-KKC-CTRL-2567-08_transactions_p7.png,bank_statement,2024-08,.png,BS-OPER-KKC-CTRL-2567-08_transactions_p7,0.14111614227294922,BS-OPER-KKC-CTRL-2567-08,OPER-KKC-CTRL,2567,08,transactions_p7,7,transactions
renders/bank_statement/2024-08/BS-OPER-PTY-CTRL-2567-08_header.png,bank_statement,2024-08,.png,BS-OPER-PTY-CTRL-2567-08_header,0.09121990203857422,BS-OPER-PTY-CTRL-2567-08,OPER-PTY-CTRL,2567,08,header,,header
renders/bank_statement/2024-08/BS-OPER-PTY-CTRL-2567-08_transactions_p1.png,bank_statement,2024-08,.png,BS-OPER-PTY-CTRL-2567-08_transactions_p1,0.17697429656982422,BS-OPER-PTY-CTRL-2567-08,OPER-PTY-CTRL,2567,08,transactions_p1,1,transactions
renders/bank_statement/2024-08/BS-OPER-PTY-CTRL-2567-08_transactions_p2.png,bank_statement,2024-08,.png,BS-OPER-PTY-CTRL-2567-08_transactions_p2,0.17969703674316406,BS-OPER-PTY-CTRL-2567-08,OPER-PTY-CTRL,2567,08,transactions_p2,2,transactions
renders/bank_statement/2024-08/BS-OPER-PTY-CTRL-2567-08_transactions_p3.png,bank_statement,2024-08,.png,BS-OPER-PTY-CTRL-2567-08_transactions_p3,0.1814746856689453,BS-OPER-PTY-CTRL-2567-08,OPER-PTY-CTRL,2567,08,transactions_p3,3,transactions
renders/bank_statement/2024-08/BS-OPER-PTY-CTRL-2567-08_transactions_p4.png,bank_statement,2024-08,.png,BS-OPER-PTY-CTRL-2567-08_transactions_p4,0.18284320831298828,BS-OPER-PTY-CTRL-2567-08,OPER-PTY-CTRL,2567,08,transactions_p4,4,transactions
renders/bank_statement/2024-08/BS-OPER-PTY-CTRL-2567-08_transactions_p5.png,bank_statement,2024-08,.png,BS-OPER-PTY-CTRL-2567-08_transactions_p5,0.18019580841064453,BS-OPER-PTY-CTRL-2567-08,OPER-PTY-CTRL,2567,08,transactions_p5,5,transactions
renders/bank_statement/2024-08/BS-OPER-PTY-CTRL-2567-08_transactions_p6.png,bank_statement,2024-08,.png,BS-OPER-PTY-CTRL-2567-08_transactions_p6,0.18410873413085938,BS-OPER-PTY-CTRL-2567-08,OPER-PTY-CTRL,2567,08,transactions_p6,6,transactions
renders/bank_statement/2024-08/BS-OPER-PTY-CTRL-2567-08_transactions_p7.png,bank_statement,2024-08,.png,BS-OPER-PTY-CTRL-2567-08_transactions_p7,0.1852712631225586,BS-OPER-PTY-CTRL-2567-08,OPER-PTY-CTRL,2567,08,transactions_p7,7,transactions
renders/bank_statement/2024-08/BS-OPER-PTY-CTRL-2567-08_transactions_p8.png,bank_statement,2024-08,.png,BS-OPER-PTY-CTRL-2567-08_transactions_p8,0.1255950927734375,BS-OPER-PTY-CTRL-2567-08,OPER-PTY-CTRL,2567,08,transactions_p8,8,transactions
renders/bank_statement/2024-08/BS-OPER-REMOTE-2567-08_header.png,bank_statement,2024-08,.png,BS-OPER-REMOTE-2567-08_header,0.2952728271484375,BS-OPER-REMOTE-2567-08,OPER-REMOTE,2567,08,header,,header
renders/bank_statement/2024-08/BS-OPER-REMOTE-2567-08_transactions_p1.png,bank_statement,2024-08,.png,BS-OPER-REMOTE-2567-08_transactions_p1,0.9006223678588867,BS-OPER-REMOTE-2567-08,OPER-REMOTE,2567,08,transactions_p1,1,transactions
renders/bank_statement/2024-08/BS-OPER-REMOTE-2567-08_transactions_p2.png,bank_statement,2024-08,.png,BS-OPER-REMOTE-2567-08_transactions_p2,0.8610057830810547,BS-OPER-REMOTE-2567-08,OPER-REMOTE,2567,08,transactions_p2,2,transactions
renders/bank_statement/2024-08/BS-OPER-UDN-CTRL-2567-08_header.png,bank_statement,2024-08,.png,BS-OPER-UDN-CTRL-2567-08_header,0.05932140350341797,BS-OPER-UDN-CTRL-2567-08,OPER-UDN-CTRL,2567,08,header,,header
renders/bank_statement/2024-08/BS-OPER-UDN-CTRL-2567-08_transactions_p1.png,bank_statement,2024-08,.png,BS-OPER-UDN-CTRL-2567-08_transactions_p1,0.19178295135498047,BS-OPER-UDN-CTRL-2567-08,OPER-UDN-CTRL,2567,08,transactions_p1,1,transactions
renders/bank_statement/2024-08/BS-OPER-UDN-CTRL-2567-08_transactions_p2.png,bank_statement,2024-08,.png,BS-OPER-UDN-CTRL-2567-08_transactions_p2,0.19678020477294922,BS-OPER-UDN-CTRL-2567-08,OPER-UDN-CTRL,2567,08,transactions_p2,2,transactions
renders/bank_statement/2024-08/BS-OPER-UDN-CTRL-2567-08_transactions_p3.png,bank_statement,2024-08,.png,BS-OPER-UDN-CTRL-2567-08_transactions_p3,0.19572734832763672,BS-OPER-UDN-CTRL-2567-08,OPER-UDN-CTRL,2567,08,transactions_p3,3,transactions
renders/bank_statement/2024-08/BS-OPER-UDN-CTRL-2567-08_transactions_p4.png,bank_statement,2024-08,.png,BS-OPER-UDN-CTRL-2567-08_transactions_p4,0.19479084014892578,BS-OPER-UDN-CTRL-2567-08,OPER-UDN-CTRL,2567,08,transactions_p4,4,transactions
renders/bank_statement/2024-08/BS-OPER-UDN-CTRL-2567-08_transactions_p5.png,bank_statement,2024-08,.png,BS-OPER-UDN-CTRL-2567-08_transactions_p5,0.19652652740478516,BS-OPER-UDN-CTRL-2567-08,OPER-UDN-CTRL,2567,08,transactions_p5,5,transactions
renders/bank_statement/2024-08/BS-OPER-UDN-CTRL-2567-08_transactions_p6.png,bank_statement,2024-08,.png,BS-OPER-UDN-CTRL-2567-08_transactions_p6,0.1746387481689453,BS-OPER-UDN-CTRL-2567-08,OPER-UDN-CTRL,2567,08,transactions_p6,6,transactions
renders/bank_statement/2024-08/BS-SCB-OPER-2567-08_header.png,bank_statement,2024-08,.png,BS-SCB-OPER-2567-08_header,0.05869293212890625,BS-SCB-OPER-2567-08,SCB-OPER,2567,08,header,,header
renders/bank_statement/2024-08/BS-SCB-OPER-2567-08_transactions_p1.png,bank_statement,2024-08,.png,BS-SCB-OPER-2567-08_transactions_p1,0.08298110961914062,BS-SCB-OPER-2567-08,SCB-OPER,2567,08,transactions_p1,1,transactions
renders/bank_statement/2024-09/BS-BBL-OPER-2567-09_header.png,bank_statement,2024-09,.png,BS-BBL-OPER-2567-09_header,0.09041976928710938,BS-BBL-OPER-2567-09,BBL-OPER,2567,09,header,,header
renders/bank_statement/2024-09/BS-BBL-OPER-2567-09_transactions_p1.png,bank_statement,2024-09,.png,BS-BBL-OPER-2567-09_transactions_p1,0.095611572265625,BS-BBL-OPER-2567-09,BBL-OPER,2567,09,transactions_p1,1,transactions
renders/bank_statement/2024-09/BS-KBANK-OPER-2567-09_header.png,bank_statement,2024-09,.png,BS-KBANK-OPER-2567-09_header,0.3019571304321289,BS-KBANK-OPER-2567-09,KBANK-OPER,2567,09,header,,header
renders/bank_statement/2024-09/BS-KBANK-OPER-2567-09_transactions_p1.png,bank_statement,2024-09,.png,BS-KBANK-OPER-2567-09_transactions_p1,0.8877496719360352,BS-KBANK-OPER-2567-09,KBANK-OPER,2567,09,transactions_p1,1,transactions
renders/bank_statement/2024-09/BS-KBANK-OPER-2567-09_transactions_p10.png,bank_statement,2024-09,.png,BS-KBANK-OPER-2567-09_transactions_p10,0.9045352935791016,BS-KBANK-OPER-2567-09,KBANK-OPER,2567,09,transactions_p10,10,transactions
renders/bank_statement/2024-09/BS-KBANK-OPER-2567-09_transactions_p11.png,bank_statement,2024-09,.png,BS-KBANK-OPER-2567-09_transactions_p11,0.9192428588867188,BS-KBANK-OPER-2567-09,KBANK-OPER,2567,09,transactions_p11,11,transactions
renders/bank_statement/2024-09/BS-KBANK-OPER-2567-09_transactions_p12.png,bank_statement,2024-09,.png,BS-KBANK-OPER-2567-09_transactions_p12,0.9188375473022461,BS-KBANK-OPER-2567-09,KBANK-OPER,2567,09,transactions_p12,12,transactions
renders/bank_statement/2024-09/BS-KBANK-OPER-2567-09_transactions_p13.png,bank_statement,2024-09,.png,BS-KBANK-OPER-2567-09_transactions_p13,0.9117727279663086,BS-KBANK-OPER-2567-09,KBANK-OPER,2567,09,transactions_p13,13,transactions
renders/bank_statement/2024-09/BS-KBANK-OPER-2567-09_transactions_p14.png,bank_statement,2024-09,.png,BS-KBANK-OPER-2567-09_transactions_p14,0.895939826965332,BS-KBANK-OPER-2567-09,KBANK-OPER,2567,09,transactions_p14,14,transactions
renders/bank_statement/2024-09/BS-KBANK-OPER-2567-09_transactions_p15.png,bank_statement,2024-09,.png,BS-KBANK-OPER-2567-09_transactions_p15,0.890467643737793,BS-KBANK-OPER-2567-09,KBANK-OPER,2567,09,transactions_p15,15,transactions
renders/bank_statement/2024-09/BS-KBANK-OPER-2567-09_transactions_p16.png,bank_statement,2024-09,.png,BS-KBANK-OPER-2567-09_transactions_p16,0.8969812393188477,BS-KBANK-OPER-2567-09,KBANK-OPER,2567,09,transactions_p16,16,transactions
renders/bank_statement/2024-09/BS-KBANK-OPER-2567-09_transactions_p17.png,bank_statement,2024-09,.png,BS-KBANK-OPER-2567-09_transactions_p17,0.9035043716430664,BS-KBANK-OPER-2567-09,KBANK-OPER,2567,09,transactions_p17,17,transactions
renders/bank_statement/2024-09/BS-KBANK-OPER-2567-09_transactions_p18.png,bank_statement,2024-09,.png,BS-KBANK-OPER-2567-09_transactions_p18,0.9118843078613281,BS-KBANK-OPER-2567-09,KBANK-OPER,2567,09,transactions_p18,18,transactions
renders/bank_statement/2024-09/BS-KBANK-OPER-2567-09_transactions_p19.png,bank_statement,2024-09,.png,BS-KBANK-OPER-2567-09_transactions_p19,0.9079380035400391,BS-KBANK-OPER-2567-09,KBANK-OPER,2567,09,transactions_p19,19,transactions
renders/bank_statement/2024-09/BS-KBANK-OPER-2567-09_transactions_p2.png,bank_statement,2024-09,.png,BS-KBANK-OPER-2567-09_transactions_p2,0.8945856094360352,BS-KBANK-OPER-2567-09,KBANK-OPER,2567,09,transactions_p2,2,transactions
renders/bank_statement/2024-09/BS-KBANK-OPER-2567-09_transactions_p20.png,bank_statement,2024-09,.png,BS-KBANK-OPER-2567-09_transactions_p20,0.9010543823242188,BS-KBANK-OPER-2567-09,KBANK-OPER,2567,09,transactions_p20,20,transactions
renders/bank_statement/2024-09/BS-KBANK-OPER-2567-09_transactions_p21.png,bank_statement,2024-09,.png,BS-KBANK-OPER-2567-09_transactions_p21,0.9059982299804688,BS-KBANK-OPER-2567-09,KBANK-OPER,2567,09,transactions_p21,21,transactions
renders/bank_statement/2024-09/BS-KBANK-OPER-2567-09_transactions_p22.png,bank_statement,2024-09,.png,BS-KBANK-OPER-2567-09_transactions_p22,0.9233169555664062,BS-KBANK-OPER-2567-09,KBANK-OPER,2567,09,transactions_p22,22,transactions
renders/bank_statement/2024-09/BS-KBANK-OPER-2567-09_transactions_p23.png,bank_statement,2024-09,.png,BS-KBANK-OPER-2567-09_transactions_p23,0.9231767654418945,BS-KBANK-OPER-2567-09,KBANK-OPER,2567,09,transactions_p23,23,transactions
renders/bank_statement/2024-09/BS-KBANK-OPER-2567-09_transactions_p24.png,bank_statement,2024-09,.png,BS-KBANK-OPER-2567-09_transactions_p24,0.9280109405517578,BS-KBANK-OPER-2567-09,KBANK-OPER,2567,09,transactions_p24,24,transactions
renders/bank_statement/2024-09/BS-KBANK-OPER-2567-09_transactions_p25.png,bank_statement,2024-09,.png,BS-KBANK-OPER-2567-09_transactions_p25,0.9245805740356445,BS-KBANK-OPER-2567-09,KBANK-OPER,2567,09,transactions_p25,25,transactions
renders/bank_statement/2024-09/BS-KBANK-OPER-2567-09_transactions_p26.png,bank_statement,2024-09,.png,BS-KBANK-OPER-2567-09_transactions_p26,0.9219732284545898,BS-KBANK-OPER-2567-09,KBANK-OPER,2567,09,transactions_p26,26,transactions
renders/bank_statement/2024-09/BS-KBANK-OPER-2567-09_transactions_p27.png,bank_statement,2024-09,.png,BS-KBANK-OPER-2567-09_transactions_p27,0.9204998016357422,BS-KBANK-OPER-2567-09,KBANK-OPER,2567,09,transactions_p27,27,transactions
renders/bank_statement/2024-09/BS-KBANK-OPER-2567-09_transactions_p28.png,bank_statement,2024-09,.png,BS-KBANK-OPER-2567-09_transactions_p28,0.9089546203613281,BS-KBANK-OPER-2567-09,KBANK-OPER,2567,09,transactions_p28,28,transactions
renders/bank_statement/2024-09/BS-KBANK-OPER-2567-09_transactions_p29.png,bank_statement,2024-09,.png,BS-KBANK-OPER-2567-09_transactions_p29,0.9153823852539062,BS-KBANK-OPER-2567-09,KBANK-OPER,2567,09,transactions_p29,29,transactions
renders/bank_statement/2024-09/BS-KBANK-OPER-2567-09_transactions_p3.png,bank_statement,2024-09,.png,BS-KBANK-OPER-2567-09_transactions_p3,0.8944778442382812,BS-KBANK-OPER-2567-09,KBANK-OPER,2567,09,transactions_p3,3,transactions
renders/bank_statement/2024-09/BS-KBANK-OPER-2567-09_transactions_p30.png,bank_statement,2024-09,.png,BS-KBANK-OPER-2567-09_transactions_p30,0.932988166809082,BS-KBANK-OPER-2567-09,KBANK-OPER,2567,09,transactions_p30,30,transactions
renders/bank_statement/2024-09/BS-KBANK-OPER-2567-09_transactions_p31.png,bank_statement,2024-09,.png,BS-KBANK-OPER-2567-09_transactions_p31,0.9277429580688477,BS-KBANK-OPER-2567-09,KBANK-OPER,2567,09,transactions_p31,31,transactions
renders/bank_statement/2024-09/BS-KBANK-OPER-2567-09_transactions_p32.png,bank_statement,2024-09,.png,BS-KBANK-OPER-2567-09_transactions_p32,0.9260654449462891,BS-KBANK-OPER-2567-09,KBANK-OPER,2567,09,transactions_p32,32,transactions
renders/bank_statement/2024-09/BS-KBANK-OPER-2567-09_transactions_p33.png,bank_statement,2024-09,.png,BS-KBANK-OPER-2567-09_transactions_p33,0.9131460189819336,BS-KBANK-OPER-2567-09,KBANK-OPER,2567,09,transactions_p33,33,transactions
renders/bank_statement/2024-09/BS-KBANK-OPER-2567-09_transactions_p34.png,bank_statement,2024-09,.png,BS-KBANK-OPER-2567-09_transactions_p34,0.9279356002807617,BS-KBANK-OPER-2567-09,KBANK-OPER,2567,09,transactions_p34,34,transactions
renders/bank_statement/2024-09/BS-KBANK-OPER-2567-09_transactions_p35.png,bank_statement,2024-09,.png,BS-KBANK-OPER-2567-09_transactions_p35,0.3646240234375,BS-KBANK-OPER-2567-09,KBANK-OPER,2567,09,transactions_p35,35,transactions
renders/bank_statement/2024-09/BS-KBANK-OPER-2567-09_transactions_p4.png,bank_statement,2024-09,.png,BS-KBANK-OPER-2567-09_transactions_p4,0.9061365127563477,BS-KBANK-OPER-2567-09,KBANK-OPER,2567,09,transactions_p4,4,transactions
renders/bank_statement/2024-09/BS-KBANK-OPER-2567-09_transactions_p5.png,bank_statement,2024-09,.png,BS-KBANK-OPER-2567-09_transactions_p5,0.9132804870605469,BS-KBANK-OPER-2567-09,KBANK-OPER,2567,09,transactions_p5,5,transactions
renders/bank_statement/2024-09/BS-KBANK-OPER-2567-09_transactions_p6.png,bank_statement,2024-09,.png,BS-KBANK-OPER-2567-09_transactions_p6,0.907771110534668,BS-KBANK-OPER-2567-09,KBANK-OPER,2567,09,transactions_p6,6,transactions
renders/bank_statement/2024-09/BS-KBANK-OPER-2567-09_transactions_p7.png,bank_statement,2024-09,.png,BS-KBANK-OPER-2567-09_transactions_p7,0.8954715728759766,BS-KBANK-OPER-2567-09,KBANK-OPER,2567,09,transactions_p7,7,transactions
renders/bank_statement/2024-09/BS-KBANK-OPER-2567-09_transactions_p8.png,bank_statement,2024-09,.png,BS-KBANK-OPER-2567-09_transactions_p8,0.9033241271972656,BS-KBANK-OPER-2567-09,KBANK-OPER,2567,09,transactions_p8,8,transactions
renders/bank_statement/2024-09/BS-KBANK-OPER-2567-09_transactions_p9.png,bank_statement,2024-09,.png,BS-KBANK-OPER-2567-09_transactions_p9,0.896235466003418,BS-KBANK-OPER-2567-09,KBANK-OPER,2567,09,transactions_p9,9,transactions
renders/bank_statement/2024-09/BS-OPER-BKK-CTW-2567-09_header.png,bank_statement,2024-09,.png,BS-OPER-BKK-CTW-2567-09_header,0.3002634048461914,BS-OPER-BKK-CTW-2567-09,OPER-BKK-CTW,2567,09,header,,header
renders/bank_statement/2024-09/BS-OPER-BKK-CTW-2567-09_transactions_p1.png,bank_statement,2024-09,.png,BS-OPER-BKK-CTW-2567-09_transactions_p1,0.9144325256347656,BS-OPER-BKK-CTW-2567-09,OPER-BKK-CTW,2567,09,transactions_p1,1,transactions
renders/bank_statement/2024-09/BS-OPER-BKK-CTW-2567-09_transactions_p2.png,bank_statement,2024-09,.png,BS-OPER-BKK-CTW-2567-09_transactions_p2,0.9211177825927734,BS-OPER-BKK-CTW-2567-09,OPER-BKK-CTW,2567,09,transactions_p2,2,transactions
renders/bank_statement/2024-09/BS-OPER-BKK-CTW-2567-09_transactions_p3.png,bank_statement,2024-09,.png,BS-OPER-BKK-CTW-2567-09_transactions_p3,0.5421619415283203,BS-OPER-BKK-CTW-2567-09,OPER-BKK-CTW,2567,09,transactions_p3,3,transactions
renders/bank_statement/2024-09/BS-OPER-BKK-EMSP-2567-09_header.png,bank_statement,2024-09,.png,BS-OPER-BKK-EMSP-2567-09_header,0.059477806091308594,BS-OPER-BKK-EMSP-2567-09,OPER-BKK-EMSP,2567,09,header,,header
renders/bank_statement/2024-09/BS-OPER-BKK-EMSP-2567-09_transactions_p1.png,bank_statement,2024-09,.png,BS-OPER-BKK-EMSP-2567-09_transactions_p1,0.19698715209960938,BS-OPER-BKK-EMSP-2567-09,OPER-BKK-EMSP,2567,09,transactions_p1,1,transactions
renders/bank_statement/2024-09/BS-OPER-BKK-EMSP-2567-09_transactions_p2.png,bank_statement,2024-09,.png,BS-OPER-BKK-EMSP-2567-09_transactions_p2,0.20430946350097656,BS-OPER-BKK-EMSP-2567-09,OPER-BKK-EMSP,2567,09,transactions_p2,2,transactions
renders/bank_statement/2024-09/BS-OPER-BKK-EMSP-2567-09_transactions_p3.png,bank_statement,2024-09,.png,BS-OPER-BKK-EMSP-2567-09_transactions_p3,0.1985483169555664,BS-OPER-BKK-EMSP-2567-09,OPER-BKK-EMSP,2567,09,transactions_p3,3,transactions
renders/bank_statement/2024-09/BS-OPER-BKK-EMSP-2567-09_transactions_p4.png,bank_statement,2024-09,.png,BS-OPER-BKK-EMSP-2567-09_transactions_p4,0.20119476318359375,BS-OPER-BKK-EMSP-2567-09,OPER-BKK-EMSP,2567,09,transactions_p4,4,transactions
renders/bank_statement/2024-09/BS-OPER-BKK-EMSP-2567-09_transactions_p5.png,bank_statement,2024-09,.png,BS-OPER-BKK-EMSP-2567-09_transactions_p5,0.2009449005126953,BS-OPER-BKK-EMSP-2567-09,OPER-BKK-EMSP,2567,09,transactions_p5,5,transactions
renders/bank_statement/2024-09/BS-OPER-BKK-EMSP-2567-09_transactions_p6.png,bank_statement,2024-09,.png,BS-OPER-BKK-EMSP-2567-09_transactions_p6,0.20224571228027344,BS-OPER-BKK-EMSP-2567-09,OPER-BKK-EMSP,2567,09,transactions_p6,6,transactions
renders/bank_statement/2024-09/BS-OPER-BKK-EMSP-2567-09_transactions_p7.png,bank_statement,2024-09,.png,BS-OPER-BKK-EMSP-2567-09_transactions_p7,0.20264625549316406,BS-OPER-BKK-EMSP-2567-09,OPER-BKK-EMSP,2567,09,transactions_p7,7,transactions
renders/bank_statement/2024-09/BS-OPER-BKK-EMSP-2567-09_transactions_p8.png,bank_statement,2024-09,.png,BS-OPER-BKK-EMSP-2567-09_transactions_p8,0.10767745971679688,BS-OPER-BKK-EMSP-2567-09,OPER-BKK-EMSP,2567,09,transactions_p8,8,transactions
renders/bank_statement/2024-09/BS-OPER-BKK-PKT-2567-09_header.png,bank_statement,2024-09,.png,BS-OPER-BKK-PKT-2567-09_header,0.09138774871826172,BS-OPER-BKK-PKT-2567-09,OPER-BKK-PKT,2567,09,header,,header
renders/bank_statement/2024-09/BS-OPER-BKK-PKT-2567-09_transactions_p1.png,bank_statement,2024-09,.png,BS-OPER-BKK-PKT-2567-09_transactions_p1,0.17841434478759766,BS-OPER-BKK-PKT-2567-09,OPER-BKK-PKT,2567,09,transactions_p1,1,transactions
renders/bank_statement/2024-09/BS-OPER-BKK-PKT-2567-09_transactions_p2.png,bank_statement,2024-09,.png,BS-OPER-BKK-PKT-2567-09_transactions_p2,0.1797962188720703,BS-OPER-BKK-PKT-2567-09,OPER-BKK-PKT,2567,09,transactions_p2,2,transactions
renders/bank_statement/2024-09/BS-OPER-BKK-PKT-2567-09_transactions_p3.png,bank_statement,2024-09,.png,BS-OPER-BKK-PKT-2567-09_transactions_p3,0.18197345733642578,BS-OPER-BKK-PKT-2567-09,OPER-BKK-PKT,2567,09,transactions_p3,3,transactions
renders/bank_statement/2024-09/BS-OPER-BKK-PKT-2567-09_transactions_p4.png,bank_statement,2024-09,.png,BS-OPER-BKK-PKT-2567-09_transactions_p4,0.18378257751464844,BS-OPER-BKK-PKT-2567-09,OPER-BKK-PKT,2567,09,transactions_p4,4,transactions
renders/bank_statement/2024-09/BS-OPER-BKK-PKT-2567-09_transactions_p5.png,bank_statement,2024-09,.png,BS-OPER-BKK-PKT-2567-09_transactions_p5,0.18108272552490234,BS-OPER-BKK-PKT-2567-09,OPER-BKK-PKT,2567,09,transactions_p5,5,transactions
renders/bank_statement/2024-09/BS-OPER-BKK-PKT-2567-09_transactions_p6.png,bank_statement,2024-09,.png,BS-OPER-BKK-PKT-2567-09_transactions_p6,0.1807098388671875,BS-OPER-BKK-PKT-2567-09,OPER-BKK-PKT,2567,09,transactions_p6,6,transactions
renders/bank_statement/2024-09/BS-OPER-BKK-PKT-2567-09_transactions_p7.png,bank_statement,2024-09,.png,BS-OPER-BKK-PKT-2567-09_transactions_p7,0.18411540985107422,BS-OPER-BKK-PKT-2567-09,OPER-BKK-PKT,2567,09,transactions_p7,7,transactions
renders/bank_statement/2024-09/BS-OPER-BKK-PKT-2567-09_transactions_p8.png,bank_statement,2024-09,.png,BS-OPER-BKK-PKT-2567-09_transactions_p8,0.10759162902832031,BS-OPER-BKK-PKT-2567-09,OPER-BKK-PKT,2567,09,transactions_p8,8,transactions
renders/bank_statement/2024-09/BS-OPER-BKK-R9-2567-09_header.png,bank_statement,2024-09,.png,BS-OPER-BKK-R9-2567-09_header,0.29605770111083984,BS-OPER-BKK-R9-2567-09,OPER-BKK-R9,2567,09,header,,header
renders/bank_statement/2024-09/BS-OPER-BKK-R9-2567-09_transactions_p1.png,bank_statement,2024-09,.png,BS-OPER-BKK-R9-2567-09_transactions_p1,0.9106550216674805,BS-OPER-BKK-R9-2567-09,OPER-BKK-R9,2567,09,transactions_p1,1,transactions
renders/bank_statement/2024-09/BS-OPER-BKK-R9-2567-09_transactions_p2.png,bank_statement,2024-09,.png,BS-OPER-BKK-R9-2567-09_transactions_p2,0.9358615875244141,BS-OPER-BKK-R9-2567-09,OPER-BKK-R9,2567,09,transactions_p2,2,transactions
renders/bank_statement/2024-09/BS-OPER-BKK-R9-2567-09_transactions_p3.png,bank_statement,2024-09,.png,BS-OPER-BKK-R9-2567-09_transactions_p3,0.4439687728881836,BS-OPER-BKK-R9-2567-09,OPER-BKK-R9,2567,09,transactions_p3,3,transactions
renders/bank_statement/2024-09/BS-OPER-BKK-SIAM-2567-09_header.png,bank_statement,2024-09,.png,BS-OPER-BKK-SIAM-2567-09_header,0.05964946746826172,BS-OPER-BKK-SIAM-2567-09,OPER-BKK-SIAM,2567,09,header,,header
renders/bank_statement/2024-09/BS-OPER-BKK-SIAM-2567-09_transactions_p1.png,bank_statement,2024-09,.png,BS-OPER-BKK-SIAM-2567-09_transactions_p1,0.1999359130859375,BS-OPER-BKK-SIAM-2567-09,OPER-BKK-SIAM,2567,09,transactions_p1,1,transactions
renders/bank_statement/2024-09/BS-OPER-BKK-SIAM-2567-09_transactions_p2.png,bank_statement,2024-09,.png,BS-OPER-BKK-SIAM-2567-09_transactions_p2,0.2063150405883789,BS-OPER-BKK-SIAM-2567-09,OPER-BKK-SIAM,2567,09,transactions_p2,2,transactions
renders/bank_statement/2024-09/BS-OPER-BKK-SIAM-2567-09_transactions_p3.png,bank_statement,2024-09,.png,BS-OPER-BKK-SIAM-2567-09_transactions_p3,0.20246028900146484,BS-OPER-BKK-SIAM-2567-09,OPER-BKK-SIAM,2567,09,transactions_p3,3,transactions
renders/bank_statement/2024-09/BS-OPER-BKK-SIAM-2567-09_transactions_p4.png,bank_statement,2024-09,.png,BS-OPER-BKK-SIAM-2567-09_transactions_p4,0.20211219787597656,BS-OPER-BKK-SIAM-2567-09,OPER-BKK-SIAM,2567,09,transactions_p4,4,transactions
renders/bank_statement/2024-09/BS-OPER-BKK-SIAM-2567-09_transactions_p5.png,bank_statement,2024-09,.png,BS-OPER-BKK-SIAM-2567-09_transactions_p5,0.20293521881103516,BS-OPER-BKK-SIAM-2567-09,OPER-BKK-SIAM,2567,09,transactions_p5,5,transactions
renders/bank_statement/2024-09/BS-OPER-BKK-SIAM-2567-09_transactions_p6.png,bank_statement,2024-09,.png,BS-OPER-BKK-SIAM-2567-09_transactions_p6,0.20464420318603516,BS-OPER-BKK-SIAM-2567-09,OPER-BKK-SIAM,2567,09,transactions_p6,6,transactions
renders/bank_statement/2024-09/BS-OPER-BKK-SIAM-2567-09_transactions_p7.png,bank_statement,2024-09,.png,BS-OPER-BKK-SIAM-2567-09_transactions_p7,0.20598793029785156,BS-OPER-BKK-SIAM-2567-09,OPER-BKK-SIAM,2567,09,transactions_p7,7,transactions
renders/bank_statement/2024-09/BS-OPER-BKK-SIAM-2567-09_transactions_p8.png,bank_statement,2024-09,.png,BS-OPER-BKK-SIAM-2567-09_transactions_p8,0.1411590576171875,BS-OPER-BKK-SIAM-2567-09,OPER-BKK-SIAM,2567,09,transactions_p8,8,transactions
renders/bank_statement/2024-09/BS-OPER-CNX-MAYA-2567-09_header.png,bank_statement,2024-09,.png,BS-OPER-CNX-MAYA-2567-09_header,0.09197425842285156,BS-OPER-CNX-MAYA-2567-09,OPER-CNX-MAYA,2567,09,header,,header
renders/bank_statement/2024-09/BS-OPER-CNX-MAYA-2567-09_transactions_p1.png,bank_statement,2024-09,.png,BS-OPER-CNX-MAYA-2567-09_transactions_p1,0.1767425537109375,BS-OPER-CNX-MAYA-2567-09,OPER-CNX-MAYA,2567,09,transactions_p1,1,transactions
renders/bank_statement/2024-09/BS-OPER-CNX-MAYA-2567-09_transactions_p2.png,bank_statement,2024-09,.png,BS-OPER-CNX-MAYA-2567-09_transactions_p2,0.18003368377685547,BS-OPER-CNX-MAYA-2567-09,OPER-CNX-MAYA,2567,09,transactions_p2,2,transactions
renders/bank_statement/2024-09/BS-OPER-CNX-MAYA-2567-09_transactions_p3.png,bank_statement,2024-09,.png,BS-OPER-CNX-MAYA-2567-09_transactions_p3,0.1822195053100586,BS-OPER-CNX-MAYA-2567-09,OPER-CNX-MAYA,2567,09,transactions_p3,3,transactions
renders/bank_statement/2024-09/BS-OPER-CNX-MAYA-2567-09_transactions_p4.png,bank_statement,2024-09,.png,BS-OPER-CNX-MAYA-2567-09_transactions_p4,0.1827688217163086,BS-OPER-CNX-MAYA-2567-09,OPER-CNX-MAYA,2567,09,transactions_p4,4,transactions
renders/bank_statement/2024-09/BS-OPER-CNX-MAYA-2567-09_transactions_p5.png,bank_statement,2024-09,.png,BS-OPER-CNX-MAYA-2567-09_transactions_p5,0.18258094787597656,BS-OPER-CNX-MAYA-2567-09,OPER-CNX-MAYA,2567,09,transactions_p5,5,transactions
renders/bank_statement/2024-09/BS-OPER-CNX-MAYA-2567-09_transactions_p6.png,bank_statement,2024-09,.png,BS-OPER-CNX-MAYA-2567-09_transactions_p6,0.1828317642211914,BS-OPER-CNX-MAYA-2567-09,OPER-CNX-MAYA,2567,09,transactions_p6,6,transactions
renders/bank_statement/2024-09/BS-OPER-CNX-MAYA-2567-09_transactions_p7.png,bank_statement,2024-09,.png,BS-OPER-CNX-MAYA-2567-09_transactions_p7,0.18304729461669922,BS-OPER-CNX-MAYA-2567-09,OPER-CNX-MAYA,2567,09,transactions_p7,7,transactions
renders/bank_statement/2024-09/BS-OPER-CNX-MAYA-2567-09_transactions_p8.png,bank_statement,2024-09,.png,BS-OPER-CNX-MAYA-2567-09_transactions_p8,0.09445476531982422,BS-OPER-CNX-MAYA-2567-09,OPER-CNX-MAYA,2567,09,transactions_p8,8,transactions
renders/bank_statement/2024-09/BS-OPER-HKT-FEST-2567-09_header.png,bank_statement,2024-09,.png,BS-OPER-HKT-FEST-2567-09_header,0.2960329055786133,BS-OPER-HKT-FEST-2567-09,OPER-HKT-FEST,2567,09,header,,header
renders/bank_statement/2024-09/BS-OPER-HKT-FEST-2567-09_transactions_p1.png,bank_statement,2024-09,.png,BS-OPER-HKT-FEST-2567-09_transactions_p1,0.8689193725585938,BS-OPER-HKT-FEST-2567-09,OPER-HKT-FEST,2567,09,transactions_p1,1,transactions
renders/bank_statement/2024-09/BS-OPER-HKT-FEST-2567-09_transactions_p2.png,bank_statement,2024-09,.png,BS-OPER-HKT-FEST-2567-09_transactions_p2,0.8812856674194336,BS-OPER-HKT-FEST-2567-09,OPER-HKT-FEST,2567,09,transactions_p2,2,transactions
renders/bank_statement/2024-09/BS-OPER-HKT-FEST-2567-09_transactions_p3.png,bank_statement,2024-09,.png,BS-OPER-HKT-FEST-2567-09_transactions_p3,0.3704185485839844,BS-OPER-HKT-FEST-2567-09,OPER-HKT-FEST,2567,09,transactions_p3,3,transactions
renders/bank_statement/2024-09/BS-OPER-KKC-CTRL-2567-09_header.png,bank_statement,2024-09,.png,BS-OPER-KKC-CTRL-2567-09_header,0.05948448181152344,BS-OPER-KKC-CTRL-2567-09,OPER-KKC-CTRL,2567,09,header,,header
renders/bank_statement/2024-09/BS-OPER-KKC-CTRL-2567-09_transactions_p1.png,bank_statement,2024-09,.png,BS-OPER-KKC-CTRL-2567-09_transactions_p1,0.18643665313720703,BS-OPER-KKC-CTRL-2567-09,OPER-KKC-CTRL,2567,09,transactions_p1,1,transactions
renders/bank_statement/2024-09/BS-OPER-KKC-CTRL-2567-09_transactions_p2.png,bank_statement,2024-09,.png,BS-OPER-KKC-CTRL-2567-09_transactions_p2,0.19063854217529297,BS-OPER-KKC-CTRL-2567-09,OPER-KKC-CTRL,2567,09,transactions_p2,2,transactions
renders/bank_statement/2024-09/BS-OPER-KKC-CTRL-2567-09_transactions_p3.png,bank_statement,2024-09,.png,BS-OPER-KKC-CTRL-2567-09_transactions_p3,0.1929607391357422,BS-OPER-KKC-CTRL-2567-09,OPER-KKC-CTRL,2567,09,transactions_p3,3,transactions
renders/bank_statement/2024-09/BS-OPER-KKC-CTRL-2567-09_transactions_p4.png,bank_statement,2024-09,.png,BS-OPER-KKC-CTRL-2567-09_transactions_p4,0.19248008728027344,BS-OPER-KKC-CTRL-2567-09,OPER-KKC-CTRL,2567,09,transactions_p4,4,transactions
renders/bank_statement/2024-09/BS-OPER-KKC-CTRL-2567-09_transactions_p5.png,bank_statement,2024-09,.png,BS-OPER-KKC-CTRL-2567-09_transactions_p5,0.18990230560302734,BS-OPER-KKC-CTRL-2567-09,OPER-KKC-CTRL,2567,09,transactions_p5,5,transactions
renders/bank_statement/2024-09/BS-OPER-KKC-CTRL-2567-09_transactions_p6.png,bank_statement,2024-09,.png,BS-OPER-KKC-CTRL-2567-09_transactions_p6,0.19005584716796875,BS-OPER-KKC-CTRL-2567-09,OPER-KKC-CTRL,2567,09,transactions_p6,6,transactions
renders/bank_statement/2024-09/BS-OPER-KKC-CTRL-2567-09_transactions_p7.png,bank_statement,2024-09,.png,BS-OPER-KKC-CTRL-2567-09_transactions_p7,0.11260509490966797,BS-OPER-KKC-CTRL-2567-09,OPER-KKC-CTRL,2567,09,transactions_p7,7,transactions
renders/bank_statement/2024-09/BS-OPER-PTY-CTRL-2567-09_header.png,bank_statement,2024-09,.png,BS-OPER-PTY-CTRL-2567-09_header,0.0911865234375,BS-OPER-PTY-CTRL-2567-09,OPER-PTY-CTRL,2567,09,header,,header
renders/bank_statement/2024-09/BS-OPER-PTY-CTRL-2567-09_transactions_p1.png,bank_statement,2024-09,.png,BS-OPER-PTY-CTRL-2567-09_transactions_p1,0.17685508728027344,BS-OPER-PTY-CTRL-2567-09,OPER-PTY-CTRL,2567,09,transactions_p1,1,transactions
renders/bank_statement/2024-09/BS-OPER-PTY-CTRL-2567-09_transactions_p2.png,bank_statement,2024-09,.png,BS-OPER-PTY-CTRL-2567-09_transactions_p2,0.180816650390625,BS-OPER-PTY-CTRL-2567-09,OPER-PTY-CTRL,2567,09,transactions_p2,2,transactions
renders/bank_statement/2024-09/BS-OPER-PTY-CTRL-2567-09_transactions_p3.png,bank_statement,2024-09,.png,BS-OPER-PTY-CTRL-2567-09_transactions_p3,0.18274402618408203,BS-OPER-PTY-CTRL-2567-09,OPER-PTY-CTRL,2567,09,transactions_p3,3,transactions
renders/bank_statement/2024-09/BS-OPER-PTY-CTRL-2567-09_transactions_p4.png,bank_statement,2024-09,.png,BS-OPER-PTY-CTRL-2567-09_transactions_p4,0.182525634765625,BS-OPER-PTY-CTRL-2567-09,OPER-PTY-CTRL,2567,09,transactions_p4,4,transactions
renders/bank_statement/2024-09/BS-OPER-PTY-CTRL-2567-09_transactions_p5.png,bank_statement,2024-09,.png,BS-OPER-PTY-CTRL-2567-09_transactions_p5,0.18006229400634766,BS-OPER-PTY-CTRL-2567-09,OPER-PTY-CTRL,2567,09,transactions_p5,5,transactions
renders/bank_statement/2024-09/BS-OPER-PTY-CTRL-2567-09_transactions_p6.png,bank_statement,2024-09,.png,BS-OPER-PTY-CTRL-2567-09_transactions_p6,0.18120098114013672,BS-OPER-PTY-CTRL-2567-09,OPER-PTY-CTRL,2567,09,transactions_p6,6,transactions
renders/bank_statement/2024-09/BS-OPER-PTY-CTRL-2567-09_transactions_p7.png,bank_statement,2024-09,.png,BS-OPER-PTY-CTRL-2567-09_transactions_p7,0.18291473388671875,BS-OPER-PTY-CTRL-2567-09,OPER-PTY-CTRL,2567,09,transactions_p7,7,transactions
renders/bank_statement/2024-09/BS-OPER-REMOTE-2567-09_header.png,bank_statement,2024-09,.png,BS-OPER-REMOTE-2567-09_header,0.29666614532470703,BS-OPER-REMOTE-2567-09,OPER-REMOTE,2567,09,header,,header
renders/bank_statement/2024-09/BS-OPER-REMOTE-2567-09_transactions_p1.png,bank_statement,2024-09,.png,BS-OPER-REMOTE-2567-09_transactions_p1,0.903961181640625,BS-OPER-REMOTE-2567-09,OPER-REMOTE,2567,09,transactions_p1,1,transactions
renders/bank_statement/2024-09/BS-OPER-REMOTE-2567-09_transactions_p2.png,bank_statement,2024-09,.png,BS-OPER-REMOTE-2567-09_transactions_p2,0.8651494979858398,BS-OPER-REMOTE-2567-09,OPER-REMOTE,2567,09,transactions_p2,2,transactions
renders/bank_statement/2024-09/BS-OPER-UDN-CTRL-2567-09_header.png,bank_statement,2024-09,.png,BS-OPER-UDN-CTRL-2567-09_header,0.059380531311035156,BS-OPER-UDN-CTRL-2567-09,OPER-UDN-CTRL,2567,09,header,,header
renders/bank_statement/2024-09/BS-OPER-UDN-CTRL-2567-09_transactions_p1.png,bank_statement,2024-09,.png,BS-OPER-UDN-CTRL-2567-09_transactions_p1,0.19189453125,BS-OPER-UDN-CTRL-2567-09,OPER-UDN-CTRL,2567,09,transactions_p1,1,transactions
renders/bank_statement/2024-09/BS-OPER-UDN-CTRL-2567-09_transactions_p2.png,bank_statement,2024-09,.png,BS-OPER-UDN-CTRL-2567-09_transactions_p2,0.19935131072998047,BS-OPER-UDN-CTRL-2567-09,OPER-UDN-CTRL,2567,09,transactions_p2,2,transactions
renders/bank_statement/2024-09/BS-OPER-UDN-CTRL-2567-09_transactions_p3.png,bank_statement,2024-09,.png,BS-OPER-UDN-CTRL-2567-09_transactions_p3,0.19575023651123047,BS-OPER-UDN-CTRL-2567-09,OPER-UDN-CTRL,2567,09,transactions_p3,3,transactions
renders/bank_statement/2024-09/BS-OPER-UDN-CTRL-2567-09_transactions_p4.png,bank_statement,2024-09,.png,BS-OPER-UDN-CTRL-2567-09_transactions_p4,0.197265625,BS-OPER-UDN-CTRL-2567-09,OPER-UDN-CTRL,2567,09,transactions_p4,4,transactions
renders/bank_statement/2024-09/BS-OPER-UDN-CTRL-2567-09_transactions_p5.png,bank_statement,2024-09,.png,BS-OPER-UDN-CTRL-2567-09_transactions_p5,0.19508838653564453,BS-OPER-UDN-CTRL-2567-09,OPER-UDN-CTRL,2567,09,transactions_p5,5,transactions
renders/bank_statement/2024-09/BS-OPER-UDN-CTRL-2567-09_transactions_p6.png,bank_statement,2024-09,.png,BS-OPER-UDN-CTRL-2567-09_transactions_p6,0.1962757110595703,BS-OPER-UDN-CTRL-2567-09,OPER-UDN-CTRL,2567,09,transactions_p6,6,transactions
renders/bank_statement/2024-09/BS-OPER-UDN-CTRL-2567-09_transactions_p7.png,bank_statement,2024-09,.png,BS-OPER-UDN-CTRL-2567-09_transactions_p7,0.08152580261230469,BS-OPER-UDN-CTRL-2567-09,OPER-UDN-CTRL,2567,09,transactions_p7,7,transactions
renders/bank_statement/2024-09/BS-SCB-OPER-2567-09_header.png,bank_statement,2024-09,.png,BS-SCB-OPER-2567-09_header,0.05875110626220703,BS-SCB-OPER-2567-09,SCB-OPER,2567,09,header,,header
renders/bank_statement/2024-09/BS-SCB-OPER-2567-09_transactions_p1.png,bank_statement,2024-09,.png,BS-SCB-OPER-2567-09_transactions_p1,0.08312702178955078,BS-SCB-OPER-2567-09,SCB-OPER,2567,09,transactions_p1,1,transactions
renders/bank_statement/2024-10/BS-BBL-OPER-2567-10_header.png,bank_statement,2024-10,.png,BS-BBL-OPER-2567-10_header,0.08985614776611328,BS-BBL-OPER-2567-10,BBL-OPER,2567,10,header,,header
renders/bank_statement/2024-10/BS-BBL-OPER-2567-10_transactions_p1.png,bank_statement,2024-10,.png,BS-BBL-OPER-2567-10_transactions_p1,0.09532356262207031,BS-BBL-OPER-2567-10,BBL-OPER,2567,10,transactions_p1,1,transactions
renders/bank_statement/2024-10/BS-KBANK-OPER-2567-10_header.png,bank_statement,2024-10,.png,BS-KBANK-OPER-2567-10_header,0.300323486328125,BS-KBANK-OPER-2567-10,KBANK-OPER,2567,10,header,,header
renders/bank_statement/2024-10/BS-KBANK-OPER-2567-10_transactions_p1.png,bank_statement,2024-10,.png,BS-KBANK-OPER-2567-10_transactions_p1,0.8600959777832031,BS-KBANK-OPER-2567-10,KBANK-OPER,2567,10,transactions_p1,1,transactions
renders/bank_statement/2024-10/BS-KBANK-OPER-2567-10_transactions_p10.png,bank_statement,2024-10,.png,BS-KBANK-OPER-2567-10_transactions_p10,0.8908758163452148,BS-KBANK-OPER-2567-10,KBANK-OPER,2567,10,transactions_p10,10,transactions
renders/bank_statement/2024-10/BS-KBANK-OPER-2567-10_transactions_p11.png,bank_statement,2024-10,.png,BS-KBANK-OPER-2567-10_transactions_p11,0.9004020690917969,BS-KBANK-OPER-2567-10,KBANK-OPER,2567,10,transactions_p11,11,transactions
renders/bank_statement/2024-10/BS-KBANK-OPER-2567-10_transactions_p12.png,bank_statement,2024-10,.png,BS-KBANK-OPER-2567-10_transactions_p12,0.8937053680419922,BS-KBANK-OPER-2567-10,KBANK-OPER,2567,10,transactions_p12,12,transactions
renders/bank_statement/2024-10/BS-KBANK-OPER-2567-10_transactions_p13.png,bank_statement,2024-10,.png,BS-KBANK-OPER-2567-10_transactions_p13,0.9048891067504883,BS-KBANK-OPER-2567-10,KBANK-OPER,2567,10,transactions_p13,13,transactions
renders/bank_statement/2024-10/BS-KBANK-OPER-2567-10_transactions_p14.png,bank_statement,2024-10,.png,BS-KBANK-OPER-2567-10_transactions_p14,0.8828439712524414,BS-KBANK-OPER-2567-10,KBANK-OPER,2567,10,transactions_p14,14,transactions
renders/bank_statement/2024-10/BS-KBANK-OPER-2567-10_transactions_p15.png,bank_statement,2024-10,.png,BS-KBANK-OPER-2567-10_transactions_p15,0.883854866027832,BS-KBANK-OPER-2567-10,KBANK-OPER,2567,10,transactions_p15,15,transactions
renders/bank_statement/2024-10/BS-KBANK-OPER-2567-10_transactions_p16.png,bank_statement,2024-10,.png,BS-KBANK-OPER-2567-10_transactions_p16,0.8849334716796875,BS-KBANK-OPER-2567-10,KBANK-OPER,2567,10,transactions_p16,16,transactions
renders/bank_statement/2024-10/BS-KBANK-OPER-2567-10_transactions_p17.png,bank_statement,2024-10,.png,BS-KBANK-OPER-2567-10_transactions_p17,0.8857421875,BS-KBANK-OPER-2567-10,KBANK-OPER,2567,10,transactions_p17,17,transactions
renders/bank_statement/2024-10/BS-KBANK-OPER-2567-10_transactions_p18.png,bank_statement,2024-10,.png,BS-KBANK-OPER-2567-10_transactions_p18,0.9103727340698242,BS-KBANK-OPER-2567-10,KBANK-OPER,2567,10,transactions_p18,18,transactions
renders/bank_statement/2024-10/BS-KBANK-OPER-2567-10_transactions_p19.png,bank_statement,2024-10,.png,BS-KBANK-OPER-2567-10_transactions_p19,0.8979225158691406,BS-KBANK-OPER-2567-10,KBANK-OPER,2567,10,transactions_p19,19,transactions
renders/bank_statement/2024-10/BS-KBANK-OPER-2567-10_transactions_p2.png,bank_statement,2024-10,.png,BS-KBANK-OPER-2567-10_transactions_p2,0.8637151718139648,BS-KBANK-OPER-2567-10,KBANK-OPER,2567,10,transactions_p2,2,transactions
renders/bank_statement/2024-10/BS-KBANK-OPER-2567-10_transactions_p20.png,bank_statement,2024-10,.png,BS-KBANK-OPER-2567-10_transactions_p20,0.9004650115966797,BS-KBANK-OPER-2567-10,KBANK-OPER,2567,10,transactions_p20,20,transactions
renders/bank_statement/2024-10/BS-KBANK-OPER-2567-10_transactions_p21.png,bank_statement,2024-10,.png,BS-KBANK-OPER-2567-10_transactions_p21,0.8905191421508789,BS-KBANK-OPER-2567-10,KBANK-OPER,2567,10,transactions_p21,21,transactions
renders/bank_statement/2024-10/BS-KBANK-OPER-2567-10_transactions_p22.png,bank_statement,2024-10,.png,BS-KBANK-OPER-2567-10_transactions_p22,0.8955745697021484,BS-KBANK-OPER-2567-10,KBANK-OPER,2567,10,transactions_p22,22,transactions
renders/bank_statement/2024-10/BS-KBANK-OPER-2567-10_transactions_p23.png,bank_statement,2024-10,.png,BS-KBANK-OPER-2567-10_transactions_p23,0.9297695159912109,BS-KBANK-OPER-2567-10,KBANK-OPER,2567,10,transactions_p23,23,transactions
renders/bank_statement/2024-10/BS-KBANK-OPER-2567-10_transactions_p24.png,bank_statement,2024-10,.png,BS-KBANK-OPER-2567-10_transactions_p24,0.9211835861206055,BS-KBANK-OPER-2567-10,KBANK-OPER,2567,10,transactions_p24,24,transactions
renders/bank_statement/2024-10/BS-KBANK-OPER-2567-10_transactions_p25.png,bank_statement,2024-10,.png,BS-KBANK-OPER-2567-10_transactions_p25,0.9272260665893555,BS-KBANK-OPER-2567-10,KBANK-OPER,2567,10,transactions_p25,25,transactions
renders/bank_statement/2024-10/BS-KBANK-OPER-2567-10_transactions_p26.png,bank_statement,2024-10,.png,BS-KBANK-OPER-2567-10_transactions_p26,0.9173450469970703,BS-KBANK-OPER-2567-10,KBANK-OPER,2567,10,transactions_p26,26,transactions
renders/bank_statement/2024-10/BS-KBANK-OPER-2567-10_transactions_p27.png,bank_statement,2024-10,.png,BS-KBANK-OPER-2567-10_transactions_p27,0.9207124710083008,BS-KBANK-OPER-2567-10,KBANK-OPER,2567,10,transactions_p27,27,transactions
renders/bank_statement/2024-10/BS-KBANK-OPER-2567-10_transactions_p28.png,bank_statement,2024-10,.png,BS-KBANK-OPER-2567-10_transactions_p28,0.9144916534423828,BS-KBANK-OPER-2567-10,KBANK-OPER,2567,10,transactions_p28,28,transactions
renders/bank_statement/2024-10/BS-KBANK-OPER-2567-10_transactions_p29.png,bank_statement,2024-10,.png,BS-KBANK-OPER-2567-10_transactions_p29,0.9215059280395508,BS-KBANK-OPER-2567-10,KBANK-OPER,2567,10,transactions_p29,29,transactions
renders/bank_statement/2024-10/BS-KBANK-OPER-2567-10_transactions_p3.png,bank_statement,2024-10,.png,BS-KBANK-OPER-2567-10_transactions_p3,0.8833637237548828,BS-KBANK-OPER-2567-10,KBANK-OPER,2567,10,transactions_p3,3,transactions
renders/bank_statement/2024-10/BS-KBANK-OPER-2567-10_transactions_p30.png,bank_statement,2024-10,.png,BS-KBANK-OPER-2567-10_transactions_p30,0.9242639541625977,BS-KBANK-OPER-2567-10,KBANK-OPER,2567,10,transactions_p30,30,transactions
renders/bank_statement/2024-10/BS-KBANK-OPER-2567-10_transactions_p31.png,bank_statement,2024-10,.png,BS-KBANK-OPER-2567-10_transactions_p31,0.9230489730834961,BS-KBANK-OPER-2567-10,KBANK-OPER,2567,10,transactions_p31,31,transactions
renders/bank_statement/2024-10/BS-KBANK-OPER-2567-10_transactions_p32.png,bank_statement,2024-10,.png,BS-KBANK-OPER-2567-10_transactions_p32,0.9164285659790039,BS-KBANK-OPER-2567-10,KBANK-OPER,2567,10,transactions_p32,32,transactions
renders/bank_statement/2024-10/BS-KBANK-OPER-2567-10_transactions_p33.png,bank_statement,2024-10,.png,BS-KBANK-OPER-2567-10_transactions_p33,0.9195899963378906,BS-KBANK-OPER-2567-10,KBANK-OPER,2567,10,transactions_p33,33,transactions
renders/bank_statement/2024-10/BS-KBANK-OPER-2567-10_transactions_p34.png,bank_statement,2024-10,.png,BS-KBANK-OPER-2567-10_transactions_p34,0.9114933013916016,BS-KBANK-OPER-2567-10,KBANK-OPER,2567,10,transactions_p34,34,transactions
renders/bank_statement/2024-10/BS-KBANK-OPER-2567-10_transactions_p35.png,bank_statement,2024-10,.png,BS-KBANK-OPER-2567-10_transactions_p35,0.9307155609130859,BS-KBANK-OPER-2567-10,KBANK-OPER,2567,10,transactions_p35,35,transactions
renders/bank_statement/2024-10/BS-KBANK-OPER-2567-10_transactions_p36.png,bank_statement,2024-10,.png,BS-KBANK-OPER-2567-10_transactions_p36,0.30686187744140625,BS-KBANK-OPER-2567-10,KBANK-OPER,2567,10,transactions_p36,36,transactions
renders/bank_statement/2024-10/BS-KBANK-OPER-2567-10_transactions_p4.png,bank_statement,2024-10,.png,BS-KBANK-OPER-2567-10_transactions_p4,0.8952951431274414,BS-KBANK-OPER-2567-10,KBANK-OPER,2567,10,transactions_p4,4,transactions
renders/bank_statement/2024-10/BS-KBANK-OPER-2567-10_transactions_p5.png,bank_statement,2024-10,.png,BS-KBANK-OPER-2567-10_transactions_p5,0.8972101211547852,BS-KBANK-OPER-2567-10,KBANK-OPER,2567,10,transactions_p5,5,transactions
renders/bank_statement/2024-10/BS-KBANK-OPER-2567-10_transactions_p6.png,bank_statement,2024-10,.png,BS-KBANK-OPER-2567-10_transactions_p6,0.9037675857543945,BS-KBANK-OPER-2567-10,KBANK-OPER,2567,10,transactions_p6,6,transactions
renders/bank_statement/2024-10/BS-KBANK-OPER-2567-10_transactions_p7.png,bank_statement,2024-10,.png,BS-KBANK-OPER-2567-10_transactions_p7,0.8803176879882812,BS-KBANK-OPER-2567-10,KBANK-OPER,2567,10,transactions_p7,7,transactions
renders/bank_statement/2024-10/BS-KBANK-OPER-2567-10_transactions_p8.png,bank_statement,2024-10,.png,BS-KBANK-OPER-2567-10_transactions_p8,0.8821163177490234,BS-KBANK-OPER-2567-10,KBANK-OPER,2567,10,transactions_p8,8,transactions
renders/bank_statement/2024-10/BS-KBANK-OPER-2567-10_transactions_p9.png,bank_statement,2024-10,.png,BS-KBANK-OPER-2567-10_transactions_p9,0.8745946884155273,BS-KBANK-OPER-2567-10,KBANK-OPER,2567,10,transactions_p9,9,transactions
renders/bank_statement/2024-10/BS-OPER-BKK-CTW-2567-10_header.png,bank_statement,2024-10,.png,BS-OPER-BKK-CTW-2567-10_header,0.2965354919433594,BS-OPER-BKK-CTW-2567-10,OPER-BKK-CTW,2567,10,header,,header
renders/bank_statement/2024-10/BS-OPER-BKK-CTW-2567-10_transactions_p1.png,bank_statement,2024-10,.png,BS-OPER-BKK-CTW-2567-10_transactions_p1,0.8883934020996094,BS-OPER-BKK-CTW-2567-10,OPER-BKK-CTW,2567,10,transactions_p1,1,transactions
renders/bank_statement/2024-10/BS-OPER-BKK-CTW-2567-10_transactions_p2.png,bank_statement,2024-10,.png,BS-OPER-BKK-CTW-2567-10_transactions_p2,0.9140024185180664,BS-OPER-BKK-CTW-2567-10,OPER-BKK-CTW,2567,10,transactions_p2,2,transactions
renders/bank_statement/2024-10/BS-OPER-BKK-CTW-2567-10_transactions_p3.png,bank_statement,2024-10,.png,BS-OPER-BKK-CTW-2567-10_transactions_p3,0.559758186340332,BS-OPER-BKK-CTW-2567-10,OPER-BKK-CTW,2567,10,transactions_p3,3,transactions
renders/bank_statement/2024-10/BS-OPER-BKK-EMSP-2567-10_header.png,bank_statement,2024-10,.png,BS-OPER-BKK-EMSP-2567-10_header,0.05919075012207031,BS-OPER-BKK-EMSP-2567-10,OPER-BKK-EMSP,2567,10,header,,header
renders/bank_statement/2024-10/BS-OPER-BKK-EMSP-2567-10_transactions_p1.png,bank_statement,2024-10,.png,BS-OPER-BKK-EMSP-2567-10_transactions_p1,0.19055652618408203,BS-OPER-BKK-EMSP-2567-10,OPER-BKK-EMSP,2567,10,transactions_p1,1,transactions
renders/bank_statement/2024-10/BS-OPER-BKK-EMSP-2567-10_transactions_p2.png,bank_statement,2024-10,.png,BS-OPER-BKK-EMSP-2567-10_transactions_p2,0.198150634765625,BS-OPER-BKK-EMSP-2567-10,OPER-BKK-EMSP,2567,10,transactions_p2,2,transactions
renders/bank_statement/2024-10/BS-OPER-BKK-EMSP-2567-10_transactions_p3.png,bank_statement,2024-10,.png,BS-OPER-BKK-EMSP-2567-10_transactions_p3,0.19445133209228516,BS-OPER-BKK-EMSP-2567-10,OPER-BKK-EMSP,2567,10,transactions_p3,3,transactions
renders/bank_statement/2024-10/BS-OPER-BKK-EMSP-2567-10_transactions_p4.png,bank_statement,2024-10,.png,BS-OPER-BKK-EMSP-2567-10_transactions_p4,0.19808387756347656,BS-OPER-BKK-EMSP-2567-10,OPER-BKK-EMSP,2567,10,transactions_p4,4,transactions
renders/bank_statement/2024-10/BS-OPER-BKK-EMSP-2567-10_transactions_p5.png,bank_statement,2024-10,.png,BS-OPER-BKK-EMSP-2567-10_transactions_p5,0.197540283203125,BS-OPER-BKK-EMSP-2567-10,OPER-BKK-EMSP,2567,10,transactions_p5,5,transactions
renders/bank_statement/2024-10/BS-OPER-BKK-EMSP-2567-10_transactions_p6.png,bank_statement,2024-10,.png,BS-OPER-BKK-EMSP-2567-10_transactions_p6,0.19913387298583984,BS-OPER-BKK-EMSP-2567-10,OPER-BKK-EMSP,2567,10,transactions_p6,6,transactions
renders/bank_statement/2024-10/BS-OPER-BKK-EMSP-2567-10_transactions_p7.png,bank_statement,2024-10,.png,BS-OPER-BKK-EMSP-2567-10_transactions_p7,0.2008228302001953,BS-OPER-BKK-EMSP-2567-10,OPER-BKK-EMSP,2567,10,transactions_p7,7,transactions
renders/bank_statement/2024-10/BS-OPER-BKK-EMSP-2567-10_transactions_p8.png,bank_statement,2024-10,.png,BS-OPER-BKK-EMSP-2567-10_transactions_p8,0.1367349624633789,BS-OPER-BKK-EMSP-2567-10,OPER-BKK-EMSP,2567,10,transactions_p8,8,transactions
renders/bank_statement/2024-10/BS-OPER-BKK-PKT-2567-10_header.png,bank_statement,2024-10,.png,BS-OPER-BKK-PKT-2567-10_header,0.09084606170654297,BS-OPER-BKK-PKT-2567-10,OPER-BKK-PKT,2567,10,header,,header
renders/bank_statement/2024-10/BS-OPER-BKK-PKT-2567-10_transactions_p1.png,bank_statement,2024-10,.png,BS-OPER-BKK-PKT-2567-10_transactions_p1,0.17766380310058594,BS-OPER-BKK-PKT-2567-10,OPER-BKK-PKT,2567,10,transactions_p1,1,transactions
renders/bank_statement/2024-10/BS-OPER-BKK-PKT-2567-10_transactions_p2.png,bank_statement,2024-10,.png,BS-OPER-BKK-PKT-2567-10_transactions_p2,0.18243026733398438,BS-OPER-BKK-PKT-2567-10,OPER-BKK-PKT,2567,10,transactions_p2,2,transactions
renders/bank_statement/2024-10/BS-OPER-BKK-PKT-2567-10_transactions_p3.png,bank_statement,2024-10,.png,BS-OPER-BKK-PKT-2567-10_transactions_p3,0.18027019500732422,BS-OPER-BKK-PKT-2567-10,OPER-BKK-PKT,2567,10,transactions_p3,3,transactions
renders/bank_statement/2024-10/BS-OPER-BKK-PKT-2567-10_transactions_p4.png,bank_statement,2024-10,.png,BS-OPER-BKK-PKT-2567-10_transactions_p4,0.1784963607788086,BS-OPER-BKK-PKT-2567-10,OPER-BKK-PKT,2567,10,transactions_p4,4,transactions
renders/bank_statement/2024-10/BS-OPER-BKK-PKT-2567-10_transactions_p5.png,bank_statement,2024-10,.png,BS-OPER-BKK-PKT-2567-10_transactions_p5,0.1797037124633789,BS-OPER-BKK-PKT-2567-10,OPER-BKK-PKT,2567,10,transactions_p5,5,transactions
renders/bank_statement/2024-10/BS-OPER-BKK-PKT-2567-10_transactions_p6.png,bank_statement,2024-10,.png,BS-OPER-BKK-PKT-2567-10_transactions_p6,0.18021583557128906,BS-OPER-BKK-PKT-2567-10,OPER-BKK-PKT,2567,10,transactions_p6,6,transactions
renders/bank_statement/2024-10/BS-OPER-BKK-PKT-2567-10_transactions_p7.png,bank_statement,2024-10,.png,BS-OPER-BKK-PKT-2567-10_transactions_p7,0.18200397491455078,BS-OPER-BKK-PKT-2567-10,OPER-BKK-PKT,2567,10,transactions_p7,7,transactions
renders/bank_statement/2024-10/BS-OPER-BKK-PKT-2567-10_transactions_p8.png,bank_statement,2024-10,.png,BS-OPER-BKK-PKT-2567-10_transactions_p8,0.13148880004882812,BS-OPER-BKK-PKT-2567-10,OPER-BKK-PKT,2567,10,transactions_p8,8,transactions
renders/bank_statement/2024-10/BS-OPER-BKK-R9-2567-10_header.png,bank_statement,2024-10,.png,BS-OPER-BKK-R9-2567-10_header,0.2958688735961914,BS-OPER-BKK-R9-2567-10,OPER-BKK-R9,2567,10,header,,header
renders/bank_statement/2024-10/BS-OPER-BKK-R9-2567-10_transactions_p1.png,bank_statement,2024-10,.png,BS-OPER-BKK-R9-2567-10_transactions_p1,0.8894577026367188,BS-OPER-BKK-R9-2567-10,OPER-BKK-R9,2567,10,transactions_p1,1,transactions
renders/bank_statement/2024-10/BS-OPER-BKK-R9-2567-10_transactions_p2.png,bank_statement,2024-10,.png,BS-OPER-BKK-R9-2567-10_transactions_p2,0.9104433059692383,BS-OPER-BKK-R9-2567-10,OPER-BKK-R9,2567,10,transactions_p2,2,transactions
renders/bank_statement/2024-10/BS-OPER-BKK-R9-2567-10_transactions_p3.png,bank_statement,2024-10,.png,BS-OPER-BKK-R9-2567-10_transactions_p3,0.41719532012939453,BS-OPER-BKK-R9-2567-10,OPER-BKK-R9,2567,10,transactions_p3,3,transactions
renders/bank_statement/2024-10/BS-OPER-BKK-SIAM-2567-10_header.png,bank_statement,2024-10,.png,BS-OPER-BKK-SIAM-2567-10_header,0.05936241149902344,BS-OPER-BKK-SIAM-2567-10,OPER-BKK-SIAM,2567,10,header,,header
renders/bank_statement/2024-10/BS-OPER-BKK-SIAM-2567-10_transactions_p1.png,bank_statement,2024-10,.png,BS-OPER-BKK-SIAM-2567-10_transactions_p1,0.19229602813720703,BS-OPER-BKK-SIAM-2567-10,OPER-BKK-SIAM,2567,10,transactions_p1,1,transactions
renders/bank_statement/2024-10/BS-OPER-BKK-SIAM-2567-10_transactions_p2.png,bank_statement,2024-10,.png,BS-OPER-BKK-SIAM-2567-10_transactions_p2,0.1998882293701172,BS-OPER-BKK-SIAM-2567-10,OPER-BKK-SIAM,2567,10,transactions_p2,2,transactions
renders/bank_statement/2024-10/BS-OPER-BKK-SIAM-2567-10_transactions_p3.png,bank_statement,2024-10,.png,BS-OPER-BKK-SIAM-2567-10_transactions_p3,0.19674205780029297,BS-OPER-BKK-SIAM-2567-10,OPER-BKK-SIAM,2567,10,transactions_p3,3,transactions
renders/bank_statement/2024-10/BS-OPER-BKK-SIAM-2567-10_transactions_p4.png,bank_statement,2024-10,.png,BS-OPER-BKK-SIAM-2567-10_transactions_p4,0.1982259750366211,BS-OPER-BKK-SIAM-2567-10,OPER-BKK-SIAM,2567,10,transactions_p4,4,transactions
renders/bank_statement/2024-10/BS-OPER-BKK-SIAM-2567-10_transactions_p5.png,bank_statement,2024-10,.png,BS-OPER-BKK-SIAM-2567-10_transactions_p5,0.19884490966796875,BS-OPER-BKK-SIAM-2567-10,OPER-BKK-SIAM,2567,10,transactions_p5,5,transactions
renders/bank_statement/2024-10/BS-OPER-BKK-SIAM-2567-10_transactions_p6.png,bank_statement,2024-10,.png,BS-OPER-BKK-SIAM-2567-10_transactions_p6,0.20038127899169922,BS-OPER-BKK-SIAM-2567-10,OPER-BKK-SIAM,2567,10,transactions_p6,6,transactions
renders/bank_statement/2024-10/BS-OPER-BKK-SIAM-2567-10_transactions_p7.png,bank_statement,2024-10,.png,BS-OPER-BKK-SIAM-2567-10_transactions_p7,0.20183658599853516,BS-OPER-BKK-SIAM-2567-10,OPER-BKK-SIAM,2567,10,transactions_p7,7,transactions
renders/bank_statement/2024-10/BS-OPER-BKK-SIAM-2567-10_transactions_p8.png,bank_statement,2024-10,.png,BS-OPER-BKK-SIAM-2567-10_transactions_p8,0.16991615295410156,BS-OPER-BKK-SIAM-2567-10,OPER-BKK-SIAM,2567,10,transactions_p8,8,transactions
renders/bank_statement/2024-10/BS-OPER-CNX-MAYA-2567-10_header.png,bank_statement,2024-10,.png,BS-OPER-CNX-MAYA-2567-10_header,0.09142780303955078,BS-OPER-CNX-MAYA-2567-10,OPER-CNX-MAYA,2567,10,header,,header
renders/bank_statement/2024-10/BS-OPER-CNX-MAYA-2567-10_transactions_p1.png,bank_statement,2024-10,.png,BS-OPER-CNX-MAYA-2567-10_transactions_p1,0.1762828826904297,BS-OPER-CNX-MAYA-2567-10,OPER-CNX-MAYA,2567,10,transactions_p1,1,transactions
renders/bank_statement/2024-10/BS-OPER-CNX-MAYA-2567-10_transactions_p2.png,bank_statement,2024-10,.png,BS-OPER-CNX-MAYA-2567-10_transactions_p2,0.18185138702392578,BS-OPER-CNX-MAYA-2567-10,OPER-CNX-MAYA,2567,10,transactions_p2,2,transactions
renders/bank_statement/2024-10/BS-OPER-CNX-MAYA-2567-10_transactions_p3.png,bank_statement,2024-10,.png,BS-OPER-CNX-MAYA-2567-10_transactions_p3,0.179718017578125,BS-OPER-CNX-MAYA-2567-10,OPER-CNX-MAYA,2567,10,transactions_p3,3,transactions
renders/bank_statement/2024-10/BS-OPER-CNX-MAYA-2567-10_transactions_p4.png,bank_statement,2024-10,.png,BS-OPER-CNX-MAYA-2567-10_transactions_p4,0.18007469177246094,BS-OPER-CNX-MAYA-2567-10,OPER-CNX-MAYA,2567,10,transactions_p4,4,transactions
renders/bank_statement/2024-10/BS-OPER-CNX-MAYA-2567-10_transactions_p5.png,bank_statement,2024-10,.png,BS-OPER-CNX-MAYA-2567-10_transactions_p5,0.17719554901123047,BS-OPER-CNX-MAYA-2567-10,OPER-CNX-MAYA,2567,10,transactions_p5,5,transactions
renders/bank_statement/2024-10/BS-OPER-CNX-MAYA-2567-10_transactions_p6.png,bank_statement,2024-10,.png,BS-OPER-CNX-MAYA-2567-10_transactions_p6,0.18083953857421875,BS-OPER-CNX-MAYA-2567-10,OPER-CNX-MAYA,2567,10,transactions_p6,6,transactions
renders/bank_statement/2024-10/BS-OPER-CNX-MAYA-2567-10_transactions_p7.png,bank_statement,2024-10,.png,BS-OPER-CNX-MAYA-2567-10_transactions_p7,0.1813821792602539,BS-OPER-CNX-MAYA-2567-10,OPER-CNX-MAYA,2567,10,transactions_p7,7,transactions
renders/bank_statement/2024-10/BS-OPER-CNX-MAYA-2567-10_transactions_p8.png,bank_statement,2024-10,.png,BS-OPER-CNX-MAYA-2567-10_transactions_p8,0.12373828887939453,BS-OPER-CNX-MAYA-2567-10,OPER-CNX-MAYA,2567,10,transactions_p8,8,transactions
renders/bank_statement/2024-10/BS-OPER-HKT-FEST-2567-10_header.png,bank_statement,2024-10,.png,BS-OPER-HKT-FEST-2567-10_header,0.2943248748779297,BS-OPER-HKT-FEST-2567-10,OPER-HKT-FEST,2567,10,header,,header
renders/bank_statement/2024-10/BS-OPER-HKT-FEST-2567-10_transactions_p1.png,bank_statement,2024-10,.png,BS-OPER-HKT-FEST-2567-10_transactions_p1,0.8561296463012695,BS-OPER-HKT-FEST-2567-10,OPER-HKT-FEST,2567,10,transactions_p1,1,transactions
renders/bank_statement/2024-10/BS-OPER-HKT-FEST-2567-10_transactions_p2.png,bank_statement,2024-10,.png,BS-OPER-HKT-FEST-2567-10_transactions_p2,0.8818435668945312,BS-OPER-HKT-FEST-2567-10,OPER-HKT-FEST,2567,10,transactions_p2,2,transactions
renders/bank_statement/2024-10/BS-OPER-HKT-FEST-2567-10_transactions_p3.png,bank_statement,2024-10,.png,BS-OPER-HKT-FEST-2567-10_transactions_p3,0.4651660919189453,BS-OPER-HKT-FEST-2567-10,OPER-HKT-FEST,2567,10,transactions_p3,3,transactions
renders/bank_statement/2024-10/BS-OPER-KKC-CTRL-2567-10_header.png,bank_statement,2024-10,.png,BS-OPER-KKC-CTRL-2567-10_header,0.05920124053955078,BS-OPER-KKC-CTRL-2567-10,OPER-KKC-CTRL,2567,10,header,,header
renders/bank_statement/2024-10/BS-OPER-KKC-CTRL-2567-10_transactions_p1.png,bank_statement,2024-10,.png,BS-OPER-KKC-CTRL-2567-10_transactions_p1,0.18360137939453125,BS-OPER-KKC-CTRL-2567-10,OPER-KKC-CTRL,2567,10,transactions_p1,1,transactions
renders/bank_statement/2024-10/BS-OPER-KKC-CTRL-2567-10_transactions_p2.png,bank_statement,2024-10,.png,BS-OPER-KKC-CTRL-2567-10_transactions_p2,0.18903541564941406,BS-OPER-KKC-CTRL-2567-10,OPER-KKC-CTRL,2567,10,transactions_p2,2,transactions
renders/bank_statement/2024-10/BS-OPER-KKC-CTRL-2567-10_transactions_p3.png,bank_statement,2024-10,.png,BS-OPER-KKC-CTRL-2567-10_transactions_p3,0.18561649322509766,BS-OPER-KKC-CTRL-2567-10,OPER-KKC-CTRL,2567,10,transactions_p3,3,transactions
renders/bank_statement/2024-10/BS-OPER-KKC-CTRL-2567-10_transactions_p4.png,bank_statement,2024-10,.png,BS-OPER-KKC-CTRL-2567-10_transactions_p4,0.18760299682617188,BS-OPER-KKC-CTRL-2567-10,OPER-KKC-CTRL,2567,10,transactions_p4,4,transactions
renders/bank_statement/2024-10/BS-OPER-KKC-CTRL-2567-10_transactions_p5.png,bank_statement,2024-10,.png,BS-OPER-KKC-CTRL-2567-10_transactions_p5,0.18668270111083984,BS-OPER-KKC-CTRL-2567-10,OPER-KKC-CTRL,2567,10,transactions_p5,5,transactions
renders/bank_statement/2024-10/BS-OPER-KKC-CTRL-2567-10_transactions_p6.png,bank_statement,2024-10,.png,BS-OPER-KKC-CTRL-2567-10_transactions_p6,0.18692684173583984,BS-OPER-KKC-CTRL-2567-10,OPER-KKC-CTRL,2567,10,transactions_p6,6,transactions
renders/bank_statement/2024-10/BS-OPER-KKC-CTRL-2567-10_transactions_p7.png,bank_statement,2024-10,.png,BS-OPER-KKC-CTRL-2567-10_transactions_p7,0.1239461898803711,BS-OPER-KKC-CTRL-2567-10,OPER-KKC-CTRL,2567,10,transactions_p7,7,transactions
renders/bank_statement/2024-10/BS-OPER-PTY-CTRL-2567-10_header.png,bank_statement,2024-10,.png,BS-OPER-PTY-CTRL-2567-10_header,0.0907430648803711,BS-OPER-PTY-CTRL-2567-10,OPER-PTY-CTRL,2567,10,header,,header
renders/bank_statement/2024-10/BS-OPER-PTY-CTRL-2567-10_transactions_p1.png,bank_statement,2024-10,.png,BS-OPER-PTY-CTRL-2567-10_transactions_p1,0.17839813232421875,BS-OPER-PTY-CTRL-2567-10,OPER-PTY-CTRL,2567,10,transactions_p1,1,transactions
renders/bank_statement/2024-10/BS-OPER-PTY-CTRL-2567-10_transactions_p2.png,bank_statement,2024-10,.png,BS-OPER-PTY-CTRL-2567-10_transactions_p2,0.18215179443359375,BS-OPER-PTY-CTRL-2567-10,OPER-PTY-CTRL,2567,10,transactions_p2,2,transactions
renders/bank_statement/2024-10/BS-OPER-PTY-CTRL-2567-10_transactions_p3.png,bank_statement,2024-10,.png,BS-OPER-PTY-CTRL-2567-10_transactions_p3,0.1789560317993164,BS-OPER-PTY-CTRL-2567-10,OPER-PTY-CTRL,2567,10,transactions_p3,3,transactions
renders/bank_statement/2024-10/BS-OPER-PTY-CTRL-2567-10_transactions_p4.png,bank_statement,2024-10,.png,BS-OPER-PTY-CTRL-2567-10_transactions_p4,0.17937946319580078,BS-OPER-PTY-CTRL-2567-10,OPER-PTY-CTRL,2567,10,transactions_p4,4,transactions
renders/bank_statement/2024-10/BS-OPER-PTY-CTRL-2567-10_transactions_p5.png,bank_statement,2024-10,.png,BS-OPER-PTY-CTRL-2567-10_transactions_p5,0.18030071258544922,BS-OPER-PTY-CTRL-2567-10,OPER-PTY-CTRL,2567,10,transactions_p5,5,transactions
renders/bank_statement/2024-10/BS-OPER-PTY-CTRL-2567-10_transactions_p6.png,bank_statement,2024-10,.png,BS-OPER-PTY-CTRL-2567-10_transactions_p6,0.17809295654296875,BS-OPER-PTY-CTRL-2567-10,OPER-PTY-CTRL,2567,10,transactions_p6,6,transactions
renders/bank_statement/2024-10/BS-OPER-PTY-CTRL-2567-10_transactions_p7.png,bank_statement,2024-10,.png,BS-OPER-PTY-CTRL-2567-10_transactions_p7,0.18096446990966797,BS-OPER-PTY-CTRL-2567-10,OPER-PTY-CTRL,2567,10,transactions_p7,7,transactions
renders/bank_statement/2024-10/BS-OPER-PTY-CTRL-2567-10_transactions_p8.png,bank_statement,2024-10,.png,BS-OPER-PTY-CTRL-2567-10_transactions_p8,0.11216068267822266,BS-OPER-PTY-CTRL-2567-10,OPER-PTY-CTRL,2567,10,transactions_p8,8,transactions
renders/bank_statement/2024-10/BS-OPER-REMOTE-2567-10_header.png,bank_statement,2024-10,.png,BS-OPER-REMOTE-2567-10_header,0.2931232452392578,BS-OPER-REMOTE-2567-10,OPER-REMOTE,2567,10,header,,header
renders/bank_statement/2024-10/BS-OPER-REMOTE-2567-10_transactions_p1.png,bank_statement,2024-10,.png,BS-OPER-REMOTE-2567-10_transactions_p1,0.8823976516723633,BS-OPER-REMOTE-2567-10,OPER-REMOTE,2567,10,transactions_p1,1,transactions
renders/bank_statement/2024-10/BS-OPER-REMOTE-2567-10_transactions_p2.png,bank_statement,2024-10,.png,BS-OPER-REMOTE-2567-10_transactions_p2,0.9023294448852539,BS-OPER-REMOTE-2567-10,OPER-REMOTE,2567,10,transactions_p2,2,transactions
renders/bank_statement/2024-10/BS-OPER-REMOTE-2567-10_transactions_p3.png,bank_statement,2024-10,.png,BS-OPER-REMOTE-2567-10_transactions_p3,0.05919837951660156,BS-OPER-REMOTE-2567-10,OPER-REMOTE,2567,10,transactions_p3,3,transactions
renders/bank_statement/2024-10/BS-OPER-UDN-CTRL-2567-10_header.png,bank_statement,2024-10,.png,BS-OPER-UDN-CTRL-2567-10_header,0.05910205841064453,BS-OPER-UDN-CTRL-2567-10,OPER-UDN-CTRL,2567,10,header,,header
renders/bank_statement/2024-10/BS-OPER-UDN-CTRL-2567-10_transactions_p1.png,bank_statement,2024-10,.png,BS-OPER-UDN-CTRL-2567-10_transactions_p1,0.1858997344970703,BS-OPER-UDN-CTRL-2567-10,OPER-UDN-CTRL,2567,10,transactions_p1,1,transactions
renders/bank_statement/2024-10/BS-OPER-UDN-CTRL-2567-10_transactions_p2.png,bank_statement,2024-10,.png,BS-OPER-UDN-CTRL-2567-10_transactions_p2,0.19116687774658203,BS-OPER-UDN-CTRL-2567-10,OPER-UDN-CTRL,2567,10,transactions_p2,2,transactions
renders/bank_statement/2024-10/BS-OPER-UDN-CTRL-2567-10_transactions_p3.png,bank_statement,2024-10,.png,BS-OPER-UDN-CTRL-2567-10_transactions_p3,0.18993663787841797,BS-OPER-UDN-CTRL-2567-10,OPER-UDN-CTRL,2567,10,transactions_p3,3,transactions
renders/bank_statement/2024-10/BS-OPER-UDN-CTRL-2567-10_transactions_p4.png,bank_statement,2024-10,.png,BS-OPER-UDN-CTRL-2567-10_transactions_p4,0.1921558380126953,BS-OPER-UDN-CTRL-2567-10,OPER-UDN-CTRL,2567,10,transactions_p4,4,transactions
renders/bank_statement/2024-10/BS-OPER-UDN-CTRL-2567-10_transactions_p5.png,bank_statement,2024-10,.png,BS-OPER-UDN-CTRL-2567-10_transactions_p5,0.19021129608154297,BS-OPER-UDN-CTRL-2567-10,OPER-UDN-CTRL,2567,10,transactions_p5,5,transactions
renders/bank_statement/2024-10/BS-OPER-UDN-CTRL-2567-10_transactions_p6.png,bank_statement,2024-10,.png,BS-OPER-UDN-CTRL-2567-10_transactions_p6,0.1915264129638672,BS-OPER-UDN-CTRL-2567-10,OPER-UDN-CTRL,2567,10,transactions_p6,6,transactions
renders/bank_statement/2024-10/BS-OPER-UDN-CTRL-2567-10_transactions_p7.png,bank_statement,2024-10,.png,BS-OPER-UDN-CTRL-2567-10_transactions_p7,0.07363510131835938,BS-OPER-UDN-CTRL-2567-10,OPER-UDN-CTRL,2567,10,transactions_p7,7,transactions
renders/bank_statement/2024-10/BS-SCB-OPER-2567-10_header.png,bank_statement,2024-10,.png,BS-SCB-OPER-2567-10_header,0.05846977233886719,BS-SCB-OPER-2567-10,SCB-OPER,2567,10,header,,header
renders/bank_statement/2024-10/BS-SCB-OPER-2567-10_transactions_p1.png,bank_statement,2024-10,.png,BS-SCB-OPER-2567-10_transactions_p1,0.08227252960205078,BS-SCB-OPER-2567-10,SCB-OPER,2567,10,transactions_p1,1,transactions
renders/bank_statement/2024-11/BS-BBL-OPER-2567-11_header.png,bank_statement,2024-11,.png,BS-BBL-OPER-2567-11_header,0.08883285522460938,BS-BBL-OPER-2567-11,BBL-OPER,2567,11,header,,header
renders/bank_statement/2024-11/BS-BBL-OPER-2567-11_transactions_p1.png,bank_statement,2024-11,.png,BS-BBL-OPER-2567-11_transactions_p1,0.0951375961303711,BS-BBL-OPER-2567-11,BBL-OPER,2567,11,transactions_p1,1,transactions
renders/bank_statement/2024-11/BS-KBANK-OPER-2567-11_header.png,bank_statement,2024-11,.png,BS-KBANK-OPER-2567-11_header,0.3012113571166992,BS-KBANK-OPER-2567-11,KBANK-OPER,2567,11,header,,header
renders/bank_statement/2024-11/BS-KBANK-OPER-2567-11_transactions_p1.png,bank_statement,2024-11,.png,BS-KBANK-OPER-2567-11_transactions_p1,0.8607521057128906,BS-KBANK-OPER-2567-11,KBANK-OPER,2567,11,transactions_p1,1,transactions
renders/bank_statement/2024-11/BS-KBANK-OPER-2567-11_transactions_p10.png,bank_statement,2024-11,.png,BS-KBANK-OPER-2567-11_transactions_p10,0.8927545547485352,BS-KBANK-OPER-2567-11,KBANK-OPER,2567,11,transactions_p10,10,transactions
renders/bank_statement/2024-11/BS-KBANK-OPER-2567-11_transactions_p11.png,bank_statement,2024-11,.png,BS-KBANK-OPER-2567-11_transactions_p11,0.8999462127685547,BS-KBANK-OPER-2567-11,KBANK-OPER,2567,11,transactions_p11,11,transactions
renders/bank_statement/2024-11/BS-KBANK-OPER-2567-11_transactions_p12.png,bank_statement,2024-11,.png,BS-KBANK-OPER-2567-11_transactions_p12,0.908085823059082,BS-KBANK-OPER-2567-11,KBANK-OPER,2567,11,transactions_p12,12,transactions
renders/bank_statement/2024-11/BS-KBANK-OPER-2567-11_transactions_p13.png,bank_statement,2024-11,.png,BS-KBANK-OPER-2567-11_transactions_p13,0.9019088745117188,BS-KBANK-OPER-2567-11,KBANK-OPER,2567,11,transactions_p13,13,transactions
renders/bank_statement/2024-11/BS-KBANK-OPER-2567-11_transactions_p14.png,bank_statement,2024-11,.png,BS-KBANK-OPER-2567-11_transactions_p14,0.9018726348876953,BS-KBANK-OPER-2567-11,KBANK-OPER,2567,11,transactions_p14,14,transactions
renders/bank_statement/2024-11/BS-KBANK-OPER-2567-11_transactions_p15.png,bank_statement,2024-11,.png,BS-KBANK-OPER-2567-11_transactions_p15,0.8979644775390625,BS-KBANK-OPER-2567-11,KBANK-OPER,2567,11,transactions_p15,15,transactions
renders/bank_statement/2024-11/BS-KBANK-OPER-2567-11_transactions_p16.png,bank_statement,2024-11,.png,BS-KBANK-OPER-2567-11_transactions_p16,0.8977041244506836,BS-KBANK-OPER-2567-11,KBANK-OPER,2567,11,transactions_p16,16,transactions
renders/bank_statement/2024-11/BS-KBANK-OPER-2567-11_transactions_p17.png,bank_statement,2024-11,.png,BS-KBANK-OPER-2567-11_transactions_p17,0.916046142578125,BS-KBANK-OPER-2567-11,KBANK-OPER,2567,11,transactions_p17,17,transactions
renders/bank_statement/2024-11/BS-KBANK-OPER-2567-11_transactions_p18.png,bank_statement,2024-11,.png,BS-KBANK-OPER-2567-11_transactions_p18,0.9047222137451172,BS-KBANK-OPER-2567-11,KBANK-OPER,2567,11,transactions_p18,18,transactions
renders/bank_statement/2024-11/BS-KBANK-OPER-2567-11_transactions_p19.png,bank_statement,2024-11,.png,BS-KBANK-OPER-2567-11_transactions_p19,0.9081964492797852,BS-KBANK-OPER-2567-11,KBANK-OPER,2567,11,transactions_p19,19,transactions
renders/bank_statement/2024-11/BS-KBANK-OPER-2567-11_transactions_p2.png,bank_statement,2024-11,.png,BS-KBANK-OPER-2567-11_transactions_p2,0.8806171417236328,BS-KBANK-OPER-2567-11,KBANK-OPER,2567,11,transactions_p2,2,transactions
renders/bank_statement/2024-11/BS-KBANK-OPER-2567-11_transactions_p20.png,bank_statement,2024-11,.png,BS-KBANK-OPER-2567-11_transactions_p20,0.9021816253662109,BS-KBANK-OPER-2567-11,KBANK-OPER,2567,11,transactions_p20,20,transactions
renders/bank_statement/2024-11/BS-KBANK-OPER-2567-11_transactions_p21.png,bank_statement,2024-11,.png,BS-KBANK-OPER-2567-11_transactions_p21,0.9155511856079102,BS-KBANK-OPER-2567-11,KBANK-OPER,2567,11,transactions_p21,21,transactions
renders/bank_statement/2024-11/BS-KBANK-OPER-2567-11_transactions_p22.png,bank_statement,2024-11,.png,BS-KBANK-OPER-2567-11_transactions_p22,0.9058628082275391,BS-KBANK-OPER-2567-11,KBANK-OPER,2567,11,transactions_p22,22,transactions
renders/bank_statement/2024-11/BS-KBANK-OPER-2567-11_transactions_p23.png,bank_statement,2024-11,.png,BS-KBANK-OPER-2567-11_transactions_p23,0.9116573333740234,BS-KBANK-OPER-2567-11,KBANK-OPER,2567,11,transactions_p23,23,transactions
renders/bank_statement/2024-11/BS-KBANK-OPER-2567-11_transactions_p24.png,bank_statement,2024-11,.png,BS-KBANK-OPER-2567-11_transactions_p24,0.9126558303833008,BS-KBANK-OPER-2567-11,KBANK-OPER,2567,11,transactions_p24,24,transactions
renders/bank_statement/2024-11/BS-KBANK-OPER-2567-11_transactions_p25.png,bank_statement,2024-11,.png,BS-KBANK-OPER-2567-11_transactions_p25,0.9161014556884766,BS-KBANK-OPER-2567-11,KBANK-OPER,2567,11,transactions_p25,25,transactions
renders/bank_statement/2024-11/BS-KBANK-OPER-2567-11_transactions_p26.png,bank_statement,2024-11,.png,BS-KBANK-OPER-2567-11_transactions_p26,0.9204130172729492,BS-KBANK-OPER-2567-11,KBANK-OPER,2567,11,transactions_p26,26,transactions
renders/bank_statement/2024-11/BS-KBANK-OPER-2567-11_transactions_p27.png,bank_statement,2024-11,.png,BS-KBANK-OPER-2567-11_transactions_p27,0.9092578887939453,BS-KBANK-OPER-2567-11,KBANK-OPER,2567,11,transactions_p27,27,transactions
renders/bank_statement/2024-11/BS-KBANK-OPER-2567-11_transactions_p28.png,bank_statement,2024-11,.png,BS-KBANK-OPER-2567-11_transactions_p28,0.9194526672363281,BS-KBANK-OPER-2567-11,KBANK-OPER,2567,11,transactions_p28,28,transactions
renders/bank_statement/2024-11/BS-KBANK-OPER-2567-11_transactions_p29.png,bank_statement,2024-11,.png,BS-KBANK-OPER-2567-11_transactions_p29,0.9057598114013672,BS-KBANK-OPER-2567-11,KBANK-OPER,2567,11,transactions_p29,29,transactions
renders/bank_statement/2024-11/BS-KBANK-OPER-2567-11_transactions_p3.png,bank_statement,2024-11,.png,BS-KBANK-OPER-2567-11_transactions_p3,0.8780984878540039,BS-KBANK-OPER-2567-11,KBANK-OPER,2567,11,transactions_p3,3,transactions
renders/bank_statement/2024-11/BS-KBANK-OPER-2567-11_transactions_p30.png,bank_statement,2024-11,.png,BS-KBANK-OPER-2567-11_transactions_p30,0.9204521179199219,BS-KBANK-OPER-2567-11,KBANK-OPER,2567,11,transactions_p30,30,transactions
renders/bank_statement/2024-11/BS-KBANK-OPER-2567-11_transactions_p31.png,bank_statement,2024-11,.png,BS-KBANK-OPER-2567-11_transactions_p31,0.9344625473022461,BS-KBANK-OPER-2567-11,KBANK-OPER,2567,11,transactions_p31,31,transactions
renders/bank_statement/2024-11/BS-KBANK-OPER-2567-11_transactions_p32.png,bank_statement,2024-11,.png,BS-KBANK-OPER-2567-11_transactions_p32,0.9276485443115234,BS-KBANK-OPER-2567-11,KBANK-OPER,2567,11,transactions_p32,32,transactions
renders/bank_statement/2024-11/BS-KBANK-OPER-2567-11_transactions_p33.png,bank_statement,2024-11,.png,BS-KBANK-OPER-2567-11_transactions_p33,0.9178991317749023,BS-KBANK-OPER-2567-11,KBANK-OPER,2567,11,transactions_p33,33,transactions
renders/bank_statement/2024-11/BS-KBANK-OPER-2567-11_transactions_p34.png,bank_statement,2024-11,.png,BS-KBANK-OPER-2567-11_transactions_p34,0.8021125793457031,BS-KBANK-OPER-2567-11,KBANK-OPER,2567,11,transactions_p34,34,transactions
renders/bank_statement/2024-11/BS-KBANK-OPER-2567-11_transactions_p4.png,bank_statement,2024-11,.png,BS-KBANK-OPER-2567-11_transactions_p4,0.894317626953125,BS-KBANK-OPER-2567-11,KBANK-OPER,2567,11,transactions_p4,4,transactions
renders/bank_statement/2024-11/BS-KBANK-OPER-2567-11_transactions_p5.png,bank_statement,2024-11,.png,BS-KBANK-OPER-2567-11_transactions_p5,0.8962526321411133,BS-KBANK-OPER-2567-11,KBANK-OPER,2567,11,transactions_p5,5,transactions
renders/bank_statement/2024-11/BS-KBANK-OPER-2567-11_transactions_p6.png,bank_statement,2024-11,.png,BS-KBANK-OPER-2567-11_transactions_p6,0.8906536102294922,BS-KBANK-OPER-2567-11,KBANK-OPER,2567,11,transactions_p6,6,transactions
renders/bank_statement/2024-11/BS-KBANK-OPER-2567-11_transactions_p7.png,bank_statement,2024-11,.png,BS-KBANK-OPER-2567-11_transactions_p7,0.9008026123046875,BS-KBANK-OPER-2567-11,KBANK-OPER,2567,11,transactions_p7,7,transactions
renders/bank_statement/2024-11/BS-KBANK-OPER-2567-11_transactions_p8.png,bank_statement,2024-11,.png,BS-KBANK-OPER-2567-11_transactions_p8,0.8763618469238281,BS-KBANK-OPER-2567-11,KBANK-OPER,2567,11,transactions_p8,8,transactions
renders/bank_statement/2024-11/BS-KBANK-OPER-2567-11_transactions_p9.png,bank_statement,2024-11,.png,BS-KBANK-OPER-2567-11_transactions_p9,0.8667373657226562,BS-KBANK-OPER-2567-11,KBANK-OPER,2567,11,transactions_p9,9,transactions
renders/bank_statement/2024-11/BS-OPER-BKK-CTW-2567-11_header.png,bank_statement,2024-11,.png,BS-OPER-BKK-CTW-2567-11_header,0.29898738861083984,BS-OPER-BKK-CTW-2567-11,OPER-BKK-CTW,2567,11,header,,header
renders/bank_statement/2024-11/BS-OPER-BKK-CTW-2567-11_transactions_p1.png,bank_statement,2024-11,.png,BS-OPER-BKK-CTW-2567-11_transactions_p1,0.8805389404296875,BS-OPER-BKK-CTW-2567-11,OPER-BKK-CTW,2567,11,transactions_p1,1,transactions
renders/bank_statement/2024-11/BS-OPER-BKK-CTW-2567-11_transactions_p2.png,bank_statement,2024-11,.png,BS-OPER-BKK-CTW-2567-11_transactions_p2,0.8937845230102539,BS-OPER-BKK-CTW-2567-11,OPER-BKK-CTW,2567,11,transactions_p2,2,transactions
renders/bank_statement/2024-11/BS-OPER-BKK-CTW-2567-11_transactions_p3.png,bank_statement,2024-11,.png,BS-OPER-BKK-CTW-2567-11_transactions_p3,0.4867544174194336,BS-OPER-BKK-CTW-2567-11,OPER-BKK-CTW,2567,11,transactions_p3,3,transactions
renders/bank_statement/2024-11/BS-OPER-BKK-EMSP-2567-11_header.png,bank_statement,2024-11,.png,BS-OPER-BKK-EMSP-2567-11_header,0.05907726287841797,BS-OPER-BKK-EMSP-2567-11,OPER-BKK-EMSP,2567,11,header,,header
renders/bank_statement/2024-11/BS-OPER-BKK-EMSP-2567-11_transactions_p1.png,bank_statement,2024-11,.png,BS-OPER-BKK-EMSP-2567-11_transactions_p1,0.1897439956665039,BS-OPER-BKK-EMSP-2567-11,OPER-BKK-EMSP,2567,11,transactions_p1,1,transactions
renders/bank_statement/2024-11/BS-OPER-BKK-EMSP-2567-11_transactions_p2.png,bank_statement,2024-11,.png,BS-OPER-BKK-EMSP-2567-11_transactions_p2,0.1988515853881836,BS-OPER-BKK-EMSP-2567-11,OPER-BKK-EMSP,2567,11,transactions_p2,2,transactions
renders/bank_statement/2024-11/BS-OPER-BKK-EMSP-2567-11_transactions_p3.png,bank_statement,2024-11,.png,BS-OPER-BKK-EMSP-2567-11_transactions_p3,0.1967916488647461,BS-OPER-BKK-EMSP-2567-11,OPER-BKK-EMSP,2567,11,transactions_p3,3,transactions
renders/bank_statement/2024-11/BS-OPER-BKK-EMSP-2567-11_transactions_p4.png,bank_statement,2024-11,.png,BS-OPER-BKK-EMSP-2567-11_transactions_p4,0.19739437103271484,BS-OPER-BKK-EMSP-2567-11,OPER-BKK-EMSP,2567,11,transactions_p4,4,transactions
renders/bank_statement/2024-11/BS-OPER-BKK-EMSP-2567-11_transactions_p5.png,bank_statement,2024-11,.png,BS-OPER-BKK-EMSP-2567-11_transactions_p5,0.19904136657714844,BS-OPER-BKK-EMSP-2567-11,OPER-BKK-EMSP,2567,11,transactions_p5,5,transactions
renders/bank_statement/2024-11/BS-OPER-BKK-EMSP-2567-11_transactions_p6.png,bank_statement,2024-11,.png,BS-OPER-BKK-EMSP-2567-11_transactions_p6,0.1969594955444336,BS-OPER-BKK-EMSP-2567-11,OPER-BKK-EMSP,2567,11,transactions_p6,6,transactions
renders/bank_statement/2024-11/BS-OPER-BKK-EMSP-2567-11_transactions_p7.png,bank_statement,2024-11,.png,BS-OPER-BKK-EMSP-2567-11_transactions_p7,0.19904518127441406,BS-OPER-BKK-EMSP-2567-11,OPER-BKK-EMSP,2567,11,transactions_p7,7,transactions
renders/bank_statement/2024-11/BS-OPER-BKK-EMSP-2567-11_transactions_p8.png,bank_statement,2024-11,.png,BS-OPER-BKK-EMSP-2567-11_transactions_p8,0.10817337036132812,BS-OPER-BKK-EMSP-2567-11,OPER-BKK-EMSP,2567,11,transactions_p8,8,transactions
renders/bank_statement/2024-11/BS-OPER-BKK-PKT-2567-11_header.png,bank_statement,2024-11,.png,BS-OPER-BKK-PKT-2567-11_header,0.08976554870605469,BS-OPER-BKK-PKT-2567-11,OPER-BKK-PKT,2567,11,header,,header
renders/bank_statement/2024-11/BS-OPER-BKK-PKT-2567-11_transactions_p1.png,bank_statement,2024-11,.png,BS-OPER-BKK-PKT-2567-11_transactions_p1,0.1765451431274414,BS-OPER-BKK-PKT-2567-11,OPER-BKK-PKT,2567,11,transactions_p1,1,transactions
renders/bank_statement/2024-11/BS-OPER-BKK-PKT-2567-11_transactions_p2.png,bank_statement,2024-11,.png,BS-OPER-BKK-PKT-2567-11_transactions_p2,0.18074321746826172,BS-OPER-BKK-PKT-2567-11,OPER-BKK-PKT,2567,11,transactions_p2,2,transactions
renders/bank_statement/2024-11/BS-OPER-BKK-PKT-2567-11_transactions_p3.png,bank_statement,2024-11,.png,BS-OPER-BKK-PKT-2567-11_transactions_p3,0.1813793182373047,BS-OPER-BKK-PKT-2567-11,OPER-BKK-PKT,2567,11,transactions_p3,3,transactions
renders/bank_statement/2024-11/BS-OPER-BKK-PKT-2567-11_transactions_p4.png,bank_statement,2024-11,.png,BS-OPER-BKK-PKT-2567-11_transactions_p4,0.17709827423095703,BS-OPER-BKK-PKT-2567-11,OPER-BKK-PKT,2567,11,transactions_p4,4,transactions
renders/bank_statement/2024-11/BS-OPER-BKK-PKT-2567-11_transactions_p5.png,bank_statement,2024-11,.png,BS-OPER-BKK-PKT-2567-11_transactions_p5,0.17885684967041016,BS-OPER-BKK-PKT-2567-11,OPER-BKK-PKT,2567,11,transactions_p5,5,transactions
renders/bank_statement/2024-11/BS-OPER-BKK-PKT-2567-11_transactions_p6.png,bank_statement,2024-11,.png,BS-OPER-BKK-PKT-2567-11_transactions_p6,0.18190860748291016,BS-OPER-BKK-PKT-2567-11,OPER-BKK-PKT,2567,11,transactions_p6,6,transactions
renders/bank_statement/2024-11/BS-OPER-BKK-PKT-2567-11_transactions_p7.png,bank_statement,2024-11,.png,BS-OPER-BKK-PKT-2567-11_transactions_p7,0.18233871459960938,BS-OPER-BKK-PKT-2567-11,OPER-BKK-PKT,2567,11,transactions_p7,7,transactions
renders/bank_statement/2024-11/BS-OPER-BKK-PKT-2567-11_transactions_p8.png,bank_statement,2024-11,.png,BS-OPER-BKK-PKT-2567-11_transactions_p8,0.13232994079589844,BS-OPER-BKK-PKT-2567-11,OPER-BKK-PKT,2567,11,transactions_p8,8,transactions
renders/bank_statement/2024-11/BS-OPER-BKK-R9-2567-11_header.png,bank_statement,2024-11,.png,BS-OPER-BKK-R9-2567-11_header,0.2950716018676758,BS-OPER-BKK-R9-2567-11,OPER-BKK-R9,2567,11,header,,header
renders/bank_statement/2024-11/BS-OPER-BKK-R9-2567-11_transactions_p1.png,bank_statement,2024-11,.png,BS-OPER-BKK-R9-2567-11_transactions_p1,0.8661880493164062,BS-OPER-BKK-R9-2567-11,OPER-BKK-R9,2567,11,transactions_p1,1,transactions
renders/bank_statement/2024-11/BS-OPER-BKK-R9-2567-11_transactions_p2.png,bank_statement,2024-11,.png,BS-OPER-BKK-R9-2567-11_transactions_p2,0.8909215927124023,BS-OPER-BKK-R9-2567-11,OPER-BKK-R9,2567,11,transactions_p2,2,transactions
renders/bank_statement/2024-11/BS-OPER-BKK-R9-2567-11_transactions_p3.png,bank_statement,2024-11,.png,BS-OPER-BKK-R9-2567-11_transactions_p3,0.4256324768066406,BS-OPER-BKK-R9-2567-11,OPER-BKK-R9,2567,11,transactions_p3,3,transactions
renders/bank_statement/2024-11/BS-OPER-BKK-SIAM-2567-11_header.png,bank_statement,2024-11,.png,BS-OPER-BKK-SIAM-2567-11_header,0.05924797058105469,BS-OPER-BKK-SIAM-2567-11,OPER-BKK-SIAM,2567,11,header,,header
renders/bank_statement/2024-11/BS-OPER-BKK-SIAM-2567-11_transactions_p1.png,bank_statement,2024-11,.png,BS-OPER-BKK-SIAM-2567-11_transactions_p1,0.19271564483642578,BS-OPER-BKK-SIAM-2567-11,OPER-BKK-SIAM,2567,11,transactions_p1,1,transactions
renders/bank_statement/2024-11/BS-OPER-BKK-SIAM-2567-11_transactions_p2.png,bank_statement,2024-11,.png,BS-OPER-BKK-SIAM-2567-11_transactions_p2,0.20169925689697266,BS-OPER-BKK-SIAM-2567-11,OPER-BKK-SIAM,2567,11,transactions_p2,2,transactions
renders/bank_statement/2024-11/BS-OPER-BKK-SIAM-2567-11_transactions_p3.png,bank_statement,2024-11,.png,BS-OPER-BKK-SIAM-2567-11_transactions_p3,0.19664573669433594,BS-OPER-BKK-SIAM-2567-11,OPER-BKK-SIAM,2567,11,transactions_p3,3,transactions
renders/bank_statement/2024-11/BS-OPER-BKK-SIAM-2567-11_transactions_p4.png,bank_statement,2024-11,.png,BS-OPER-BKK-SIAM-2567-11_transactions_p4,0.1996746063232422,BS-OPER-BKK-SIAM-2567-11,OPER-BKK-SIAM,2567,11,transactions_p4,4,transactions
renders/bank_statement/2024-11/BS-OPER-BKK-SIAM-2567-11_transactions_p5.png,bank_statement,2024-11,.png,BS-OPER-BKK-SIAM-2567-11_transactions_p5,0.20099735260009766,BS-OPER-BKK-SIAM-2567-11,OPER-BKK-SIAM,2567,11,transactions_p5,5,transactions
renders/bank_statement/2024-11/BS-OPER-BKK-SIAM-2567-11_transactions_p6.png,bank_statement,2024-11,.png,BS-OPER-BKK-SIAM-2567-11_transactions_p6,0.19771575927734375,BS-OPER-BKK-SIAM-2567-11,OPER-BKK-SIAM,2567,11,transactions_p6,6,transactions
renders/bank_statement/2024-11/BS-OPER-BKK-SIAM-2567-11_transactions_p7.png,bank_statement,2024-11,.png,BS-OPER-BKK-SIAM-2567-11_transactions_p7,0.20029735565185547,BS-OPER-BKK-SIAM-2567-11,OPER-BKK-SIAM,2567,11,transactions_p7,7,transactions
renders/bank_statement/2024-11/BS-OPER-BKK-SIAM-2567-11_transactions_p8.png,bank_statement,2024-11,.png,BS-OPER-BKK-SIAM-2567-11_transactions_p8,0.1235208511352539,BS-OPER-BKK-SIAM-2567-11,OPER-BKK-SIAM,2567,11,transactions_p8,8,transactions
renders/bank_statement/2024-11/BS-OPER-CNX-MAYA-2567-11_header.png,bank_statement,2024-11,.png,BS-OPER-CNX-MAYA-2567-11_header,0.09028148651123047,BS-OPER-CNX-MAYA-2567-11,OPER-CNX-MAYA,2567,11,header,,header
renders/bank_statement/2024-11/BS-OPER-CNX-MAYA-2567-11_transactions_p1.png,bank_statement,2024-11,.png,BS-OPER-CNX-MAYA-2567-11_transactions_p1,0.17698287963867188,BS-OPER-CNX-MAYA-2567-11,OPER-CNX-MAYA,2567,11,transactions_p1,1,transactions
renders/bank_statement/2024-11/BS-OPER-CNX-MAYA-2567-11_transactions_p2.png,bank_statement,2024-11,.png,BS-OPER-CNX-MAYA-2567-11_transactions_p2,0.18120670318603516,BS-OPER-CNX-MAYA-2567-11,OPER-CNX-MAYA,2567,11,transactions_p2,2,transactions
renders/bank_statement/2024-11/BS-OPER-CNX-MAYA-2567-11_transactions_p3.png,bank_statement,2024-11,.png,BS-OPER-CNX-MAYA-2567-11_transactions_p3,0.1812419891357422,BS-OPER-CNX-MAYA-2567-11,OPER-CNX-MAYA,2567,11,transactions_p3,3,transactions
renders/bank_statement/2024-11/BS-OPER-CNX-MAYA-2567-11_transactions_p4.png,bank_statement,2024-11,.png,BS-OPER-CNX-MAYA-2567-11_transactions_p4,0.18265247344970703,BS-OPER-CNX-MAYA-2567-11,OPER-CNX-MAYA,2567,11,transactions_p4,4,transactions
renders/bank_statement/2024-11/BS-OPER-CNX-MAYA-2567-11_transactions_p5.png,bank_statement,2024-11,.png,BS-OPER-CNX-MAYA-2567-11_transactions_p5,0.18375492095947266,BS-OPER-CNX-MAYA-2567-11,OPER-CNX-MAYA,2567,11,transactions_p5,5,transactions
renders/bank_statement/2024-11/BS-OPER-CNX-MAYA-2567-11_transactions_p6.png,bank_statement,2024-11,.png,BS-OPER-CNX-MAYA-2567-11_transactions_p6,0.18528079986572266,BS-OPER-CNX-MAYA-2567-11,OPER-CNX-MAYA,2567,11,transactions_p6,6,transactions
renders/bank_statement/2024-11/BS-OPER-CNX-MAYA-2567-11_transactions_p7.png,bank_statement,2024-11,.png,BS-OPER-CNX-MAYA-2567-11_transactions_p7,0.17896175384521484,BS-OPER-CNX-MAYA-2567-11,OPER-CNX-MAYA,2567,11,transactions_p7,7,transactions
renders/bank_statement/2024-11/BS-OPER-HKT-FEST-2567-11_header.png,bank_statement,2024-11,.png,BS-OPER-HKT-FEST-2567-11_header,0.2959480285644531,BS-OPER-HKT-FEST-2567-11,OPER-HKT-FEST,2567,11,header,,header
renders/bank_statement/2024-11/BS-OPER-HKT-FEST-2567-11_transactions_p1.png,bank_statement,2024-11,.png,BS-OPER-HKT-FEST-2567-11_transactions_p1,0.8593683242797852,BS-OPER-HKT-FEST-2567-11,OPER-HKT-FEST,2567,11,transactions_p1,1,transactions
renders/bank_statement/2024-11/BS-OPER-HKT-FEST-2567-11_transactions_p2.png,bank_statement,2024-11,.png,BS-OPER-HKT-FEST-2567-11_transactions_p2,0.8688993453979492,BS-OPER-HKT-FEST-2567-11,OPER-HKT-FEST,2567,11,transactions_p2,2,transactions
renders/bank_statement/2024-11/BS-OPER-HKT-FEST-2567-11_transactions_p3.png,bank_statement,2024-11,.png,BS-OPER-HKT-FEST-2567-11_transactions_p3,0.46019554138183594,BS-OPER-HKT-FEST-2567-11,OPER-HKT-FEST,2567,11,transactions_p3,3,transactions
renders/bank_statement/2024-11/BS-OPER-KKC-CTRL-2567-11_header.png,bank_statement,2024-11,.png,BS-OPER-KKC-CTRL-2567-11_header,0.059088706970214844,BS-OPER-KKC-CTRL-2567-11,OPER-KKC-CTRL,2567,11,header,,header
renders/bank_statement/2024-11/BS-OPER-KKC-CTRL-2567-11_transactions_p1.png,bank_statement,2024-11,.png,BS-OPER-KKC-CTRL-2567-11_transactions_p1,0.18285465240478516,BS-OPER-KKC-CTRL-2567-11,OPER-KKC-CTRL,2567,11,transactions_p1,1,transactions
renders/bank_statement/2024-11/BS-OPER-KKC-CTRL-2567-11_transactions_p2.png,bank_statement,2024-11,.png,BS-OPER-KKC-CTRL-2567-11_transactions_p2,0.1886920928955078,BS-OPER-KKC-CTRL-2567-11,OPER-KKC-CTRL,2567,11,transactions_p2,2,transactions
renders/bank_statement/2024-11/BS-OPER-KKC-CTRL-2567-11_transactions_p3.png,bank_statement,2024-11,.png,BS-OPER-KKC-CTRL-2567-11_transactions_p3,0.18764495849609375,BS-OPER-KKC-CTRL-2567-11,OPER-KKC-CTRL,2567,11,transactions_p3,3,transactions
renders/bank_statement/2024-11/BS-OPER-KKC-CTRL-2567-11_transactions_p4.png,bank_statement,2024-11,.png,BS-OPER-KKC-CTRL-2567-11_transactions_p4,0.19066524505615234,BS-OPER-KKC-CTRL-2567-11,OPER-KKC-CTRL,2567,11,transactions_p4,4,transactions
renders/bank_statement/2024-11/BS-OPER-KKC-CTRL-2567-11_transactions_p5.png,bank_statement,2024-11,.png,BS-OPER-KKC-CTRL-2567-11_transactions_p5,0.18895721435546875,BS-OPER-KKC-CTRL-2567-11,OPER-KKC-CTRL,2567,11,transactions_p5,5,transactions
renders/bank_statement/2024-11/BS-OPER-KKC-CTRL-2567-11_transactions_p6.png,bank_statement,2024-11,.png,BS-OPER-KKC-CTRL-2567-11_transactions_p6,0.18937397003173828,BS-OPER-KKC-CTRL-2567-11,OPER-KKC-CTRL,2567,11,transactions_p6,6,transactions
renders/bank_statement/2024-11/BS-OPER-KKC-CTRL-2567-11_transactions_p7.png,bank_statement,2024-11,.png,BS-OPER-KKC-CTRL-2567-11_transactions_p7,0.1257772445678711,BS-OPER-KKC-CTRL-2567-11,OPER-KKC-CTRL,2567,11,transactions_p7,7,transactions
renders/bank_statement/2024-11/BS-OPER-PTY-CTRL-2567-11_header.png,bank_statement,2024-11,.png,BS-OPER-PTY-CTRL-2567-11_header,0.08965873718261719,BS-OPER-PTY-CTRL-2567-11,OPER-PTY-CTRL,2567,11,header,,header
renders/bank_statement/2024-11/BS-OPER-PTY-CTRL-2567-11_transactions_p1.png,bank_statement,2024-11,.png,BS-OPER-PTY-CTRL-2567-11_transactions_p1,0.17900562286376953,BS-OPER-PTY-CTRL-2567-11,OPER-PTY-CTRL,2567,11,transactions_p1,1,transactions
renders/bank_statement/2024-11/BS-OPER-PTY-CTRL-2567-11_transactions_p2.png,bank_statement,2024-11,.png,BS-OPER-PTY-CTRL-2567-11_transactions_p2,0.18166160583496094,BS-OPER-PTY-CTRL-2567-11,OPER-PTY-CTRL,2567,11,transactions_p2,2,transactions
renders/bank_statement/2024-11/BS-OPER-PTY-CTRL-2567-11_transactions_p3.png,bank_statement,2024-11,.png,BS-OPER-PTY-CTRL-2567-11_transactions_p3,0.18305397033691406,BS-OPER-PTY-CTRL-2567-11,OPER-PTY-CTRL,2567,11,transactions_p3,3,transactions
renders/bank_statement/2024-11/BS-OPER-PTY-CTRL-2567-11_transactions_p4.png,bank_statement,2024-11,.png,BS-OPER-PTY-CTRL-2567-11_transactions_p4,0.1823558807373047,BS-OPER-PTY-CTRL-2567-11,OPER-PTY-CTRL,2567,11,transactions_p4,4,transactions
renders/bank_statement/2024-11/BS-OPER-PTY-CTRL-2567-11_transactions_p5.png,bank_statement,2024-11,.png,BS-OPER-PTY-CTRL-2567-11_transactions_p5,0.18193817138671875,BS-OPER-PTY-CTRL-2567-11,OPER-PTY-CTRL,2567,11,transactions_p5,5,transactions
renders/bank_statement/2024-11/BS-OPER-PTY-CTRL-2567-11_transactions_p6.png,bank_statement,2024-11,.png,BS-OPER-PTY-CTRL-2567-11_transactions_p6,0.18579673767089844,BS-OPER-PTY-CTRL-2567-11,OPER-PTY-CTRL,2567,11,transactions_p6,6,transactions
renders/bank_statement/2024-11/BS-OPER-PTY-CTRL-2567-11_transactions_p7.png,bank_statement,2024-11,.png,BS-OPER-PTY-CTRL-2567-11_transactions_p7,0.18934059143066406,BS-OPER-PTY-CTRL-2567-11,OPER-PTY-CTRL,2567,11,transactions_p7,7,transactions
renders/bank_statement/2024-11/BS-OPER-PTY-CTRL-2567-11_transactions_p8.png,bank_statement,2024-11,.png,BS-OPER-PTY-CTRL-2567-11_transactions_p8,0.1153707504272461,BS-OPER-PTY-CTRL-2567-11,OPER-PTY-CTRL,2567,11,transactions_p8,8,transactions
renders/bank_statement/2024-11/BS-OPER-REMOTE-2567-11_header.png,bank_statement,2024-11,.png,BS-OPER-REMOTE-2567-11_header,0.2960634231567383,BS-OPER-REMOTE-2567-11,OPER-REMOTE,2567,11,header,,header
renders/bank_statement/2024-11/BS-OPER-REMOTE-2567-11_transactions_p1.png,bank_statement,2024-11,.png,BS-OPER-REMOTE-2567-11_transactions_p1,0.8599796295166016,BS-OPER-REMOTE-2567-11,OPER-REMOTE,2567,11,transactions_p1,1,transactions
renders/bank_statement/2024-11/BS-OPER-REMOTE-2567-11_transactions_p2.png,bank_statement,2024-11,.png,BS-OPER-REMOTE-2567-11_transactions_p2,0.7864322662353516,BS-OPER-REMOTE-2567-11,OPER-REMOTE,2567,11,transactions_p2,2,transactions
renders/bank_statement/2024-11/BS-OPER-UDN-CTRL-2567-11_header.png,bank_statement,2024-11,.png,BS-OPER-UDN-CTRL-2567-11_header,0.058986663818359375,BS-OPER-UDN-CTRL-2567-11,OPER-UDN-CTRL,2567,11,header,,header
renders/bank_statement/2024-11/BS-OPER-UDN-CTRL-2567-11_transactions_p1.png,bank_statement,2024-11,.png,BS-OPER-UDN-CTRL-2567-11_transactions_p1,0.18471145629882812,BS-OPER-UDN-CTRL-2567-11,OPER-UDN-CTRL,2567,11,transactions_p1,1,transactions
renders/bank_statement/2024-11/BS-OPER-UDN-CTRL-2567-11_transactions_p2.png,bank_statement,2024-11,.png,BS-OPER-UDN-CTRL-2567-11_transactions_p2,0.1925210952758789,BS-OPER-UDN-CTRL-2567-11,OPER-UDN-CTRL,2567,11,transactions_p2,2,transactions
renders/bank_statement/2024-11/BS-OPER-UDN-CTRL-2567-11_transactions_p3.png,bank_statement,2024-11,.png,BS-OPER-UDN-CTRL-2567-11_transactions_p3,0.19038963317871094,BS-OPER-UDN-CTRL-2567-11,OPER-UDN-CTRL,2567,11,transactions_p3,3,transactions
renders/bank_statement/2024-11/BS-OPER-UDN-CTRL-2567-11_transactions_p4.png,bank_statement,2024-11,.png,BS-OPER-UDN-CTRL-2567-11_transactions_p4,0.19430255889892578,BS-OPER-UDN-CTRL-2567-11,OPER-UDN-CTRL,2567,11,transactions_p4,4,transactions
renders/bank_statement/2024-11/BS-OPER-UDN-CTRL-2567-11_transactions_p5.png,bank_statement,2024-11,.png,BS-OPER-UDN-CTRL-2567-11_transactions_p5,0.19232654571533203,BS-OPER-UDN-CTRL-2567-11,OPER-UDN-CTRL,2567,11,transactions_p5,5,transactions
renders/bank_statement/2024-11/BS-OPER-UDN-CTRL-2567-11_transactions_p6.png,bank_statement,2024-11,.png,BS-OPER-UDN-CTRL-2567-11_transactions_p6,0.1917591094970703,BS-OPER-UDN-CTRL-2567-11,OPER-UDN-CTRL,2567,11,transactions_p6,6,transactions
renders/bank_statement/2024-11/BS-OPER-UDN-CTRL-2567-11_transactions_p7.png,bank_statement,2024-11,.png,BS-OPER-UDN-CTRL-2567-11_transactions_p7,0.13495254516601562,BS-OPER-UDN-CTRL-2567-11,OPER-UDN-CTRL,2567,11,transactions_p7,7,transactions
renders/bank_statement/2024-11/BS-SCB-OPER-2567-11_header.png,bank_statement,2024-11,.png,BS-SCB-OPER-2567-11_header,0.058358192443847656,BS-SCB-OPER-2567-11,SCB-OPER,2567,11,header,,header
renders/bank_statement/2024-11/BS-SCB-OPER-2567-11_transactions_p1.png,bank_statement,2024-11,.png,BS-SCB-OPER-2567-11_transactions_p1,0.0822601318359375,BS-SCB-OPER-2567-11,SCB-OPER,2567,11,transactions_p1,1,transactions
renders/bank_statement/2024-12/BS-BBL-OPER-2567-12_header.png,bank_statement,2024-12,.png,BS-BBL-OPER-2567-12_header,0.08974075317382812,BS-BBL-OPER-2567-12,BBL-OPER,2567,12,header,,header
renders/bank_statement/2024-12/BS-BBL-OPER-2567-12_transactions_p1.png,bank_statement,2024-12,.png,BS-BBL-OPER-2567-12_transactions_p1,0.0952310562133789,BS-BBL-OPER-2567-12,BBL-OPER,2567,12,transactions_p1,1,transactions
renders/bank_statement/2024-12/BS-KBANK-OPER-2567-12_header.png,bank_statement,2024-12,.png,BS-KBANK-OPER-2567-12_header,0.2986621856689453,BS-KBANK-OPER-2567-12,KBANK-OPER,2567,12,header,,header
renders/bank_statement/2024-12/BS-KBANK-OPER-2567-12_transactions_p1.png,bank_statement,2024-12,.png,BS-KBANK-OPER-2567-12_transactions_p1,0.8554716110229492,BS-KBANK-OPER-2567-12,KBANK-OPER,2567,12,transactions_p1,1,transactions
renders/bank_statement/2024-12/BS-KBANK-OPER-2567-12_transactions_p10.png,bank_statement,2024-12,.png,BS-KBANK-OPER-2567-12_transactions_p10,0.8763818740844727,BS-KBANK-OPER-2567-12,KBANK-OPER,2567,12,transactions_p10,10,transactions
renders/bank_statement/2024-12/BS-KBANK-OPER-2567-12_transactions_p11.png,bank_statement,2024-12,.png,BS-KBANK-OPER-2567-12_transactions_p11,0.8970746994018555,BS-KBANK-OPER-2567-12,KBANK-OPER,2567,12,transactions_p11,11,transactions
renders/bank_statement/2024-12/BS-KBANK-OPER-2567-12_transactions_p12.png,bank_statement,2024-12,.png,BS-KBANK-OPER-2567-12_transactions_p12,0.8900814056396484,BS-KBANK-OPER-2567-12,KBANK-OPER,2567,12,transactions_p12,12,transactions
renders/bank_statement/2024-12/BS-KBANK-OPER-2567-12_transactions_p13.png,bank_statement,2024-12,.png,BS-KBANK-OPER-2567-12_transactions_p13,0.8920316696166992,BS-KBANK-OPER-2567-12,KBANK-OPER,2567,12,transactions_p13,13,transactions
renders/bank_statement/2024-12/BS-KBANK-OPER-2567-12_transactions_p14.png,bank_statement,2024-12,.png,BS-KBANK-OPER-2567-12_transactions_p14,0.8703403472900391,BS-KBANK-OPER-2567-12,KBANK-OPER,2567,12,transactions_p14,14,transactions
renders/bank_statement/2024-12/BS-KBANK-OPER-2567-12_transactions_p15.png,bank_statement,2024-12,.png,BS-KBANK-OPER-2567-12_transactions_p15,0.8740520477294922,BS-KBANK-OPER-2567-12,KBANK-OPER,2567,12,transactions_p15,15,transactions
renders/bank_statement/2024-12/BS-KBANK-OPER-2567-12_transactions_p16.png,bank_statement,2024-12,.png,BS-KBANK-OPER-2567-12_transactions_p16,0.8773517608642578,BS-KBANK-OPER-2567-12,KBANK-OPER,2567,12,transactions_p16,16,transactions
renders/bank_statement/2024-12/BS-KBANK-OPER-2567-12_transactions_p17.png,bank_statement,2024-12,.png,BS-KBANK-OPER-2567-12_transactions_p17,0.8826608657836914,BS-KBANK-OPER-2567-12,KBANK-OPER,2567,12,transactions_p17,17,transactions
renders/bank_statement/2024-12/BS-KBANK-OPER-2567-12_transactions_p18.png,bank_statement,2024-12,.png,BS-KBANK-OPER-2567-12_transactions_p18,0.8901605606079102,BS-KBANK-OPER-2567-12,KBANK-OPER,2567,12,transactions_p18,18,transactions
renders/bank_statement/2024-12/BS-KBANK-OPER-2567-12_transactions_p19.png,bank_statement,2024-12,.png,BS-KBANK-OPER-2567-12_transactions_p19,0.8918571472167969,BS-KBANK-OPER-2567-12,KBANK-OPER,2567,12,transactions_p19,19,transactions
renders/bank_statement/2024-12/BS-KBANK-OPER-2567-12_transactions_p2.png,bank_statement,2024-12,.png,BS-KBANK-OPER-2567-12_transactions_p2,0.8715009689331055,BS-KBANK-OPER-2567-12,KBANK-OPER,2567,12,transactions_p2,2,transactions
renders/bank_statement/2024-12/BS-KBANK-OPER-2567-12_transactions_p20.png,bank_statement,2024-12,.png,BS-KBANK-OPER-2567-12_transactions_p20,0.8794765472412109,BS-KBANK-OPER-2567-12,KBANK-OPER,2567,12,transactions_p20,20,transactions
renders/bank_statement/2024-12/BS-KBANK-OPER-2567-12_transactions_p21.png,bank_statement,2024-12,.png,BS-KBANK-OPER-2567-12_transactions_p21,0.8834686279296875,BS-KBANK-OPER-2567-12,KBANK-OPER,2567,12,transactions_p21,21,transactions
renders/bank_statement/2024-12/BS-KBANK-OPER-2567-12_transactions_p22.png,bank_statement,2024-12,.png,BS-KBANK-OPER-2567-12_transactions_p22,0.9065580368041992,BS-KBANK-OPER-2567-12,KBANK-OPER,2567,12,transactions_p22,22,transactions
renders/bank_statement/2024-12/BS-KBANK-OPER-2567-12_transactions_p23.png,bank_statement,2024-12,.png,BS-KBANK-OPER-2567-12_transactions_p23,0.9242372512817383,BS-KBANK-OPER-2567-12,KBANK-OPER,2567,12,transactions_p23,23,transactions
renders/bank_statement/2024-12/BS-KBANK-OPER-2567-12_transactions_p24.png,bank_statement,2024-12,.png,BS-KBANK-OPER-2567-12_transactions_p24,0.9181928634643555,BS-KBANK-OPER-2567-12,KBANK-OPER,2567,12,transactions_p24,24,transactions
renders/bank_statement/2024-12/BS-KBANK-OPER-2567-12_transactions_p25.png,bank_statement,2024-12,.png,BS-KBANK-OPER-2567-12_transactions_p25,0.9218158721923828,BS-KBANK-OPER-2567-12,KBANK-OPER,2567,12,transactions_p25,25,transactions
renders/bank_statement/2024-12/BS-KBANK-OPER-2567-12_transactions_p26.png,bank_statement,2024-12,.png,BS-KBANK-OPER-2567-12_transactions_p26,0.9133462905883789,BS-KBANK-OPER-2567-12,KBANK-OPER,2567,12,transactions_p26,26,transactions
renders/bank_statement/2024-12/BS-KBANK-OPER-2567-12_transactions_p27.png,bank_statement,2024-12,.png,BS-KBANK-OPER-2567-12_transactions_p27,0.9232845306396484,BS-KBANK-OPER-2567-12,KBANK-OPER,2567,12,transactions_p27,27,transactions
renders/bank_statement/2024-12/BS-KBANK-OPER-2567-12_transactions_p28.png,bank_statement,2024-12,.png,BS-KBANK-OPER-2567-12_transactions_p28,0.919713020324707,BS-KBANK-OPER-2567-12,KBANK-OPER,2567,12,transactions_p28,28,transactions
renders/bank_statement/2024-12/BS-KBANK-OPER-2567-12_transactions_p29.png,bank_statement,2024-12,.png,BS-KBANK-OPER-2567-12_transactions_p29,0.9175548553466797,BS-KBANK-OPER-2567-12,KBANK-OPER,2567,12,transactions_p29,29,transactions
renders/bank_statement/2024-12/BS-KBANK-OPER-2567-12_transactions_p3.png,bank_statement,2024-12,.png,BS-KBANK-OPER-2567-12_transactions_p3,0.8869028091430664,BS-KBANK-OPER-2567-12,KBANK-OPER,2567,12,transactions_p3,3,transactions
renders/bank_statement/2024-12/BS-KBANK-OPER-2567-12_transactions_p30.png,bank_statement,2024-12,.png,BS-KBANK-OPER-2567-12_transactions_p30,0.9146461486816406,BS-KBANK-OPER-2567-12,KBANK-OPER,2567,12,transactions_p30,30,transactions
renders/bank_statement/2024-12/BS-KBANK-OPER-2567-12_transactions_p31.png,bank_statement,2024-12,.png,BS-KBANK-OPER-2567-12_transactions_p31,0.9196882247924805,BS-KBANK-OPER-2567-12,KBANK-OPER,2567,12,transactions_p31,31,transactions
renders/bank_statement/2024-12/BS-KBANK-OPER-2567-12_transactions_p32.png,bank_statement,2024-12,.png,BS-KBANK-OPER-2567-12_transactions_p32,0.9273777008056641,BS-KBANK-OPER-2567-12,KBANK-OPER,2567,12,transactions_p32,32,transactions
renders/bank_statement/2024-12/BS-KBANK-OPER-2567-12_transactions_p33.png,bank_statement,2024-12,.png,BS-KBANK-OPER-2567-12_transactions_p33,0.9175710678100586,BS-KBANK-OPER-2567-12,KBANK-OPER,2567,12,transactions_p33,33,transactions
renders/bank_statement/2024-12/BS-KBANK-OPER-2567-12_transactions_p34.png,bank_statement,2024-12,.png,BS-KBANK-OPER-2567-12_transactions_p34,0.9106731414794922,BS-KBANK-OPER-2567-12,KBANK-OPER,2567,12,transactions_p34,34,transactions
renders/bank_statement/2024-12/BS-KBANK-OPER-2567-12_transactions_p35.png,bank_statement,2024-12,.png,BS-KBANK-OPER-2567-12_transactions_p35,0.9164743423461914,BS-KBANK-OPER-2567-12,KBANK-OPER,2567,12,transactions_p35,35,transactions
renders/bank_statement/2024-12/BS-KBANK-OPER-2567-12_transactions_p36.png,bank_statement,2024-12,.png,BS-KBANK-OPER-2567-12_transactions_p36,0.15400218963623047,BS-KBANK-OPER-2567-12,KBANK-OPER,2567,12,transactions_p36,36,transactions
renders/bank_statement/2024-12/BS-KBANK-OPER-2567-12_transactions_p4.png,bank_statement,2024-12,.png,BS-KBANK-OPER-2567-12_transactions_p4,0.8854684829711914,BS-KBANK-OPER-2567-12,KBANK-OPER,2567,12,transactions_p4,4,transactions
renders/bank_statement/2024-12/BS-KBANK-OPER-2567-12_transactions_p5.png,bank_statement,2024-12,.png,BS-KBANK-OPER-2567-12_transactions_p5,0.8919086456298828,BS-KBANK-OPER-2567-12,KBANK-OPER,2567,12,transactions_p5,5,transactions
renders/bank_statement/2024-12/BS-KBANK-OPER-2567-12_transactions_p6.png,bank_statement,2024-12,.png,BS-KBANK-OPER-2567-12_transactions_p6,0.897059440612793,BS-KBANK-OPER-2567-12,KBANK-OPER,2567,12,transactions_p6,6,transactions
renders/bank_statement/2024-12/BS-KBANK-OPER-2567-12_transactions_p7.png,bank_statement,2024-12,.png,BS-KBANK-OPER-2567-12_transactions_p7,0.8890438079833984,BS-KBANK-OPER-2567-12,KBANK-OPER,2567,12,transactions_p7,7,transactions
renders/bank_statement/2024-12/BS-KBANK-OPER-2567-12_transactions_p8.png,bank_statement,2024-12,.png,BS-KBANK-OPER-2567-12_transactions_p8,0.8635625839233398,BS-KBANK-OPER-2567-12,KBANK-OPER,2567,12,transactions_p8,8,transactions
renders/bank_statement/2024-12/BS-KBANK-OPER-2567-12_transactions_p9.png,bank_statement,2024-12,.png,BS-KBANK-OPER-2567-12_transactions_p9,0.8667058944702148,BS-KBANK-OPER-2567-12,KBANK-OPER,2567,12,transactions_p9,9,transactions
renders/bank_statement/2024-12/BS-OPER-BKK-CTW-2567-12_header.png,bank_statement,2024-12,.png,BS-OPER-BKK-CTW-2567-12_header,0.29934215545654297,BS-OPER-BKK-CTW-2567-12,OPER-BKK-CTW,2567,12,header,,header
renders/bank_statement/2024-12/BS-OPER-BKK-CTW-2567-12_transactions_p1.png,bank_statement,2024-12,.png,BS-OPER-BKK-CTW-2567-12_transactions_p1,0.892486572265625,BS-OPER-BKK-CTW-2567-12,OPER-BKK-CTW,2567,12,transactions_p1,1,transactions
renders/bank_statement/2024-12/BS-OPER-BKK-CTW-2567-12_transactions_p2.png,bank_statement,2024-12,.png,BS-OPER-BKK-CTW-2567-12_transactions_p2,0.9091711044311523,BS-OPER-BKK-CTW-2567-12,OPER-BKK-CTW,2567,12,transactions_p2,2,transactions
renders/bank_statement/2024-12/BS-OPER-BKK-CTW-2567-12_transactions_p3.png,bank_statement,2024-12,.png,BS-OPER-BKK-CTW-2567-12_transactions_p3,0.6318092346191406,BS-OPER-BKK-CTW-2567-12,OPER-BKK-CTW,2567,12,transactions_p3,3,transactions
renders/bank_statement/2024-12/BS-OPER-BKK-EMSP-2567-12_header.png,bank_statement,2024-12,.png,BS-OPER-BKK-EMSP-2567-12_header,0.059166908264160156,BS-OPER-BKK-EMSP-2567-12,OPER-BKK-EMSP,2567,12,header,,header
renders/bank_statement/2024-12/BS-OPER-BKK-EMSP-2567-12_transactions_p1.png,bank_statement,2024-12,.png,BS-OPER-BKK-EMSP-2567-12_transactions_p1,0.19262218475341797,BS-OPER-BKK-EMSP-2567-12,OPER-BKK-EMSP,2567,12,transactions_p1,1,transactions
renders/bank_statement/2024-12/BS-OPER-BKK-EMSP-2567-12_transactions_p2.png,bank_statement,2024-12,.png,BS-OPER-BKK-EMSP-2567-12_transactions_p2,0.20100879669189453,BS-OPER-BKK-EMSP-2567-12,OPER-BKK-EMSP,2567,12,transactions_p2,2,transactions
renders/bank_statement/2024-12/BS-OPER-BKK-EMSP-2567-12_transactions_p3.png,bank_statement,2024-12,.png,BS-OPER-BKK-EMSP-2567-12_transactions_p3,0.19623279571533203,BS-OPER-BKK-EMSP-2567-12,OPER-BKK-EMSP,2567,12,transactions_p3,3,transactions
renders/bank_statement/2024-12/BS-OPER-BKK-EMSP-2567-12_transactions_p4.png,bank_statement,2024-12,.png,BS-OPER-BKK-EMSP-2567-12_transactions_p4,0.19849300384521484,BS-OPER-BKK-EMSP-2567-12,OPER-BKK-EMSP,2567,12,transactions_p4,4,transactions
renders/bank_statement/2024-12/BS-OPER-BKK-EMSP-2567-12_transactions_p5.png,bank_statement,2024-12,.png,BS-OPER-BKK-EMSP-2567-12_transactions_p5,0.19721221923828125,BS-OPER-BKK-EMSP-2567-12,OPER-BKK-EMSP,2567,12,transactions_p5,5,transactions
renders/bank_statement/2024-12/BS-OPER-BKK-EMSP-2567-12_transactions_p6.png,bank_statement,2024-12,.png,BS-OPER-BKK-EMSP-2567-12_transactions_p6,0.19824504852294922,BS-OPER-BKK-EMSP-2567-12,OPER-BKK-EMSP,2567,12,transactions_p6,6,transactions
renders/bank_statement/2024-12/BS-OPER-BKK-EMSP-2567-12_transactions_p7.png,bank_statement,2024-12,.png,BS-OPER-BKK-EMSP-2567-12_transactions_p7,0.1994037628173828,BS-OPER-BKK-EMSP-2567-12,OPER-BKK-EMSP,2567,12,transactions_p7,7,transactions
renders/bank_statement/2024-12/BS-OPER-BKK-EMSP-2567-12_transactions_p8.png,bank_statement,2024-12,.png,BS-OPER-BKK-EMSP-2567-12_transactions_p8,0.11521625518798828,BS-OPER-BKK-EMSP-2567-12,OPER-BKK-EMSP,2567,12,transactions_p8,8,transactions
renders/bank_statement/2024-12/BS-OPER-BKK-PKT-2567-12_header.png,bank_statement,2024-12,.png,BS-OPER-BKK-PKT-2567-12_header,0.09073257446289062,BS-OPER-BKK-PKT-2567-12,OPER-BKK-PKT,2567,12,header,,header
renders/bank_statement/2024-12/BS-OPER-BKK-PKT-2567-12_transactions_p1.png,bank_statement,2024-12,.png,BS-OPER-BKK-PKT-2567-12_transactions_p1,0.17679595947265625,BS-OPER-BKK-PKT-2567-12,OPER-BKK-PKT,2567,12,transactions_p1,1,transactions
renders/bank_statement/2024-12/BS-OPER-BKK-PKT-2567-12_transactions_p2.png,bank_statement,2024-12,.png,BS-OPER-BKK-PKT-2567-12_transactions_p2,0.18244647979736328,BS-OPER-BKK-PKT-2567-12,OPER-BKK-PKT,2567,12,transactions_p2,2,transactions
renders/bank_statement/2024-12/BS-OPER-BKK-PKT-2567-12_transactions_p3.png,bank_statement,2024-12,.png,BS-OPER-BKK-PKT-2567-12_transactions_p3,0.18079376220703125,BS-OPER-BKK-PKT-2567-12,OPER-BKK-PKT,2567,12,transactions_p3,3,transactions
renders/bank_statement/2024-12/BS-OPER-BKK-PKT-2567-12_transactions_p4.png,bank_statement,2024-12,.png,BS-OPER-BKK-PKT-2567-12_transactions_p4,0.1814594268798828,BS-OPER-BKK-PKT-2567-12,OPER-BKK-PKT,2567,12,transactions_p4,4,transactions
renders/bank_statement/2024-12/BS-OPER-BKK-PKT-2567-12_transactions_p5.png,bank_statement,2024-12,.png,BS-OPER-BKK-PKT-2567-12_transactions_p5,0.1805400848388672,BS-OPER-BKK-PKT-2567-12,OPER-BKK-PKT,2567,12,transactions_p5,5,transactions
renders/bank_statement/2024-12/BS-OPER-BKK-PKT-2567-12_transactions_p6.png,bank_statement,2024-12,.png,BS-OPER-BKK-PKT-2567-12_transactions_p6,0.18214130401611328,BS-OPER-BKK-PKT-2567-12,OPER-BKK-PKT,2567,12,transactions_p6,6,transactions
renders/bank_statement/2024-12/BS-OPER-BKK-PKT-2567-12_transactions_p7.png,bank_statement,2024-12,.png,BS-OPER-BKK-PKT-2567-12_transactions_p7,0.1859121322631836,BS-OPER-BKK-PKT-2567-12,OPER-BKK-PKT,2567,12,transactions_p7,7,transactions
renders/bank_statement/2024-12/BS-OPER-BKK-PKT-2567-12_transactions_p8.png,bank_statement,2024-12,.png,BS-OPER-BKK-PKT-2567-12_transactions_p8,0.12668895721435547,BS-OPER-BKK-PKT-2567-12,OPER-BKK-PKT,2567,12,transactions_p8,8,transactions
renders/bank_statement/2024-12/BS-OPER-BKK-R9-2567-12_header.png,bank_statement,2024-12,.png,BS-OPER-BKK-R9-2567-12_header,0.2974252700805664,BS-OPER-BKK-R9-2567-12,OPER-BKK-R9,2567,12,header,,header
renders/bank_statement/2024-12/BS-OPER-BKK-R9-2567-12_transactions_p1.png,bank_statement,2024-12,.png,BS-OPER-BKK-R9-2567-12_transactions_p1,0.8928623199462891,BS-OPER-BKK-R9-2567-12,OPER-BKK-R9,2567,12,transactions_p1,1,transactions
renders/bank_statement/2024-12/BS-OPER-BKK-R9-2567-12_transactions_p2.png,bank_statement,2024-12,.png,BS-OPER-BKK-R9-2567-12_transactions_p2,0.9116506576538086,BS-OPER-BKK-R9-2567-12,OPER-BKK-R9,2567,12,transactions_p2,2,transactions
renders/bank_statement/2024-12/BS-OPER-BKK-R9-2567-12_transactions_p3.png,bank_statement,2024-12,.png,BS-OPER-BKK-R9-2567-12_transactions_p3,0.47505760192871094,BS-OPER-BKK-R9-2567-12,OPER-BKK-R9,2567,12,transactions_p3,3,transactions
renders/bank_statement/2024-12/BS-OPER-BKK-SIAM-2567-12_header.png,bank_statement,2024-12,.png,BS-OPER-BKK-SIAM-2567-12_header,0.05934429168701172,BS-OPER-BKK-SIAM-2567-12,OPER-BKK-SIAM,2567,12,header,,header
renders/bank_statement/2024-12/BS-OPER-BKK-SIAM-2567-12_transactions_p1.png,bank_statement,2024-12,.png,BS-OPER-BKK-SIAM-2567-12_transactions_p1,0.1945962905883789,BS-OPER-BKK-SIAM-2567-12,OPER-BKK-SIAM,2567,12,transactions_p1,1,transactions
renders/bank_statement/2024-12/BS-OPER-BKK-SIAM-2567-12_transactions_p2.png,bank_statement,2024-12,.png,BS-OPER-BKK-SIAM-2567-12_transactions_p2,0.2017669677734375,BS-OPER-BKK-SIAM-2567-12,OPER-BKK-SIAM,2567,12,transactions_p2,2,transactions
renders/bank_statement/2024-12/BS-OPER-BKK-SIAM-2567-12_transactions_p3.png,bank_statement,2024-12,.png,BS-OPER-BKK-SIAM-2567-12_transactions_p3,0.1991415023803711,BS-OPER-BKK-SIAM-2567-12,OPER-BKK-SIAM,2567,12,transactions_p3,3,transactions
renders/bank_statement/2024-12/BS-OPER-BKK-SIAM-2567-12_transactions_p4.png,bank_statement,2024-12,.png,BS-OPER-BKK-SIAM-2567-12_transactions_p4,0.2003641128540039,BS-OPER-BKK-SIAM-2567-12,OPER-BKK-SIAM,2567,12,transactions_p4,4,transactions
renders/bank_statement/2024-12/BS-OPER-BKK-SIAM-2567-12_transactions_p5.png,bank_statement,2024-12,.png,BS-OPER-BKK-SIAM-2567-12_transactions_p5,0.20169639587402344,BS-OPER-BKK-SIAM-2567-12,OPER-BKK-SIAM,2567,12,transactions_p5,5,transactions
renders/bank_statement/2024-12/BS-OPER-BKK-SIAM-2567-12_transactions_p6.png,bank_statement,2024-12,.png,BS-OPER-BKK-SIAM-2567-12_transactions_p6,0.2009286880493164,BS-OPER-BKK-SIAM-2567-12,OPER-BKK-SIAM,2567,12,transactions_p6,6,transactions
renders/bank_statement/2024-12/BS-OPER-BKK-SIAM-2567-12_transactions_p7.png,bank_statement,2024-12,.png,BS-OPER-BKK-SIAM-2567-12_transactions_p7,0.20188236236572266,BS-OPER-BKK-SIAM-2567-12,OPER-BKK-SIAM,2567,12,transactions_p7,7,transactions
renders/bank_statement/2024-12/BS-OPER-BKK-SIAM-2567-12_transactions_p8.png,bank_statement,2024-12,.png,BS-OPER-BKK-SIAM-2567-12_transactions_p8,0.15501976013183594,BS-OPER-BKK-SIAM-2567-12,OPER-BKK-SIAM,2567,12,transactions_p8,8,transactions
renders/bank_statement/2024-12/BS-OPER-CNX-MAYA-2567-12_header.png,bank_statement,2024-12,.png,BS-OPER-CNX-MAYA-2567-12_header,0.09131813049316406,BS-OPER-CNX-MAYA-2567-12,OPER-CNX-MAYA,2567,12,header,,header
renders/bank_statement/2024-12/BS-OPER-CNX-MAYA-2567-12_transactions_p1.png,bank_statement,2024-12,.png,BS-OPER-CNX-MAYA-2567-12_transactions_p1,0.1773061752319336,BS-OPER-CNX-MAYA-2567-12,OPER-CNX-MAYA,2567,12,transactions_p1,1,transactions
renders/bank_statement/2024-12/BS-OPER-CNX-MAYA-2567-12_transactions_p2.png,bank_statement,2024-12,.png,BS-OPER-CNX-MAYA-2567-12_transactions_p2,0.1829977035522461,BS-OPER-CNX-MAYA-2567-12,OPER-CNX-MAYA,2567,12,transactions_p2,2,transactions
renders/bank_statement/2024-12/BS-OPER-CNX-MAYA-2567-12_transactions_p3.png,bank_statement,2024-12,.png,BS-OPER-CNX-MAYA-2567-12_transactions_p3,0.18056297302246094,BS-OPER-CNX-MAYA-2567-12,OPER-CNX-MAYA,2567,12,transactions_p3,3,transactions
renders/bank_statement/2024-12/BS-OPER-CNX-MAYA-2567-12_transactions_p4.png,bank_statement,2024-12,.png,BS-OPER-CNX-MAYA-2567-12_transactions_p4,0.18235397338867188,BS-OPER-CNX-MAYA-2567-12,OPER-CNX-MAYA,2567,12,transactions_p4,4,transactions
renders/bank_statement/2024-12/BS-OPER-CNX-MAYA-2567-12_transactions_p5.png,bank_statement,2024-12,.png,BS-OPER-CNX-MAYA-2567-12_transactions_p5,0.18357563018798828,BS-OPER-CNX-MAYA-2567-12,OPER-CNX-MAYA,2567,12,transactions_p5,5,transactions
renders/bank_statement/2024-12/BS-OPER-CNX-MAYA-2567-12_transactions_p6.png,bank_statement,2024-12,.png,BS-OPER-CNX-MAYA-2567-12_transactions_p6,0.18214797973632812,BS-OPER-CNX-MAYA-2567-12,OPER-CNX-MAYA,2567,12,transactions_p6,6,transactions
renders/bank_statement/2024-12/BS-OPER-CNX-MAYA-2567-12_transactions_p7.png,bank_statement,2024-12,.png,BS-OPER-CNX-MAYA-2567-12_transactions_p7,0.1848297119140625,BS-OPER-CNX-MAYA-2567-12,OPER-CNX-MAYA,2567,12,transactions_p7,7,transactions
renders/bank_statement/2024-12/BS-OPER-CNX-MAYA-2567-12_transactions_p8.png,bank_statement,2024-12,.png,BS-OPER-CNX-MAYA-2567-12_transactions_p8,0.12710952758789062,BS-OPER-CNX-MAYA-2567-12,OPER-CNX-MAYA,2567,12,transactions_p8,8,transactions
renders/bank_statement/2024-12/BS-OPER-HKT-FEST-2567-12_header.png,bank_statement,2024-12,.png,BS-OPER-HKT-FEST-2567-12_header,0.2953214645385742,BS-OPER-HKT-FEST-2567-12,OPER-HKT-FEST,2567,12,header,,header
renders/bank_statement/2024-12/BS-OPER-HKT-FEST-2567-12_transactions_p1.png,bank_statement,2024-12,.png,BS-OPER-HKT-FEST-2567-12_transactions_p1,0.862396240234375,BS-OPER-HKT-FEST-2567-12,OPER-HKT-FEST,2567,12,transactions_p1,1,transactions
renders/bank_statement/2024-12/BS-OPER-HKT-FEST-2567-12_transactions_p2.png,bank_statement,2024-12,.png,BS-OPER-HKT-FEST-2567-12_transactions_p2,0.8869943618774414,BS-OPER-HKT-FEST-2567-12,OPER-HKT-FEST,2567,12,transactions_p2,2,transactions
renders/bank_statement/2024-12/BS-OPER-HKT-FEST-2567-12_transactions_p3.png,bank_statement,2024-12,.png,BS-OPER-HKT-FEST-2567-12_transactions_p3,0.40296268463134766,BS-OPER-HKT-FEST-2567-12,OPER-HKT-FEST,2567,12,transactions_p3,3,transactions
renders/bank_statement/2024-12/BS-OPER-KKC-CTRL-2567-12_header.png,bank_statement,2024-12,.png,BS-OPER-KKC-CTRL-2567-12_header,0.059177398681640625,BS-OPER-KKC-CTRL-2567-12,OPER-KKC-CTRL,2567,12,header,,header
renders/bank_statement/2024-12/BS-OPER-KKC-CTRL-2567-12_transactions_p1.png,bank_statement,2024-12,.png,BS-OPER-KKC-CTRL-2567-12_transactions_p1,0.18401527404785156,BS-OPER-KKC-CTRL-2567-12,OPER-KKC-CTRL,2567,12,transactions_p1,1,transactions
renders/bank_statement/2024-12/BS-OPER-KKC-CTRL-2567-12_transactions_p2.png,bank_statement,2024-12,.png,BS-OPER-KKC-CTRL-2567-12_transactions_p2,0.19028663635253906,BS-OPER-KKC-CTRL-2567-12,OPER-KKC-CTRL,2567,12,transactions_p2,2,transactions
renders/bank_statement/2024-12/BS-OPER-KKC-CTRL-2567-12_transactions_p3.png,bank_statement,2024-12,.png,BS-OPER-KKC-CTRL-2567-12_transactions_p3,0.1878366470336914,BS-OPER-KKC-CTRL-2567-12,OPER-KKC-CTRL,2567,12,transactions_p3,3,transactions
renders/bank_statement/2024-12/BS-OPER-KKC-CTRL-2567-12_transactions_p4.png,bank_statement,2024-12,.png,BS-OPER-KKC-CTRL-2567-12_transactions_p4,0.18925952911376953,BS-OPER-KKC-CTRL-2567-12,OPER-KKC-CTRL,2567,12,transactions_p4,4,transactions
renders/bank_statement/2024-12/BS-OPER-KKC-CTRL-2567-12_transactions_p5.png,bank_statement,2024-12,.png,BS-OPER-KKC-CTRL-2567-12_transactions_p5,0.1872577667236328,BS-OPER-KKC-CTRL-2567-12,OPER-KKC-CTRL,2567,12,transactions_p5,5,transactions
renders/bank_statement/2024-12/BS-OPER-KKC-CTRL-2567-12_transactions_p6.png,bank_statement,2024-12,.png,BS-OPER-KKC-CTRL-2567-12_transactions_p6,0.18943309783935547,BS-OPER-KKC-CTRL-2567-12,OPER-KKC-CTRL,2567,12,transactions_p6,6,transactions
renders/bank_statement/2024-12/BS-OPER-KKC-CTRL-2567-12_transactions_p7.png,bank_statement,2024-12,.png,BS-OPER-KKC-CTRL-2567-12_transactions_p7,0.17920970916748047,BS-OPER-KKC-CTRL-2567-12,OPER-KKC-CTRL,2567,12,transactions_p7,7,transactions
renders/bank_statement/2024-12/BS-OPER-PTY-CTRL-2567-12_header.png,bank_statement,2024-12,.png,BS-OPER-PTY-CTRL-2567-12_header,0.09062671661376953,BS-OPER-PTY-CTRL-2567-12,OPER-PTY-CTRL,2567,12,header,,header
renders/bank_statement/2024-12/BS-OPER-PTY-CTRL-2567-12_transactions_p1.png,bank_statement,2024-12,.png,BS-OPER-PTY-CTRL-2567-12_transactions_p1,0.17680072784423828,BS-OPER-PTY-CTRL-2567-12,OPER-PTY-CTRL,2567,12,transactions_p1,1,transactions
renders/bank_statement/2024-12/BS-OPER-PTY-CTRL-2567-12_transactions_p2.png,bank_statement,2024-12,.png,BS-OPER-PTY-CTRL-2567-12_transactions_p2,0.1810894012451172,BS-OPER-PTY-CTRL-2567-12,OPER-PTY-CTRL,2567,12,transactions_p2,2,transactions
renders/bank_statement/2024-12/BS-OPER-PTY-CTRL-2567-12_transactions_p3.png,bank_statement,2024-12,.png,BS-OPER-PTY-CTRL-2567-12_transactions_p3,0.18045520782470703,BS-OPER-PTY-CTRL-2567-12,OPER-PTY-CTRL,2567,12,transactions_p3,3,transactions
renders/bank_statement/2024-12/BS-OPER-PTY-CTRL-2567-12_transactions_p4.png,bank_statement,2024-12,.png,BS-OPER-PTY-CTRL-2567-12_transactions_p4,0.18415355682373047,BS-OPER-PTY-CTRL-2567-12,OPER-PTY-CTRL,2567,12,transactions_p4,4,transactions
renders/bank_statement/2024-12/BS-OPER-PTY-CTRL-2567-12_transactions_p5.png,bank_statement,2024-12,.png,BS-OPER-PTY-CTRL-2567-12_transactions_p5,0.18470287322998047,BS-OPER-PTY-CTRL-2567-12,OPER-PTY-CTRL,2567,12,transactions_p5,5,transactions
renders/bank_statement/2024-12/BS-OPER-PTY-CTRL-2567-12_transactions_p6.png,bank_statement,2024-12,.png,BS-OPER-PTY-CTRL-2567-12_transactions_p6,0.18517780303955078,BS-OPER-PTY-CTRL-2567-12,OPER-PTY-CTRL,2567,12,transactions_p6,6,transactions
renders/bank_statement/2024-12/BS-OPER-PTY-CTRL-2567-12_transactions_p7.png,bank_statement,2024-12,.png,BS-OPER-PTY-CTRL-2567-12_transactions_p7,0.18915271759033203,BS-OPER-PTY-CTRL-2567-12,OPER-PTY-CTRL,2567,12,transactions_p7,7,transactions
renders/bank_statement/2024-12/BS-OPER-PTY-CTRL-2567-12_transactions_p8.png,bank_statement,2024-12,.png,BS-OPER-PTY-CTRL-2567-12_transactions_p8,0.10128974914550781,BS-OPER-PTY-CTRL-2567-12,OPER-PTY-CTRL,2567,12,transactions_p8,8,transactions
renders/bank_statement/2024-12/BS-OPER-REMOTE-2567-12_header.png,bank_statement,2024-12,.png,BS-OPER-REMOTE-2567-12_header,0.2946348190307617,BS-OPER-REMOTE-2567-12,OPER-REMOTE,2567,12,header,,header
renders/bank_statement/2024-12/BS-OPER-REMOTE-2567-12_transactions_p1.png,bank_statement,2024-12,.png,BS-OPER-REMOTE-2567-12_transactions_p1,0.8771820068359375,BS-OPER-REMOTE-2567-12,OPER-REMOTE,2567,12,transactions_p1,1,transactions
renders/bank_statement/2024-12/BS-OPER-REMOTE-2567-12_transactions_p2.png,bank_statement,2024-12,.png,BS-OPER-REMOTE-2567-12_transactions_p2,0.8341846466064453,BS-OPER-REMOTE-2567-12,OPER-REMOTE,2567,12,transactions_p2,2,transactions
renders/bank_statement/2024-12/BS-OPER-UDN-CTRL-2567-12_header.png,bank_statement,2024-12,.png,BS-OPER-UDN-CTRL-2567-12_header,0.05907440185546875,BS-OPER-UDN-CTRL-2567-12,OPER-UDN-CTRL,2567,12,header,,header
renders/bank_statement/2024-12/BS-OPER-UDN-CTRL-2567-12_transactions_p1.png,bank_statement,2024-12,.png,BS-OPER-UDN-CTRL-2567-12_transactions_p1,0.1867523193359375,BS-OPER-UDN-CTRL-2567-12,OPER-UDN-CTRL,2567,12,transactions_p1,1,transactions
renders/bank_statement/2024-12/BS-OPER-UDN-CTRL-2567-12_transactions_p2.png,bank_statement,2024-12,.png,BS-OPER-UDN-CTRL-2567-12_transactions_p2,0.19280529022216797,BS-OPER-UDN-CTRL-2567-12,OPER-UDN-CTRL,2567,12,transactions_p2,2,transactions
renders/bank_statement/2024-12/BS-OPER-UDN-CTRL-2567-12_transactions_p3.png,bank_statement,2024-12,.png,BS-OPER-UDN-CTRL-2567-12_transactions_p3,0.18991565704345703,BS-OPER-UDN-CTRL-2567-12,OPER-UDN-CTRL,2567,12,transactions_p3,3,transactions
renders/bank_statement/2024-12/BS-OPER-UDN-CTRL-2567-12_transactions_p4.png,bank_statement,2024-12,.png,BS-OPER-UDN-CTRL-2567-12_transactions_p4,0.19167518615722656,BS-OPER-UDN-CTRL-2567-12,OPER-UDN-CTRL,2567,12,transactions_p4,4,transactions
renders/bank_statement/2024-12/BS-OPER-UDN-CTRL-2567-12_transactions_p5.png,bank_statement,2024-12,.png,BS-OPER-UDN-CTRL-2567-12_transactions_p5,0.18970394134521484,BS-OPER-UDN-CTRL-2567-12,OPER-UDN-CTRL,2567,12,transactions_p5,5,transactions
renders/bank_statement/2024-12/BS-OPER-UDN-CTRL-2567-12_transactions_p6.png,bank_statement,2024-12,.png,BS-OPER-UDN-CTRL-2567-12_transactions_p6,0.19035911560058594,BS-OPER-UDN-CTRL-2567-12,OPER-UDN-CTRL,2567,12,transactions_p6,6,transactions
renders/bank_statement/2024-12/BS-OPER-UDN-CTRL-2567-12_transactions_p7.png,bank_statement,2024-12,.png,BS-OPER-UDN-CTRL-2567-12_transactions_p7,0.14894485473632812,BS-OPER-UDN-CTRL-2567-12,OPER-UDN-CTRL,2567,12,transactions_p7,7,transactions
renders/bank_statement/2024-12/BS-SCB-OPER-2567-12_header.png,bank_statement,2024-12,.png,BS-SCB-OPER-2567-12_header,0.05844688415527344,BS-SCB-OPER-2567-12,SCB-OPER,2567,12,header,,header
renders/bank_statement/2024-12/BS-SCB-OPER-2567-12_transactions_p1.png,bank_statement,2024-12,.png,BS-SCB-OPER-2567-12_transactions_p1,0.08259296417236328,BS-SCB-OPER-2567-12,SCB-OPER,2567,12,transactions_p1,1,transactions
renders/bank_statement/2025-01/BS-BBL-OPER-2568-01_header.png,bank_statement,2025-01,.png,BS-BBL-OPER-2568-01_header,0.09016990661621094,BS-BBL-OPER-2568-01,BBL-OPER,2568,01,header,,header
renders/bank_statement/2025-01/BS-BBL-OPER-2568-01_transactions_p1.png,bank_statement,2025-01,.png,BS-BBL-OPER-2568-01_transactions_p1,0.09457111358642578,BS-BBL-OPER-2568-01,BBL-OPER,2568,01,transactions_p1,1,transactions
renders/bank_statement/2025-01/BS-KBANK-OPER-2568-01_header.png,bank_statement,2025-01,.png,BS-KBANK-OPER-2568-01_header,0.2993955612182617,BS-KBANK-OPER-2568-01,KBANK-OPER,2568,01,header,,header
renders/bank_statement/2025-01/BS-KBANK-OPER-2568-01_transactions_p1.png,bank_statement,2025-01,.png,BS-KBANK-OPER-2568-01_transactions_p1,0.8610868453979492,BS-KBANK-OPER-2568-01,KBANK-OPER,2568,01,transactions_p1,1,transactions
renders/bank_statement/2025-01/BS-KBANK-OPER-2568-01_transactions_p10.png,bank_statement,2025-01,.png,BS-KBANK-OPER-2568-01_transactions_p10,0.890477180480957,BS-KBANK-OPER-2568-01,KBANK-OPER,2568,01,transactions_p10,10,transactions
renders/bank_statement/2025-01/BS-KBANK-OPER-2568-01_transactions_p11.png,bank_statement,2025-01,.png,BS-KBANK-OPER-2568-01_transactions_p11,0.8926010131835938,BS-KBANK-OPER-2568-01,KBANK-OPER,2568,01,transactions_p11,11,transactions
renders/bank_statement/2025-01/BS-KBANK-OPER-2568-01_transactions_p12.png,bank_statement,2025-01,.png,BS-KBANK-OPER-2568-01_transactions_p12,0.895172119140625,BS-KBANK-OPER-2568-01,KBANK-OPER,2568,01,transactions_p12,12,transactions
renders/bank_statement/2025-01/BS-KBANK-OPER-2568-01_transactions_p13.png,bank_statement,2025-01,.png,BS-KBANK-OPER-2568-01_transactions_p13,0.8779563903808594,BS-KBANK-OPER-2568-01,KBANK-OPER,2568,01,transactions_p13,13,transactions
renders/bank_statement/2025-01/BS-KBANK-OPER-2568-01_transactions_p14.png,bank_statement,2025-01,.png,BS-KBANK-OPER-2568-01_transactions_p14,0.8807888031005859,BS-KBANK-OPER-2568-01,KBANK-OPER,2568,01,transactions_p14,14,transactions
renders/bank_statement/2025-01/BS-KBANK-OPER-2568-01_transactions_p15.png,bank_statement,2025-01,.png,BS-KBANK-OPER-2568-01_transactions_p15,0.8823347091674805,BS-KBANK-OPER-2568-01,KBANK-OPER,2568,01,transactions_p15,15,transactions
renders/bank_statement/2025-01/BS-KBANK-OPER-2568-01_transactions_p16.png,bank_statement,2025-01,.png,BS-KBANK-OPER-2568-01_transactions_p16,0.8900232315063477,BS-KBANK-OPER-2568-01,KBANK-OPER,2568,01,transactions_p16,16,transactions
renders/bank_statement/2025-01/BS-KBANK-OPER-2568-01_transactions_p17.png,bank_statement,2025-01,.png,BS-KBANK-OPER-2568-01_transactions_p17,0.8945045471191406,BS-KBANK-OPER-2568-01,KBANK-OPER,2568,01,transactions_p17,17,transactions
renders/bank_statement/2025-01/BS-KBANK-OPER-2568-01_transactions_p18.png,bank_statement,2025-01,.png,BS-KBANK-OPER-2568-01_transactions_p18,0.899653434753418,BS-KBANK-OPER-2568-01,KBANK-OPER,2568,01,transactions_p18,18,transactions
renders/bank_statement/2025-01/BS-KBANK-OPER-2568-01_transactions_p19.png,bank_statement,2025-01,.png,BS-KBANK-OPER-2568-01_transactions_p19,0.8912992477416992,BS-KBANK-OPER-2568-01,KBANK-OPER,2568,01,transactions_p19,19,transactions
renders/bank_statement/2025-01/BS-KBANK-OPER-2568-01_transactions_p2.png,bank_statement,2025-01,.png,BS-KBANK-OPER-2568-01_transactions_p2,0.8789615631103516,BS-KBANK-OPER-2568-01,KBANK-OPER,2568,01,transactions_p2,2,transactions
renders/bank_statement/2025-01/BS-KBANK-OPER-2568-01_transactions_p20.png,bank_statement,2025-01,.png,BS-KBANK-OPER-2568-01_transactions_p20,0.8866071701049805,BS-KBANK-OPER-2568-01,KBANK-OPER,2568,01,transactions_p20,20,transactions
renders/bank_statement/2025-01/BS-KBANK-OPER-2568-01_transactions_p21.png,bank_statement,2025-01,.png,BS-KBANK-OPER-2568-01_transactions_p21,0.90570068359375,BS-KBANK-OPER-2568-01,KBANK-OPER,2568,01,transactions_p21,21,transactions
renders/bank_statement/2025-01/BS-KBANK-OPER-2568-01_transactions_p22.png,bank_statement,2025-01,.png,BS-KBANK-OPER-2568-01_transactions_p22,0.9267406463623047,BS-KBANK-OPER-2568-01,KBANK-OPER,2568,01,transactions_p22,22,transactions
renders/bank_statement/2025-01/BS-KBANK-OPER-2568-01_transactions_p23.png,bank_statement,2025-01,.png,BS-KBANK-OPER-2568-01_transactions_p23,0.9280939102172852,BS-KBANK-OPER-2568-01,KBANK-OPER,2568,01,transactions_p23,23,transactions
renders/bank_statement/2025-01/BS-KBANK-OPER-2568-01_transactions_p24.png,bank_statement,2025-01,.png,BS-KBANK-OPER-2568-01_transactions_p24,0.937286376953125,BS-KBANK-OPER-2568-01,KBANK-OPER,2568,01,transactions_p24,24,transactions
renders/bank_statement/2025-01/BS-KBANK-OPER-2568-01_transactions_p25.png,bank_statement,2025-01,.png,BS-KBANK-OPER-2568-01_transactions_p25,0.9249992370605469,BS-KBANK-OPER-2568-01,KBANK-OPER,2568,01,transactions_p25,25,transactions
renders/bank_statement/2025-01/BS-KBANK-OPER-2568-01_transactions_p26.png,bank_statement,2025-01,.png,BS-KBANK-OPER-2568-01_transactions_p26,0.9331226348876953,BS-KBANK-OPER-2568-01,KBANK-OPER,2568,01,transactions_p26,26,transactions
renders/bank_statement/2025-01/BS-KBANK-OPER-2568-01_transactions_p27.png,bank_statement,2025-01,.png,BS-KBANK-OPER-2568-01_transactions_p27,0.9235115051269531,BS-KBANK-OPER-2568-01,KBANK-OPER,2568,01,transactions_p27,27,transactions
renders/bank_statement/2025-01/BS-KBANK-OPER-2568-01_transactions_p28.png,bank_statement,2025-01,.png,BS-KBANK-OPER-2568-01_transactions_p28,0.9253454208374023,BS-KBANK-OPER-2568-01,KBANK-OPER,2568,01,transactions_p28,28,transactions
renders/bank_statement/2025-01/BS-KBANK-OPER-2568-01_transactions_p29.png,bank_statement,2025-01,.png,BS-KBANK-OPER-2568-01_transactions_p29,0.9272356033325195,BS-KBANK-OPER-2568-01,KBANK-OPER,2568,01,transactions_p29,29,transactions
renders/bank_statement/2025-01/BS-KBANK-OPER-2568-01_transactions_p3.png,bank_statement,2025-01,.png,BS-KBANK-OPER-2568-01_transactions_p3,0.8909578323364258,BS-KBANK-OPER-2568-01,KBANK-OPER,2568,01,transactions_p3,3,transactions
renders/bank_statement/2025-01/BS-KBANK-OPER-2568-01_transactions_p30.png,bank_statement,2025-01,.png,BS-KBANK-OPER-2568-01_transactions_p30,0.9328193664550781,BS-KBANK-OPER-2568-01,KBANK-OPER,2568,01,transactions_p30,30,transactions
renders/bank_statement/2025-01/BS-KBANK-OPER-2568-01_transactions_p31.png,bank_statement,2025-01,.png,BS-KBANK-OPER-2568-01_transactions_p31,0.926666259765625,BS-KBANK-OPER-2568-01,KBANK-OPER,2568,01,transactions_p31,31,transactions
renders/bank_statement/2025-01/BS-KBANK-OPER-2568-01_transactions_p32.png,bank_statement,2025-01,.png,BS-KBANK-OPER-2568-01_transactions_p32,0.9279003143310547,BS-KBANK-OPER-2568-01,KBANK-OPER,2568,01,transactions_p32,32,transactions
renders/bank_statement/2025-01/BS-KBANK-OPER-2568-01_transactions_p33.png,bank_statement,2025-01,.png,BS-KBANK-OPER-2568-01_transactions_p33,0.9245128631591797,BS-KBANK-OPER-2568-01,KBANK-OPER,2568,01,transactions_p33,33,transactions
renders/bank_statement/2025-01/BS-KBANK-OPER-2568-01_transactions_p34.png,bank_statement,2025-01,.png,BS-KBANK-OPER-2568-01_transactions_p34,0.9289636611938477,BS-KBANK-OPER-2568-01,KBANK-OPER,2568,01,transactions_p34,34,transactions
renders/bank_statement/2025-01/BS-KBANK-OPER-2568-01_transactions_p35.png,bank_statement,2025-01,.png,BS-KBANK-OPER-2568-01_transactions_p35,0.2691373825073242,BS-KBANK-OPER-2568-01,KBANK-OPER,2568,01,transactions_p35,35,transactions
renders/bank_statement/2025-01/BS-KBANK-OPER-2568-01_transactions_p4.png,bank_statement,2025-01,.png,BS-KBANK-OPER-2568-01_transactions_p4,0.8921356201171875,BS-KBANK-OPER-2568-01,KBANK-OPER,2568,01,transactions_p4,4,transactions
renders/bank_statement/2025-01/BS-KBANK-OPER-2568-01_transactions_p5.png,bank_statement,2025-01,.png,BS-KBANK-OPER-2568-01_transactions_p5,0.9005565643310547,BS-KBANK-OPER-2568-01,KBANK-OPER,2568,01,transactions_p5,5,transactions
renders/bank_statement/2025-01/BS-KBANK-OPER-2568-01_transactions_p6.png,bank_statement,2025-01,.png,BS-KBANK-OPER-2568-01_transactions_p6,0.8961410522460938,BS-KBANK-OPER-2568-01,KBANK-OPER,2568,01,transactions_p6,6,transactions
renders/bank_statement/2025-01/BS-KBANK-OPER-2568-01_transactions_p7.png,bank_statement,2025-01,.png,BS-KBANK-OPER-2568-01_transactions_p7,0.8665075302124023,BS-KBANK-OPER-2568-01,KBANK-OPER,2568,01,transactions_p7,7,transactions
renders/bank_statement/2025-01/BS-KBANK-OPER-2568-01_transactions_p8.png,bank_statement,2025-01,.png,BS-KBANK-OPER-2568-01_transactions_p8,0.8781490325927734,BS-KBANK-OPER-2568-01,KBANK-OPER,2568,01,transactions_p8,8,transactions
renders/bank_statement/2025-01/BS-KBANK-OPER-2568-01_transactions_p9.png,bank_statement,2025-01,.png,BS-KBANK-OPER-2568-01_transactions_p9,0.8844337463378906,BS-KBANK-OPER-2568-01,KBANK-OPER,2568,01,transactions_p9,9,transactions
renders/bank_statement/2025-01/BS-OPER-BKK-CTW-2568-01_header.png,bank_statement,2025-01,.png,BS-OPER-BKK-CTW-2568-01_header,0.2985725402832031,BS-OPER-BKK-CTW-2568-01,OPER-BKK-CTW,2568,01,header,,header
renders/bank_statement/2025-01/BS-OPER-BKK-CTW-2568-01_transactions_p1.png,bank_statement,2025-01,.png,BS-OPER-BKK-CTW-2568-01_transactions_p1,0.8948841094970703,BS-OPER-BKK-CTW-2568-01,OPER-BKK-CTW,2568,01,transactions_p1,1,transactions
renders/bank_statement/2025-01/BS-OPER-BKK-CTW-2568-01_transactions_p2.png,bank_statement,2025-01,.png,BS-OPER-BKK-CTW-2568-01_transactions_p2,0.9014177322387695,BS-OPER-BKK-CTW-2568-01,OPER-BKK-CTW,2568,01,transactions_p2,2,transactions
renders/bank_statement/2025-01/BS-OPER-BKK-CTW-2568-01_transactions_p3.png,bank_statement,2025-01,.png,BS-OPER-BKK-CTW-2568-01_transactions_p3,0.608367919921875,BS-OPER-BKK-CTW-2568-01,OPER-BKK-CTW,2568,01,transactions_p3,3,transactions
renders/bank_statement/2025-01/BS-OPER-BKK-EMSP-2568-01_header.png,bank_statement,2025-01,.png,BS-OPER-BKK-EMSP-2568-01_header,0.059355735778808594,BS-OPER-BKK-EMSP-2568-01,OPER-BKK-EMSP,2568,01,header,,header
renders/bank_statement/2025-01/BS-OPER-BKK-EMSP-2568-01_transactions_p1.png,bank_statement,2025-01,.png,BS-OPER-BKK-EMSP-2568-01_transactions_p1,0.19309711456298828,BS-OPER-BKK-EMSP-2568-01,OPER-BKK-EMSP,2568,01,transactions_p1,1,transactions
renders/bank_statement/2025-01/BS-OPER-BKK-EMSP-2568-01_transactions_p2.png,bank_statement,2025-01,.png,BS-OPER-BKK-EMSP-2568-01_transactions_p2,0.19928836822509766,BS-OPER-BKK-EMSP-2568-01,OPER-BKK-EMSP,2568,01,transactions_p2,2,transactions
renders/bank_statement/2025-01/BS-OPER-BKK-EMSP-2568-01_transactions_p3.png,bank_statement,2025-01,.png,BS-OPER-BKK-EMSP-2568-01_transactions_p3,0.19549179077148438,BS-OPER-BKK-EMSP-2568-01,OPER-BKK-EMSP,2568,01,transactions_p3,3,transactions
renders/bank_statement/2025-01/BS-OPER-BKK-EMSP-2568-01_transactions_p4.png,bank_statement,2025-01,.png,BS-OPER-BKK-EMSP-2568-01_transactions_p4,0.19656944274902344,BS-OPER-BKK-EMSP-2568-01,OPER-BKK-EMSP,2568,01,transactions_p4,4,transactions
renders/bank_statement/2025-01/BS-OPER-BKK-EMSP-2568-01_transactions_p5.png,bank_statement,2025-01,.png,BS-OPER-BKK-EMSP-2568-01_transactions_p5,0.1977405548095703,BS-OPER-BKK-EMSP-2568-01,OPER-BKK-EMSP,2568,01,transactions_p5,5,transactions
renders/bank_statement/2025-01/BS-OPER-BKK-EMSP-2568-01_transactions_p6.png,bank_statement,2025-01,.png,BS-OPER-BKK-EMSP-2568-01_transactions_p6,0.20070266723632812,BS-OPER-BKK-EMSP-2568-01,OPER-BKK-EMSP,2568,01,transactions_p6,6,transactions
renders/bank_statement/2025-01/BS-OPER-BKK-EMSP-2568-01_transactions_p7.png,bank_statement,2025-01,.png,BS-OPER-BKK-EMSP-2568-01_transactions_p7,0.1996297836303711,BS-OPER-BKK-EMSP-2568-01,OPER-BKK-EMSP,2568,01,transactions_p7,7,transactions
renders/bank_statement/2025-01/BS-OPER-BKK-EMSP-2568-01_transactions_p8.png,bank_statement,2025-01,.png,BS-OPER-BKK-EMSP-2568-01_transactions_p8,0.09737110137939453,BS-OPER-BKK-EMSP-2568-01,OPER-BKK-EMSP,2568,01,transactions_p8,8,transactions
renders/bank_statement/2025-01/BS-OPER-BKK-PKT-2568-01_header.png,bank_statement,2025-01,.png,BS-OPER-BKK-PKT-2568-01_header,0.09113407135009766,BS-OPER-BKK-PKT-2568-01,OPER-BKK-PKT,2568,01,header,,header
renders/bank_statement/2025-01/BS-OPER-BKK-PKT-2568-01_transactions_p1.png,bank_statement,2025-01,.png,BS-OPER-BKK-PKT-2568-01_transactions_p1,0.1757965087890625,BS-OPER-BKK-PKT-2568-01,OPER-BKK-PKT,2568,01,transactions_p1,1,transactions
renders/bank_statement/2025-01/BS-OPER-BKK-PKT-2568-01_transactions_p2.png,bank_statement,2025-01,.png,BS-OPER-BKK-PKT-2568-01_transactions_p2,0.179656982421875,BS-OPER-BKK-PKT-2568-01,OPER-BKK-PKT,2568,01,transactions_p2,2,transactions
renders/bank_statement/2025-01/BS-OPER-BKK-PKT-2568-01_transactions_p3.png,bank_statement,2025-01,.png,BS-OPER-BKK-PKT-2568-01_transactions_p3,0.1796884536743164,BS-OPER-BKK-PKT-2568-01,OPER-BKK-PKT,2568,01,transactions_p3,3,transactions
renders/bank_statement/2025-01/BS-OPER-BKK-PKT-2568-01_transactions_p4.png,bank_statement,2025-01,.png,BS-OPER-BKK-PKT-2568-01_transactions_p4,0.18126964569091797,BS-OPER-BKK-PKT-2568-01,OPER-BKK-PKT,2568,01,transactions_p4,4,transactions
renders/bank_statement/2025-01/BS-OPER-BKK-PKT-2568-01_transactions_p5.png,bank_statement,2025-01,.png,BS-OPER-BKK-PKT-2568-01_transactions_p5,0.1811990737915039,BS-OPER-BKK-PKT-2568-01,OPER-BKK-PKT,2568,01,transactions_p5,5,transactions
renders/bank_statement/2025-01/BS-OPER-BKK-PKT-2568-01_transactions_p6.png,bank_statement,2025-01,.png,BS-OPER-BKK-PKT-2568-01_transactions_p6,0.18016719818115234,BS-OPER-BKK-PKT-2568-01,OPER-BKK-PKT,2568,01,transactions_p6,6,transactions
renders/bank_statement/2025-01/BS-OPER-BKK-PKT-2568-01_transactions_p7.png,bank_statement,2025-01,.png,BS-OPER-BKK-PKT-2568-01_transactions_p7,0.18392181396484375,BS-OPER-BKK-PKT-2568-01,OPER-BKK-PKT,2568,01,transactions_p7,7,transactions
renders/bank_statement/2025-01/BS-OPER-BKK-PKT-2568-01_transactions_p8.png,bank_statement,2025-01,.png,BS-OPER-BKK-PKT-2568-01_transactions_p8,0.138336181640625,BS-OPER-BKK-PKT-2568-01,OPER-BKK-PKT,2568,01,transactions_p8,8,transactions
renders/bank_statement/2025-01/BS-OPER-BKK-R9-2568-01_header.png,bank_statement,2025-01,.png,BS-OPER-BKK-R9-2568-01_header,0.297088623046875,BS-OPER-BKK-R9-2568-01,OPER-BKK-R9,2568,01,header,,header
renders/bank_statement/2025-01/BS-OPER-BKK-R9-2568-01_transactions_p1.png,bank_statement,2025-01,.png,BS-OPER-BKK-R9-2568-01_transactions_p1,0.9025840759277344,BS-OPER-BKK-R9-2568-01,OPER-BKK-R9,2568,01,transactions_p1,1,transactions
renders/bank_statement/2025-01/BS-OPER-BKK-R9-2568-01_transactions_p2.png,bank_statement,2025-01,.png,BS-OPER-BKK-R9-2568-01_transactions_p2,0.9174671173095703,BS-OPER-BKK-R9-2568-01,OPER-BKK-R9,2568,01,transactions_p2,2,transactions
renders/bank_statement/2025-01/BS-OPER-BKK-R9-2568-01_transactions_p3.png,bank_statement,2025-01,.png,BS-OPER-BKK-R9-2568-01_transactions_p3,0.4611539840698242,BS-OPER-BKK-R9-2568-01,OPER-BKK-R9,2568,01,transactions_p3,3,transactions
renders/bank_statement/2025-01/BS-OPER-BKK-SIAM-2568-01_header.png,bank_statement,2025-01,.png,BS-OPER-BKK-SIAM-2568-01_header,0.059528350830078125,BS-OPER-BKK-SIAM-2568-01,OPER-BKK-SIAM,2568,01,header,,header
renders/bank_statement/2025-01/BS-OPER-BKK-SIAM-2568-01_transactions_p1.png,bank_statement,2025-01,.png,BS-OPER-BKK-SIAM-2568-01_transactions_p1,0.19431495666503906,BS-OPER-BKK-SIAM-2568-01,OPER-BKK-SIAM,2568,01,transactions_p1,1,transactions
renders/bank_statement/2025-01/BS-OPER-BKK-SIAM-2568-01_transactions_p2.png,bank_statement,2025-01,.png,BS-OPER-BKK-SIAM-2568-01_transactions_p2,0.2023029327392578,BS-OPER-BKK-SIAM-2568-01,OPER-BKK-SIAM,2568,01,transactions_p2,2,transactions
renders/bank_statement/2025-01/BS-OPER-BKK-SIAM-2568-01_transactions_p3.png,bank_statement,2025-01,.png,BS-OPER-BKK-SIAM-2568-01_transactions_p3,0.19748210906982422,BS-OPER-BKK-SIAM-2568-01,OPER-BKK-SIAM,2568,01,transactions_p3,3,transactions
renders/bank_statement/2025-01/BS-OPER-BKK-SIAM-2568-01_transactions_p4.png,bank_statement,2025-01,.png,BS-OPER-BKK-SIAM-2568-01_transactions_p4,0.1984262466430664,BS-OPER-BKK-SIAM-2568-01,OPER-BKK-SIAM,2568,01,transactions_p4,4,transactions
renders/bank_statement/2025-01/BS-OPER-BKK-SIAM-2568-01_transactions_p5.png,bank_statement,2025-01,.png,BS-OPER-BKK-SIAM-2568-01_transactions_p5,0.19890213012695312,BS-OPER-BKK-SIAM-2568-01,OPER-BKK-SIAM,2568,01,transactions_p5,5,transactions
renders/bank_statement/2025-01/BS-OPER-BKK-SIAM-2568-01_transactions_p6.png,bank_statement,2025-01,.png,BS-OPER-BKK-SIAM-2568-01_transactions_p6,0.20062732696533203,BS-OPER-BKK-SIAM-2568-01,OPER-BKK-SIAM,2568,01,transactions_p6,6,transactions
renders/bank_statement/2025-01/BS-OPER-BKK-SIAM-2568-01_transactions_p7.png,bank_statement,2025-01,.png,BS-OPER-BKK-SIAM-2568-01_transactions_p7,0.20148849487304688,BS-OPER-BKK-SIAM-2568-01,OPER-BKK-SIAM,2568,01,transactions_p7,7,transactions
renders/bank_statement/2025-01/BS-OPER-BKK-SIAM-2568-01_transactions_p8.png,bank_statement,2025-01,.png,BS-OPER-BKK-SIAM-2568-01_transactions_p8,0.17035579681396484,BS-OPER-BKK-SIAM-2568-01,OPER-BKK-SIAM,2568,01,transactions_p8,8,transactions
renders/bank_statement/2025-01/BS-OPER-CNX-MAYA-2568-01_header.png,bank_statement,2025-01,.png,BS-OPER-CNX-MAYA-2568-01_header,0.09162044525146484,BS-OPER-CNX-MAYA-2568-01,OPER-CNX-MAYA,2568,01,header,,header
renders/bank_statement/2025-01/BS-OPER-CNX-MAYA-2568-01_transactions_p1.png,bank_statement,2025-01,.png,BS-OPER-CNX-MAYA-2568-01_transactions_p1,0.17432498931884766,BS-OPER-CNX-MAYA-2568-01,OPER-CNX-MAYA,2568,01,transactions_p1,1,transactions
renders/bank_statement/2025-01/BS-OPER-CNX-MAYA-2568-01_transactions_p2.png,bank_statement,2025-01,.png,BS-OPER-CNX-MAYA-2568-01_transactions_p2,0.17889404296875,BS-OPER-CNX-MAYA-2568-01,OPER-CNX-MAYA,2568,01,transactions_p2,2,transactions
renders/bank_statement/2025-01/BS-OPER-CNX-MAYA-2568-01_transactions_p3.png,bank_statement,2025-01,.png,BS-OPER-CNX-MAYA-2568-01_transactions_p3,0.17914772033691406,BS-OPER-CNX-MAYA-2568-01,OPER-CNX-MAYA,2568,01,transactions_p3,3,transactions
renders/bank_statement/2025-01/BS-OPER-CNX-MAYA-2568-01_transactions_p4.png,bank_statement,2025-01,.png,BS-OPER-CNX-MAYA-2568-01_transactions_p4,0.17863941192626953,BS-OPER-CNX-MAYA-2568-01,OPER-CNX-MAYA,2568,01,transactions_p4,4,transactions
renders/bank_statement/2025-01/BS-OPER-CNX-MAYA-2568-01_transactions_p5.png,bank_statement,2025-01,.png,BS-OPER-CNX-MAYA-2568-01_transactions_p5,0.18041133880615234,BS-OPER-CNX-MAYA-2568-01,OPER-CNX-MAYA,2568,01,transactions_p5,5,transactions
renders/bank_statement/2025-01/BS-OPER-CNX-MAYA-2568-01_transactions_p6.png,bank_statement,2025-01,.png,BS-OPER-CNX-MAYA-2568-01_transactions_p6,0.1798095703125,BS-OPER-CNX-MAYA-2568-01,OPER-CNX-MAYA,2568,01,transactions_p6,6,transactions
renders/bank_statement/2025-01/BS-OPER-CNX-MAYA-2568-01_transactions_p7.png,bank_statement,2025-01,.png,BS-OPER-CNX-MAYA-2568-01_transactions_p7,0.18147850036621094,BS-OPER-CNX-MAYA-2568-01,OPER-CNX-MAYA,2568,01,transactions_p7,7,transactions
renders/bank_statement/2025-01/BS-OPER-HKT-FEST-2568-01_header.png,bank_statement,2025-01,.png,BS-OPER-HKT-FEST-2568-01_header,0.2949247360229492,BS-OPER-HKT-FEST-2568-01,OPER-HKT-FEST,2568,01,header,,header
renders/bank_statement/2025-01/BS-OPER-HKT-FEST-2568-01_transactions_p1.png,bank_statement,2025-01,.png,BS-OPER-HKT-FEST-2568-01_transactions_p1,0.8562898635864258,BS-OPER-HKT-FEST-2568-01,OPER-HKT-FEST,2568,01,transactions_p1,1,transactions
renders/bank_statement/2025-01/BS-OPER-HKT-FEST-2568-01_transactions_p2.png,bank_statement,2025-01,.png,BS-OPER-HKT-FEST-2568-01_transactions_p2,0.8749542236328125,BS-OPER-HKT-FEST-2568-01,OPER-HKT-FEST,2568,01,transactions_p2,2,transactions
renders/bank_statement/2025-01/BS-OPER-HKT-FEST-2568-01_transactions_p3.png,bank_statement,2025-01,.png,BS-OPER-HKT-FEST-2568-01_transactions_p3,0.3845701217651367,BS-OPER-HKT-FEST-2568-01,OPER-HKT-FEST,2568,01,transactions_p3,3,transactions
renders/bank_statement/2025-01/BS-OPER-KKC-CTRL-2568-01_header.png,bank_statement,2025-01,.png,BS-OPER-KKC-CTRL-2568-01_header,0.059368133544921875,BS-OPER-KKC-CTRL-2568-01,OPER-KKC-CTRL,2568,01,header,,header
renders/bank_statement/2025-01/BS-OPER-KKC-CTRL-2568-01_transactions_p1.png,bank_statement,2025-01,.png,BS-OPER-KKC-CTRL-2568-01_transactions_p1,0.18445682525634766,BS-OPER-KKC-CTRL-2568-01,OPER-KKC-CTRL,2568,01,transactions_p1,1,transactions
renders/bank_statement/2025-01/BS-OPER-KKC-CTRL-2568-01_transactions_p2.png,bank_statement,2025-01,.png,BS-OPER-KKC-CTRL-2568-01_transactions_p2,0.19128704071044922,BS-OPER-KKC-CTRL-2568-01,OPER-KKC-CTRL,2568,01,transactions_p2,2,transactions
renders/bank_statement/2025-01/BS-OPER-KKC-CTRL-2568-01_transactions_p3.png,bank_statement,2025-01,.png,BS-OPER-KKC-CTRL-2568-01_transactions_p3,0.18849468231201172,BS-OPER-KKC-CTRL-2568-01,OPER-KKC-CTRL,2568,01,transactions_p3,3,transactions
renders/bank_statement/2025-01/BS-OPER-KKC-CTRL-2568-01_transactions_p4.png,bank_statement,2025-01,.png,BS-OPER-KKC-CTRL-2568-01_transactions_p4,0.19150924682617188,BS-OPER-KKC-CTRL-2568-01,OPER-KKC-CTRL,2568,01,transactions_p4,4,transactions
renders/bank_statement/2025-01/BS-OPER-KKC-CTRL-2568-01_transactions_p5.png,bank_statement,2025-01,.png,BS-OPER-KKC-CTRL-2568-01_transactions_p5,0.1879119873046875,BS-OPER-KKC-CTRL-2568-01,OPER-KKC-CTRL,2568,01,transactions_p5,5,transactions
renders/bank_statement/2025-01/BS-OPER-KKC-CTRL-2568-01_transactions_p6.png,bank_statement,2025-01,.png,BS-OPER-KKC-CTRL-2568-01_transactions_p6,0.190826416015625,BS-OPER-KKC-CTRL-2568-01,OPER-KKC-CTRL,2568,01,transactions_p6,6,transactions
renders/bank_statement/2025-01/BS-OPER-KKC-CTRL-2568-01_transactions_p7.png,bank_statement,2025-01,.png,BS-OPER-KKC-CTRL-2568-01_transactions_p7,0.13391685485839844,BS-OPER-KKC-CTRL-2568-01,OPER-KKC-CTRL,2568,01,transactions_p7,7,transactions
renders/bank_statement/2025-01/BS-OPER-PTY-CTRL-2568-01_header.png,bank_statement,2025-01,.png,BS-OPER-PTY-CTRL-2568-01_header,0.0910348892211914,BS-OPER-PTY-CTRL-2568-01,OPER-PTY-CTRL,2568,01,header,,header
renders/bank_statement/2025-01/BS-OPER-PTY-CTRL-2568-01_transactions_p1.png,bank_statement,2025-01,.png,BS-OPER-PTY-CTRL-2568-01_transactions_p1,0.17362499237060547,BS-OPER-PTY-CTRL-2568-01,OPER-PTY-CTRL,2568,01,transactions_p1,1,transactions
renders/bank_statement/2025-01/BS-OPER-PTY-CTRL-2568-01_transactions_p2.png,bank_statement,2025-01,.png,BS-OPER-PTY-CTRL-2568-01_transactions_p2,0.17942047119140625,BS-OPER-PTY-CTRL-2568-01,OPER-PTY-CTRL,2568,01,transactions_p2,2,transactions
renders/bank_statement/2025-01/BS-OPER-PTY-CTRL-2568-01_transactions_p3.png,bank_statement,2025-01,.png,BS-OPER-PTY-CTRL-2568-01_transactions_p3,0.18096256256103516,BS-OPER-PTY-CTRL-2568-01,OPER-PTY-CTRL,2568,01,transactions_p3,3,transactions
renders/bank_statement/2025-01/BS-OPER-PTY-CTRL-2568-01_transactions_p4.png,bank_statement,2025-01,.png,BS-OPER-PTY-CTRL-2568-01_transactions_p4,0.18026161193847656,BS-OPER-PTY-CTRL-2568-01,OPER-PTY-CTRL,2568,01,transactions_p4,4,transactions
renders/bank_statement/2025-01/BS-OPER-PTY-CTRL-2568-01_transactions_p5.png,bank_statement,2025-01,.png,BS-OPER-PTY-CTRL-2568-01_transactions_p5,0.1802959442138672,BS-OPER-PTY-CTRL-2568-01,OPER-PTY-CTRL,2568,01,transactions_p5,5,transactions
renders/bank_statement/2025-01/BS-OPER-PTY-CTRL-2568-01_transactions_p6.png,bank_statement,2025-01,.png,BS-OPER-PTY-CTRL-2568-01_transactions_p6,0.17889976501464844,BS-OPER-PTY-CTRL-2568-01,OPER-PTY-CTRL,2568,01,transactions_p6,6,transactions
renders/bank_statement/2025-01/BS-OPER-PTY-CTRL-2568-01_transactions_p7.png,bank_statement,2025-01,.png,BS-OPER-PTY-CTRL-2568-01_transactions_p7,0.18111228942871094,BS-OPER-PTY-CTRL-2568-01,OPER-PTY-CTRL,2568,01,transactions_p7,7,transactions
renders/bank_statement/2025-01/BS-OPER-PTY-CTRL-2568-01_transactions_p8.png,bank_statement,2025-01,.png,BS-OPER-PTY-CTRL-2568-01_transactions_p8,0.10730266571044922,BS-OPER-PTY-CTRL-2568-01,OPER-PTY-CTRL,2568,01,transactions_p8,8,transactions
renders/bank_statement/2025-01/BS-OPER-REMOTE-2568-01_header.png,bank_statement,2025-01,.png,BS-OPER-REMOTE-2568-01_header,0.2945871353149414,BS-OPER-REMOTE-2568-01,OPER-REMOTE,2568,01,header,,header
renders/bank_statement/2025-01/BS-OPER-REMOTE-2568-01_transactions_p1.png,bank_statement,2025-01,.png,BS-OPER-REMOTE-2568-01_transactions_p1,0.8730039596557617,BS-OPER-REMOTE-2568-01,OPER-REMOTE,2568,01,transactions_p1,1,transactions
renders/bank_statement/2025-01/BS-OPER-REMOTE-2568-01_transactions_p2.png,bank_statement,2025-01,.png,BS-OPER-REMOTE-2568-01_transactions_p2,0.8617067337036133,BS-OPER-REMOTE-2568-01,OPER-REMOTE,2568,01,transactions_p2,2,transactions
renders/bank_statement/2025-01/BS-OPER-UDN-CTRL-2568-01_header.png,bank_statement,2025-01,.png,BS-OPER-UDN-CTRL-2568-01_header,0.05926513671875,BS-OPER-UDN-CTRL-2568-01,OPER-UDN-CTRL,2568,01,header,,header
renders/bank_statement/2025-01/BS-OPER-UDN-CTRL-2568-01_transactions_p1.png,bank_statement,2025-01,.png,BS-OPER-UDN-CTRL-2568-01_transactions_p1,0.18781089782714844,BS-OPER-UDN-CTRL-2568-01,OPER-UDN-CTRL,2568,01,transactions_p1,1,transactions
renders/bank_statement/2025-01/BS-OPER-UDN-CTRL-2568-01_transactions_p2.png,bank_statement,2025-01,.png,BS-OPER-UDN-CTRL-2568-01_transactions_p2,0.1922140121459961,BS-OPER-UDN-CTRL-2568-01,OPER-UDN-CTRL,2568,01,transactions_p2,2,transactions
renders/bank_statement/2025-01/BS-OPER-UDN-CTRL-2568-01_transactions_p3.png,bank_statement,2025-01,.png,BS-OPER-UDN-CTRL-2568-01_transactions_p3,0.19035816192626953,BS-OPER-UDN-CTRL-2568-01,OPER-UDN-CTRL,2568,01,transactions_p3,3,transactions
renders/bank_statement/2025-01/BS-OPER-UDN-CTRL-2568-01_transactions_p4.png,bank_statement,2025-01,.png,BS-OPER-UDN-CTRL-2568-01_transactions_p4,0.19082355499267578,BS-OPER-UDN-CTRL-2568-01,OPER-UDN-CTRL,2568,01,transactions_p4,4,transactions
renders/bank_statement/2025-01/BS-OPER-UDN-CTRL-2568-01_transactions_p5.png,bank_statement,2025-01,.png,BS-OPER-UDN-CTRL-2568-01_transactions_p5,0.19172191619873047,BS-OPER-UDN-CTRL-2568-01,OPER-UDN-CTRL,2568,01,transactions_p5,5,transactions
renders/bank_statement/2025-01/BS-OPER-UDN-CTRL-2568-01_transactions_p6.png,bank_statement,2025-01,.png,BS-OPER-UDN-CTRL-2568-01_transactions_p6,0.11217594146728516,BS-OPER-UDN-CTRL-2568-01,OPER-UDN-CTRL,2568,01,transactions_p6,6,transactions
renders/bank_statement/2025-01/BS-SCB-OPER-2568-01_header.png,bank_statement,2025-01,.png,BS-SCB-OPER-2568-01_header,0.05863475799560547,BS-SCB-OPER-2568-01,SCB-OPER,2568,01,header,,header
renders/bank_statement/2025-01/BS-SCB-OPER-2568-01_transactions_p1.png,bank_statement,2025-01,.png,BS-SCB-OPER-2568-01_transactions_p1,0.08266258239746094,BS-SCB-OPER-2568-01,SCB-OPER,2568,01,transactions_p1,1,transactions
renders/bank_statement/2025-02/BS-BBL-OPER-2568-02_header.png,bank_statement,2025-02,.png,BS-BBL-OPER-2568-02_header,0.0905466079711914,BS-BBL-OPER-2568-02,BBL-OPER,2568,02,header,,header
renders/bank_statement/2025-02/BS-BBL-OPER-2568-02_transactions_p1.png,bank_statement,2025-02,.png,BS-BBL-OPER-2568-02_transactions_p1,0.09512615203857422,BS-BBL-OPER-2568-02,BBL-OPER,2568,02,transactions_p1,1,transactions
renders/bank_statement/2025-02/BS-KBANK-OPER-2568-02_header.png,bank_statement,2025-02,.png,BS-KBANK-OPER-2568-02_header,0.2998924255371094,BS-KBANK-OPER-2568-02,KBANK-OPER,2568,02,header,,header
renders/bank_statement/2025-02/BS-KBANK-OPER-2568-02_transactions_p1.png,bank_statement,2025-02,.png,BS-KBANK-OPER-2568-02_transactions_p1,0.8666934967041016,BS-KBANK-OPER-2568-02,KBANK-OPER,2568,02,transactions_p1,1,transactions
renders/bank_statement/2025-02/BS-KBANK-OPER-2568-02_transactions_p10.png,bank_statement,2025-02,.png,BS-KBANK-OPER-2568-02_transactions_p10,0.9059438705444336,BS-KBANK-OPER-2568-02,KBANK-OPER,2568,02,transactions_p10,10,transactions
renders/bank_statement/2025-02/BS-KBANK-OPER-2568-02_transactions_p11.png,bank_statement,2025-02,.png,BS-KBANK-OPER-2568-02_transactions_p11,0.9092035293579102,BS-KBANK-OPER-2568-02,KBANK-OPER,2568,02,transactions_p11,11,transactions
renders/bank_statement/2025-02/BS-KBANK-OPER-2568-02_transactions_p12.png,bank_statement,2025-02,.png,BS-KBANK-OPER-2568-02_transactions_p12,0.9008312225341797,BS-KBANK-OPER-2568-02,KBANK-OPER,2568,02,transactions_p12,12,transactions
renders/bank_statement/2025-02/BS-KBANK-OPER-2568-02_transactions_p13.png,bank_statement,2025-02,.png,BS-KBANK-OPER-2568-02_transactions_p13,0.8999605178833008,BS-KBANK-OPER-2568-02,KBANK-OPER,2568,02,transactions_p13,13,transactions
renders/bank_statement/2025-02/BS-KBANK-OPER-2568-02_transactions_p14.png,bank_statement,2025-02,.png,BS-KBANK-OPER-2568-02_transactions_p14,0.8852968215942383,BS-KBANK-OPER-2568-02,KBANK-OPER,2568,02,transactions_p14,14,transactions
renders/bank_statement/2025-02/BS-KBANK-OPER-2568-02_transactions_p15.png,bank_statement,2025-02,.png,BS-KBANK-OPER-2568-02_transactions_p15,0.8777322769165039,BS-KBANK-OPER-2568-02,KBANK-OPER,2568,02,transactions_p15,15,transactions
renders/bank_statement/2025-02/BS-KBANK-OPER-2568-02_transactions_p16.png,bank_statement,2025-02,.png,BS-KBANK-OPER-2568-02_transactions_p16,0.8754281997680664,BS-KBANK-OPER-2568-02,KBANK-OPER,2568,02,transactions_p16,16,transactions
renders/bank_statement/2025-02/BS-KBANK-OPER-2568-02_transactions_p17.png,bank_statement,2025-02,.png,BS-KBANK-OPER-2568-02_transactions_p17,0.8883953094482422,BS-KBANK-OPER-2568-02,KBANK-OPER,2568,02,transactions_p17,17,transactions
renders/bank_statement/2025-02/BS-KBANK-OPER-2568-02_transactions_p18.png,bank_statement,2025-02,.png,BS-KBANK-OPER-2568-02_transactions_p18,0.8970851898193359,BS-KBANK-OPER-2568-02,KBANK-OPER,2568,02,transactions_p18,18,transactions
renders/bank_statement/2025-02/BS-KBANK-OPER-2568-02_transactions_p19.png,bank_statement,2025-02,.png,BS-KBANK-OPER-2568-02_transactions_p19,0.8828706741333008,BS-KBANK-OPER-2568-02,KBANK-OPER,2568,02,transactions_p19,19,transactions
renders/bank_statement/2025-02/BS-KBANK-OPER-2568-02_transactions_p2.png,bank_statement,2025-02,.png,BS-KBANK-OPER-2568-02_transactions_p2,0.8761367797851562,BS-KBANK-OPER-2568-02,KBANK-OPER,2568,02,transactions_p2,2,transactions
renders/bank_statement/2025-02/BS-KBANK-OPER-2568-02_transactions_p20.png,bank_statement,2025-02,.png,BS-KBANK-OPER-2568-02_transactions_p20,0.9197311401367188,BS-KBANK-OPER-2568-02,KBANK-OPER,2568,02,transactions_p20,20,transactions
renders/bank_statement/2025-02/BS-KBANK-OPER-2568-02_transactions_p21.png,bank_statement,2025-02,.png,BS-KBANK-OPER-2568-02_transactions_p21,0.9214992523193359,BS-KBANK-OPER-2568-02,KBANK-OPER,2568,02,transactions_p21,21,transactions
renders/bank_statement/2025-02/BS-KBANK-OPER-2568-02_transactions_p22.png,bank_statement,2025-02,.png,BS-KBANK-OPER-2568-02_transactions_p22,0.9272480010986328,BS-KBANK-OPER-2568-02,KBANK-OPER,2568,02,transactions_p22,22,transactions
renders/bank_statement/2025-02/BS-KBANK-OPER-2568-02_transactions_p23.png,bank_statement,2025-02,.png,BS-KBANK-OPER-2568-02_transactions_p23,0.9274749755859375,BS-KBANK-OPER-2568-02,KBANK-OPER,2568,02,transactions_p23,23,transactions
renders/bank_statement/2025-02/BS-KBANK-OPER-2568-02_transactions_p24.png,bank_statement,2025-02,.png,BS-KBANK-OPER-2568-02_transactions_p24,0.9218759536743164,BS-KBANK-OPER-2568-02,KBANK-OPER,2568,02,transactions_p24,24,transactions
renders/bank_statement/2025-02/BS-KBANK-OPER-2568-02_transactions_p25.png,bank_statement,2025-02,.png,BS-KBANK-OPER-2568-02_transactions_p25,0.9315080642700195,BS-KBANK-OPER-2568-02,KBANK-OPER,2568,02,transactions_p25,25,transactions
renders/bank_statement/2025-02/BS-KBANK-OPER-2568-02_transactions_p26.png,bank_statement,2025-02,.png,BS-KBANK-OPER-2568-02_transactions_p26,0.9213190078735352,BS-KBANK-OPER-2568-02,KBANK-OPER,2568,02,transactions_p26,26,transactions
renders/bank_statement/2025-02/BS-KBANK-OPER-2568-02_transactions_p27.png,bank_statement,2025-02,.png,BS-KBANK-OPER-2568-02_transactions_p27,0.9245452880859375,BS-KBANK-OPER-2568-02,KBANK-OPER,2568,02,transactions_p27,27,transactions
renders/bank_statement/2025-02/BS-KBANK-OPER-2568-02_transactions_p28.png,bank_statement,2025-02,.png,BS-KBANK-OPER-2568-02_transactions_p28,0.9258241653442383,BS-KBANK-OPER-2568-02,KBANK-OPER,2568,02,transactions_p28,28,transactions
renders/bank_statement/2025-02/BS-KBANK-OPER-2568-02_transactions_p29.png,bank_statement,2025-02,.png,BS-KBANK-OPER-2568-02_transactions_p29,0.9253406524658203,BS-KBANK-OPER-2568-02,KBANK-OPER,2568,02,transactions_p29,29,transactions
renders/bank_statement/2025-02/BS-KBANK-OPER-2568-02_transactions_p3.png,bank_statement,2025-02,.png,BS-KBANK-OPER-2568-02_transactions_p3,0.8924980163574219,BS-KBANK-OPER-2568-02,KBANK-OPER,2568,02,transactions_p3,3,transactions
renders/bank_statement/2025-02/BS-KBANK-OPER-2568-02_transactions_p30.png,bank_statement,2025-02,.png,BS-KBANK-OPER-2568-02_transactions_p30,0.9322547912597656,BS-KBANK-OPER-2568-02,KBANK-OPER,2568,02,transactions_p30,30,transactions
renders/bank_statement/2025-02/BS-KBANK-OPER-2568-02_transactions_p31.png,bank_statement,2025-02,.png,BS-KBANK-OPER-2568-02_transactions_p31,0.9203510284423828,BS-KBANK-OPER-2568-02,KBANK-OPER,2568,02,transactions_p31,31,transactions
renders/bank_statement/2025-02/BS-KBANK-OPER-2568-02_transactions_p32.png,bank_statement,2025-02,.png,BS-KBANK-OPER-2568-02_transactions_p32,0.9253005981445312,BS-KBANK-OPER-2568-02,KBANK-OPER,2568,02,transactions_p32,32,transactions
renders/bank_statement/2025-02/BS-KBANK-OPER-2568-02_transactions_p33.png,bank_statement,2025-02,.png,BS-KBANK-OPER-2568-02_transactions_p33,0.6475744247436523,BS-KBANK-OPER-2568-02,KBANK-OPER,2568,02,transactions_p33,33,transactions
renders/bank_statement/2025-02/BS-KBANK-OPER-2568-02_transactions_p4.png,bank_statement,2025-02,.png,BS-KBANK-OPER-2568-02_transactions_p4,0.9007816314697266,BS-KBANK-OPER-2568-02,KBANK-OPER,2568,02,transactions_p4,4,transactions
renders/bank_statement/2025-02/BS-KBANK-OPER-2568-02_transactions_p5.png,bank_statement,2025-02,.png,BS-KBANK-OPER-2568-02_transactions_p5,0.8959236145019531,BS-KBANK-OPER-2568-02,KBANK-OPER,2568,02,transactions_p5,5,transactions
renders/bank_statement/2025-02/BS-KBANK-OPER-2568-02_transactions_p6.png,bank_statement,2025-02,.png,BS-KBANK-OPER-2568-02_transactions_p6,0.8918600082397461,BS-KBANK-OPER-2568-02,KBANK-OPER,2568,02,transactions_p6,6,transactions
renders/bank_statement/2025-02/BS-KBANK-OPER-2568-02_transactions_p7.png,bank_statement,2025-02,.png,BS-KBANK-OPER-2568-02_transactions_p7,0.8716449737548828,BS-KBANK-OPER-2568-02,KBANK-OPER,2568,02,transactions_p7,7,transactions
renders/bank_statement/2025-02/BS-KBANK-OPER-2568-02_transactions_p8.png,bank_statement,2025-02,.png,BS-KBANK-OPER-2568-02_transactions_p8,0.8815631866455078,BS-KBANK-OPER-2568-02,KBANK-OPER,2568,02,transactions_p8,8,transactions
renders/bank_statement/2025-02/BS-KBANK-OPER-2568-02_transactions_p9.png,bank_statement,2025-02,.png,BS-KBANK-OPER-2568-02_transactions_p9,0.9013233184814453,BS-KBANK-OPER-2568-02,KBANK-OPER,2568,02,transactions_p9,9,transactions
renders/bank_statement/2025-02/BS-OPER-BKK-CTW-2568-02_header.png,bank_statement,2025-02,.png,BS-OPER-BKK-CTW-2568-02_header,0.29992198944091797,BS-OPER-BKK-CTW-2568-02,OPER-BKK-CTW,2568,02,header,,header
renders/bank_statement/2025-02/BS-OPER-BKK-CTW-2568-02_transactions_p1.png,bank_statement,2025-02,.png,BS-OPER-BKK-CTW-2568-02_transactions_p1,0.8949728012084961,BS-OPER-BKK-CTW-2568-02,OPER-BKK-CTW,2568,02,transactions_p1,1,transactions
renders/bank_statement/2025-02/BS-OPER-BKK-CTW-2568-02_transactions_p2.png,bank_statement,2025-02,.png,BS-OPER-BKK-CTW-2568-02_transactions_p2,0.8966875076293945,BS-OPER-BKK-CTW-2568-02,OPER-BKK-CTW,2568,02,transactions_p2,2,transactions
renders/bank_statement/2025-02/BS-OPER-BKK-CTW-2568-02_transactions_p3.png,bank_statement,2025-02,.png,BS-OPER-BKK-CTW-2568-02_transactions_p3,0.40007877349853516,BS-OPER-BKK-CTW-2568-02,OPER-BKK-CTW,2568,02,transactions_p3,3,transactions
renders/bank_statement/2025-02/BS-OPER-BKK-EMSP-2568-02_header.png,bank_statement,2025-02,.png,BS-OPER-BKK-EMSP-2568-02_header,0.059485435485839844,BS-OPER-BKK-EMSP-2568-02,OPER-BKK-EMSP,2568,02,header,,header
renders/bank_statement/2025-02/BS-OPER-BKK-EMSP-2568-02_transactions_p1.png,bank_statement,2025-02,.png,BS-OPER-BKK-EMSP-2568-02_transactions_p1,0.19225025177001953,BS-OPER-BKK-EMSP-2568-02,OPER-BKK-EMSP,2568,02,transactions_p1,1,transactions
renders/bank_statement/2025-02/BS-OPER-BKK-EMSP-2568-02_transactions_p2.png,bank_statement,2025-02,.png,BS-OPER-BKK-EMSP-2568-02_transactions_p2,0.20138263702392578,BS-OPER-BKK-EMSP-2568-02,OPER-BKK-EMSP,2568,02,transactions_p2,2,transactions
renders/bank_statement/2025-02/BS-OPER-BKK-EMSP-2568-02_transactions_p3.png,bank_statement,2025-02,.png,BS-OPER-BKK-EMSP-2568-02_transactions_p3,0.19602489471435547,BS-OPER-BKK-EMSP-2568-02,OPER-BKK-EMSP,2568,02,transactions_p3,3,transactions
renders/bank_statement/2025-02/BS-OPER-BKK-EMSP-2568-02_transactions_p4.png,bank_statement,2025-02,.png,BS-OPER-BKK-EMSP-2568-02_transactions_p4,0.19866466522216797,BS-OPER-BKK-EMSP-2568-02,OPER-BKK-EMSP,2568,02,transactions_p4,4,transactions
renders/bank_statement/2025-02/BS-OPER-BKK-EMSP-2568-02_transactions_p5.png,bank_statement,2025-02,.png,BS-OPER-BKK-EMSP-2568-02_transactions_p5,0.19771575927734375,BS-OPER-BKK-EMSP-2568-02,OPER-BKK-EMSP,2568,02,transactions_p5,5,transactions
renders/bank_statement/2025-02/BS-OPER-BKK-EMSP-2568-02_transactions_p6.png,bank_statement,2025-02,.png,BS-OPER-BKK-EMSP-2568-02_transactions_p6,0.19744014739990234,BS-OPER-BKK-EMSP-2568-02,OPER-BKK-EMSP,2568,02,transactions_p6,6,transactions
renders/bank_statement/2025-02/BS-OPER-BKK-EMSP-2568-02_transactions_p7.png,bank_statement,2025-02,.png,BS-OPER-BKK-EMSP-2568-02_transactions_p7,0.12218093872070312,BS-OPER-BKK-EMSP-2568-02,OPER-BKK-EMSP,2568,02,transactions_p7,7,transactions
renders/bank_statement/2025-02/BS-OPER-BKK-PKT-2568-02_header.png,bank_statement,2025-02,.png,BS-OPER-BKK-PKT-2568-02_header,0.09141826629638672,BS-OPER-BKK-PKT-2568-02,OPER-BKK-PKT,2568,02,header,,header
renders/bank_statement/2025-02/BS-OPER-BKK-PKT-2568-02_transactions_p1.png,bank_statement,2025-02,.png,BS-OPER-BKK-PKT-2568-02_transactions_p1,0.17647457122802734,BS-OPER-BKK-PKT-2568-02,OPER-BKK-PKT,2568,02,transactions_p1,1,transactions
renders/bank_statement/2025-02/BS-OPER-BKK-PKT-2568-02_transactions_p2.png,bank_statement,2025-02,.png,BS-OPER-BKK-PKT-2568-02_transactions_p2,0.18059825897216797,BS-OPER-BKK-PKT-2568-02,OPER-BKK-PKT,2568,02,transactions_p2,2,transactions
renders/bank_statement/2025-02/BS-OPER-BKK-PKT-2568-02_transactions_p3.png,bank_statement,2025-02,.png,BS-OPER-BKK-PKT-2568-02_transactions_p3,0.18080902099609375,BS-OPER-BKK-PKT-2568-02,OPER-BKK-PKT,2568,02,transactions_p3,3,transactions
renders/bank_statement/2025-02/BS-OPER-BKK-PKT-2568-02_transactions_p4.png,bank_statement,2025-02,.png,BS-OPER-BKK-PKT-2568-02_transactions_p4,0.18239212036132812,BS-OPER-BKK-PKT-2568-02,OPER-BKK-PKT,2568,02,transactions_p4,4,transactions
renders/bank_statement/2025-02/BS-OPER-BKK-PKT-2568-02_transactions_p5.png,bank_statement,2025-02,.png,BS-OPER-BKK-PKT-2568-02_transactions_p5,0.18296337127685547,BS-OPER-BKK-PKT-2568-02,OPER-BKK-PKT,2568,02,transactions_p5,5,transactions
renders/bank_statement/2025-02/BS-OPER-BKK-PKT-2568-02_transactions_p6.png,bank_statement,2025-02,.png,BS-OPER-BKK-PKT-2568-02_transactions_p6,0.1822376251220703,BS-OPER-BKK-PKT-2568-02,OPER-BKK-PKT,2568,02,transactions_p6,6,transactions
renders/bank_statement/2025-02/BS-OPER-BKK-PKT-2568-02_transactions_p7.png,bank_statement,2025-02,.png,BS-OPER-BKK-PKT-2568-02_transactions_p7,0.1684741973876953,BS-OPER-BKK-PKT-2568-02,OPER-BKK-PKT,2568,02,transactions_p7,7,transactions
renders/bank_statement/2025-02/BS-OPER-BKK-R9-2568-02_header.png,bank_statement,2025-02,.png,BS-OPER-BKK-R9-2568-02_header,0.2968616485595703,BS-OPER-BKK-R9-2568-02,OPER-BKK-R9,2568,02,header,,header
renders/bank_statement/2025-02/BS-OPER-BKK-R9-2568-02_transactions_p1.png,bank_statement,2025-02,.png,BS-OPER-BKK-R9-2568-02_transactions_p1,0.9064292907714844,BS-OPER-BKK-R9-2568-02,OPER-BKK-R9,2568,02,transactions_p1,1,transactions
renders/bank_statement/2025-02/BS-OPER-BKK-R9-2568-02_transactions_p2.png,bank_statement,2025-02,.png,BS-OPER-BKK-R9-2568-02_transactions_p2,0.9175682067871094,BS-OPER-BKK-R9-2568-02,OPER-BKK-R9,2568,02,transactions_p2,2,transactions
renders/bank_statement/2025-02/BS-OPER-BKK-R9-2568-02_transactions_p3.png,bank_statement,2025-02,.png,BS-OPER-BKK-R9-2568-02_transactions_p3,0.24711322784423828,BS-OPER-BKK-R9-2568-02,OPER-BKK-R9,2568,02,transactions_p3,3,transactions
renders/bank_statement/2025-02/BS-OPER-BKK-SIAM-2568-02_header.png,bank_statement,2025-02,.png,BS-OPER-BKK-SIAM-2568-02_header,0.059662818908691406,BS-OPER-BKK-SIAM-2568-02,OPER-BKK-SIAM,2568,02,header,,header
renders/bank_statement/2025-02/BS-OPER-BKK-SIAM-2568-02_transactions_p1.png,bank_statement,2025-02,.png,BS-OPER-BKK-SIAM-2568-02_transactions_p1,0.19501304626464844,BS-OPER-BKK-SIAM-2568-02,OPER-BKK-SIAM,2568,02,transactions_p1,1,transactions
renders/bank_statement/2025-02/BS-OPER-BKK-SIAM-2568-02_transactions_p2.png,bank_statement,2025-02,.png,BS-OPER-BKK-SIAM-2568-02_transactions_p2,0.2012624740600586,BS-OPER-BKK-SIAM-2568-02,OPER-BKK-SIAM,2568,02,transactions_p2,2,transactions
renders/bank_statement/2025-02/BS-OPER-BKK-SIAM-2568-02_transactions_p3.png,bank_statement,2025-02,.png,BS-OPER-BKK-SIAM-2568-02_transactions_p3,0.1993427276611328,BS-OPER-BKK-SIAM-2568-02,OPER-BKK-SIAM,2568,02,transactions_p3,3,transactions
renders/bank_statement/2025-02/BS-OPER-BKK-SIAM-2568-02_transactions_p4.png,bank_statement,2025-02,.png,BS-OPER-BKK-SIAM-2568-02_transactions_p4,0.19818496704101562,BS-OPER-BKK-SIAM-2568-02,OPER-BKK-SIAM,2568,02,transactions_p4,4,transactions
renders/bank_statement/2025-02/BS-OPER-BKK-SIAM-2568-02_transactions_p5.png,bank_statement,2025-02,.png,BS-OPER-BKK-SIAM-2568-02_transactions_p5,0.19890594482421875,BS-OPER-BKK-SIAM-2568-02,OPER-BKK-SIAM,2568,02,transactions_p5,5,transactions
renders/bank_statement/2025-02/BS-OPER-BKK-SIAM-2568-02_transactions_p6.png,bank_statement,2025-02,.png,BS-OPER-BKK-SIAM-2568-02_transactions_p6,0.1974782943725586,BS-OPER-BKK-SIAM-2568-02,OPER-BKK-SIAM,2568,02,transactions_p6,6,transactions
renders/bank_statement/2025-02/BS-OPER-BKK-SIAM-2568-02_transactions_p7.png,bank_statement,2025-02,.png,BS-OPER-BKK-SIAM-2568-02_transactions_p7,0.1855325698852539,BS-OPER-BKK-SIAM-2568-02,OPER-BKK-SIAM,2568,02,transactions_p7,7,transactions
renders/bank_statement/2025-02/BS-OPER-CNX-MAYA-2568-02_header.png,bank_statement,2025-02,.png,BS-OPER-CNX-MAYA-2568-02_header,0.09200000762939453,BS-OPER-CNX-MAYA-2568-02,OPER-CNX-MAYA,2568,02,header,,header
renders/bank_statement/2025-02/BS-OPER-CNX-MAYA-2568-02_transactions_p1.png,bank_statement,2025-02,.png,BS-OPER-CNX-MAYA-2568-02_transactions_p1,0.17679405212402344,BS-OPER-CNX-MAYA-2568-02,OPER-CNX-MAYA,2568,02,transactions_p1,1,transactions
renders/bank_statement/2025-02/BS-OPER-CNX-MAYA-2568-02_transactions_p2.png,bank_statement,2025-02,.png,BS-OPER-CNX-MAYA-2568-02_transactions_p2,0.18184375762939453,BS-OPER-CNX-MAYA-2568-02,OPER-CNX-MAYA,2568,02,transactions_p2,2,transactions
renders/bank_statement/2025-02/BS-OPER-CNX-MAYA-2568-02_transactions_p3.png,bank_statement,2025-02,.png,BS-OPER-CNX-MAYA-2568-02_transactions_p3,0.1809234619140625,BS-OPER-CNX-MAYA-2568-02,OPER-CNX-MAYA,2568,02,transactions_p3,3,transactions
renders/bank_statement/2025-02/BS-OPER-CNX-MAYA-2568-02_transactions_p4.png,bank_statement,2025-02,.png,BS-OPER-CNX-MAYA-2568-02_transactions_p4,0.18336772918701172,BS-OPER-CNX-MAYA-2568-02,OPER-CNX-MAYA,2568,02,transactions_p4,4,transactions
renders/bank_statement/2025-02/BS-OPER-CNX-MAYA-2568-02_transactions_p5.png,bank_statement,2025-02,.png,BS-OPER-CNX-MAYA-2568-02_transactions_p5,0.17952728271484375,BS-OPER-CNX-MAYA-2568-02,OPER-CNX-MAYA,2568,02,transactions_p5,5,transactions
renders/bank_statement/2025-02/BS-OPER-CNX-MAYA-2568-02_transactions_p6.png,bank_statement,2025-02,.png,BS-OPER-CNX-MAYA-2568-02_transactions_p6,0.1828136444091797,BS-OPER-CNX-MAYA-2568-02,OPER-CNX-MAYA,2568,02,transactions_p6,6,transactions
renders/bank_statement/2025-02/BS-OPER-CNX-MAYA-2568-02_transactions_p7.png,bank_statement,2025-02,.png,BS-OPER-CNX-MAYA-2568-02_transactions_p7,0.0947418212890625,BS-OPER-CNX-MAYA-2568-02,OPER-CNX-MAYA,2568,02,transactions_p7,7,transactions
renders/bank_statement/2025-02/BS-OPER-HKT-FEST-2568-02_header.png,bank_statement,2025-02,.png,BS-OPER-HKT-FEST-2568-02_header,0.29538917541503906,BS-OPER-HKT-FEST-2568-02,OPER-HKT-FEST,2568,02,header,,header
renders/bank_statement/2025-02/BS-OPER-HKT-FEST-2568-02_transactions_p1.png,bank_statement,2025-02,.png,BS-OPER-HKT-FEST-2568-02_transactions_p1,0.8638591766357422,BS-OPER-HKT-FEST-2568-02,OPER-HKT-FEST,2568,02,transactions_p1,1,transactions
renders/bank_statement/2025-02/BS-OPER-HKT-FEST-2568-02_transactions_p2.png,bank_statement,2025-02,.png,BS-OPER-HKT-FEST-2568-02_transactions_p2,0.873565673828125,BS-OPER-HKT-FEST-2568-02,OPER-HKT-FEST,2568,02,transactions_p2,2,transactions
renders/bank_statement/2025-02/BS-OPER-HKT-FEST-2568-02_transactions_p3.png,bank_statement,2025-02,.png,BS-OPER-HKT-FEST-2568-02_transactions_p3,0.14966201782226562,BS-OPER-HKT-FEST-2568-02,OPER-HKT-FEST,2568,02,transactions_p3,3,transactions
renders/bank_statement/2025-02/BS-OPER-KKC-CTRL-2568-02_header.png,bank_statement,2025-02,.png,BS-OPER-KKC-CTRL-2568-02_header,0.059494972229003906,BS-OPER-KKC-CTRL-2568-02,OPER-KKC-CTRL,2568,02,header,,header
renders/bank_statement/2025-02/BS-OPER-KKC-CTRL-2568-02_transactions_p1.png,bank_statement,2025-02,.png,BS-OPER-KKC-CTRL-2568-02_transactions_p1,0.1819753646850586,BS-OPER-KKC-CTRL-2568-02,OPER-KKC-CTRL,2568,02,transactions_p1,1,transactions
renders/bank_statement/2025-02/BS-OPER-KKC-CTRL-2568-02_transactions_p2.png,bank_statement,2025-02,.png,BS-OPER-KKC-CTRL-2568-02_transactions_p2,0.18894386291503906,BS-OPER-KKC-CTRL-2568-02,OPER-KKC-CTRL,2568,02,transactions_p2,2,transactions
renders/bank_statement/2025-02/BS-OPER-KKC-CTRL-2568-02_transactions_p3.png,bank_statement,2025-02,.png,BS-OPER-KKC-CTRL-2568-02_transactions_p3,0.18894290924072266,BS-OPER-KKC-CTRL-2568-02,OPER-KKC-CTRL,2568,02,transactions_p3,3,transactions
renders/bank_statement/2025-02/BS-OPER-KKC-CTRL-2568-02_transactions_p4.png,bank_statement,2025-02,.png,BS-OPER-KKC-CTRL-2568-02_transactions_p4,0.1887683868408203,BS-OPER-KKC-CTRL-2568-02,OPER-KKC-CTRL,2568,02,transactions_p4,4,transactions
renders/bank_statement/2025-02/BS-OPER-KKC-CTRL-2568-02_transactions_p5.png,bank_statement,2025-02,.png,BS-OPER-KKC-CTRL-2568-02_transactions_p5,0.18685245513916016,BS-OPER-KKC-CTRL-2568-02,OPER-KKC-CTRL,2568,02,transactions_p5,5,transactions
renders/bank_statement/2025-02/BS-OPER-KKC-CTRL-2568-02_transactions_p6.png,bank_statement,2025-02,.png,BS-OPER-KKC-CTRL-2568-02_transactions_p6,0.17560958862304688,BS-OPER-KKC-CTRL-2568-02,OPER-KKC-CTRL,2568,02,transactions_p6,6,transactions
renders/bank_statement/2025-02/BS-OPER-PTY-CTRL-2568-02_header.png,bank_statement,2025-02,.png,BS-OPER-PTY-CTRL-2568-02_header,0.09131050109863281,BS-OPER-PTY-CTRL-2568-02,OPER-PTY-CTRL,2568,02,header,,header
renders/bank_statement/2025-02/BS-OPER-PTY-CTRL-2568-02_transactions_p1.png,bank_statement,2025-02,.png,BS-OPER-PTY-CTRL-2568-02_transactions_p1,0.17638587951660156,BS-OPER-PTY-CTRL-2568-02,OPER-PTY-CTRL,2568,02,transactions_p1,1,transactions
renders/bank_statement/2025-02/BS-OPER-PTY-CTRL-2568-02_transactions_p2.png,bank_statement,2025-02,.png,BS-OPER-PTY-CTRL-2568-02_transactions_p2,0.1801462173461914,BS-OPER-PTY-CTRL-2568-02,OPER-PTY-CTRL,2568,02,transactions_p2,2,transactions
renders/bank_statement/2025-02/BS-OPER-PTY-CTRL-2568-02_transactions_p3.png,bank_statement,2025-02,.png,BS-OPER-PTY-CTRL-2568-02_transactions_p3,0.1815319061279297,BS-OPER-PTY-CTRL-2568-02,OPER-PTY-CTRL,2568,02,transactions_p3,3,transactions
renders/bank_statement/2025-02/BS-OPER-PTY-CTRL-2568-02_transactions_p4.png,bank_statement,2025-02,.png,BS-OPER-PTY-CTRL-2568-02_transactions_p4,0.181427001953125,BS-OPER-PTY-CTRL-2568-02,OPER-PTY-CTRL,2568,02,transactions_p4,4,transactions
renders/bank_statement/2025-02/BS-OPER-PTY-CTRL-2568-02_transactions_p5.png,bank_statement,2025-02,.png,BS-OPER-PTY-CTRL-2568-02_transactions_p5,0.1814107894897461,BS-OPER-PTY-CTRL-2568-02,OPER-PTY-CTRL,2568,02,transactions_p5,5,transactions
renders/bank_statement/2025-02/BS-OPER-PTY-CTRL-2568-02_transactions_p6.png,bank_statement,2025-02,.png,BS-OPER-PTY-CTRL-2568-02_transactions_p6,0.1794586181640625,BS-OPER-PTY-CTRL-2568-02,OPER-PTY-CTRL,2568,02,transactions_p6,6,transactions
renders/bank_statement/2025-02/BS-OPER-PTY-CTRL-2568-02_transactions_p7.png,bank_statement,2025-02,.png,BS-OPER-PTY-CTRL-2568-02_transactions_p7,0.12544727325439453,BS-OPER-PTY-CTRL-2568-02,OPER-PTY-CTRL,2568,02,transactions_p7,7,transactions
renders/bank_statement/2025-02/BS-OPER-REMOTE-2568-02_header.png,bank_statement,2025-02,.png,BS-OPER-REMOTE-2568-02_header,0.29549503326416016,BS-OPER-REMOTE-2568-02,OPER-REMOTE,2568,02,header,,header
renders/bank_statement/2025-02/BS-OPER-REMOTE-2568-02_transactions_p1.png,bank_statement,2025-02,.png,BS-OPER-REMOTE-2568-02_transactions_p1,0.8802404403686523,BS-OPER-REMOTE-2568-02,OPER-REMOTE,2568,02,transactions_p1,1,transactions
renders/bank_statement/2025-02/BS-OPER-REMOTE-2568-02_transactions_p2.png,bank_statement,2025-02,.png,BS-OPER-REMOTE-2568-02_transactions_p2,0.533294677734375,BS-OPER-REMOTE-2568-02,OPER-REMOTE,2568,02,transactions_p2,2,transactions
renders/bank_statement/2025-02/BS-OPER-UDN-CTRL-2568-02_header.png,bank_statement,2025-02,.png,BS-OPER-UDN-CTRL-2568-02_header,0.059388160705566406,BS-OPER-UDN-CTRL-2568-02,OPER-UDN-CTRL,2568,02,header,,header
renders/bank_statement/2025-02/BS-OPER-UDN-CTRL-2568-02_transactions_p1.png,bank_statement,2025-02,.png,BS-OPER-UDN-CTRL-2568-02_transactions_p1,0.1865386962890625,BS-OPER-UDN-CTRL-2568-02,OPER-UDN-CTRL,2568,02,transactions_p1,1,transactions
renders/bank_statement/2025-02/BS-OPER-UDN-CTRL-2568-02_transactions_p2.png,bank_statement,2025-02,.png,BS-OPER-UDN-CTRL-2568-02_transactions_p2,0.19353961944580078,BS-OPER-UDN-CTRL-2568-02,OPER-UDN-CTRL,2568,02,transactions_p2,2,transactions
renders/bank_statement/2025-02/BS-OPER-UDN-CTRL-2568-02_transactions_p3.png,bank_statement,2025-02,.png,BS-OPER-UDN-CTRL-2568-02_transactions_p3,0.19023704528808594,BS-OPER-UDN-CTRL-2568-02,OPER-UDN-CTRL,2568,02,transactions_p3,3,transactions
renders/bank_statement/2025-02/BS-OPER-UDN-CTRL-2568-02_transactions_p4.png,bank_statement,2025-02,.png,BS-OPER-UDN-CTRL-2568-02_transactions_p4,0.1903858184814453,BS-OPER-UDN-CTRL-2568-02,OPER-UDN-CTRL,2568,02,transactions_p4,4,transactions
renders/bank_statement/2025-02/BS-OPER-UDN-CTRL-2568-02_transactions_p5.png,bank_statement,2025-02,.png,BS-OPER-UDN-CTRL-2568-02_transactions_p5,0.19031047821044922,BS-OPER-UDN-CTRL-2568-02,OPER-UDN-CTRL,2568,02,transactions_p5,5,transactions
renders/bank_statement/2025-02/BS-OPER-UDN-CTRL-2568-02_transactions_p6.png,bank_statement,2025-02,.png,BS-OPER-UDN-CTRL-2568-02_transactions_p6,0.15437793731689453,BS-OPER-UDN-CTRL-2568-02,OPER-UDN-CTRL,2568,02,transactions_p6,6,transactions
renders/bank_statement/2025-02/BS-SCB-OPER-2568-02_header.png,bank_statement,2025-02,.png,BS-SCB-OPER-2568-02_header,0.05875873565673828,BS-SCB-OPER-2568-02,SCB-OPER,2568,02,header,,header
renders/bank_statement/2025-02/BS-SCB-OPER-2568-02_transactions_p1.png,bank_statement,2025-02,.png,BS-SCB-OPER-2568-02_transactions_p1,0.08304595947265625,BS-SCB-OPER-2568-02,SCB-OPER,2568,02,transactions_p1,1,transactions
renders/bank_statement/2025-03/BS-BBL-OPER-2568-03_header.png,bank_statement,2025-03,.png,BS-BBL-OPER-2568-03_header,0.09053611755371094,BS-BBL-OPER-2568-03,BBL-OPER,2568,03,header,,header
renders/bank_statement/2025-03/BS-BBL-OPER-2568-03_transactions_p1.png,bank_statement,2025-03,.png,BS-BBL-OPER-2568-03_transactions_p1,0.09527778625488281,BS-BBL-OPER-2568-03,BBL-OPER,2568,03,transactions_p1,1,transactions
renders/bank_statement/2025-03/BS-KBANK-OPER-2568-03_header.png,bank_statement,2025-03,.png,BS-KBANK-OPER-2568-03_header,0.30219364166259766,BS-KBANK-OPER-2568-03,KBANK-OPER,2568,03,header,,header
renders/bank_statement/2025-03/BS-KBANK-OPER-2568-03_transactions_p1.png,bank_statement,2025-03,.png,BS-KBANK-OPER-2568-03_transactions_p1,0.8758735656738281,BS-KBANK-OPER-2568-03,KBANK-OPER,2568,03,transactions_p1,1,transactions
renders/bank_statement/2025-03/BS-KBANK-OPER-2568-03_transactions_p10.png,bank_statement,2025-03,.png,BS-KBANK-OPER-2568-03_transactions_p10,0.9063081741333008,BS-KBANK-OPER-2568-03,KBANK-OPER,2568,03,transactions_p10,10,transactions
renders/bank_statement/2025-03/BS-KBANK-OPER-2568-03_transactions_p11.png,bank_statement,2025-03,.png,BS-KBANK-OPER-2568-03_transactions_p11,0.9111232757568359,BS-KBANK-OPER-2568-03,KBANK-OPER,2568,03,transactions_p11,11,transactions
renders/bank_statement/2025-03/BS-KBANK-OPER-2568-03_transactions_p12.png,bank_statement,2025-03,.png,BS-KBANK-OPER-2568-03_transactions_p12,0.9189338684082031,BS-KBANK-OPER-2568-03,KBANK-OPER,2568,03,transactions_p12,12,transactions
renders/bank_statement/2025-03/BS-KBANK-OPER-2568-03_transactions_p13.png,bank_statement,2025-03,.png,BS-KBANK-OPER-2568-03_transactions_p13,0.9161758422851562,BS-KBANK-OPER-2568-03,KBANK-OPER,2568,03,transactions_p13,13,transactions
renders/bank_statement/2025-03/BS-KBANK-OPER-2568-03_transactions_p14.png,bank_statement,2025-03,.png,BS-KBANK-OPER-2568-03_transactions_p14,0.9056406021118164,BS-KBANK-OPER-2568-03,KBANK-OPER,2568,03,transactions_p14,14,transactions
renders/bank_statement/2025-03/BS-KBANK-OPER-2568-03_transactions_p15.png,bank_statement,2025-03,.png,BS-KBANK-OPER-2568-03_transactions_p15,0.9040355682373047,BS-KBANK-OPER-2568-03,KBANK-OPER,2568,03,transactions_p15,15,transactions
renders/bank_statement/2025-03/BS-KBANK-OPER-2568-03_transactions_p16.png,bank_statement,2025-03,.png,BS-KBANK-OPER-2568-03_transactions_p16,0.8970174789428711,BS-KBANK-OPER-2568-03,KBANK-OPER,2568,03,transactions_p16,16,transactions
renders/bank_statement/2025-03/BS-KBANK-OPER-2568-03_transactions_p17.png,bank_statement,2025-03,.png,BS-KBANK-OPER-2568-03_transactions_p17,0.8965015411376953,BS-KBANK-OPER-2568-03,KBANK-OPER,2568,03,transactions_p17,17,transactions
renders/bank_statement/2025-03/BS-KBANK-OPER-2568-03_transactions_p18.png,bank_statement,2025-03,.png,BS-KBANK-OPER-2568-03_transactions_p18,0.9031543731689453,BS-KBANK-OPER-2568-03,KBANK-OPER,2568,03,transactions_p18,18,transactions
renders/bank_statement/2025-03/BS-KBANK-OPER-2568-03_transactions_p19.png,bank_statement,2025-03,.png,BS-KBANK-OPER-2568-03_transactions_p19,0.9062137603759766,BS-KBANK-OPER-2568-03,KBANK-OPER,2568,03,transactions_p19,19,transactions
renders/bank_statement/2025-03/BS-KBANK-OPER-2568-03_transactions_p2.png,bank_statement,2025-03,.png,BS-KBANK-OPER-2568-03_transactions_p2,0.8915576934814453,BS-KBANK-OPER-2568-03,KBANK-OPER,2568,03,transactions_p2,2,transactions
renders/bank_statement/2025-03/BS-KBANK-OPER-2568-03_transactions_p20.png,bank_statement,2025-03,.png,BS-KBANK-OPER-2568-03_transactions_p20,0.9037332534790039,BS-KBANK-OPER-2568-03,KBANK-OPER,2568,03,transactions_p20,20,transactions
renders/bank_statement/2025-03/BS-KBANK-OPER-2568-03_transactions_p21.png,bank_statement,2025-03,.png,BS-KBANK-OPER-2568-03_transactions_p21,0.9052019119262695,BS-KBANK-OPER-2568-03,KBANK-OPER,2568,03,transactions_p21,21,transactions
renders/bank_statement/2025-03/BS-KBANK-OPER-2568-03_transactions_p22.png,bank_statement,2025-03,.png,BS-KBANK-OPER-2568-03_transactions_p22,0.914555549621582,BS-KBANK-OPER-2568-03,KBANK-OPER,2568,03,transactions_p22,22,transactions
renders/bank_statement/2025-03/BS-KBANK-OPER-2568-03_transactions_p23.png,bank_statement,2025-03,.png,BS-KBANK-OPER-2568-03_transactions_p23,0.9272003173828125,BS-KBANK-OPER-2568-03,KBANK-OPER,2568,03,transactions_p23,23,transactions
renders/bank_statement/2025-03/BS-KBANK-OPER-2568-03_transactions_p24.png,bank_statement,2025-03,.png,BS-KBANK-OPER-2568-03_transactions_p24,0.9283952713012695,BS-KBANK-OPER-2568-03,KBANK-OPER,2568,03,transactions_p24,24,transactions
renders/bank_statement/2025-03/BS-KBANK-OPER-2568-03_transactions_p25.png,bank_statement,2025-03,.png,BS-KBANK-OPER-2568-03_transactions_p25,0.9251766204833984,BS-KBANK-OPER-2568-03,KBANK-OPER,2568,03,transactions_p25,25,transactions
renders/bank_statement/2025-03/BS-KBANK-OPER-2568-03_transactions_p26.png,bank_statement,2025-03,.png,BS-KBANK-OPER-2568-03_transactions_p26,0.9295291900634766,BS-KBANK-OPER-2568-03,KBANK-OPER,2568,03,transactions_p26,26,transactions
renders/bank_statement/2025-03/BS-KBANK-OPER-2568-03_transactions_p27.png,bank_statement,2025-03,.png,BS-KBANK-OPER-2568-03_transactions_p27,0.9305801391601562,BS-KBANK-OPER-2568-03,KBANK-OPER,2568,03,transactions_p27,27,transactions
renders/bank_statement/2025-03/BS-KBANK-OPER-2568-03_transactions_p28.png,bank_statement,2025-03,.png,BS-KBANK-OPER-2568-03_transactions_p28,0.923945426940918,BS-KBANK-OPER-2568-03,KBANK-OPER,2568,03,transactions_p28,28,transactions
renders/bank_statement/2025-03/BS-KBANK-OPER-2568-03_transactions_p29.png,bank_statement,2025-03,.png,BS-KBANK-OPER-2568-03_transactions_p29,0.9284305572509766,BS-KBANK-OPER-2568-03,KBANK-OPER,2568,03,transactions_p29,29,transactions
renders/bank_statement/2025-03/BS-KBANK-OPER-2568-03_transactions_p3.png,bank_statement,2025-03,.png,BS-KBANK-OPER-2568-03_transactions_p3,0.8949403762817383,BS-KBANK-OPER-2568-03,KBANK-OPER,2568,03,transactions_p3,3,transactions
renders/bank_statement/2025-03/BS-KBANK-OPER-2568-03_transactions_p30.png,bank_statement,2025-03,.png,BS-KBANK-OPER-2568-03_transactions_p30,0.9371700286865234,BS-KBANK-OPER-2568-03,KBANK-OPER,2568,03,transactions_p30,30,transactions
renders/bank_statement/2025-03/BS-KBANK-OPER-2568-03_transactions_p31.png,bank_statement,2025-03,.png,BS-KBANK-OPER-2568-03_transactions_p31,0.9322824478149414,BS-KBANK-OPER-2568-03,KBANK-OPER,2568,03,transactions_p31,31,transactions
renders/bank_statement/2025-03/BS-KBANK-OPER-2568-03_transactions_p32.png,bank_statement,2025-03,.png,BS-KBANK-OPER-2568-03_transactions_p32,0.9248619079589844,BS-KBANK-OPER-2568-03,KBANK-OPER,2568,03,transactions_p32,32,transactions
renders/bank_statement/2025-03/BS-KBANK-OPER-2568-03_transactions_p33.png,bank_statement,2025-03,.png,BS-KBANK-OPER-2568-03_transactions_p33,0.9274349212646484,BS-KBANK-OPER-2568-03,KBANK-OPER,2568,03,transactions_p33,33,transactions
renders/bank_statement/2025-03/BS-KBANK-OPER-2568-03_transactions_p34.png,bank_statement,2025-03,.png,BS-KBANK-OPER-2568-03_transactions_p34,0.9233150482177734,BS-KBANK-OPER-2568-03,KBANK-OPER,2568,03,transactions_p34,34,transactions
renders/bank_statement/2025-03/BS-KBANK-OPER-2568-03_transactions_p35.png,bank_statement,2025-03,.png,BS-KBANK-OPER-2568-03_transactions_p35,0.8902654647827148,BS-KBANK-OPER-2568-03,KBANK-OPER,2568,03,transactions_p35,35,transactions
renders/bank_statement/2025-03/BS-KBANK-OPER-2568-03_transactions_p4.png,bank_statement,2025-03,.png,BS-KBANK-OPER-2568-03_transactions_p4,0.9020633697509766,BS-KBANK-OPER-2568-03,KBANK-OPER,2568,03,transactions_p4,4,transactions
renders/bank_statement/2025-03/BS-KBANK-OPER-2568-03_transactions_p5.png,bank_statement,2025-03,.png,BS-KBANK-OPER-2568-03_transactions_p5,0.9090137481689453,BS-KBANK-OPER-2568-03,KBANK-OPER,2568,03,transactions_p5,5,transactions
renders/bank_statement/2025-03/BS-KBANK-OPER-2568-03_transactions_p6.png,bank_statement,2025-03,.png,BS-KBANK-OPER-2568-03_transactions_p6,0.9049873352050781,BS-KBANK-OPER-2568-03,KBANK-OPER,2568,03,transactions_p6,6,transactions
renders/bank_statement/2025-03/BS-KBANK-OPER-2568-03_transactions_p7.png,bank_statement,2025-03,.png,BS-KBANK-OPER-2568-03_transactions_p7,0.8979482650756836,BS-KBANK-OPER-2568-03,KBANK-OPER,2568,03,transactions_p7,7,transactions
renders/bank_statement/2025-03/BS-KBANK-OPER-2568-03_transactions_p8.png,bank_statement,2025-03,.png,BS-KBANK-OPER-2568-03_transactions_p8,0.9080018997192383,BS-KBANK-OPER-2568-03,KBANK-OPER,2568,03,transactions_p8,8,transactions
renders/bank_statement/2025-03/BS-KBANK-OPER-2568-03_transactions_p9.png,bank_statement,2025-03,.png,BS-KBANK-OPER-2568-03_transactions_p9,0.8916683197021484,BS-KBANK-OPER-2568-03,KBANK-OPER,2568,03,transactions_p9,9,transactions
renders/bank_statement/2025-03/BS-OPER-BKK-CTW-2568-03_header.png,bank_statement,2025-03,.png,BS-OPER-BKK-CTW-2568-03_header,0.30106449127197266,BS-OPER-BKK-CTW-2568-03,OPER-BKK-CTW,2568,03,header,,header
renders/bank_statement/2025-03/BS-OPER-BKK-CTW-2568-03_transactions_p1.png,bank_statement,2025-03,.png,BS-OPER-BKK-CTW-2568-03_transactions_p1,0.9235687255859375,BS-OPER-BKK-CTW-2568-03,OPER-BKK-CTW,2568,03,transactions_p1,1,transactions
renders/bank_statement/2025-03/BS-OPER-BKK-CTW-2568-03_transactions_p2.png,bank_statement,2025-03,.png,BS-OPER-BKK-CTW-2568-03_transactions_p2,0.9315586090087891,BS-OPER-BKK-CTW-2568-03,OPER-BKK-CTW,2568,03,transactions_p2,2,transactions
renders/bank_statement/2025-03/BS-OPER-BKK-CTW-2568-03_transactions_p3.png,bank_statement,2025-03,.png,BS-OPER-BKK-CTW-2568-03_transactions_p3,0.6237049102783203,BS-OPER-BKK-CTW-2568-03,OPER-BKK-CTW,2568,03,transactions_p3,3,transactions
renders/bank_statement/2025-03/BS-OPER-BKK-EMSP-2568-03_header.png,bank_statement,2025-03,.png,BS-OPER-BKK-EMSP-2568-03_header,0.05938720703125,BS-OPER-BKK-EMSP-2568-03,OPER-BKK-EMSP,2568,03,header,,header
renders/bank_statement/2025-03/BS-OPER-BKK-EMSP-2568-03_transactions_p1.png,bank_statement,2025-03,.png,BS-OPER-BKK-EMSP-2568-03_transactions_p1,0.19426250457763672,BS-OPER-BKK-EMSP-2568-03,OPER-BKK-EMSP,2568,03,transactions_p1,1,transactions
renders/bank_statement/2025-03/BS-OPER-BKK-EMSP-2568-03_transactions_p2.png,bank_statement,2025-03,.png,BS-OPER-BKK-EMSP-2568-03_transactions_p2,0.2030019760131836,BS-OPER-BKK-EMSP-2568-03,OPER-BKK-EMSP,2568,03,transactions_p2,2,transactions
renders/bank_statement/2025-03/BS-OPER-BKK-EMSP-2568-03_transactions_p3.png,bank_statement,2025-03,.png,BS-OPER-BKK-EMSP-2568-03_transactions_p3,0.19906044006347656,BS-OPER-BKK-EMSP-2568-03,OPER-BKK-EMSP,2568,03,transactions_p3,3,transactions
renders/bank_statement/2025-03/BS-OPER-BKK-EMSP-2568-03_transactions_p4.png,bank_statement,2025-03,.png,BS-OPER-BKK-EMSP-2568-03_transactions_p4,0.20163822174072266,BS-OPER-BKK-EMSP-2568-03,OPER-BKK-EMSP,2568,03,transactions_p4,4,transactions
renders/bank_statement/2025-03/BS-OPER-BKK-EMSP-2568-03_transactions_p5.png,bank_statement,2025-03,.png,BS-OPER-BKK-EMSP-2568-03_transactions_p5,0.2000732421875,BS-OPER-BKK-EMSP-2568-03,OPER-BKK-EMSP,2568,03,transactions_p5,5,transactions
renders/bank_statement/2025-03/BS-OPER-BKK-EMSP-2568-03_transactions_p6.png,bank_statement,2025-03,.png,BS-OPER-BKK-EMSP-2568-03_transactions_p6,0.20220565795898438,BS-OPER-BKK-EMSP-2568-03,OPER-BKK-EMSP,2568,03,transactions_p6,6,transactions
renders/bank_statement/2025-03/BS-OPER-BKK-EMSP-2568-03_transactions_p7.png,bank_statement,2025-03,.png,BS-OPER-BKK-EMSP-2568-03_transactions_p7,0.20250701904296875,BS-OPER-BKK-EMSP-2568-03,OPER-BKK-EMSP,2568,03,transactions_p7,7,transactions
renders/bank_statement/2025-03/BS-OPER-BKK-EMSP-2568-03_transactions_p8.png,bank_statement,2025-03,.png,BS-OPER-BKK-EMSP-2568-03_transactions_p8,0.0893716812133789,BS-OPER-BKK-EMSP-2568-03,OPER-BKK-EMSP,2568,03,transactions_p8,8,transactions
renders/bank_statement/2025-03/BS-OPER-BKK-PKT-2568-03_header.png,bank_statement,2025-03,.png,BS-OPER-BKK-PKT-2568-03_header,0.09150981903076172,BS-OPER-BKK-PKT-2568-03,OPER-BKK-PKT,2568,03,header,,header
renders/bank_statement/2025-03/BS-OPER-BKK-PKT-2568-03_transactions_p1.png,bank_statement,2025-03,.png,BS-OPER-BKK-PKT-2568-03_transactions_p1,0.1770954132080078,BS-OPER-BKK-PKT-2568-03,OPER-BKK-PKT,2568,03,transactions_p1,1,transactions
renders/bank_statement/2025-03/BS-OPER-BKK-PKT-2568-03_transactions_p2.png,bank_statement,2025-03,.png,BS-OPER-BKK-PKT-2568-03_transactions_p2,0.1806354522705078,BS-OPER-BKK-PKT-2568-03,OPER-BKK-PKT,2568,03,transactions_p2,2,transactions
renders/bank_statement/2025-03/BS-OPER-BKK-PKT-2568-03_transactions_p3.png,bank_statement,2025-03,.png,BS-OPER-BKK-PKT-2568-03_transactions_p3,0.18175601959228516,BS-OPER-BKK-PKT-2568-03,OPER-BKK-PKT,2568,03,transactions_p3,3,transactions
renders/bank_statement/2025-03/BS-OPER-BKK-PKT-2568-03_transactions_p4.png,bank_statement,2025-03,.png,BS-OPER-BKK-PKT-2568-03_transactions_p4,0.18139266967773438,BS-OPER-BKK-PKT-2568-03,OPER-BKK-PKT,2568,03,transactions_p4,4,transactions
renders/bank_statement/2025-03/BS-OPER-BKK-PKT-2568-03_transactions_p5.png,bank_statement,2025-03,.png,BS-OPER-BKK-PKT-2568-03_transactions_p5,0.1814565658569336,BS-OPER-BKK-PKT-2568-03,OPER-BKK-PKT,2568,03,transactions_p5,5,transactions
renders/bank_statement/2025-03/BS-OPER-BKK-PKT-2568-03_transactions_p6.png,bank_statement,2025-03,.png,BS-OPER-BKK-PKT-2568-03_transactions_p6,0.181488037109375,BS-OPER-BKK-PKT-2568-03,OPER-BKK-PKT,2568,03,transactions_p6,6,transactions
renders/bank_statement/2025-03/BS-OPER-BKK-PKT-2568-03_transactions_p7.png,bank_statement,2025-03,.png,BS-OPER-BKK-PKT-2568-03_transactions_p7,0.1843423843383789,BS-OPER-BKK-PKT-2568-03,OPER-BKK-PKT,2568,03,transactions_p7,7,transactions
renders/bank_statement/2025-03/BS-OPER-BKK-PKT-2568-03_transactions_p8.png,bank_statement,2025-03,.png,BS-OPER-BKK-PKT-2568-03_transactions_p8,0.12594318389892578,BS-OPER-BKK-PKT-2568-03,OPER-BKK-PKT,2568,03,transactions_p8,8,transactions
renders/bank_statement/2025-03/BS-OPER-BKK-R9-2568-03_header.png,bank_statement,2025-03,.png,BS-OPER-BKK-R9-2568-03_header,0.29868412017822266,BS-OPER-BKK-R9-2568-03,OPER-BKK-R9,2568,03,header,,header
renders/bank_statement/2025-03/BS-OPER-BKK-R9-2568-03_transactions_p1.png,bank_statement,2025-03,.png,BS-OPER-BKK-R9-2568-03_transactions_p1,0.9212961196899414,BS-OPER-BKK-R9-2568-03,OPER-BKK-R9,2568,03,transactions_p1,1,transactions
renders/bank_statement/2025-03/BS-OPER-BKK-R9-2568-03_transactions_p2.png,bank_statement,2025-03,.png,BS-OPER-BKK-R9-2568-03_transactions_p2,0.946497917175293,BS-OPER-BKK-R9-2568-03,OPER-BKK-R9,2568,03,transactions_p2,2,transactions
renders/bank_statement/2025-03/BS-OPER-BKK-R9-2568-03_transactions_p3.png,bank_statement,2025-03,.png,BS-OPER-BKK-R9-2568-03_transactions_p3,0.4696474075317383,BS-OPER-BKK-R9-2568-03,OPER-BKK-R9,2568,03,transactions_p3,3,transactions
renders/bank_statement/2025-03/BS-OPER-BKK-SIAM-2568-03_header.png,bank_statement,2025-03,.png,BS-OPER-BKK-SIAM-2568-03_header,0.05956745147705078,BS-OPER-BKK-SIAM-2568-03,OPER-BKK-SIAM,2568,03,header,,header
renders/bank_statement/2025-03/BS-OPER-BKK-SIAM-2568-03_transactions_p1.png,bank_statement,2025-03,.png,BS-OPER-BKK-SIAM-2568-03_transactions_p1,0.19863510131835938,BS-OPER-BKK-SIAM-2568-03,OPER-BKK-SIAM,2568,03,transactions_p1,1,transactions
renders/bank_statement/2025-03/BS-OPER-BKK-SIAM-2568-03_transactions_p2.png,bank_statement,2025-03,.png,BS-OPER-BKK-SIAM-2568-03_transactions_p2,0.20484256744384766,BS-OPER-BKK-SIAM-2568-03,OPER-BKK-SIAM,2568,03,transactions_p2,2,transactions
renders/bank_statement/2025-03/BS-OPER-BKK-SIAM-2568-03_transactions_p3.png,bank_statement,2025-03,.png,BS-OPER-BKK-SIAM-2568-03_transactions_p3,0.202117919921875,BS-OPER-BKK-SIAM-2568-03,OPER-BKK-SIAM,2568,03,transactions_p3,3,transactions
renders/bank_statement/2025-03/BS-OPER-BKK-SIAM-2568-03_transactions_p4.png,bank_statement,2025-03,.png,BS-OPER-BKK-SIAM-2568-03_transactions_p4,0.20164203643798828,BS-OPER-BKK-SIAM-2568-03,OPER-BKK-SIAM,2568,03,transactions_p4,4,transactions
renders/bank_statement/2025-03/BS-OPER-BKK-SIAM-2568-03_transactions_p5.png,bank_statement,2025-03,.png,BS-OPER-BKK-SIAM-2568-03_transactions_p5,0.20362567901611328,BS-OPER-BKK-SIAM-2568-03,OPER-BKK-SIAM,2568,03,transactions_p5,5,transactions
renders/bank_statement/2025-03/BS-OPER-BKK-SIAM-2568-03_transactions_p6.png,bank_statement,2025-03,.png,BS-OPER-BKK-SIAM-2568-03_transactions_p6,0.2018890380859375,BS-OPER-BKK-SIAM-2568-03,OPER-BKK-SIAM,2568,03,transactions_p6,6,transactions
renders/bank_statement/2025-03/BS-OPER-BKK-SIAM-2568-03_transactions_p7.png,bank_statement,2025-03,.png,BS-OPER-BKK-SIAM-2568-03_transactions_p7,0.20542621612548828,BS-OPER-BKK-SIAM-2568-03,OPER-BKK-SIAM,2568,03,transactions_p7,7,transactions
renders/bank_statement/2025-03/BS-OPER-BKK-SIAM-2568-03_transactions_p8.png,bank_statement,2025-03,.png,BS-OPER-BKK-SIAM-2568-03_transactions_p8,0.17254638671875,BS-OPER-BKK-SIAM-2568-03,OPER-BKK-SIAM,2568,03,transactions_p8,8,transactions
renders/bank_statement/2025-03/BS-OPER-CNX-MAYA-2568-03_header.png,bank_statement,2025-03,.png,BS-OPER-CNX-MAYA-2568-03_header,0.0920877456665039,BS-OPER-CNX-MAYA-2568-03,OPER-CNX-MAYA,2568,03,header,,header
renders/bank_statement/2025-03/BS-OPER-CNX-MAYA-2568-03_transactions_p1.png,bank_statement,2025-03,.png,BS-OPER-CNX-MAYA-2568-03_transactions_p1,0.17688274383544922,BS-OPER-CNX-MAYA-2568-03,OPER-CNX-MAYA,2568,03,transactions_p1,1,transactions
renders/bank_statement/2025-03/BS-OPER-CNX-MAYA-2568-03_transactions_p2.png,bank_statement,2025-03,.png,BS-OPER-CNX-MAYA-2568-03_transactions_p2,0.18048095703125,BS-OPER-CNX-MAYA-2568-03,OPER-CNX-MAYA,2568,03,transactions_p2,2,transactions
renders/bank_statement/2025-03/BS-OPER-CNX-MAYA-2568-03_transactions_p3.png,bank_statement,2025-03,.png,BS-OPER-CNX-MAYA-2568-03_transactions_p3,0.18192386627197266,BS-OPER-CNX-MAYA-2568-03,OPER-CNX-MAYA,2568,03,transactions_p3,3,transactions
renders/bank_statement/2025-03/BS-OPER-CNX-MAYA-2568-03_transactions_p4.png,bank_statement,2025-03,.png,BS-OPER-CNX-MAYA-2568-03_transactions_p4,0.1803579330444336,BS-OPER-CNX-MAYA-2568-03,OPER-CNX-MAYA,2568,03,transactions_p4,4,transactions
renders/bank_statement/2025-03/BS-OPER-CNX-MAYA-2568-03_transactions_p5.png,bank_statement,2025-03,.png,BS-OPER-CNX-MAYA-2568-03_transactions_p5,0.18231773376464844,BS-OPER-CNX-MAYA-2568-03,OPER-CNX-MAYA,2568,03,transactions_p5,5,transactions
renders/bank_statement/2025-03/BS-OPER-CNX-MAYA-2568-03_transactions_p6.png,bank_statement,2025-03,.png,BS-OPER-CNX-MAYA-2568-03_transactions_p6,0.18073368072509766,BS-OPER-CNX-MAYA-2568-03,OPER-CNX-MAYA,2568,03,transactions_p6,6,transactions
renders/bank_statement/2025-03/BS-OPER-CNX-MAYA-2568-03_transactions_p7.png,bank_statement,2025-03,.png,BS-OPER-CNX-MAYA-2568-03_transactions_p7,0.18479347229003906,BS-OPER-CNX-MAYA-2568-03,OPER-CNX-MAYA,2568,03,transactions_p7,7,transactions
renders/bank_statement/2025-03/BS-OPER-CNX-MAYA-2568-03_transactions_p8.png,bank_statement,2025-03,.png,BS-OPER-CNX-MAYA-2568-03_transactions_p8,0.12616729736328125,BS-OPER-CNX-MAYA-2568-03,OPER-CNX-MAYA,2568,03,transactions_p8,8,transactions
renders/bank_statement/2025-03/BS-OPER-HKT-FEST-2568-03_header.png,bank_statement,2025-03,.png,BS-OPER-HKT-FEST-2568-03_header,0.2968482971191406,BS-OPER-HKT-FEST-2568-03,OPER-HKT-FEST,2568,03,header,,header
renders/bank_statement/2025-03/BS-OPER-HKT-FEST-2568-03_transactions_p1.png,bank_statement,2025-03,.png,BS-OPER-HKT-FEST-2568-03_transactions_p1,0.8938703536987305,BS-OPER-HKT-FEST-2568-03,OPER-HKT-FEST,2568,03,transactions_p1,1,transactions
renders/bank_statement/2025-03/BS-OPER-HKT-FEST-2568-03_transactions_p2.png,bank_statement,2025-03,.png,BS-OPER-HKT-FEST-2568-03_transactions_p2,0.9029045104980469,BS-OPER-HKT-FEST-2568-03,OPER-HKT-FEST,2568,03,transactions_p2,2,transactions
renders/bank_statement/2025-03/BS-OPER-HKT-FEST-2568-03_transactions_p3.png,bank_statement,2025-03,.png,BS-OPER-HKT-FEST-2568-03_transactions_p3,0.37766265869140625,BS-OPER-HKT-FEST-2568-03,OPER-HKT-FEST,2568,03,transactions_p3,3,transactions
renders/bank_statement/2025-03/BS-OPER-KKC-CTRL-2568-03_header.png,bank_statement,2025-03,.png,BS-OPER-KKC-CTRL-2568-03_header,0.0594024658203125,BS-OPER-KKC-CTRL-2568-03,OPER-KKC-CTRL,2568,03,header,,header
renders/bank_statement/2025-03/BS-OPER-KKC-CTRL-2568-03_transactions_p1.png,bank_statement,2025-03,.png,BS-OPER-KKC-CTRL-2568-03_transactions_p1,0.18606281280517578,BS-OPER-KKC-CTRL-2568-03,OPER-KKC-CTRL,2568,03,transactions_p1,1,transactions
renders/bank_statement/2025-03/BS-OPER-KKC-CTRL-2568-03_transactions_p2.png,bank_statement,2025-03,.png,BS-OPER-KKC-CTRL-2568-03_transactions_p2,0.1915435791015625,BS-OPER-KKC-CTRL-2568-03,OPER-KKC-CTRL,2568,03,transactions_p2,2,transactions
renders/bank_statement/2025-03/BS-OPER-KKC-CTRL-2568-03_transactions_p3.png,bank_statement,2025-03,.png,BS-OPER-KKC-CTRL-2568-03_transactions_p3,0.19133281707763672,BS-OPER-KKC-CTRL-2568-03,OPER-KKC-CTRL,2568,03,transactions_p3,3,transactions
renders/bank_statement/2025-03/BS-OPER-KKC-CTRL-2568-03_transactions_p4.png,bank_statement,2025-03,.png,BS-OPER-KKC-CTRL-2568-03_transactions_p4,0.19225025177001953,BS-OPER-KKC-CTRL-2568-03,OPER-KKC-CTRL,2568,03,transactions_p4,4,transactions
renders/bank_statement/2025-03/BS-OPER-KKC-CTRL-2568-03_transactions_p5.png,bank_statement,2025-03,.png,BS-OPER-KKC-CTRL-2568-03_transactions_p5,0.18959999084472656,BS-OPER-KKC-CTRL-2568-03,OPER-KKC-CTRL,2568,03,transactions_p5,5,transactions
renders/bank_statement/2025-03/BS-OPER-KKC-CTRL-2568-03_transactions_p6.png,bank_statement,2025-03,.png,BS-OPER-KKC-CTRL-2568-03_transactions_p6,0.19022560119628906,BS-OPER-KKC-CTRL-2568-03,OPER-KKC-CTRL,2568,03,transactions_p6,6,transactions
renders/bank_statement/2025-03/BS-OPER-KKC-CTRL-2568-03_transactions_p7.png,bank_statement,2025-03,.png,BS-OPER-KKC-CTRL-2568-03_transactions_p7,0.14958667755126953,BS-OPER-KKC-CTRL-2568-03,OPER-KKC-CTRL,2568,03,transactions_p7,7,transactions
renders/bank_statement/2025-03/BS-OPER-PTY-CTRL-2568-03_header.png,bank_statement,2025-03,.png,BS-OPER-PTY-CTRL-2568-03_header,0.09140586853027344,BS-OPER-PTY-CTRL-2568-03,OPER-PTY-CTRL,2568,03,header,,header
renders/bank_statement/2025-03/BS-OPER-PTY-CTRL-2568-03_transactions_p1.png,bank_statement,2025-03,.png,BS-OPER-PTY-CTRL-2568-03_transactions_p1,0.17796039581298828,BS-OPER-PTY-CTRL-2568-03,OPER-PTY-CTRL,2568,03,transactions_p1,1,transactions
renders/bank_statement/2025-03/BS-OPER-PTY-CTRL-2568-03_transactions_p2.png,bank_statement,2025-03,.png,BS-OPER-PTY-CTRL-2568-03_transactions_p2,0.1804218292236328,BS-OPER-PTY-CTRL-2568-03,OPER-PTY-CTRL,2568,03,transactions_p2,2,transactions
renders/bank_statement/2025-03/BS-OPER-PTY-CTRL-2568-03_transactions_p3.png,bank_statement,2025-03,.png,BS-OPER-PTY-CTRL-2568-03_transactions_p3,0.18213462829589844,BS-OPER-PTY-CTRL-2568-03,OPER-PTY-CTRL,2568,03,transactions_p3,3,transactions
renders/bank_statement/2025-03/BS-OPER-PTY-CTRL-2568-03_transactions_p4.png,bank_statement,2025-03,.png,BS-OPER-PTY-CTRL-2568-03_transactions_p4,0.18293094635009766,BS-OPER-PTY-CTRL-2568-03,OPER-PTY-CTRL,2568,03,transactions_p4,4,transactions
renders/bank_statement/2025-03/BS-OPER-PTY-CTRL-2568-03_transactions_p5.png,bank_statement,2025-03,.png,BS-OPER-PTY-CTRL-2568-03_transactions_p5,0.18202590942382812,BS-OPER-PTY-CTRL-2568-03,OPER-PTY-CTRL,2568,03,transactions_p5,5,transactions
renders/bank_statement/2025-03/BS-OPER-PTY-CTRL-2568-03_transactions_p6.png,bank_statement,2025-03,.png,BS-OPER-PTY-CTRL-2568-03_transactions_p6,0.1800241470336914,BS-OPER-PTY-CTRL-2568-03,OPER-PTY-CTRL,2568,03,transactions_p6,6,transactions
renders/bank_statement/2025-03/BS-OPER-PTY-CTRL-2568-03_transactions_p7.png,bank_statement,2025-03,.png,BS-OPER-PTY-CTRL-2568-03_transactions_p7,0.18354511260986328,BS-OPER-PTY-CTRL-2568-03,OPER-PTY-CTRL,2568,03,transactions_p7,7,transactions
renders/bank_statement/2025-03/BS-OPER-PTY-CTRL-2568-03_transactions_p8.png,bank_statement,2025-03,.png,BS-OPER-PTY-CTRL-2568-03_transactions_p8,0.1069021224975586,BS-OPER-PTY-CTRL-2568-03,OPER-PTY-CTRL,2568,03,transactions_p8,8,transactions
renders/bank_statement/2025-03/BS-OPER-REMOTE-2568-03_header.png,bank_statement,2025-03,.png,BS-OPER-REMOTE-2568-03_header,0.29640769958496094,BS-OPER-REMOTE-2568-03,OPER-REMOTE,2568,03,header,,header
renders/bank_statement/2025-03/BS-OPER-REMOTE-2568-03_transactions_p1.png,bank_statement,2025-03,.png,BS-OPER-REMOTE-2568-03_transactions_p1,0.9099359512329102,BS-OPER-REMOTE-2568-03,OPER-REMOTE,2568,03,transactions_p1,1,transactions
renders/bank_statement/2025-03/BS-OPER-REMOTE-2568-03_transactions_p2.png,bank_statement,2025-03,.png,BS-OPER-REMOTE-2568-03_transactions_p2,0.8138818740844727,BS-OPER-REMOTE-2568-03,OPER-REMOTE,2568,03,transactions_p2,2,transactions
renders/bank_statement/2025-03/BS-OPER-UDN-CTRL-2568-03_header.png,bank_statement,2025-03,.png,BS-OPER-UDN-CTRL-2568-03_header,0.05930137634277344,BS-OPER-UDN-CTRL-2568-03,OPER-UDN-CTRL,2568,03,header,,header
renders/bank_statement/2025-03/BS-OPER-UDN-CTRL-2568-03_transactions_p1.png,bank_statement,2025-03,.png,BS-OPER-UDN-CTRL-2568-03_transactions_p1,0.19058799743652344,BS-OPER-UDN-CTRL-2568-03,OPER-UDN-CTRL,2568,03,transactions_p1,1,transactions
renders/bank_statement/2025-03/BS-OPER-UDN-CTRL-2568-03_transactions_p2.png,bank_statement,2025-03,.png,BS-OPER-UDN-CTRL-2568-03_transactions_p2,0.19818878173828125,BS-OPER-UDN-CTRL-2568-03,OPER-UDN-CTRL,2568,03,transactions_p2,2,transactions
renders/bank_statement/2025-03/BS-OPER-UDN-CTRL-2568-03_transactions_p3.png,bank_statement,2025-03,.png,BS-OPER-UDN-CTRL-2568-03_transactions_p3,0.19394683837890625,BS-OPER-UDN-CTRL-2568-03,OPER-UDN-CTRL,2568,03,transactions_p3,3,transactions
renders/bank_statement/2025-03/BS-OPER-UDN-CTRL-2568-03_transactions_p4.png,bank_statement,2025-03,.png,BS-OPER-UDN-CTRL-2568-03_transactions_p4,0.19544315338134766,BS-OPER-UDN-CTRL-2568-03,OPER-UDN-CTRL,2568,03,transactions_p4,4,transactions
renders/bank_statement/2025-03/BS-OPER-UDN-CTRL-2568-03_transactions_p5.png,bank_statement,2025-03,.png,BS-OPER-UDN-CTRL-2568-03_transactions_p5,0.19515323638916016,BS-OPER-UDN-CTRL-2568-03,OPER-UDN-CTRL,2568,03,transactions_p5,5,transactions
renders/bank_statement/2025-03/BS-OPER-UDN-CTRL-2568-03_transactions_p6.png,bank_statement,2025-03,.png,BS-OPER-UDN-CTRL-2568-03_transactions_p6,0.19636058807373047,BS-OPER-UDN-CTRL-2568-03,OPER-UDN-CTRL,2568,03,transactions_p6,6,transactions
renders/bank_statement/2025-03/BS-OPER-UDN-CTRL-2568-03_transactions_p7.png,bank_statement,2025-03,.png,BS-OPER-UDN-CTRL-2568-03_transactions_p7,0.0883951187133789,BS-OPER-UDN-CTRL-2568-03,OPER-UDN-CTRL,2568,03,transactions_p7,7,transactions
renders/bank_statement/2025-03/BS-SCB-OPER-2568-03_header.png,bank_statement,2025-03,.png,BS-SCB-OPER-2568-03_header,0.058666229248046875,BS-SCB-OPER-2568-03,SCB-OPER,2568,03,header,,header
renders/bank_statement/2025-03/BS-SCB-OPER-2568-03_transactions_p1.png,bank_statement,2025-03,.png,BS-SCB-OPER-2568-03_transactions_p1,0.08295059204101562,BS-SCB-OPER-2568-03,SCB-OPER,2568,03,transactions_p1,1,transactions
renders/bank_statement/2025-04/BS-BBL-OPER-2568-04_header.png,bank_statement,2025-04,.png,BS-BBL-OPER-2568-04_header,0.09045696258544922,BS-BBL-OPER-2568-04,BBL-OPER,2568,04,header,,header
renders/bank_statement/2025-04/BS-BBL-OPER-2568-04_transactions_p1.png,bank_statement,2025-04,.png,BS-BBL-OPER-2568-04_transactions_p1,0.09520339965820312,BS-BBL-OPER-2568-04,BBL-OPER,2568,04,transactions_p1,1,transactions
renders/bank_statement/2025-04/BS-KBANK-OPER-2568-04_header.png,bank_statement,2025-04,.png,BS-KBANK-OPER-2568-04_header,0.30074119567871094,BS-KBANK-OPER-2568-04,KBANK-OPER,2568,04,header,,header
renders/bank_statement/2025-04/BS-KBANK-OPER-2568-04_transactions_p1.png,bank_statement,2025-04,.png,BS-KBANK-OPER-2568-04_transactions_p1,0.8817005157470703,BS-KBANK-OPER-2568-04,KBANK-OPER,2568,04,transactions_p1,1,transactions
renders/bank_statement/2025-04/BS-KBANK-OPER-2568-04_transactions_p10.png,bank_statement,2025-04,.png,BS-KBANK-OPER-2568-04_transactions_p10,0.9121809005737305,BS-KBANK-OPER-2568-04,KBANK-OPER,2568,04,transactions_p10,10,transactions
renders/bank_statement/2025-04/BS-KBANK-OPER-2568-04_transactions_p11.png,bank_statement,2025-04,.png,BS-KBANK-OPER-2568-04_transactions_p11,0.9271402359008789,BS-KBANK-OPER-2568-04,KBANK-OPER,2568,04,transactions_p11,11,transactions
renders/bank_statement/2025-04/BS-KBANK-OPER-2568-04_transactions_p12.png,bank_statement,2025-04,.png,BS-KBANK-OPER-2568-04_transactions_p12,0.9073429107666016,BS-KBANK-OPER-2568-04,KBANK-OPER,2568,04,transactions_p12,12,transactions
renders/bank_statement/2025-04/BS-KBANK-OPER-2568-04_transactions_p13.png,bank_statement,2025-04,.png,BS-KBANK-OPER-2568-04_transactions_p13,0.91497802734375,BS-KBANK-OPER-2568-04,KBANK-OPER,2568,04,transactions_p13,13,transactions
renders/bank_statement/2025-04/BS-KBANK-OPER-2568-04_transactions_p14.png,bank_statement,2025-04,.png,BS-KBANK-OPER-2568-04_transactions_p14,0.9061698913574219,BS-KBANK-OPER-2568-04,KBANK-OPER,2568,04,transactions_p14,14,transactions
renders/bank_statement/2025-04/BS-KBANK-OPER-2568-04_transactions_p15.png,bank_statement,2025-04,.png,BS-KBANK-OPER-2568-04_transactions_p15,0.8926143646240234,BS-KBANK-OPER-2568-04,KBANK-OPER,2568,04,transactions_p15,15,transactions
renders/bank_statement/2025-04/BS-KBANK-OPER-2568-04_transactions_p16.png,bank_statement,2025-04,.png,BS-KBANK-OPER-2568-04_transactions_p16,0.8997383117675781,BS-KBANK-OPER-2568-04,KBANK-OPER,2568,04,transactions_p16,16,transactions
renders/bank_statement/2025-04/BS-KBANK-OPER-2568-04_transactions_p17.png,bank_statement,2025-04,.png,BS-KBANK-OPER-2568-04_transactions_p17,0.9006414413452148,BS-KBANK-OPER-2568-04,KBANK-OPER,2568,04,transactions_p17,17,transactions
renders/bank_statement/2025-04/BS-KBANK-OPER-2568-04_transactions_p18.png,bank_statement,2025-04,.png,BS-KBANK-OPER-2568-04_transactions_p18,0.9087238311767578,BS-KBANK-OPER-2568-04,KBANK-OPER,2568,04,transactions_p18,18,transactions
renders/bank_statement/2025-04/BS-KBANK-OPER-2568-04_transactions_p19.png,bank_statement,2025-04,.png,BS-KBANK-OPER-2568-04_transactions_p19,0.900355339050293,BS-KBANK-OPER-2568-04,KBANK-OPER,2568,04,transactions_p19,19,transactions
renders/bank_statement/2025-04/BS-KBANK-OPER-2568-04_transactions_p2.png,bank_statement,2025-04,.png,BS-KBANK-OPER-2568-04_transactions_p2,0.8913793563842773,BS-KBANK-OPER-2568-04,KBANK-OPER,2568,04,transactions_p2,2,transactions
renders/bank_statement/2025-04/BS-KBANK-OPER-2568-04_transactions_p20.png,bank_statement,2025-04,.png,BS-KBANK-OPER-2568-04_transactions_p20,0.9128713607788086,BS-KBANK-OPER-2568-04,KBANK-OPER,2568,04,transactions_p20,20,transactions
renders/bank_statement/2025-04/BS-KBANK-OPER-2568-04_transactions_p21.png,bank_statement,2025-04,.png,BS-KBANK-OPER-2568-04_transactions_p21,0.9149103164672852,BS-KBANK-OPER-2568-04,KBANK-OPER,2568,04,transactions_p21,21,transactions
renders/bank_statement/2025-04/BS-KBANK-OPER-2568-04_transactions_p22.png,bank_statement,2025-04,.png,BS-KBANK-OPER-2568-04_transactions_p22,0.9285573959350586,BS-KBANK-OPER-2568-04,KBANK-OPER,2568,04,transactions_p22,22,transactions
renders/bank_statement/2025-04/BS-KBANK-OPER-2568-04_transactions_p23.png,bank_statement,2025-04,.png,BS-KBANK-OPER-2568-04_transactions_p23,0.9273242950439453,BS-KBANK-OPER-2568-04,KBANK-OPER,2568,04,transactions_p23,23,transactions
renders/bank_statement/2025-04/BS-KBANK-OPER-2568-04_transactions_p24.png,bank_statement,2025-04,.png,BS-KBANK-OPER-2568-04_transactions_p24,0.9329910278320312,BS-KBANK-OPER-2568-04,KBANK-OPER,2568,04,transactions_p24,24,transactions
renders/bank_statement/2025-04/BS-KBANK-OPER-2568-04_transactions_p25.png,bank_statement,2025-04,.png,BS-KBANK-OPER-2568-04_transactions_p25,0.9250240325927734,BS-KBANK-OPER-2568-04,KBANK-OPER,2568,04,transactions_p25,25,transactions
renders/bank_statement/2025-04/BS-KBANK-OPER-2568-04_transactions_p26.png,bank_statement,2025-04,.png,BS-KBANK-OPER-2568-04_transactions_p26,0.9275531768798828,BS-KBANK-OPER-2568-04,KBANK-OPER,2568,04,transactions_p26,26,transactions
renders/bank_statement/2025-04/BS-KBANK-OPER-2568-04_transactions_p27.png,bank_statement,2025-04,.png,BS-KBANK-OPER-2568-04_transactions_p27,0.9244747161865234,BS-KBANK-OPER-2568-04,KBANK-OPER,2568,04,transactions_p27,27,transactions
renders/bank_statement/2025-04/BS-KBANK-OPER-2568-04_transactions_p28.png,bank_statement,2025-04,.png,BS-KBANK-OPER-2568-04_transactions_p28,0.9155330657958984,BS-KBANK-OPER-2568-04,KBANK-OPER,2568,04,transactions_p28,28,transactions
renders/bank_statement/2025-04/BS-KBANK-OPER-2568-04_transactions_p29.png,bank_statement,2025-04,.png,BS-KBANK-OPER-2568-04_transactions_p29,0.9241752624511719,BS-KBANK-OPER-2568-04,KBANK-OPER,2568,04,transactions_p29,29,transactions
renders/bank_statement/2025-04/BS-KBANK-OPER-2568-04_transactions_p3.png,bank_statement,2025-04,.png,BS-KBANK-OPER-2568-04_transactions_p3,0.9021072387695312,BS-KBANK-OPER-2568-04,KBANK-OPER,2568,04,transactions_p3,3,transactions
renders/bank_statement/2025-04/BS-KBANK-OPER-2568-04_transactions_p30.png,bank_statement,2025-04,.png,BS-KBANK-OPER-2568-04_transactions_p30,0.9306211471557617,BS-KBANK-OPER-2568-04,KBANK-OPER,2568,04,transactions_p30,30,transactions
renders/bank_statement/2025-04/BS-KBANK-OPER-2568-04_transactions_p31.png,bank_statement,2025-04,.png,BS-KBANK-OPER-2568-04_transactions_p31,0.9288330078125,BS-KBANK-OPER-2568-04,KBANK-OPER,2568,04,transactions_p31,31,transactions
renders/bank_statement/2025-04/BS-KBANK-OPER-2568-04_transactions_p32.png,bank_statement,2025-04,.png,BS-KBANK-OPER-2568-04_transactions_p32,0.9241313934326172,BS-KBANK-OPER-2568-04,KBANK-OPER,2568,04,transactions_p32,32,transactions
renders/bank_statement/2025-04/BS-KBANK-OPER-2568-04_transactions_p33.png,bank_statement,2025-04,.png,BS-KBANK-OPER-2568-04_transactions_p33,0.9288702011108398,BS-KBANK-OPER-2568-04,KBANK-OPER,2568,04,transactions_p33,33,transactions
renders/bank_statement/2025-04/BS-KBANK-OPER-2568-04_transactions_p34.png,bank_statement,2025-04,.png,BS-KBANK-OPER-2568-04_transactions_p34,0.9294414520263672,BS-KBANK-OPER-2568-04,KBANK-OPER,2568,04,transactions_p34,34,transactions
renders/bank_statement/2025-04/BS-KBANK-OPER-2568-04_transactions_p35.png,bank_statement,2025-04,.png,BS-KBANK-OPER-2568-04_transactions_p35,0.40360260009765625,BS-KBANK-OPER-2568-04,KBANK-OPER,2568,04,transactions_p35,35,transactions
renders/bank_statement/2025-04/BS-KBANK-OPER-2568-04_transactions_p4.png,bank_statement,2025-04,.png,BS-KBANK-OPER-2568-04_transactions_p4,0.9071931838989258,BS-KBANK-OPER-2568-04,KBANK-OPER,2568,04,transactions_p4,4,transactions
renders/bank_statement/2025-04/BS-KBANK-OPER-2568-04_transactions_p5.png,bank_statement,2025-04,.png,BS-KBANK-OPER-2568-04_transactions_p5,0.9165620803833008,BS-KBANK-OPER-2568-04,KBANK-OPER,2568,04,transactions_p5,5,transactions
renders/bank_statement/2025-04/BS-KBANK-OPER-2568-04_transactions_p6.png,bank_statement,2025-04,.png,BS-KBANK-OPER-2568-04_transactions_p6,0.9115018844604492,BS-KBANK-OPER-2568-04,KBANK-OPER,2568,04,transactions_p6,6,transactions
renders/bank_statement/2025-04/BS-KBANK-OPER-2568-04_transactions_p7.png,bank_statement,2025-04,.png,BS-KBANK-OPER-2568-04_transactions_p7,0.9030771255493164,BS-KBANK-OPER-2568-04,KBANK-OPER,2568,04,transactions_p7,7,transactions
renders/bank_statement/2025-04/BS-KBANK-OPER-2568-04_transactions_p8.png,bank_statement,2025-04,.png,BS-KBANK-OPER-2568-04_transactions_p8,0.9070854187011719,BS-KBANK-OPER-2568-04,KBANK-OPER,2568,04,transactions_p8,8,transactions
renders/bank_statement/2025-04/BS-KBANK-OPER-2568-04_transactions_p9.png,bank_statement,2025-04,.png,BS-KBANK-OPER-2568-04_transactions_p9,0.8992013931274414,BS-KBANK-OPER-2568-04,KBANK-OPER,2568,04,transactions_p9,9,transactions
renders/bank_statement/2025-04/BS-OPER-BKK-CTW-2568-04_header.png,bank_statement,2025-04,.png,BS-OPER-BKK-CTW-2568-04_header,0.29822349548339844,BS-OPER-BKK-CTW-2568-04,OPER-BKK-CTW,2568,04,header,,header
renders/bank_statement/2025-04/BS-OPER-BKK-CTW-2568-04_transactions_p1.png,bank_statement,2025-04,.png,BS-OPER-BKK-CTW-2568-04_transactions_p1,0.899479866027832,BS-OPER-BKK-CTW-2568-04,OPER-BKK-CTW,2568,04,transactions_p1,1,transactions
renders/bank_statement/2025-04/BS-OPER-BKK-CTW-2568-04_transactions_p2.png,bank_statement,2025-04,.png,BS-OPER-BKK-CTW-2568-04_transactions_p2,0.9202995300292969,BS-OPER-BKK-CTW-2568-04,OPER-BKK-CTW,2568,04,transactions_p2,2,transactions
renders/bank_statement/2025-04/BS-OPER-BKK-CTW-2568-04_transactions_p3.png,bank_statement,2025-04,.png,BS-OPER-BKK-CTW-2568-04_transactions_p3,0.1368579864501953,BS-OPER-BKK-CTW-2568-04,OPER-BKK-CTW,2568,04,transactions_p3,3,transactions
renders/bank_statement/2025-04/BS-OPER-BKK-EMSP-2568-04_header.png,bank_statement,2025-04,.png,BS-OPER-BKK-EMSP-2568-04_header,0.0595245361328125,BS-OPER-BKK-EMSP-2568-04,OPER-BKK-EMSP,2568,04,header,,header
renders/bank_statement/2025-04/BS-OPER-BKK-EMSP-2568-04_transactions_p1.png,bank_statement,2025-04,.png,BS-OPER-BKK-EMSP-2568-04_transactions_p1,0.19498157501220703,BS-OPER-BKK-EMSP-2568-04,OPER-BKK-EMSP,2568,04,transactions_p1,1,transactions
renders/bank_statement/2025-04/BS-OPER-BKK-EMSP-2568-04_transactions_p2.png,bank_statement,2025-04,.png,BS-OPER-BKK-EMSP-2568-04_transactions_p2,0.20166683197021484,BS-OPER-BKK-EMSP-2568-04,OPER-BKK-EMSP,2568,04,transactions_p2,2,transactions
renders/bank_statement/2025-04/BS-OPER-BKK-EMSP-2568-04_transactions_p3.png,bank_statement,2025-04,.png,BS-OPER-BKK-EMSP-2568-04_transactions_p3,0.1983356475830078,BS-OPER-BKK-EMSP-2568-04,OPER-BKK-EMSP,2568,04,transactions_p3,3,transactions
renders/bank_statement/2025-04/BS-OPER-BKK-EMSP-2568-04_transactions_p4.png,bank_statement,2025-04,.png,BS-OPER-BKK-EMSP-2568-04_transactions_p4,0.2002706527709961,BS-OPER-BKK-EMSP-2568-04,OPER-BKK-EMSP,2568,04,transactions_p4,4,transactions
renders/bank_statement/2025-04/BS-OPER-BKK-EMSP-2568-04_transactions_p5.png,bank_statement,2025-04,.png,BS-OPER-BKK-EMSP-2568-04_transactions_p5,0.2006244659423828,BS-OPER-BKK-EMSP-2568-04,OPER-BKK-EMSP,2568,04,transactions_p5,5,transactions
renders/bank_statement/2025-04/BS-OPER-BKK-EMSP-2568-04_transactions_p6.png,bank_statement,2025-04,.png,BS-OPER-BKK-EMSP-2568-04_transactions_p6,0.202880859375,BS-OPER-BKK-EMSP-2568-04,OPER-BKK-EMSP,2568,04,transactions_p6,6,transactions
renders/bank_statement/2025-04/BS-OPER-BKK-EMSP-2568-04_transactions_p7.png,bank_statement,2025-04,.png,BS-OPER-BKK-EMSP-2568-04_transactions_p7,0.11550235748291016,BS-OPER-BKK-EMSP-2568-04,OPER-BKK-EMSP,2568,04,transactions_p7,7,transactions
renders/bank_statement/2025-04/BS-OPER-BKK-PKT-2568-04_header.png,bank_statement,2025-04,.png,BS-OPER-BKK-PKT-2568-04_header,0.09142303466796875,BS-OPER-BKK-PKT-2568-04,OPER-BKK-PKT,2568,04,header,,header
renders/bank_statement/2025-04/BS-OPER-BKK-PKT-2568-04_transactions_p1.png,bank_statement,2025-04,.png,BS-OPER-BKK-PKT-2568-04_transactions_p1,0.17742156982421875,BS-OPER-BKK-PKT-2568-04,OPER-BKK-PKT,2568,04,transactions_p1,1,transactions
renders/bank_statement/2025-04/BS-OPER-BKK-PKT-2568-04_transactions_p2.png,bank_statement,2025-04,.png,BS-OPER-BKK-PKT-2568-04_transactions_p2,0.1800861358642578,BS-OPER-BKK-PKT-2568-04,OPER-BKK-PKT,2568,04,transactions_p2,2,transactions
renders/bank_statement/2025-04/BS-OPER-BKK-PKT-2568-04_transactions_p3.png,bank_statement,2025-04,.png,BS-OPER-BKK-PKT-2568-04_transactions_p3,0.1559762954711914,BS-OPER-BKK-PKT-2568-04,OPER-BKK-PKT,2568,04,transactions_p3,3,transactions
renders/bank_statement/2025-04/BS-OPER-BKK-R9-2568-04_header.png,bank_statement,2025-04,.png,BS-OPER-BKK-R9-2568-04_header,0.2958183288574219,BS-OPER-BKK-R9-2568-04,OPER-BKK-R9,2568,04,header,,header
renders/bank_statement/2025-04/BS-OPER-BKK-R9-2568-04_transactions_p1.png,bank_statement,2025-04,.png,BS-OPER-BKK-R9-2568-04_transactions_p1,0.9091653823852539,BS-OPER-BKK-R9-2568-04,OPER-BKK-R9,2568,04,transactions_p1,1,transactions
renders/bank_statement/2025-04/BS-OPER-BKK-R9-2568-04_transactions_p2.png,bank_statement,2025-04,.png,BS-OPER-BKK-R9-2568-04_transactions_p2,0.8574762344360352,BS-OPER-BKK-R9-2568-04,OPER-BKK-R9,2568,04,transactions_p2,2,transactions
renders/bank_statement/2025-04/BS-OPER-BKK-SIAM-2568-04_header.png,bank_statement,2025-04,.png,BS-OPER-BKK-SIAM-2568-04_header,0.0596923828125,BS-OPER-BKK-SIAM-2568-04,OPER-BKK-SIAM,2568,04,header,,header
renders/bank_statement/2025-04/BS-OPER-BKK-SIAM-2568-04_transactions_p1.png,bank_statement,2025-04,.png,BS-OPER-BKK-SIAM-2568-04_transactions_p1,0.19742965698242188,BS-OPER-BKK-SIAM-2568-04,OPER-BKK-SIAM,2568,04,transactions_p1,1,transactions
renders/bank_statement/2025-04/BS-OPER-BKK-SIAM-2568-04_transactions_p2.png,bank_statement,2025-04,.png,BS-OPER-BKK-SIAM-2568-04_transactions_p2,0.20332717895507812,BS-OPER-BKK-SIAM-2568-04,OPER-BKK-SIAM,2568,04,transactions_p2,2,transactions
renders/bank_statement/2025-04/BS-OPER-BKK-SIAM-2568-04_transactions_p3.png,bank_statement,2025-04,.png,BS-OPER-BKK-SIAM-2568-04_transactions_p3,0.20171260833740234,BS-OPER-BKK-SIAM-2568-04,OPER-BKK-SIAM,2568,04,transactions_p3,3,transactions
renders/bank_statement/2025-04/BS-OPER-BKK-SIAM-2568-04_transactions_p4.png,bank_statement,2025-04,.png,BS-OPER-BKK-SIAM-2568-04_transactions_p4,0.202606201171875,BS-OPER-BKK-SIAM-2568-04,OPER-BKK-SIAM,2568,04,transactions_p4,4,transactions
renders/bank_statement/2025-04/BS-OPER-BKK-SIAM-2568-04_transactions_p5.png,bank_statement,2025-04,.png,BS-OPER-BKK-SIAM-2568-04_transactions_p5,0.2018451690673828,BS-OPER-BKK-SIAM-2568-04,OPER-BKK-SIAM,2568,04,transactions_p5,5,transactions
renders/bank_statement/2025-04/BS-OPER-BKK-SIAM-2568-04_transactions_p6.png,bank_statement,2025-04,.png,BS-OPER-BKK-SIAM-2568-04_transactions_p6,0.2048959732055664,BS-OPER-BKK-SIAM-2568-04,OPER-BKK-SIAM,2568,04,transactions_p6,6,transactions
renders/bank_statement/2025-04/BS-OPER-BKK-SIAM-2568-04_transactions_p7.png,bank_statement,2025-04,.png,BS-OPER-BKK-SIAM-2568-04_transactions_p7,0.10797595977783203,BS-OPER-BKK-SIAM-2568-04,OPER-BKK-SIAM,2568,04,transactions_p7,7,transactions
renders/bank_statement/2025-04/BS-OPER-CNX-MAYA-2568-04_header.png,bank_statement,2025-04,.png,BS-OPER-CNX-MAYA-2568-04_header,0.09200572967529297,BS-OPER-CNX-MAYA-2568-04,OPER-CNX-MAYA,2568,04,header,,header
renders/bank_statement/2025-04/BS-OPER-CNX-MAYA-2568-04_transactions_p1.png,bank_statement,2025-04,.png,BS-OPER-CNX-MAYA-2568-04_transactions_p1,0.17732715606689453,BS-OPER-CNX-MAYA-2568-04,OPER-CNX-MAYA,2568,04,transactions_p1,1,transactions
renders/bank_statement/2025-04/BS-OPER-CNX-MAYA-2568-04_transactions_p2.png,bank_statement,2025-04,.png,BS-OPER-CNX-MAYA-2568-04_transactions_p2,0.17976951599121094,BS-OPER-CNX-MAYA-2568-04,OPER-CNX-MAYA,2568,04,transactions_p2,2,transactions
renders/bank_statement/2025-04/BS-OPER-CNX-MAYA-2568-04_transactions_p3.png,bank_statement,2025-04,.png,BS-OPER-CNX-MAYA-2568-04_transactions_p3,0.18121719360351562,BS-OPER-CNX-MAYA-2568-04,OPER-CNX-MAYA,2568,04,transactions_p3,3,transactions
renders/bank_statement/2025-04/BS-OPER-CNX-MAYA-2568-04_transactions_p4.png,bank_statement,2025-04,.png,BS-OPER-CNX-MAYA-2568-04_transactions_p4,0.18169212341308594,BS-OPER-CNX-MAYA-2568-04,OPER-CNX-MAYA,2568,04,transactions_p4,4,transactions
renders/bank_statement/2025-04/BS-OPER-CNX-MAYA-2568-04_transactions_p5.png,bank_statement,2025-04,.png,BS-OPER-CNX-MAYA-2568-04_transactions_p5,0.18164825439453125,BS-OPER-CNX-MAYA-2568-04,OPER-CNX-MAYA,2568,04,transactions_p5,5,transactions
renders/bank_statement/2025-04/BS-OPER-CNX-MAYA-2568-04_transactions_p6.png,bank_statement,2025-04,.png,BS-OPER-CNX-MAYA-2568-04_transactions_p6,0.1750192642211914,BS-OPER-CNX-MAYA-2568-04,OPER-CNX-MAYA,2568,04,transactions_p6,6,transactions
renders/bank_statement/2025-04/BS-OPER-HKT-FEST-2568-04_header.png,bank_statement,2025-04,.png,BS-OPER-HKT-FEST-2568-04_header,0.2957439422607422,BS-OPER-HKT-FEST-2568-04,OPER-HKT-FEST,2568,04,header,,header
renders/bank_statement/2025-04/BS-OPER-HKT-FEST-2568-04_transactions_p1.png,bank_statement,2025-04,.png,BS-OPER-HKT-FEST-2568-04_transactions_p1,0.8705329895019531,BS-OPER-HKT-FEST-2568-04,OPER-HKT-FEST,2568,04,transactions_p1,1,transactions
renders/bank_statement/2025-04/BS-OPER-HKT-FEST-2568-04_transactions_p2.png,bank_statement,2025-04,.png,BS-OPER-HKT-FEST-2568-04_transactions_p2,0.8388566970825195,BS-OPER-HKT-FEST-2568-04,OPER-HKT-FEST,2568,04,transactions_p2,2,transactions
renders/bank_statement/2025-04/BS-OPER-KKC-CTRL-2568-04_header.png,bank_statement,2025-04,.png,BS-OPER-KKC-CTRL-2568-04_header,0.059539794921875,BS-OPER-KKC-CTRL-2568-04,OPER-KKC-CTRL,2568,04,header,,header
renders/bank_statement/2025-04/BS-OPER-KKC-CTRL-2568-04_transactions_p1.png,bank_statement,2025-04,.png,BS-OPER-KKC-CTRL-2568-04_transactions_p1,0.18388938903808594,BS-OPER-KKC-CTRL-2568-04,OPER-KKC-CTRL,2568,04,transactions_p1,1,transactions
renders/bank_statement/2025-04/BS-OPER-KKC-CTRL-2568-04_transactions_p2.png,bank_statement,2025-04,.png,BS-OPER-KKC-CTRL-2568-04_transactions_p2,0.18967723846435547,BS-OPER-KKC-CTRL-2568-04,OPER-KKC-CTRL,2568,04,transactions_p2,2,transactions
renders/bank_statement/2025-04/BS-OPER-KKC-CTRL-2568-04_transactions_p3.png,bank_statement,2025-04,.png,BS-OPER-KKC-CTRL-2568-04_transactions_p3,0.18935394287109375,BS-OPER-KKC-CTRL-2568-04,OPER-KKC-CTRL,2568,04,transactions_p3,3,transactions
renders/bank_statement/2025-04/BS-OPER-KKC-CTRL-2568-04_transactions_p4.png,bank_statement,2025-04,.png,BS-OPER-KKC-CTRL-2568-04_transactions_p4,0.1873006820678711,BS-OPER-KKC-CTRL-2568-04,OPER-KKC-CTRL,2568,04,transactions_p4,4,transactions
renders/bank_statement/2025-04/BS-OPER-KKC-CTRL-2568-04_transactions_p5.png,bank_statement,2025-04,.png,BS-OPER-KKC-CTRL-2568-04_transactions_p5,0.18915081024169922,BS-OPER-KKC-CTRL-2568-04,OPER-KKC-CTRL,2568,04,transactions_p5,5,transactions
renders/bank_statement/2025-04/BS-OPER-KKC-CTRL-2568-04_transactions_p6.png,bank_statement,2025-04,.png,BS-OPER-KKC-CTRL-2568-04_transactions_p6,0.09725570678710938,BS-OPER-KKC-CTRL-2568-04,OPER-KKC-CTRL,2568,04,transactions_p6,6,transactions
renders/bank_statement/2025-04/BS-OPER-PTY-CTRL-2568-04_header.png,bank_statement,2025-04,.png,BS-OPER-PTY-CTRL-2568-04_header,0.09121894836425781,BS-OPER-PTY-CTRL-2568-04,OPER-PTY-CTRL,2568,04,header,,header
renders/bank_statement/2025-04/BS-OPER-PTY-CTRL-2568-04_transactions_p1.png,bank_statement,2025-04,.png,BS-OPER-PTY-CTRL-2568-04_transactions_p1,0.1772022247314453,BS-OPER-PTY-CTRL-2568-04,OPER-PTY-CTRL,2568,04,transactions_p1,1,transactions
renders/bank_statement/2025-04/BS-OPER-PTY-CTRL-2568-04_transactions_p2.png,bank_statement,2025-04,.png,BS-OPER-PTY-CTRL-2568-04_transactions_p2,0.18034744262695312,BS-OPER-PTY-CTRL-2568-04,OPER-PTY-CTRL,2568,04,transactions_p2,2,transactions
renders/bank_statement/2025-04/BS-OPER-PTY-CTRL-2568-04_transactions_p3.png,bank_statement,2025-04,.png,BS-OPER-PTY-CTRL-2568-04_transactions_p3,0.1815471649169922,BS-OPER-PTY-CTRL-2568-04,OPER-PTY-CTRL,2568,04,transactions_p3,3,transactions
renders/bank_statement/2025-04/BS-OPER-PTY-CTRL-2568-04_transactions_p4.png,bank_statement,2025-04,.png,BS-OPER-PTY-CTRL-2568-04_transactions_p4,0.18111038208007812,BS-OPER-PTY-CTRL-2568-04,OPER-PTY-CTRL,2568,04,transactions_p4,4,transactions
renders/bank_statement/2025-04/BS-OPER-PTY-CTRL-2568-04_transactions_p5.png,bank_statement,2025-04,.png,BS-OPER-PTY-CTRL-2568-04_transactions_p5,0.1808624267578125,BS-OPER-PTY-CTRL-2568-04,OPER-PTY-CTRL,2568,04,transactions_p5,5,transactions
renders/bank_statement/2025-04/BS-OPER-PTY-CTRL-2568-04_transactions_p6.png,bank_statement,2025-04,.png,BS-OPER-PTY-CTRL-2568-04_transactions_p6,0.18517589569091797,BS-OPER-PTY-CTRL-2568-04,OPER-PTY-CTRL,2568,04,transactions_p6,6,transactions
renders/bank_statement/2025-04/BS-OPER-PTY-CTRL-2568-04_transactions_p7.png,bank_statement,2025-04,.png,BS-OPER-PTY-CTRL-2568-04_transactions_p7,0.08809947967529297,BS-OPER-PTY-CTRL-2568-04,OPER-PTY-CTRL,2568,04,transactions_p7,7,transactions
renders/bank_statement/2025-04/BS-OPER-REMOTE-2568-04_header.png,bank_statement,2025-04,.png,BS-OPER-REMOTE-2568-04_header,0.29590320587158203,BS-OPER-REMOTE-2568-04,OPER-REMOTE,2568,04,header,,header
renders/bank_statement/2025-04/BS-OPER-REMOTE-2568-04_transactions_p1.png,bank_statement,2025-04,.png,BS-OPER-REMOTE-2568-04_transactions_p1,0.8851156234741211,BS-OPER-REMOTE-2568-04,OPER-REMOTE,2568,04,transactions_p1,1,transactions
renders/bank_statement/2025-04/BS-OPER-REMOTE-2568-04_transactions_p2.png,bank_statement,2025-04,.png,BS-OPER-REMOTE-2568-04_transactions_p2,0.8536128997802734,BS-OPER-REMOTE-2568-04,OPER-REMOTE,2568,04,transactions_p2,2,transactions
renders/bank_statement/2025-04/BS-OPER-UDN-CTRL-2568-04_header.png,bank_statement,2025-04,.png,BS-OPER-UDN-CTRL-2568-04_header,0.05943775177001953,BS-OPER-UDN-CTRL-2568-04,OPER-UDN-CTRL,2568,04,header,,header
renders/bank_statement/2025-04/BS-OPER-UDN-CTRL-2568-04_transactions_p1.png,bank_statement,2025-04,.png,BS-OPER-UDN-CTRL-2568-04_transactions_p1,0.18993568420410156,BS-OPER-UDN-CTRL-2568-04,OPER-UDN-CTRL,2568,04,transactions_p1,1,transactions
renders/bank_statement/2025-04/BS-OPER-UDN-CTRL-2568-04_transactions_p2.png,bank_statement,2025-04,.png,BS-OPER-UDN-CTRL-2568-04_transactions_p2,0.19646549224853516,BS-OPER-UDN-CTRL-2568-04,OPER-UDN-CTRL,2568,04,transactions_p2,2,transactions
renders/bank_statement/2025-04/BS-OPER-UDN-CTRL-2568-04_transactions_p3.png,bank_statement,2025-04,.png,BS-OPER-UDN-CTRL-2568-04_transactions_p3,0.19259166717529297,BS-OPER-UDN-CTRL-2568-04,OPER-UDN-CTRL,2568,04,transactions_p3,3,transactions
renders/bank_statement/2025-04/BS-OPER-UDN-CTRL-2568-04_transactions_p4.png,bank_statement,2025-04,.png,BS-OPER-UDN-CTRL-2568-04_transactions_p4,0.19347190856933594,BS-OPER-UDN-CTRL-2568-04,OPER-UDN-CTRL,2568,04,transactions_p4,4,transactions
renders/bank_statement/2025-04/BS-OPER-UDN-CTRL-2568-04_transactions_p5.png,bank_statement,2025-04,.png,BS-OPER-UDN-CTRL-2568-04_transactions_p5,0.19546985626220703,BS-OPER-UDN-CTRL-2568-04,OPER-UDN-CTRL,2568,04,transactions_p5,5,transactions
renders/bank_statement/2025-04/BS-OPER-UDN-CTRL-2568-04_transactions_p6.png,bank_statement,2025-04,.png,BS-OPER-UDN-CTRL-2568-04_transactions_p6,0.08859443664550781,BS-OPER-UDN-CTRL-2568-04,OPER-UDN-CTRL,2568,04,transactions_p6,6,transactions
renders/bank_statement/2025-04/BS-SCB-OPER-2568-04_header.png,bank_statement,2025-04,.png,BS-SCB-OPER-2568-04_header,0.05880260467529297,BS-SCB-OPER-2568-04,SCB-OPER,2568,04,header,,header
renders/bank_statement/2025-04/BS-SCB-OPER-2568-04_transactions_p1.png,bank_statement,2025-04,.png,BS-SCB-OPER-2568-04_transactions_p1,0.083038330078125,BS-SCB-OPER-2568-04,SCB-OPER,2568,04,transactions_p1,1,transactions
renders/bank_statement/2025-05/BS-BBL-OPER-2568-05_header.png,bank_statement,2025-05,.png,BS-BBL-OPER-2568-05_header,0.090423583984375,BS-BBL-OPER-2568-05,BBL-OPER,2568,05,header,,header
renders/bank_statement/2025-05/BS-BBL-OPER-2568-05_transactions_p1.png,bank_statement,2025-05,.png,BS-BBL-OPER-2568-05_transactions_p1,0.09463024139404297,BS-BBL-OPER-2568-05,BBL-OPER,2568,05,transactions_p1,1,transactions
renders/bank_statement/2025-05/BS-KBANK-OPER-2568-05_header.png,bank_statement,2025-05,.png,BS-KBANK-OPER-2568-05_header,0.3003730773925781,BS-KBANK-OPER-2568-05,KBANK-OPER,2568,05,header,,header
renders/bank_statement/2025-05/BS-KBANK-OPER-2568-05_transactions_p1.png,bank_statement,2025-05,.png,BS-KBANK-OPER-2568-05_transactions_p1,0.8813009262084961,BS-KBANK-OPER-2568-05,KBANK-OPER,2568,05,transactions_p1,1,transactions
renders/bank_statement/2025-05/BS-KBANK-OPER-2568-05_transactions_p10.png,bank_statement,2025-05,.png,BS-KBANK-OPER-2568-05_transactions_p10,0.9153156280517578,BS-KBANK-OPER-2568-05,KBANK-OPER,2568,05,transactions_p10,10,transactions
renders/bank_statement/2025-05/BS-KBANK-OPER-2568-05_transactions_p11.png,bank_statement,2025-05,.png,BS-KBANK-OPER-2568-05_transactions_p11,0.9156923294067383,BS-KBANK-OPER-2568-05,KBANK-OPER,2568,05,transactions_p11,11,transactions
renders/bank_statement/2025-05/BS-KBANK-OPER-2568-05_transactions_p12.png,bank_statement,2025-05,.png,BS-KBANK-OPER-2568-05_transactions_p12,0.9162559509277344,BS-KBANK-OPER-2568-05,KBANK-OPER,2568,05,transactions_p12,12,transactions
renders/bank_statement/2025-05/BS-KBANK-OPER-2568-05_transactions_p13.png,bank_statement,2025-05,.png,BS-KBANK-OPER-2568-05_transactions_p13,0.9225378036499023,BS-KBANK-OPER-2568-05,KBANK-OPER,2568,05,transactions_p13,13,transactions
renders/bank_statement/2025-05/BS-KBANK-OPER-2568-05_transactions_p14.png,bank_statement,2025-05,.png,BS-KBANK-OPER-2568-05_transactions_p14,0.8866472244262695,BS-KBANK-OPER-2568-05,KBANK-OPER,2568,05,transactions_p14,14,transactions
renders/bank_statement/2025-05/BS-KBANK-OPER-2568-05_transactions_p15.png,bank_statement,2025-05,.png,BS-KBANK-OPER-2568-05_transactions_p15,0.9073801040649414,BS-KBANK-OPER-2568-05,KBANK-OPER,2568,05,transactions_p15,15,transactions
renders/bank_statement/2025-05/BS-KBANK-OPER-2568-05_transactions_p16.png,bank_statement,2025-05,.png,BS-KBANK-OPER-2568-05_transactions_p16,0.9143238067626953,BS-KBANK-OPER-2568-05,KBANK-OPER,2568,05,transactions_p16,16,transactions
renders/bank_statement/2025-05/BS-KBANK-OPER-2568-05_transactions_p17.png,bank_statement,2025-05,.png,BS-KBANK-OPER-2568-05_transactions_p17,0.9176340103149414,BS-KBANK-OPER-2568-05,KBANK-OPER,2568,05,transactions_p17,17,transactions
renders/bank_statement/2025-05/BS-KBANK-OPER-2568-05_transactions_p18.png,bank_statement,2025-05,.png,BS-KBANK-OPER-2568-05_transactions_p18,0.9152355194091797,BS-KBANK-OPER-2568-05,KBANK-OPER,2568,05,transactions_p18,18,transactions
renders/bank_statement/2025-05/BS-KBANK-OPER-2568-05_transactions_p19.png,bank_statement,2025-05,.png,BS-KBANK-OPER-2568-05_transactions_p19,0.9273777008056641,BS-KBANK-OPER-2568-05,KBANK-OPER,2568,05,transactions_p19,19,transactions
renders/bank_statement/2025-05/BS-KBANK-OPER-2568-05_transactions_p2.png,bank_statement,2025-05,.png,BS-KBANK-OPER-2568-05_transactions_p2,0.90423583984375,BS-KBANK-OPER-2568-05,KBANK-OPER,2568,05,transactions_p2,2,transactions
renders/bank_statement/2025-05/BS-KBANK-OPER-2568-05_transactions_p20.png,bank_statement,2025-05,.png,BS-KBANK-OPER-2568-05_transactions_p20,0.9001245498657227,BS-KBANK-OPER-2568-05,KBANK-OPER,2568,05,transactions_p20,20,transactions
renders/bank_statement/2025-05/BS-KBANK-OPER-2568-05_transactions_p21.png,bank_statement,2025-05,.png,BS-KBANK-OPER-2568-05_transactions_p21,0.9019746780395508,BS-KBANK-OPER-2568-05,KBANK-OPER,2568,05,transactions_p21,21,transactions
renders/bank_statement/2025-05/BS-KBANK-OPER-2568-05_transactions_p22.png,bank_statement,2025-05,.png,BS-KBANK-OPER-2568-05_transactions_p22,0.9391641616821289,BS-KBANK-OPER-2568-05,KBANK-OPER,2568,05,transactions_p22,22,transactions
renders/bank_statement/2025-05/BS-KBANK-OPER-2568-05_transactions_p23.png,bank_statement,2025-05,.png,BS-KBANK-OPER-2568-05_transactions_p23,0.9395895004272461,BS-KBANK-OPER-2568-05,KBANK-OPER,2568,05,transactions_p23,23,transactions
renders/bank_statement/2025-05/BS-KBANK-OPER-2568-05_transactions_p24.png,bank_statement,2025-05,.png,BS-KBANK-OPER-2568-05_transactions_p24,0.9365425109863281,BS-KBANK-OPER-2568-05,KBANK-OPER,2568,05,transactions_p24,24,transactions
renders/bank_statement/2025-05/BS-KBANK-OPER-2568-05_transactions_p25.png,bank_statement,2025-05,.png,BS-KBANK-OPER-2568-05_transactions_p25,0.9385490417480469,BS-KBANK-OPER-2568-05,KBANK-OPER,2568,05,transactions_p25,25,transactions
renders/bank_statement/2025-05/BS-KBANK-OPER-2568-05_transactions_p26.png,bank_statement,2025-05,.png,BS-KBANK-OPER-2568-05_transactions_p26,0.936314582824707,BS-KBANK-OPER-2568-05,KBANK-OPER,2568,05,transactions_p26,26,transactions
renders/bank_statement/2025-05/BS-KBANK-OPER-2568-05_transactions_p27.png,bank_statement,2025-05,.png,BS-KBANK-OPER-2568-05_transactions_p27,0.9294281005859375,BS-KBANK-OPER-2568-05,KBANK-OPER,2568,05,transactions_p27,27,transactions
renders/bank_statement/2025-05/BS-KBANK-OPER-2568-05_transactions_p28.png,bank_statement,2025-05,.png,BS-KBANK-OPER-2568-05_transactions_p28,0.9307861328125,BS-KBANK-OPER-2568-05,KBANK-OPER,2568,05,transactions_p28,28,transactions
renders/bank_statement/2025-05/BS-KBANK-OPER-2568-05_transactions_p29.png,bank_statement,2025-05,.png,BS-KBANK-OPER-2568-05_transactions_p29,0.941859245300293,BS-KBANK-OPER-2568-05,KBANK-OPER,2568,05,transactions_p29,29,transactions
renders/bank_statement/2025-05/BS-KBANK-OPER-2568-05_transactions_p3.png,bank_statement,2025-05,.png,BS-KBANK-OPER-2568-05_transactions_p3,0.9047098159790039,BS-KBANK-OPER-2568-05,KBANK-OPER,2568,05,transactions_p3,3,transactions
renders/bank_statement/2025-05/BS-KBANK-OPER-2568-05_transactions_p30.png,bank_statement,2025-05,.png,BS-KBANK-OPER-2568-05_transactions_p30,0.9365940093994141,BS-KBANK-OPER-2568-05,KBANK-OPER,2568,05,transactions_p30,30,transactions
renders/bank_statement/2025-05/BS-KBANK-OPER-2568-05_transactions_p31.png,bank_statement,2025-05,.png,BS-KBANK-OPER-2568-05_transactions_p31,0.9323635101318359,BS-KBANK-OPER-2568-05,KBANK-OPER,2568,05,transactions_p31,31,transactions
renders/bank_statement/2025-05/BS-KBANK-OPER-2568-05_transactions_p32.png,bank_statement,2025-05,.png,BS-KBANK-OPER-2568-05_transactions_p32,0.944244384765625,BS-KBANK-OPER-2568-05,KBANK-OPER,2568,05,transactions_p32,32,transactions
renders/bank_statement/2025-05/BS-KBANK-OPER-2568-05_transactions_p33.png,bank_statement,2025-05,.png,BS-KBANK-OPER-2568-05_transactions_p33,0.9396133422851562,BS-KBANK-OPER-2568-05,KBANK-OPER,2568,05,transactions_p33,33,transactions
renders/bank_statement/2025-05/BS-KBANK-OPER-2568-05_transactions_p34.png,bank_statement,2025-05,.png,BS-KBANK-OPER-2568-05_transactions_p34,0.9377613067626953,BS-KBANK-OPER-2568-05,KBANK-OPER,2568,05,transactions_p34,34,transactions
renders/bank_statement/2025-05/BS-KBANK-OPER-2568-05_transactions_p35.png,bank_statement,2025-05,.png,BS-KBANK-OPER-2568-05_transactions_p35,0.8514108657836914,BS-KBANK-OPER-2568-05,KBANK-OPER,2568,05,transactions_p35,35,transactions
renders/bank_statement/2025-05/BS-KBANK-OPER-2568-05_transactions_p4.png,bank_statement,2025-05,.png,BS-KBANK-OPER-2568-05_transactions_p4,0.9145936965942383,BS-KBANK-OPER-2568-05,KBANK-OPER,2568,05,transactions_p4,4,transactions
renders/bank_statement/2025-05/BS-KBANK-OPER-2568-05_transactions_p5.png,bank_statement,2025-05,.png,BS-KBANK-OPER-2568-05_transactions_p5,0.9120731353759766,BS-KBANK-OPER-2568-05,KBANK-OPER,2568,05,transactions_p5,5,transactions
renders/bank_statement/2025-05/BS-KBANK-OPER-2568-05_transactions_p6.png,bank_statement,2025-05,.png,BS-KBANK-OPER-2568-05_transactions_p6,0.9227399826049805,BS-KBANK-OPER-2568-05,KBANK-OPER,2568,05,transactions_p6,6,transactions
renders/bank_statement/2025-05/BS-KBANK-OPER-2568-05_transactions_p7.png,bank_statement,2025-05,.png,BS-KBANK-OPER-2568-05_transactions_p7,0.911895751953125,BS-KBANK-OPER-2568-05,KBANK-OPER,2568,05,transactions_p7,7,transactions
renders/bank_statement/2025-05/BS-KBANK-OPER-2568-05_transactions_p8.png,bank_statement,2025-05,.png,BS-KBANK-OPER-2568-05_transactions_p8,0.9017276763916016,BS-KBANK-OPER-2568-05,KBANK-OPER,2568,05,transactions_p8,8,transactions
renders/bank_statement/2025-05/BS-KBANK-OPER-2568-05_transactions_p9.png,bank_statement,2025-05,.png,BS-KBANK-OPER-2568-05_transactions_p9,0.8992319107055664,BS-KBANK-OPER-2568-05,KBANK-OPER,2568,05,transactions_p9,9,transactions
renders/bank_statement/2025-05/BS-OPER-BKK-CTW-2568-05_header.png,bank_statement,2025-05,.png,BS-OPER-BKK-CTW-2568-05_header,0.29996776580810547,BS-OPER-BKK-CTW-2568-05,OPER-BKK-CTW,2568,05,header,,header
renders/bank_statement/2025-05/BS-OPER-BKK-CTW-2568-05_transactions_p1.png,bank_statement,2025-05,.png,BS-OPER-BKK-CTW-2568-05_transactions_p1,0.9151096343994141,BS-OPER-BKK-CTW-2568-05,OPER-BKK-CTW,2568,05,transactions_p1,1,transactions
renders/bank_statement/2025-05/BS-OPER-BKK-CTW-2568-05_transactions_p2.png,bank_statement,2025-05,.png,BS-OPER-BKK-CTW-2568-05_transactions_p2,0.928889274597168,BS-OPER-BKK-CTW-2568-05,OPER-BKK-CTW,2568,05,transactions_p2,2,transactions
renders/bank_statement/2025-05/BS-OPER-BKK-CTW-2568-05_transactions_p3.png,bank_statement,2025-05,.png,BS-OPER-BKK-CTW-2568-05_transactions_p3,0.5902128219604492,BS-OPER-BKK-CTW-2568-05,OPER-BKK-CTW,2568,05,transactions_p3,3,transactions
renders/bank_statement/2025-05/BS-OPER-BKK-EMSP-2568-05_header.png,bank_statement,2025-05,.png,BS-OPER-BKK-EMSP-2568-05_header,0.05935382843017578,BS-OPER-BKK-EMSP-2568-05,OPER-BKK-EMSP,2568,05,header,,header
renders/bank_statement/2025-05/BS-OPER-BKK-EMSP-2568-05_transactions_p1.png,bank_statement,2025-05,.png,BS-OPER-BKK-EMSP-2568-05_transactions_p1,0.19713783264160156,BS-OPER-BKK-EMSP-2568-05,OPER-BKK-EMSP,2568,05,transactions_p1,1,transactions
renders/bank_statement/2025-05/BS-OPER-BKK-EMSP-2568-05_transactions_p2.png,bank_statement,2025-05,.png,BS-OPER-BKK-EMSP-2568-05_transactions_p2,0.2025613784790039,BS-OPER-BKK-EMSP-2568-05,OPER-BKK-EMSP,2568,05,transactions_p2,2,transactions
renders/bank_statement/2025-05/BS-OPER-BKK-EMSP-2568-05_transactions_p3.png,bank_statement,2025-05,.png,BS-OPER-BKK-EMSP-2568-05_transactions_p3,0.20035457611083984,BS-OPER-BKK-EMSP-2568-05,OPER-BKK-EMSP,2568,05,transactions_p3,3,transactions
renders/bank_statement/2025-05/BS-OPER-BKK-EMSP-2568-05_transactions_p4.png,bank_statement,2025-05,.png,BS-OPER-BKK-EMSP-2568-05_transactions_p4,0.20080089569091797,BS-OPER-BKK-EMSP-2568-05,OPER-BKK-EMSP,2568,05,transactions_p4,4,transactions
renders/bank_statement/2025-05/BS-OPER-BKK-EMSP-2568-05_transactions_p5.png,bank_statement,2025-05,.png,BS-OPER-BKK-EMSP-2568-05_transactions_p5,0.20142555236816406,BS-OPER-BKK-EMSP-2568-05,OPER-BKK-EMSP,2568,05,transactions_p5,5,transactions
renders/bank_statement/2025-05/BS-OPER-BKK-EMSP-2568-05_transactions_p6.png,bank_statement,2025-05,.png,BS-OPER-BKK-EMSP-2568-05_transactions_p6,0.2014446258544922,BS-OPER-BKK-EMSP-2568-05,OPER-BKK-EMSP,2568,05,transactions_p6,6,transactions
renders/bank_statement/2025-05/BS-OPER-BKK-EMSP-2568-05_transactions_p7.png,bank_statement,2025-05,.png,BS-OPER-BKK-EMSP-2568-05_transactions_p7,0.2039031982421875,BS-OPER-BKK-EMSP-2568-05,OPER-BKK-EMSP,2568,05,transactions_p7,7,transactions
renders/bank_statement/2025-05/BS-OPER-BKK-EMSP-2568-05_transactions_p8.png,bank_statement,2025-05,.png,BS-OPER-BKK-EMSP-2568-05_transactions_p8,0.1231842041015625,BS-OPER-BKK-EMSP-2568-05,OPER-BKK-EMSP,2568,05,transactions_p8,8,transactions
renders/bank_statement/2025-05/BS-OPER-BKK-PKT-2568-05_header.png,bank_statement,2025-05,.png,BS-OPER-BKK-PKT-2568-05_header,0.09139728546142578,BS-OPER-BKK-PKT-2568-05,OPER-BKK-PKT,2568,05,header,,header
renders/bank_statement/2025-05/BS-OPER-BKK-PKT-2568-05_transactions_p1.png,bank_statement,2025-05,.png,BS-OPER-BKK-PKT-2568-05_transactions_p1,0.174774169921875,BS-OPER-BKK-PKT-2568-05,OPER-BKK-PKT,2568,05,transactions_p1,1,transactions
renders/bank_statement/2025-05/BS-OPER-BKK-PKT-2568-05_transactions_p2.png,bank_statement,2025-05,.png,BS-OPER-BKK-PKT-2568-05_transactions_p2,0.1776571273803711,BS-OPER-BKK-PKT-2568-05,OPER-BKK-PKT,2568,05,transactions_p2,2,transactions
renders/bank_statement/2025-05/BS-OPER-BKK-PKT-2568-05_transactions_p3.png,bank_statement,2025-05,.png,BS-OPER-BKK-PKT-2568-05_transactions_p3,0.17909622192382812,BS-OPER-BKK-PKT-2568-05,OPER-BKK-PKT,2568,05,transactions_p3,3,transactions
renders/bank_statement/2025-05/BS-OPER-BKK-PKT-2568-05_transactions_p4.png,bank_statement,2025-05,.png,BS-OPER-BKK-PKT-2568-05_transactions_p4,0.18095684051513672,BS-OPER-BKK-PKT-2568-05,OPER-BKK-PKT,2568,05,transactions_p4,4,transactions
renders/bank_statement/2025-05/BS-OPER-BKK-PKT-2568-05_transactions_p5.png,bank_statement,2025-05,.png,BS-OPER-BKK-PKT-2568-05_transactions_p5,0.17975807189941406,BS-OPER-BKK-PKT-2568-05,OPER-BKK-PKT,2568,05,transactions_p5,5,transactions
renders/bank_statement/2025-05/BS-OPER-BKK-PKT-2568-05_transactions_p6.png,bank_statement,2025-05,.png,BS-OPER-BKK-PKT-2568-05_transactions_p6,0.18003368377685547,BS-OPER-BKK-PKT-2568-05,OPER-BKK-PKT,2568,05,transactions_p6,6,transactions
renders/bank_statement/2025-05/BS-OPER-BKK-PKT-2568-05_transactions_p7.png,bank_statement,2025-05,.png,BS-OPER-BKK-PKT-2568-05_transactions_p7,0.1823577880859375,BS-OPER-BKK-PKT-2568-05,OPER-BKK-PKT,2568,05,transactions_p7,7,transactions
renders/bank_statement/2025-05/BS-OPER-BKK-PKT-2568-05_transactions_p8.png,bank_statement,2025-05,.png,BS-OPER-BKK-PKT-2568-05_transactions_p8,0.09979629516601562,BS-OPER-BKK-PKT-2568-05,OPER-BKK-PKT,2568,05,transactions_p8,8,transactions
renders/bank_statement/2025-05/BS-OPER-BKK-R9-2568-05_header.png,bank_statement,2025-05,.png,BS-OPER-BKK-R9-2568-05_header,0.2969999313354492,BS-OPER-BKK-R9-2568-05,OPER-BKK-R9,2568,05,header,,header
renders/bank_statement/2025-05/BS-OPER-BKK-R9-2568-05_transactions_p1.png,bank_statement,2025-05,.png,BS-OPER-BKK-R9-2568-05_transactions_p1,0.9237375259399414,BS-OPER-BKK-R9-2568-05,OPER-BKK-R9,2568,05,transactions_p1,1,transactions
renders/bank_statement/2025-05/BS-OPER-BKK-R9-2568-05_transactions_p2.png,bank_statement,2025-05,.png,BS-OPER-BKK-R9-2568-05_transactions_p2,0.9374246597290039,BS-OPER-BKK-R9-2568-05,OPER-BKK-R9,2568,05,transactions_p2,2,transactions
renders/bank_statement/2025-05/BS-OPER-BKK-R9-2568-05_transactions_p3.png,bank_statement,2025-05,.png,BS-OPER-BKK-R9-2568-05_transactions_p3,0.4916982650756836,BS-OPER-BKK-R9-2568-05,OPER-BKK-R9,2568,05,transactions_p3,3,transactions
renders/bank_statement/2025-05/BS-OPER-BKK-SIAM-2568-05_header.png,bank_statement,2025-05,.png,BS-OPER-BKK-SIAM-2568-05_header,0.059523582458496094,BS-OPER-BKK-SIAM-2568-05,OPER-BKK-SIAM,2568,05,header,,header
renders/bank_statement/2025-05/BS-OPER-BKK-SIAM-2568-05_transactions_p1.png,bank_statement,2025-05,.png,BS-OPER-BKK-SIAM-2568-05_transactions_p1,0.19717979431152344,BS-OPER-BKK-SIAM-2568-05,OPER-BKK-SIAM,2568,05,transactions_p1,1,transactions
renders/bank_statement/2025-05/BS-OPER-BKK-SIAM-2568-05_transactions_p2.png,bank_statement,2025-05,.png,BS-OPER-BKK-SIAM-2568-05_transactions_p2,0.20215320587158203,BS-OPER-BKK-SIAM-2568-05,OPER-BKK-SIAM,2568,05,transactions_p2,2,transactions
renders/bank_statement/2025-05/BS-OPER-BKK-SIAM-2568-05_transactions_p3.png,bank_statement,2025-05,.png,BS-OPER-BKK-SIAM-2568-05_transactions_p3,0.20133399963378906,BS-OPER-BKK-SIAM-2568-05,OPER-BKK-SIAM,2568,05,transactions_p3,3,transactions
renders/bank_statement/2025-05/BS-OPER-BKK-SIAM-2568-05_transactions_p4.png,bank_statement,2025-05,.png,BS-OPER-BKK-SIAM-2568-05_transactions_p4,0.19986534118652344,BS-OPER-BKK-SIAM-2568-05,OPER-BKK-SIAM,2568,05,transactions_p4,4,transactions
renders/bank_statement/2025-05/BS-OPER-BKK-SIAM-2568-05_transactions_p5.png,bank_statement,2025-05,.png,BS-OPER-BKK-SIAM-2568-05_transactions_p5,0.20243072509765625,BS-OPER-BKK-SIAM-2568-05,OPER-BKK-SIAM,2568,05,transactions_p5,5,transactions
renders/bank_statement/2025-05/BS-OPER-BKK-SIAM-2568-05_transactions_p6.png,bank_statement,2025-05,.png,BS-OPER-BKK-SIAM-2568-05_transactions_p6,0.2016010284423828,BS-OPER-BKK-SIAM-2568-05,OPER-BKK-SIAM,2568,05,transactions_p6,6,transactions
renders/bank_statement/2025-05/BS-OPER-BKK-SIAM-2568-05_transactions_p7.png,bank_statement,2025-05,.png,BS-OPER-BKK-SIAM-2568-05_transactions_p7,0.20282554626464844,BS-OPER-BKK-SIAM-2568-05,OPER-BKK-SIAM,2568,05,transactions_p7,7,transactions
renders/bank_statement/2025-05/BS-OPER-BKK-SIAM-2568-05_transactions_p8.png,bank_statement,2025-05,.png,BS-OPER-BKK-SIAM-2568-05_transactions_p8,0.16446399688720703,BS-OPER-BKK-SIAM-2568-05,OPER-BKK-SIAM,2568,05,transactions_p8,8,transactions
renders/bank_statement/2025-05/BS-OPER-CNX-MAYA-2568-05_header.png,bank_statement,2025-05,.png,BS-OPER-CNX-MAYA-2568-05_header,0.09197998046875,BS-OPER-CNX-MAYA-2568-05,OPER-CNX-MAYA,2568,05,header,,header
renders/bank_statement/2025-05/BS-OPER-CNX-MAYA-2568-05_transactions_p1.png,bank_statement,2025-05,.png,BS-OPER-CNX-MAYA-2568-05_transactions_p1,0.17425823211669922,BS-OPER-CNX-MAYA-2568-05,OPER-CNX-MAYA,2568,05,transactions_p1,1,transactions
renders/bank_statement/2025-05/BS-OPER-CNX-MAYA-2568-05_transactions_p2.png,bank_statement,2025-05,.png,BS-OPER-CNX-MAYA-2568-05_transactions_p2,0.1790618896484375,BS-OPER-CNX-MAYA-2568-05,OPER-CNX-MAYA,2568,05,transactions_p2,2,transactions
renders/bank_statement/2025-05/BS-OPER-CNX-MAYA-2568-05_transactions_p3.png,bank_statement,2025-05,.png,BS-OPER-CNX-MAYA-2568-05_transactions_p3,0.17888832092285156,BS-OPER-CNX-MAYA-2568-05,OPER-CNX-MAYA,2568,05,transactions_p3,3,transactions
renders/bank_statement/2025-05/BS-OPER-CNX-MAYA-2568-05_transactions_p4.png,bank_statement,2025-05,.png,BS-OPER-CNX-MAYA-2568-05_transactions_p4,0.17909812927246094,BS-OPER-CNX-MAYA-2568-05,OPER-CNX-MAYA,2568,05,transactions_p4,4,transactions
renders/bank_statement/2025-05/BS-OPER-CNX-MAYA-2568-05_transactions_p5.png,bank_statement,2025-05,.png,BS-OPER-CNX-MAYA-2568-05_transactions_p5,0.17932987213134766,BS-OPER-CNX-MAYA-2568-05,OPER-CNX-MAYA,2568,05,transactions_p5,5,transactions
renders/bank_statement/2025-05/BS-OPER-CNX-MAYA-2568-05_transactions_p6.png,bank_statement,2025-05,.png,BS-OPER-CNX-MAYA-2568-05_transactions_p6,0.1805706024169922,BS-OPER-CNX-MAYA-2568-05,OPER-CNX-MAYA,2568,05,transactions_p6,6,transactions
renders/bank_statement/2025-05/BS-OPER-CNX-MAYA-2568-05_transactions_p7.png,bank_statement,2025-05,.png,BS-OPER-CNX-MAYA-2568-05_transactions_p7,0.18055057525634766,BS-OPER-CNX-MAYA-2568-05,OPER-CNX-MAYA,2568,05,transactions_p7,7,transactions
renders/bank_statement/2025-05/BS-OPER-CNX-MAYA-2568-05_transactions_p8.png,bank_statement,2025-05,.png,BS-OPER-CNX-MAYA-2568-05_transactions_p8,0.1250467300415039,BS-OPER-CNX-MAYA-2568-05,OPER-CNX-MAYA,2568,05,transactions_p8,8,transactions
renders/bank_statement/2025-05/BS-OPER-HKT-FEST-2568-05_header.png,bank_statement,2025-05,.png,BS-OPER-HKT-FEST-2568-05_header,0.2957334518432617,BS-OPER-HKT-FEST-2568-05,OPER-HKT-FEST,2568,05,header,,header
renders/bank_statement/2025-05/BS-OPER-HKT-FEST-2568-05_transactions_p1.png,bank_statement,2025-05,.png,BS-OPER-HKT-FEST-2568-05_transactions_p1,0.8696603775024414,BS-OPER-HKT-FEST-2568-05,OPER-HKT-FEST,2568,05,transactions_p1,1,transactions
renders/bank_statement/2025-05/BS-OPER-HKT-FEST-2568-05_transactions_p2.png,bank_statement,2025-05,.png,BS-OPER-HKT-FEST-2568-05_transactions_p2,0.8821887969970703,BS-OPER-HKT-FEST-2568-05,OPER-HKT-FEST,2568,05,transactions_p2,2,transactions
renders/bank_statement/2025-05/BS-OPER-HKT-FEST-2568-05_transactions_p3.png,bank_statement,2025-05,.png,BS-OPER-HKT-FEST-2568-05_transactions_p3,0.45807647705078125,BS-OPER-HKT-FEST-2568-05,OPER-HKT-FEST,2568,05,transactions_p3,3,transactions
renders/bank_statement/2025-05/BS-OPER-KKC-CTRL-2568-05_header.png,bank_statement,2025-05,.png,BS-OPER-KKC-CTRL-2568-05_header,0.05937004089355469,BS-OPER-KKC-CTRL-2568-05,OPER-KKC-CTRL,2568,05,header,,header
renders/bank_statement/2025-05/BS-OPER-KKC-CTRL-2568-05_transactions_p1.png,bank_statement,2025-05,.png,BS-OPER-KKC-CTRL-2568-05_transactions_p1,0.185638427734375,BS-OPER-KKC-CTRL-2568-05,OPER-KKC-CTRL,2568,05,transactions_p1,1,transactions
renders/bank_statement/2025-05/BS-OPER-KKC-CTRL-2568-05_transactions_p2.png,bank_statement,2025-05,.png,BS-OPER-KKC-CTRL-2568-05_transactions_p2,0.19128990173339844,BS-OPER-KKC-CTRL-2568-05,OPER-KKC-CTRL,2568,05,transactions_p2,2,transactions
renders/bank_statement/2025-05/BS-OPER-KKC-CTRL-2568-05_transactions_p3.png,bank_statement,2025-05,.png,BS-OPER-KKC-CTRL-2568-05_transactions_p3,0.1911001205444336,BS-OPER-KKC-CTRL-2568-05,OPER-KKC-CTRL,2568,05,transactions_p3,3,transactions
renders/bank_statement/2025-05/BS-OPER-KKC-CTRL-2568-05_transactions_p4.png,bank_statement,2025-05,.png,BS-OPER-KKC-CTRL-2568-05_transactions_p4,0.19147491455078125,BS-OPER-KKC-CTRL-2568-05,OPER-KKC-CTRL,2568,05,transactions_p4,4,transactions
renders/bank_statement/2025-05/BS-OPER-KKC-CTRL-2568-05_transactions_p5.png,bank_statement,2025-05,.png,BS-OPER-KKC-CTRL-2568-05_transactions_p5,0.1889820098876953,BS-OPER-KKC-CTRL-2568-05,OPER-KKC-CTRL,2568,05,transactions_p5,5,transactions
renders/bank_statement/2025-05/BS-OPER-KKC-CTRL-2568-05_transactions_p6.png,bank_statement,2025-05,.png,BS-OPER-KKC-CTRL-2568-05_transactions_p6,0.1907491683959961,BS-OPER-KKC-CTRL-2568-05,OPER-KKC-CTRL,2568,05,transactions_p6,6,transactions
renders/bank_statement/2025-05/BS-OPER-KKC-CTRL-2568-05_transactions_p7.png,bank_statement,2025-05,.png,BS-OPER-KKC-CTRL-2568-05_transactions_p7,0.1132659912109375,BS-OPER-KKC-CTRL-2568-05,OPER-KKC-CTRL,2568,05,transactions_p7,7,transactions
renders/bank_statement/2025-05/BS-OPER-PTY-CTRL-2568-05_header.png,bank_statement,2025-05,.png,BS-OPER-PTY-CTRL-2568-05_header,0.09128952026367188,BS-OPER-PTY-CTRL-2568-05,OPER-PTY-CTRL,2568,05,header,,header
renders/bank_statement/2025-05/BS-OPER-PTY-CTRL-2568-05_transactions_p1.png,bank_statement,2025-05,.png,BS-OPER-PTY-CTRL-2568-05_transactions_p1,0.17512130737304688,BS-OPER-PTY-CTRL-2568-05,OPER-PTY-CTRL,2568,05,transactions_p1,1,transactions
renders/bank_statement/2025-05/BS-OPER-PTY-CTRL-2568-05_transactions_p2.png,bank_statement,2025-05,.png,BS-OPER-PTY-CTRL-2568-05_transactions_p2,0.17818641662597656,BS-OPER-PTY-CTRL-2568-05,OPER-PTY-CTRL,2568,05,transactions_p2,2,transactions
renders/bank_statement/2025-05/BS-OPER-PTY-CTRL-2568-05_transactions_p3.png,bank_statement,2025-05,.png,BS-OPER-PTY-CTRL-2568-05_transactions_p3,0.1789684295654297,BS-OPER-PTY-CTRL-2568-05,OPER-PTY-CTRL,2568,05,transactions_p3,3,transactions
renders/bank_statement/2025-05/BS-OPER-PTY-CTRL-2568-05_transactions_p4.png,bank_statement,2025-05,.png,BS-OPER-PTY-CTRL-2568-05_transactions_p4,0.1793212890625,BS-OPER-PTY-CTRL-2568-05,OPER-PTY-CTRL,2568,05,transactions_p4,4,transactions
renders/bank_statement/2025-05/BS-OPER-PTY-CTRL-2568-05_transactions_p5.png,bank_statement,2025-05,.png,BS-OPER-PTY-CTRL-2568-05_transactions_p5,0.17997264862060547,BS-OPER-PTY-CTRL-2568-05,OPER-PTY-CTRL,2568,05,transactions_p5,5,transactions
renders/bank_statement/2025-05/BS-OPER-PTY-CTRL-2568-05_transactions_p6.png,bank_statement,2025-05,.png,BS-OPER-PTY-CTRL-2568-05_transactions_p6,0.18031883239746094,BS-OPER-PTY-CTRL-2568-05,OPER-PTY-CTRL,2568,05,transactions_p6,6,transactions
renders/bank_statement/2025-05/BS-OPER-PTY-CTRL-2568-05_transactions_p7.png,bank_statement,2025-05,.png,BS-OPER-PTY-CTRL-2568-05_transactions_p7,0.18241024017333984,BS-OPER-PTY-CTRL-2568-05,OPER-PTY-CTRL,2568,05,transactions_p7,7,transactions
renders/bank_statement/2025-05/BS-OPER-PTY-CTRL-2568-05_transactions_p8.png,bank_statement,2025-05,.png,BS-OPER-PTY-CTRL-2568-05_transactions_p8,0.1383962631225586,BS-OPER-PTY-CTRL-2568-05,OPER-PTY-CTRL,2568,05,transactions_p8,8,transactions
renders/bank_statement/2025-05/BS-OPER-REMOTE-2568-05_header.png,bank_statement,2025-05,.png,BS-OPER-REMOTE-2568-05_header,0.2958364486694336,BS-OPER-REMOTE-2568-05,OPER-REMOTE,2568,05,header,,header
renders/bank_statement/2025-05/BS-OPER-REMOTE-2568-05_transactions_p1.png,bank_statement,2025-05,.png,BS-OPER-REMOTE-2568-05_transactions_p1,0.8981800079345703,BS-OPER-REMOTE-2568-05,OPER-REMOTE,2568,05,transactions_p1,1,transactions
renders/bank_statement/2025-05/BS-OPER-REMOTE-2568-05_transactions_p2.png,bank_statement,2025-05,.png,BS-OPER-REMOTE-2568-05_transactions_p2,0.8585796356201172,BS-OPER-REMOTE-2568-05,OPER-REMOTE,2568,05,transactions_p2,2,transactions
renders/bank_statement/2025-05/BS-OPER-UDN-CTRL-2568-05_header.png,bank_statement,2025-05,.png,BS-OPER-UDN-CTRL-2568-05_header,0.05926704406738281,BS-OPER-UDN-CTRL-2568-05,OPER-UDN-CTRL,2568,05,header,,header
renders/bank_statement/2025-05/BS-OPER-UDN-CTRL-2568-05_transactions_p1.png,bank_statement,2025-05,.png,BS-OPER-UDN-CTRL-2568-05_transactions_p1,0.18966102600097656,BS-OPER-UDN-CTRL-2568-05,OPER-UDN-CTRL,2568,05,transactions_p1,1,transactions
renders/bank_statement/2025-05/BS-OPER-UDN-CTRL-2568-05_transactions_p2.png,bank_statement,2025-05,.png,BS-OPER-UDN-CTRL-2568-05_transactions_p2,0.19478702545166016,BS-OPER-UDN-CTRL-2568-05,OPER-UDN-CTRL,2568,05,transactions_p2,2,transactions
renders/bank_statement/2025-05/BS-OPER-UDN-CTRL-2568-05_transactions_p3.png,bank_statement,2025-05,.png,BS-OPER-UDN-CTRL-2568-05_transactions_p3,0.19226455688476562,BS-OPER-UDN-CTRL-2568-05,OPER-UDN-CTRL,2568,05,transactions_p3,3,transactions
renders/bank_statement/2025-05/BS-OPER-UDN-CTRL-2568-05_transactions_p4.png,bank_statement,2025-05,.png,BS-OPER-UDN-CTRL-2568-05_transactions_p4,0.1935129165649414,BS-OPER-UDN-CTRL-2568-05,OPER-UDN-CTRL,2568,05,transactions_p4,4,transactions
renders/bank_statement/2025-05/BS-OPER-UDN-CTRL-2568-05_transactions_p5.png,bank_statement,2025-05,.png,BS-OPER-UDN-CTRL-2568-05_transactions_p5,0.19227123260498047,BS-OPER-UDN-CTRL-2568-05,OPER-UDN-CTRL,2568,05,transactions_p5,5,transactions
renders/bank_statement/2025-05/BS-OPER-UDN-CTRL-2568-05_transactions_p6.png,bank_statement,2025-05,.png,BS-OPER-UDN-CTRL-2568-05_transactions_p6,0.1941699981689453,BS-OPER-UDN-CTRL-2568-05,OPER-UDN-CTRL,2568,05,transactions_p6,6,transactions
renders/bank_statement/2025-05/BS-OPER-UDN-CTRL-2568-05_transactions_p7.png,bank_statement,2025-05,.png,BS-OPER-UDN-CTRL-2568-05_transactions_p7,0.10547065734863281,BS-OPER-UDN-CTRL-2568-05,OPER-UDN-CTRL,2568,05,transactions_p7,7,transactions
renders/bank_statement/2025-05/BS-SCB-OPER-2568-05_header.png,bank_statement,2025-05,.png,BS-SCB-OPER-2568-05_header,0.058635711669921875,BS-SCB-OPER-2568-05,SCB-OPER,2568,05,header,,header
renders/bank_statement/2025-05/BS-SCB-OPER-2568-05_transactions_p1.png,bank_statement,2025-05,.png,BS-SCB-OPER-2568-05_transactions_p1,0.08296394348144531,BS-SCB-OPER-2568-05,SCB-OPER,2568,05,transactions_p1,1,transactions
renders/bank_statement/2025-06/BS-BBL-OPER-2568-06_header.png,bank_statement,2025-06,.png,BS-BBL-OPER-2568-06_header,0.09076690673828125,BS-BBL-OPER-2568-06,BBL-OPER,2568,06,header,,header
renders/bank_statement/2025-06/BS-BBL-OPER-2568-06_transactions_p1.png,bank_statement,2025-06,.png,BS-BBL-OPER-2568-06_transactions_p1,0.09553050994873047,BS-BBL-OPER-2568-06,BBL-OPER,2568,06,transactions_p1,1,transactions
renders/bank_statement/2025-06/BS-KBANK-OPER-2568-06_header.png,bank_statement,2025-06,.png,BS-KBANK-OPER-2568-06_header,0.3001575469970703,BS-KBANK-OPER-2568-06,KBANK-OPER,2568,06,header,,header
renders/bank_statement/2025-06/BS-KBANK-OPER-2568-06_transactions_p1.png,bank_statement,2025-06,.png,BS-KBANK-OPER-2568-06_transactions_p1,0.9004030227661133,BS-KBANK-OPER-2568-06,KBANK-OPER,2568,06,transactions_p1,1,transactions
renders/bank_statement/2025-06/BS-KBANK-OPER-2568-06_transactions_p10.png,bank_statement,2025-06,.png,BS-KBANK-OPER-2568-06_transactions_p10,0.9139442443847656,BS-KBANK-OPER-2568-06,KBANK-OPER,2568,06,transactions_p10,10,transactions
renders/bank_statement/2025-06/BS-KBANK-OPER-2568-06_transactions_p11.png,bank_statement,2025-06,.png,BS-KBANK-OPER-2568-06_transactions_p11,0.9328708648681641,BS-KBANK-OPER-2568-06,KBANK-OPER,2568,06,transactions_p11,11,transactions
renders/bank_statement/2025-06/BS-KBANK-OPER-2568-06_transactions_p12.png,bank_statement,2025-06,.png,BS-KBANK-OPER-2568-06_transactions_p12,0.9084463119506836,BS-KBANK-OPER-2568-06,KBANK-OPER,2568,06,transactions_p12,12,transactions
renders/bank_statement/2025-06/BS-KBANK-OPER-2568-06_transactions_p13.png,bank_statement,2025-06,.png,BS-KBANK-OPER-2568-06_transactions_p13,0.8946056365966797,BS-KBANK-OPER-2568-06,KBANK-OPER,2568,06,transactions_p13,13,transactions
renders/bank_statement/2025-06/BS-KBANK-OPER-2568-06_transactions_p14.png,bank_statement,2025-06,.png,BS-KBANK-OPER-2568-06_transactions_p14,0.9041624069213867,BS-KBANK-OPER-2568-06,KBANK-OPER,2568,06,transactions_p14,14,transactions
renders/bank_statement/2025-06/BS-KBANK-OPER-2568-06_transactions_p15.png,bank_statement,2025-06,.png,BS-KBANK-OPER-2568-06_transactions_p15,0.899592399597168,BS-KBANK-OPER-2568-06,KBANK-OPER,2568,06,transactions_p15,15,transactions
renders/bank_statement/2025-06/BS-KBANK-OPER-2568-06_transactions_p16.png,bank_statement,2025-06,.png,BS-KBANK-OPER-2568-06_transactions_p16,0.9240942001342773,BS-KBANK-OPER-2568-06,KBANK-OPER,2568,06,transactions_p16,16,transactions
renders/bank_statement/2025-06/BS-KBANK-OPER-2568-06_transactions_p17.png,bank_statement,2025-06,.png,BS-KBANK-OPER-2568-06_transactions_p17,0.9192447662353516,BS-KBANK-OPER-2568-06,KBANK-OPER,2568,06,transactions_p17,17,transactions
renders/bank_statement/2025-06/BS-KBANK-OPER-2568-06_transactions_p18.png,bank_statement,2025-06,.png,BS-KBANK-OPER-2568-06_transactions_p18,0.9243679046630859,BS-KBANK-OPER-2568-06,KBANK-OPER,2568,06,transactions_p18,18,transactions
renders/bank_statement/2025-06/BS-KBANK-OPER-2568-06_transactions_p19.png,bank_statement,2025-06,.png,BS-KBANK-OPER-2568-06_transactions_p19,0.9261941909790039,BS-KBANK-OPER-2568-06,KBANK-OPER,2568,06,transactions_p19,19,transactions
renders/bank_statement/2025-06/BS-KBANK-OPER-2568-06_transactions_p2.png,bank_statement,2025-06,.png,BS-KBANK-OPER-2568-06_transactions_p2,0.9012737274169922,BS-KBANK-OPER-2568-06,KBANK-OPER,2568,06,transactions_p2,2,transactions
renders/bank_statement/2025-06/BS-KBANK-OPER-2568-06_transactions_p20.png,bank_statement,2025-06,.png,BS-KBANK-OPER-2568-06_transactions_p20,0.9294338226318359,BS-KBANK-OPER-2568-06,KBANK-OPER,2568,06,transactions_p20,20,transactions
renders/bank_statement/2025-06/BS-KBANK-OPER-2568-06_transactions_p21.png,bank_statement,2025-06,.png,BS-KBANK-OPER-2568-06_transactions_p21,0.9315299987792969,BS-KBANK-OPER-2568-06,KBANK-OPER,2568,06,transactions_p21,21,transactions
renders/bank_statement/2025-06/BS-KBANK-OPER-2568-06_transactions_p22.png,bank_statement,2025-06,.png,BS-KBANK-OPER-2568-06_transactions_p22,0.935521125793457,BS-KBANK-OPER-2568-06,KBANK-OPER,2568,06,transactions_p22,22,transactions
renders/bank_statement/2025-06/BS-KBANK-OPER-2568-06_transactions_p23.png,bank_statement,2025-06,.png,BS-KBANK-OPER-2568-06_transactions_p23,0.9317235946655273,BS-KBANK-OPER-2568-06,KBANK-OPER,2568,06,transactions_p23,23,transactions
renders/bank_statement/2025-06/BS-KBANK-OPER-2568-06_transactions_p24.png,bank_statement,2025-06,.png,BS-KBANK-OPER-2568-06_transactions_p24,0.9384174346923828,BS-KBANK-OPER-2568-06,KBANK-OPER,2568,06,transactions_p24,24,transactions
renders/bank_statement/2025-06/BS-KBANK-OPER-2568-06_transactions_p25.png,bank_statement,2025-06,.png,BS-KBANK-OPER-2568-06_transactions_p25,0.949986457824707,BS-KBANK-OPER-2568-06,KBANK-OPER,2568,06,transactions_p25,25,transactions
renders/bank_statement/2025-06/BS-KBANK-OPER-2568-06_transactions_p26.png,bank_statement,2025-06,.png,BS-KBANK-OPER-2568-06_transactions_p26,0.9478015899658203,BS-KBANK-OPER-2568-06,KBANK-OPER,2568,06,transactions_p26,26,transactions
renders/bank_statement/2025-06/BS-KBANK-OPER-2568-06_transactions_p27.png,bank_statement,2025-06,.png,BS-KBANK-OPER-2568-06_transactions_p27,0.9474411010742188,BS-KBANK-OPER-2568-06,KBANK-OPER,2568,06,transactions_p27,27,transactions
renders/bank_statement/2025-06/BS-KBANK-OPER-2568-06_transactions_p28.png,bank_statement,2025-06,.png,BS-KBANK-OPER-2568-06_transactions_p28,0.94866943359375,BS-KBANK-OPER-2568-06,KBANK-OPER,2568,06,transactions_p28,28,transactions
renders/bank_statement/2025-06/BS-KBANK-OPER-2568-06_transactions_p29.png,bank_statement,2025-06,.png,BS-KBANK-OPER-2568-06_transactions_p29,0.9428367614746094,BS-KBANK-OPER-2568-06,KBANK-OPER,2568,06,transactions_p29,29,transactions
renders/bank_statement/2025-06/BS-KBANK-OPER-2568-06_transactions_p3.png,bank_statement,2025-06,.png,BS-KBANK-OPER-2568-06_transactions_p3,0.9149312973022461,BS-KBANK-OPER-2568-06,KBANK-OPER,2568,06,transactions_p3,3,transactions
renders/bank_statement/2025-06/BS-KBANK-OPER-2568-06_transactions_p30.png,bank_statement,2025-06,.png,BS-KBANK-OPER-2568-06_transactions_p30,0.9444522857666016,BS-KBANK-OPER-2568-06,KBANK-OPER,2568,06,transactions_p30,30,transactions
renders/bank_statement/2025-06/BS-KBANK-OPER-2568-06_transactions_p31.png,bank_statement,2025-06,.png,BS-KBANK-OPER-2568-06_transactions_p31,0.9441995620727539,BS-KBANK-OPER-2568-06,KBANK-OPER,2568,06,transactions_p31,31,transactions
renders/bank_statement/2025-06/BS-KBANK-OPER-2568-06_transactions_p32.png,bank_statement,2025-06,.png,BS-KBANK-OPER-2568-06_transactions_p32,0.9405374526977539,BS-KBANK-OPER-2568-06,KBANK-OPER,2568,06,transactions_p32,32,transactions
renders/bank_statement/2025-06/BS-KBANK-OPER-2568-06_transactions_p33.png,bank_statement,2025-06,.png,BS-KBANK-OPER-2568-06_transactions_p33,0.4108591079711914,BS-KBANK-OPER-2568-06,KBANK-OPER,2568,06,transactions_p33,33,transactions
renders/bank_statement/2025-06/BS-KBANK-OPER-2568-06_transactions_p4.png,bank_statement,2025-06,.png,BS-KBANK-OPER-2568-06_transactions_p4,0.9156637191772461,BS-KBANK-OPER-2568-06,KBANK-OPER,2568,06,transactions_p4,4,transactions
renders/bank_statement/2025-06/BS-KBANK-OPER-2568-06_transactions_p5.png,bank_statement,2025-06,.png,BS-KBANK-OPER-2568-06_transactions_p5,0.926121711730957,BS-KBANK-OPER-2568-06,KBANK-OPER,2568,06,transactions_p5,5,transactions
renders/bank_statement/2025-06/BS-KBANK-OPER-2568-06_transactions_p6.png,bank_statement,2025-06,.png,BS-KBANK-OPER-2568-06_transactions_p6,0.9072513580322266,BS-KBANK-OPER-2568-06,KBANK-OPER,2568,06,transactions_p6,6,transactions
renders/bank_statement/2025-06/BS-KBANK-OPER-2568-06_transactions_p7.png,bank_statement,2025-06,.png,BS-KBANK-OPER-2568-06_transactions_p7,0.902949333190918,BS-KBANK-OPER-2568-06,KBANK-OPER,2568,06,transactions_p7,7,transactions
renders/bank_statement/2025-06/BS-KBANK-OPER-2568-06_transactions_p8.png,bank_statement,2025-06,.png,BS-KBANK-OPER-2568-06_transactions_p8,0.9055414199829102,BS-KBANK-OPER-2568-06,KBANK-OPER,2568,06,transactions_p8,8,transactions
renders/bank_statement/2025-06/BS-KBANK-OPER-2568-06_transactions_p9.png,bank_statement,2025-06,.png,BS-KBANK-OPER-2568-06_transactions_p9,0.9120121002197266,BS-KBANK-OPER-2568-06,KBANK-OPER,2568,06,transactions_p9,9,transactions
renders/bank_statement/2025-06/BS-OPER-BKK-CTW-2568-06_header.png,bank_statement,2025-06,.png,BS-OPER-BKK-CTW-2568-06_header,0.30027198791503906,BS-OPER-BKK-CTW-2568-06,OPER-BKK-CTW,2568,06,header,,header
renders/bank_statement/2025-06/BS-OPER-BKK-CTW-2568-06_transactions_p1.png,bank_statement,2025-06,.png,BS-OPER-BKK-CTW-2568-06_transactions_p1,0.9236593246459961,BS-OPER-BKK-CTW-2568-06,OPER-BKK-CTW,2568,06,transactions_p1,1,transactions
renders/bank_statement/2025-06/BS-OPER-BKK-CTW-2568-06_transactions_p2.png,bank_statement,2025-06,.png,BS-OPER-BKK-CTW-2568-06_transactions_p2,0.9397430419921875,BS-OPER-BKK-CTW-2568-06,OPER-BKK-CTW,2568,06,transactions_p2,2,transactions
renders/bank_statement/2025-06/BS-OPER-BKK-CTW-2568-06_transactions_p3.png,bank_statement,2025-06,.png,BS-OPER-BKK-CTW-2568-06_transactions_p3,0.5116519927978516,BS-OPER-BKK-CTW-2568-06,OPER-BKK-CTW,2568,06,transactions_p3,3,transactions
renders/bank_statement/2025-06/BS-OPER-BKK-EMSP-2568-06_header.png,bank_statement,2025-06,.png,BS-OPER-BKK-EMSP-2568-06_header,0.05948066711425781,BS-OPER-BKK-EMSP-2568-06,OPER-BKK-EMSP,2568,06,header,,header
renders/bank_statement/2025-06/BS-OPER-BKK-EMSP-2568-06_transactions_p1.png,bank_statement,2025-06,.png,BS-OPER-BKK-EMSP-2568-06_transactions_p1,0.1959228515625,BS-OPER-BKK-EMSP-2568-06,OPER-BKK-EMSP,2568,06,transactions_p1,1,transactions
renders/bank_statement/2025-06/BS-OPER-BKK-EMSP-2568-06_transactions_p2.png,bank_statement,2025-06,.png,BS-OPER-BKK-EMSP-2568-06_transactions_p2,0.20223712921142578,BS-OPER-BKK-EMSP-2568-06,OPER-BKK-EMSP,2568,06,transactions_p2,2,transactions
renders/bank_statement/2025-06/BS-OPER-BKK-EMSP-2568-06_transactions_p3.png,bank_statement,2025-06,.png,BS-OPER-BKK-EMSP-2568-06_transactions_p3,0.19988536834716797,BS-OPER-BKK-EMSP-2568-06,OPER-BKK-EMSP,2568,06,transactions_p3,3,transactions
renders/bank_statement/2025-06/BS-OPER-BKK-EMSP-2568-06_transactions_p4.png,bank_statement,2025-06,.png,BS-OPER-BKK-EMSP-2568-06_transactions_p4,0.20072460174560547,BS-OPER-BKK-EMSP-2568-06,OPER-BKK-EMSP,2568,06,transactions_p4,4,transactions
renders/bank_statement/2025-06/BS-OPER-BKK-EMSP-2568-06_transactions_p5.png,bank_statement,2025-06,.png,BS-OPER-BKK-EMSP-2568-06_transactions_p5,0.20255279541015625,BS-OPER-BKK-EMSP-2568-06,OPER-BKK-EMSP,2568,06,transactions_p5,5,transactions
renders/bank_statement/2025-06/BS-OPER-BKK-EMSP-2568-06_transactions_p6.png,bank_statement,2025-06,.png,BS-OPER-BKK-EMSP-2568-06_transactions_p6,0.20238685607910156,BS-OPER-BKK-EMSP-2568-06,OPER-BKK-EMSP,2568,06,transactions_p6,6,transactions
renders/bank_statement/2025-06/BS-OPER-BKK-EMSP-2568-06_transactions_p7.png,bank_statement,2025-06,.png,BS-OPER-BKK-EMSP-2568-06_transactions_p7,0.2035350799560547,BS-OPER-BKK-EMSP-2568-06,OPER-BKK-EMSP,2568,06,transactions_p7,7,transactions
renders/bank_statement/2025-06/BS-OPER-BKK-EMSP-2568-06_transactions_p8.png,bank_statement,2025-06,.png,BS-OPER-BKK-EMSP-2568-06_transactions_p8,0.08275604248046875,BS-OPER-BKK-EMSP-2568-06,OPER-BKK-EMSP,2568,06,transactions_p8,8,transactions
renders/bank_statement/2025-06/BS-OPER-BKK-PKT-2568-06_header.png,bank_statement,2025-06,.png,BS-OPER-BKK-PKT-2568-06_header,0.09174442291259766,BS-OPER-BKK-PKT-2568-06,OPER-BKK-PKT,2568,06,header,,header
renders/bank_statement/2025-06/BS-OPER-BKK-PKT-2568-06_transactions_p1.png,bank_statement,2025-06,.png,BS-OPER-BKK-PKT-2568-06_transactions_p1,0.1776752471923828,BS-OPER-BKK-PKT-2568-06,OPER-BKK-PKT,2568,06,transactions_p1,1,transactions
renders/bank_statement/2025-06/BS-OPER-BKK-PKT-2568-06_transactions_p2.png,bank_statement,2025-06,.png,BS-OPER-BKK-PKT-2568-06_transactions_p2,0.1805267333984375,BS-OPER-BKK-PKT-2568-06,OPER-BKK-PKT,2568,06,transactions_p2,2,transactions
renders/bank_statement/2025-06/BS-OPER-BKK-PKT-2568-06_transactions_p3.png,bank_statement,2025-06,.png,BS-OPER-BKK-PKT-2568-06_transactions_p3,0.18161487579345703,BS-OPER-BKK-PKT-2568-06,OPER-BKK-PKT,2568,06,transactions_p3,3,transactions
renders/bank_statement/2025-06/BS-OPER-BKK-PKT-2568-06_transactions_p4.png,bank_statement,2025-06,.png,BS-OPER-BKK-PKT-2568-06_transactions_p4,0.1817178726196289,BS-OPER-BKK-PKT-2568-06,OPER-BKK-PKT,2568,06,transactions_p4,4,transactions
renders/bank_statement/2025-06/BS-OPER-BKK-PKT-2568-06_transactions_p5.png,bank_statement,2025-06,.png,BS-OPER-BKK-PKT-2568-06_transactions_p5,0.1839160919189453,BS-OPER-BKK-PKT-2568-06,OPER-BKK-PKT,2568,06,transactions_p5,5,transactions
renders/bank_statement/2025-06/BS-OPER-BKK-PKT-2568-06_transactions_p6.png,bank_statement,2025-06,.png,BS-OPER-BKK-PKT-2568-06_transactions_p6,0.18436717987060547,BS-OPER-BKK-PKT-2568-06,OPER-BKK-PKT,2568,06,transactions_p6,6,transactions
renders/bank_statement/2025-06/BS-OPER-BKK-PKT-2568-06_transactions_p7.png,bank_statement,2025-06,.png,BS-OPER-BKK-PKT-2568-06_transactions_p7,0.18393516540527344,BS-OPER-BKK-PKT-2568-06,OPER-BKK-PKT,2568,06,transactions_p7,7,transactions
renders/bank_statement/2025-06/BS-OPER-BKK-PKT-2568-06_transactions_p8.png,bank_statement,2025-06,.png,BS-OPER-BKK-PKT-2568-06_transactions_p8,0.10789871215820312,BS-OPER-BKK-PKT-2568-06,OPER-BKK-PKT,2568,06,transactions_p8,8,transactions
renders/bank_statement/2025-06/BS-OPER-BKK-R9-2568-06_header.png,bank_statement,2025-06,.png,BS-OPER-BKK-R9-2568-06_header,0.29690074920654297,BS-OPER-BKK-R9-2568-06,OPER-BKK-R9,2568,06,header,,header
renders/bank_statement/2025-06/BS-OPER-BKK-R9-2568-06_transactions_p1.png,bank_statement,2025-06,.png,BS-OPER-BKK-R9-2568-06_transactions_p1,0.9340553283691406,BS-OPER-BKK-R9-2568-06,OPER-BKK-R9,2568,06,transactions_p1,1,transactions
renders/bank_statement/2025-06/BS-OPER-BKK-R9-2568-06_transactions_p2.png,bank_statement,2025-06,.png,BS-OPER-BKK-R9-2568-06_transactions_p2,0.9483718872070312,BS-OPER-BKK-R9-2568-06,OPER-BKK-R9,2568,06,transactions_p2,2,transactions
renders/bank_statement/2025-06/BS-OPER-BKK-R9-2568-06_transactions_p3.png,bank_statement,2025-06,.png,BS-OPER-BKK-R9-2568-06_transactions_p3,0.4924640655517578,BS-OPER-BKK-R9-2568-06,OPER-BKK-R9,2568,06,transactions_p3,3,transactions
renders/bank_statement/2025-06/BS-OPER-BKK-SIAM-2568-06_header.png,bank_statement,2025-06,.png,BS-OPER-BKK-SIAM-2568-06_header,0.059650421142578125,BS-OPER-BKK-SIAM-2568-06,OPER-BKK-SIAM,2568,06,header,,header
renders/bank_statement/2025-06/BS-OPER-BKK-SIAM-2568-06_transactions_p1.png,bank_statement,2025-06,.png,BS-OPER-BKK-SIAM-2568-06_transactions_p1,0.1990489959716797,BS-OPER-BKK-SIAM-2568-06,OPER-BKK-SIAM,2568,06,transactions_p1,1,transactions
renders/bank_statement/2025-06/BS-OPER-BKK-SIAM-2568-06_transactions_p2.png,bank_statement,2025-06,.png,BS-OPER-BKK-SIAM-2568-06_transactions_p2,0.20406723022460938,BS-OPER-BKK-SIAM-2568-06,OPER-BKK-SIAM,2568,06,transactions_p2,2,transactions
renders/bank_statement/2025-06/BS-OPER-BKK-SIAM-2568-06_transactions_p3.png,bank_statement,2025-06,.png,BS-OPER-BKK-SIAM-2568-06_transactions_p3,0.2023334503173828,BS-OPER-BKK-SIAM-2568-06,OPER-BKK-SIAM,2568,06,transactions_p3,3,transactions
renders/bank_statement/2025-06/BS-OPER-BKK-SIAM-2568-06_transactions_p4.png,bank_statement,2025-06,.png,BS-OPER-BKK-SIAM-2568-06_transactions_p4,0.20054340362548828,BS-OPER-BKK-SIAM-2568-06,OPER-BKK-SIAM,2568,06,transactions_p4,4,transactions
renders/bank_statement/2025-06/BS-OPER-BKK-SIAM-2568-06_transactions_p5.png,bank_statement,2025-06,.png,BS-OPER-BKK-SIAM-2568-06_transactions_p5,0.20318889617919922,BS-OPER-BKK-SIAM-2568-06,OPER-BKK-SIAM,2568,06,transactions_p5,5,transactions
renders/bank_statement/2025-06/BS-OPER-BKK-SIAM-2568-06_transactions_p6.png,bank_statement,2025-06,.png,BS-OPER-BKK-SIAM-2568-06_transactions_p6,0.20537376403808594,BS-OPER-BKK-SIAM-2568-06,OPER-BKK-SIAM,2568,06,transactions_p6,6,transactions
renders/bank_statement/2025-06/BS-OPER-BKK-SIAM-2568-06_transactions_p7.png,bank_statement,2025-06,.png,BS-OPER-BKK-SIAM-2568-06_transactions_p7,0.20422649383544922,BS-OPER-BKK-SIAM-2568-06,OPER-BKK-SIAM,2568,06,transactions_p7,7,transactions
renders/bank_statement/2025-06/BS-OPER-BKK-SIAM-2568-06_transactions_p8.png,bank_statement,2025-06,.png,BS-OPER-BKK-SIAM-2568-06_transactions_p8,0.1420125961303711,BS-OPER-BKK-SIAM-2568-06,OPER-BKK-SIAM,2568,06,transactions_p8,8,transactions
renders/bank_statement/2025-06/BS-OPER-CNX-MAYA-2568-06_header.png,bank_statement,2025-06,.png,BS-OPER-CNX-MAYA-2568-06_header,0.09231758117675781,BS-OPER-CNX-MAYA-2568-06,OPER-CNX-MAYA,2568,06,header,,header
renders/bank_statement/2025-06/BS-OPER-CNX-MAYA-2568-06_transactions_p1.png,bank_statement,2025-06,.png,BS-OPER-CNX-MAYA-2568-06_transactions_p1,0.1779184341430664,BS-OPER-CNX-MAYA-2568-06,OPER-CNX-MAYA,2568,06,transactions_p1,1,transactions
renders/bank_statement/2025-06/BS-OPER-CNX-MAYA-2568-06_transactions_p2.png,bank_statement,2025-06,.png,BS-OPER-CNX-MAYA-2568-06_transactions_p2,0.18105411529541016,BS-OPER-CNX-MAYA-2568-06,OPER-CNX-MAYA,2568,06,transactions_p2,2,transactions
renders/bank_statement/2025-06/BS-OPER-CNX-MAYA-2568-06_transactions_p3.png,bank_statement,2025-06,.png,BS-OPER-CNX-MAYA-2568-06_transactions_p3,0.18161773681640625,BS-OPER-CNX-MAYA-2568-06,OPER-CNX-MAYA,2568,06,transactions_p3,3,transactions
renders/bank_statement/2025-06/BS-OPER-CNX-MAYA-2568-06_transactions_p4.png,bank_statement,2025-06,.png,BS-OPER-CNX-MAYA-2568-06_transactions_p4,0.17954063415527344,BS-OPER-CNX-MAYA-2568-06,OPER-CNX-MAYA,2568,06,transactions_p4,4,transactions
renders/bank_statement/2025-06/BS-OPER-CNX-MAYA-2568-06_transactions_p5.png,bank_statement,2025-06,.png,BS-OPER-CNX-MAYA-2568-06_transactions_p5,0.18280696868896484,BS-OPER-CNX-MAYA-2568-06,OPER-CNX-MAYA,2568,06,transactions_p5,5,transactions
renders/bank_statement/2025-06/BS-OPER-CNX-MAYA-2568-06_transactions_p6.png,bank_statement,2025-06,.png,BS-OPER-CNX-MAYA-2568-06_transactions_p6,0.18121719360351562,BS-OPER-CNX-MAYA-2568-06,OPER-CNX-MAYA,2568,06,transactions_p6,6,transactions
renders/bank_statement/2025-06/BS-OPER-CNX-MAYA-2568-06_transactions_p7.png,bank_statement,2025-06,.png,BS-OPER-CNX-MAYA-2568-06_transactions_p7,0.18382644653320312,BS-OPER-CNX-MAYA-2568-06,OPER-CNX-MAYA,2568,06,transactions_p7,7,transactions
renders/bank_statement/2025-06/BS-OPER-CNX-MAYA-2568-06_transactions_p8.png,bank_statement,2025-06,.png,BS-OPER-CNX-MAYA-2568-06_transactions_p8,0.10832881927490234,BS-OPER-CNX-MAYA-2568-06,OPER-CNX-MAYA,2568,06,transactions_p8,8,transactions
renders/bank_statement/2025-06/BS-OPER-HKT-FEST-2568-06_header.png,bank_statement,2025-06,.png,BS-OPER-HKT-FEST-2568-06_header,0.2972297668457031,BS-OPER-HKT-FEST-2568-06,OPER-HKT-FEST,2568,06,header,,header
renders/bank_statement/2025-06/BS-OPER-HKT-FEST-2568-06_transactions_p1.png,bank_statement,2025-06,.png,BS-OPER-HKT-FEST-2568-06_transactions_p1,0.8976430892944336,BS-OPER-HKT-FEST-2568-06,OPER-HKT-FEST,2568,06,transactions_p1,1,transactions
renders/bank_statement/2025-06/BS-OPER-HKT-FEST-2568-06_transactions_p2.png,bank_statement,2025-06,.png,BS-OPER-HKT-FEST-2568-06_transactions_p2,0.9066047668457031,BS-OPER-HKT-FEST-2568-06,OPER-HKT-FEST,2568,06,transactions_p2,2,transactions
renders/bank_statement/2025-06/BS-OPER-HKT-FEST-2568-06_transactions_p3.png,bank_statement,2025-06,.png,BS-OPER-HKT-FEST-2568-06_transactions_p3,0.36085987091064453,BS-OPER-HKT-FEST-2568-06,OPER-HKT-FEST,2568,06,transactions_p3,3,transactions
renders/bank_statement/2025-06/BS-OPER-KKC-CTRL-2568-06_header.png,bank_statement,2025-06,.png,BS-OPER-KKC-CTRL-2568-06_header,0.05948925018310547,BS-OPER-KKC-CTRL-2568-06,OPER-KKC-CTRL,2568,06,header,,header
renders/bank_statement/2025-06/BS-OPER-KKC-CTRL-2568-06_transactions_p1.png,bank_statement,2025-06,.png,BS-OPER-KKC-CTRL-2568-06_transactions_p1,0.1870431900024414,BS-OPER-KKC-CTRL-2568-06,OPER-KKC-CTRL,2568,06,transactions_p1,1,transactions
renders/bank_statement/2025-06/BS-OPER-KKC-CTRL-2568-06_transactions_p2.png,bank_statement,2025-06,.png,BS-OPER-KKC-CTRL-2568-06_transactions_p2,0.1908426284790039,BS-OPER-KKC-CTRL-2568-06,OPER-KKC-CTRL,2568,06,transactions_p2,2,transactions
renders/bank_statement/2025-06/BS-OPER-KKC-CTRL-2568-06_transactions_p3.png,bank_statement,2025-06,.png,BS-OPER-KKC-CTRL-2568-06_transactions_p3,0.19340133666992188,BS-OPER-KKC-CTRL-2568-06,OPER-KKC-CTRL,2568,06,transactions_p3,3,transactions
renders/bank_statement/2025-06/BS-OPER-KKC-CTRL-2568-06_transactions_p4.png,bank_statement,2025-06,.png,BS-OPER-KKC-CTRL-2568-06_transactions_p4,0.19166278839111328,BS-OPER-KKC-CTRL-2568-06,OPER-KKC-CTRL,2568,06,transactions_p4,4,transactions
renders/bank_statement/2025-06/BS-OPER-KKC-CTRL-2568-06_transactions_p5.png,bank_statement,2025-06,.png,BS-OPER-KKC-CTRL-2568-06_transactions_p5,0.1897869110107422,BS-OPER-KKC-CTRL-2568-06,OPER-KKC-CTRL,2568,06,transactions_p5,5,transactions
renders/bank_statement/2025-06/BS-OPER-KKC-CTRL-2568-06_transactions_p6.png,bank_statement,2025-06,.png,BS-OPER-KKC-CTRL-2568-06_transactions_p6,0.18917179107666016,BS-OPER-KKC-CTRL-2568-06,OPER-KKC-CTRL,2568,06,transactions_p6,6,transactions
renders/bank_statement/2025-06/BS-OPER-KKC-CTRL-2568-06_transactions_p7.png,bank_statement,2025-06,.png,BS-OPER-KKC-CTRL-2568-06_transactions_p7,0.1425609588623047,BS-OPER-KKC-CTRL-2568-06,OPER-KKC-CTRL,2568,06,transactions_p7,7,transactions
renders/bank_statement/2025-06/BS-OPER-PTY-CTRL-2568-06_header.png,bank_statement,2025-06,.png,BS-OPER-PTY-CTRL-2568-06_header,0.09163951873779297,BS-OPER-PTY-CTRL-2568-06,OPER-PTY-CTRL,2568,06,header,,header
renders/bank_statement/2025-06/BS-OPER-PTY-CTRL-2568-06_transactions_p1.png,bank_statement,2025-06,.png,BS-OPER-PTY-CTRL-2568-06_transactions_p1,0.1774444580078125,BS-OPER-PTY-CTRL-2568-06,OPER-PTY-CTRL,2568,06,transactions_p1,1,transactions
renders/bank_statement/2025-06/BS-OPER-PTY-CTRL-2568-06_transactions_p2.png,bank_statement,2025-06,.png,BS-OPER-PTY-CTRL-2568-06_transactions_p2,0.18033599853515625,BS-OPER-PTY-CTRL-2568-06,OPER-PTY-CTRL,2568,06,transactions_p2,2,transactions
renders/bank_statement/2025-06/BS-OPER-PTY-CTRL-2568-06_transactions_p3.png,bank_statement,2025-06,.png,BS-OPER-PTY-CTRL-2568-06_transactions_p3,0.18198108673095703,BS-OPER-PTY-CTRL-2568-06,OPER-PTY-CTRL,2568,06,transactions_p3,3,transactions
renders/bank_statement/2025-06/BS-OPER-PTY-CTRL-2568-06_transactions_p4.png,bank_statement,2025-06,.png,BS-OPER-PTY-CTRL-2568-06_transactions_p4,0.18155574798583984,BS-OPER-PTY-CTRL-2568-06,OPER-PTY-CTRL,2568,06,transactions_p4,4,transactions
renders/bank_statement/2025-06/BS-OPER-PTY-CTRL-2568-06_transactions_p5.png,bank_statement,2025-06,.png,BS-OPER-PTY-CTRL-2568-06_transactions_p5,0.18310546875,BS-OPER-PTY-CTRL-2568-06,OPER-PTY-CTRL,2568,06,transactions_p5,5,transactions
renders/bank_statement/2025-06/BS-OPER-PTY-CTRL-2568-06_transactions_p6.png,bank_statement,2025-06,.png,BS-OPER-PTY-CTRL-2568-06_transactions_p6,0.18251609802246094,BS-OPER-PTY-CTRL-2568-06,OPER-PTY-CTRL,2568,06,transactions_p6,6,transactions
renders/bank_statement/2025-06/BS-OPER-PTY-CTRL-2568-06_transactions_p7.png,bank_statement,2025-06,.png,BS-OPER-PTY-CTRL-2568-06_transactions_p7,0.183990478515625,BS-OPER-PTY-CTRL-2568-06,OPER-PTY-CTRL,2568,06,transactions_p7,7,transactions
renders/bank_statement/2025-06/BS-OPER-PTY-CTRL-2568-06_transactions_p8.png,bank_statement,2025-06,.png,BS-OPER-PTY-CTRL-2568-06_transactions_p8,0.12120819091796875,BS-OPER-PTY-CTRL-2568-06,OPER-PTY-CTRL,2568,06,transactions_p8,8,transactions
renders/bank_statement/2025-06/BS-OPER-REMOTE-2568-06_header.png,bank_statement,2025-06,.png,BS-OPER-REMOTE-2568-06_header,0.29518699645996094,BS-OPER-REMOTE-2568-06,OPER-REMOTE,2568,06,header,,header
renders/bank_statement/2025-06/BS-OPER-REMOTE-2568-06_transactions_p1.png,bank_statement,2025-06,.png,BS-OPER-REMOTE-2568-06_transactions_p1,0.9099912643432617,BS-OPER-REMOTE-2568-06,OPER-REMOTE,2568,06,transactions_p1,1,transactions
renders/bank_statement/2025-06/BS-OPER-REMOTE-2568-06_transactions_p2.png,bank_statement,2025-06,.png,BS-OPER-REMOTE-2568-06_transactions_p2,0.8201379776000977,BS-OPER-REMOTE-2568-06,OPER-REMOTE,2568,06,transactions_p2,2,transactions
renders/bank_statement/2025-06/BS-OPER-UDN-CTRL-2568-06_header.png,bank_statement,2025-06,.png,BS-OPER-UDN-CTRL-2568-06_header,0.05938529968261719,BS-OPER-UDN-CTRL-2568-06,OPER-UDN-CTRL,2568,06,header,,header
renders/bank_statement/2025-06/BS-OPER-UDN-CTRL-2568-06_transactions_p1.png,bank_statement,2025-06,.png,BS-OPER-UDN-CTRL-2568-06_transactions_p1,0.19222259521484375,BS-OPER-UDN-CTRL-2568-06,OPER-UDN-CTRL,2568,06,transactions_p1,1,transactions
renders/bank_statement/2025-06/BS-OPER-UDN-CTRL-2568-06_transactions_p2.png,bank_statement,2025-06,.png,BS-OPER-UDN-CTRL-2568-06_transactions_p2,0.19774818420410156,BS-OPER-UDN-CTRL-2568-06,OPER-UDN-CTRL,2568,06,transactions_p2,2,transactions
renders/bank_statement/2025-06/BS-OPER-UDN-CTRL-2568-06_transactions_p3.png,bank_statement,2025-06,.png,BS-OPER-UDN-CTRL-2568-06_transactions_p3,0.1935577392578125,BS-OPER-UDN-CTRL-2568-06,OPER-UDN-CTRL,2568,06,transactions_p3,3,transactions
renders/bank_statement/2025-06/BS-OPER-UDN-CTRL-2568-06_transactions_p4.png,bank_statement,2025-06,.png,BS-OPER-UDN-CTRL-2568-06_transactions_p4,0.1964874267578125,BS-OPER-UDN-CTRL-2568-06,OPER-UDN-CTRL,2568,06,transactions_p4,4,transactions
renders/bank_statement/2025-06/BS-OPER-UDN-CTRL-2568-06_transactions_p5.png,bank_statement,2025-06,.png,BS-OPER-UDN-CTRL-2568-06_transactions_p5,0.19544219970703125,BS-OPER-UDN-CTRL-2568-06,OPER-UDN-CTRL,2568,06,transactions_p5,5,transactions
renders/bank_statement/2025-06/BS-OPER-UDN-CTRL-2568-06_transactions_p6.png,bank_statement,2025-06,.png,BS-OPER-UDN-CTRL-2568-06_transactions_p6,0.1971588134765625,BS-OPER-UDN-CTRL-2568-06,OPER-UDN-CTRL,2568,06,transactions_p6,6,transactions
renders/bank_statement/2025-06/BS-OPER-UDN-CTRL-2568-06_transactions_p7.png,bank_statement,2025-06,.png,BS-OPER-UDN-CTRL-2568-06_transactions_p7,0.08988571166992188,BS-OPER-UDN-CTRL-2568-06,OPER-UDN-CTRL,2568,06,transactions_p7,7,transactions
renders/bank_statement/2025-06/BS-SCB-OPER-2568-06_header.png,bank_statement,2025-06,.png,BS-SCB-OPER-2568-06_header,0.058754920959472656,BS-SCB-OPER-2568-06,SCB-OPER,2568,06,header,,header
renders/bank_statement/2025-06/BS-SCB-OPER-2568-06_transactions_p1.png,bank_statement,2025-06,.png,BS-SCB-OPER-2568-06_transactions_p1,0.08327960968017578,BS-SCB-OPER-2568-06,SCB-OPER,2568,06,transactions_p1,1,transactions
renders/bank_statement/2025-07/BS-BBL-OPER-2568-07_header.png,bank_statement,2025-07,.png,BS-BBL-OPER-2568-07_header,0.0904073715209961,BS-BBL-OPER-2568-07,BBL-OPER,2568,07,header,,header
renders/bank_statement/2025-07/BS-BBL-OPER-2568-07_transactions_p1.png,bank_statement,2025-07,.png,BS-BBL-OPER-2568-07_transactions_p1,0.09510993957519531,BS-BBL-OPER-2568-07,BBL-OPER,2568,07,transactions_p1,1,transactions
renders/bank_statement/2025-07/BS-KBANK-OPER-2568-07_header.png,bank_statement,2025-07,.png,BS-KBANK-OPER-2568-07_header,0.30213165283203125,BS-KBANK-OPER-2568-07,KBANK-OPER,2568,07,header,,header
renders/bank_statement/2025-07/BS-KBANK-OPER-2568-07_transactions_p1.png,bank_statement,2025-07,.png,BS-KBANK-OPER-2568-07_transactions_p1,0.8878946304321289,BS-KBANK-OPER-2568-07,KBANK-OPER,2568,07,transactions_p1,1,transactions
renders/bank_statement/2025-07/BS-KBANK-OPER-2568-07_transactions_p10.png,bank_statement,2025-07,.png,BS-KBANK-OPER-2568-07_transactions_p10,0.9040632247924805,BS-KBANK-OPER-2568-07,KBANK-OPER,2568,07,transactions_p10,10,transactions
renders/bank_statement/2025-07/BS-KBANK-OPER-2568-07_transactions_p11.png,bank_statement,2025-07,.png,BS-KBANK-OPER-2568-07_transactions_p11,0.9173421859741211,BS-KBANK-OPER-2568-07,KBANK-OPER,2568,07,transactions_p11,11,transactions
renders/bank_statement/2025-07/BS-KBANK-OPER-2568-07_transactions_p12.png,bank_statement,2025-07,.png,BS-KBANK-OPER-2568-07_transactions_p12,0.9282665252685547,BS-KBANK-OPER-2568-07,KBANK-OPER,2568,07,transactions_p12,12,transactions
renders/bank_statement/2025-07/BS-KBANK-OPER-2568-07_transactions_p13.png,bank_statement,2025-07,.png,BS-KBANK-OPER-2568-07_transactions_p13,0.9220867156982422,BS-KBANK-OPER-2568-07,KBANK-OPER,2568,07,transactions_p13,13,transactions
renders/bank_statement/2025-07/BS-KBANK-OPER-2568-07_transactions_p14.png,bank_statement,2025-07,.png,BS-KBANK-OPER-2568-07_transactions_p14,0.9348526000976562,BS-KBANK-OPER-2568-07,KBANK-OPER,2568,07,transactions_p14,14,transactions
renders/bank_statement/2025-07/BS-KBANK-OPER-2568-07_transactions_p15.png,bank_statement,2025-07,.png,BS-KBANK-OPER-2568-07_transactions_p15,0.9252481460571289,BS-KBANK-OPER-2568-07,KBANK-OPER,2568,07,transactions_p15,15,transactions
renders/bank_statement/2025-07/BS-KBANK-OPER-2568-07_transactions_p16.png,bank_statement,2025-07,.png,BS-KBANK-OPER-2568-07_transactions_p16,0.9159183502197266,BS-KBANK-OPER-2568-07,KBANK-OPER,2568,07,transactions_p16,16,transactions
renders/bank_statement/2025-07/BS-KBANK-OPER-2568-07_transactions_p17.png,bank_statement,2025-07,.png,BS-KBANK-OPER-2568-07_transactions_p17,0.9076175689697266,BS-KBANK-OPER-2568-07,KBANK-OPER,2568,07,transactions_p17,17,transactions
renders/bank_statement/2025-07/BS-KBANK-OPER-2568-07_transactions_p18.png,bank_statement,2025-07,.png,BS-KBANK-OPER-2568-07_transactions_p18,0.9277687072753906,BS-KBANK-OPER-2568-07,KBANK-OPER,2568,07,transactions_p18,18,transactions
renders/bank_statement/2025-07/BS-KBANK-OPER-2568-07_transactions_p19.png,bank_statement,2025-07,.png,BS-KBANK-OPER-2568-07_transactions_p19,0.9242172241210938,BS-KBANK-OPER-2568-07,KBANK-OPER,2568,07,transactions_p19,19,transactions
renders/bank_statement/2025-07/BS-KBANK-OPER-2568-07_transactions_p2.png,bank_statement,2025-07,.png,BS-KBANK-OPER-2568-07_transactions_p2,0.895054817199707,BS-KBANK-OPER-2568-07,KBANK-OPER,2568,07,transactions_p2,2,transactions
renders/bank_statement/2025-07/BS-KBANK-OPER-2568-07_transactions_p20.png,bank_statement,2025-07,.png,BS-KBANK-OPER-2568-07_transactions_p20,0.9222030639648438,BS-KBANK-OPER-2568-07,KBANK-OPER,2568,07,transactions_p20,20,transactions
renders/bank_statement/2025-07/BS-KBANK-OPER-2568-07_transactions_p21.png,bank_statement,2025-07,.png,BS-KBANK-OPER-2568-07_transactions_p21,0.9264249801635742,BS-KBANK-OPER-2568-07,KBANK-OPER,2568,07,transactions_p21,21,transactions
renders/bank_statement/2025-07/BS-KBANK-OPER-2568-07_transactions_p22.png,bank_statement,2025-07,.png,BS-KBANK-OPER-2568-07_transactions_p22,0.92205810546875,BS-KBANK-OPER-2568-07,KBANK-OPER,2568,07,transactions_p22,22,transactions
renders/bank_statement/2025-07/BS-KBANK-OPER-2568-07_transactions_p23.png,bank_statement,2025-07,.png,BS-KBANK-OPER-2568-07_transactions_p23,0.9226799011230469,BS-KBANK-OPER-2568-07,KBANK-OPER,2568,07,transactions_p23,23,transactions
renders/bank_statement/2025-07/BS-KBANK-OPER-2568-07_transactions_p24.png,bank_statement,2025-07,.png,BS-KBANK-OPER-2568-07_transactions_p24,0.9357585906982422,BS-KBANK-OPER-2568-07,KBANK-OPER,2568,07,transactions_p24,24,transactions
renders/bank_statement/2025-07/BS-KBANK-OPER-2568-07_transactions_p25.png,bank_statement,2025-07,.png,BS-KBANK-OPER-2568-07_transactions_p25,0.9235925674438477,BS-KBANK-OPER-2568-07,KBANK-OPER,2568,07,transactions_p25,25,transactions
renders/bank_statement/2025-07/BS-KBANK-OPER-2568-07_transactions_p26.png,bank_statement,2025-07,.png,BS-KBANK-OPER-2568-07_transactions_p26,0.9268741607666016,BS-KBANK-OPER-2568-07,KBANK-OPER,2568,07,transactions_p26,26,transactions
renders/bank_statement/2025-07/BS-KBANK-OPER-2568-07_transactions_p27.png,bank_statement,2025-07,.png,BS-KBANK-OPER-2568-07_transactions_p27,0.9308433532714844,BS-KBANK-OPER-2568-07,KBANK-OPER,2568,07,transactions_p27,27,transactions
renders/bank_statement/2025-07/BS-KBANK-OPER-2568-07_transactions_p28.png,bank_statement,2025-07,.png,BS-KBANK-OPER-2568-07_transactions_p28,0.9303293228149414,BS-KBANK-OPER-2568-07,KBANK-OPER,2568,07,transactions_p28,28,transactions
renders/bank_statement/2025-07/BS-KBANK-OPER-2568-07_transactions_p29.png,bank_statement,2025-07,.png,BS-KBANK-OPER-2568-07_transactions_p29,0.9362907409667969,BS-KBANK-OPER-2568-07,KBANK-OPER,2568,07,transactions_p29,29,transactions
renders/bank_statement/2025-07/BS-KBANK-OPER-2568-07_transactions_p3.png,bank_statement,2025-07,.png,BS-KBANK-OPER-2568-07_transactions_p3,0.9093198776245117,BS-KBANK-OPER-2568-07,KBANK-OPER,2568,07,transactions_p3,3,transactions
renders/bank_statement/2025-07/BS-KBANK-OPER-2568-07_transactions_p30.png,bank_statement,2025-07,.png,BS-KBANK-OPER-2568-07_transactions_p30,0.9345197677612305,BS-KBANK-OPER-2568-07,KBANK-OPER,2568,07,transactions_p30,30,transactions
renders/bank_statement/2025-07/BS-KBANK-OPER-2568-07_transactions_p31.png,bank_statement,2025-07,.png,BS-KBANK-OPER-2568-07_transactions_p31,0.9325771331787109,BS-KBANK-OPER-2568-07,KBANK-OPER,2568,07,transactions_p31,31,transactions
renders/bank_statement/2025-07/BS-KBANK-OPER-2568-07_transactions_p32.png,bank_statement,2025-07,.png,BS-KBANK-OPER-2568-07_transactions_p32,0.9241647720336914,BS-KBANK-OPER-2568-07,KBANK-OPER,2568,07,transactions_p32,32,transactions
renders/bank_statement/2025-07/BS-KBANK-OPER-2568-07_transactions_p33.png,bank_statement,2025-07,.png,BS-KBANK-OPER-2568-07_transactions_p33,0.9327335357666016,BS-KBANK-OPER-2568-07,KBANK-OPER,2568,07,transactions_p33,33,transactions
renders/bank_statement/2025-07/BS-KBANK-OPER-2568-07_transactions_p34.png,bank_statement,2025-07,.png,BS-KBANK-OPER-2568-07_transactions_p34,0.9231681823730469,BS-KBANK-OPER-2568-07,KBANK-OPER,2568,07,transactions_p34,34,transactions
renders/bank_statement/2025-07/BS-KBANK-OPER-2568-07_transactions_p35.png,bank_statement,2025-07,.png,BS-KBANK-OPER-2568-07_transactions_p35,0.9323329925537109,BS-KBANK-OPER-2568-07,KBANK-OPER,2568,07,transactions_p35,35,transactions
renders/bank_statement/2025-07/BS-KBANK-OPER-2568-07_transactions_p36.png,bank_statement,2025-07,.png,BS-KBANK-OPER-2568-07_transactions_p36,0.9306058883666992,BS-KBANK-OPER-2568-07,KBANK-OPER,2568,07,transactions_p36,36,transactions
renders/bank_statement/2025-07/BS-KBANK-OPER-2568-07_transactions_p37.png,bank_statement,2025-07,.png,BS-KBANK-OPER-2568-07_transactions_p37,0.5826177597045898,BS-KBANK-OPER-2568-07,KBANK-OPER,2568,07,transactions_p37,37,transactions
renders/bank_statement/2025-07/BS-KBANK-OPER-2568-07_transactions_p4.png,bank_statement,2025-07,.png,BS-KBANK-OPER-2568-07_transactions_p4,0.920806884765625,BS-KBANK-OPER-2568-07,KBANK-OPER,2568,07,transactions_p4,4,transactions
renders/bank_statement/2025-07/BS-KBANK-OPER-2568-07_transactions_p5.png,bank_statement,2025-07,.png,BS-KBANK-OPER-2568-07_transactions_p5,0.9249553680419922,BS-KBANK-OPER-2568-07,KBANK-OPER,2568,07,transactions_p5,5,transactions
renders/bank_statement/2025-07/BS-KBANK-OPER-2568-07_transactions_p6.png,bank_statement,2025-07,.png,BS-KBANK-OPER-2568-07_transactions_p6,0.9222927093505859,BS-KBANK-OPER-2568-07,KBANK-OPER,2568,07,transactions_p6,6,transactions
renders/bank_statement/2025-07/BS-KBANK-OPER-2568-07_transactions_p7.png,bank_statement,2025-07,.png,BS-KBANK-OPER-2568-07_transactions_p7,0.9302644729614258,BS-KBANK-OPER-2568-07,KBANK-OPER,2568,07,transactions_p7,7,transactions
renders/bank_statement/2025-07/BS-KBANK-OPER-2568-07_transactions_p8.png,bank_statement,2025-07,.png,BS-KBANK-OPER-2568-07_transactions_p8,0.9097785949707031,BS-KBANK-OPER-2568-07,KBANK-OPER,2568,07,transactions_p8,8,transactions
renders/bank_statement/2025-07/BS-KBANK-OPER-2568-07_transactions_p9.png,bank_statement,2025-07,.png,BS-KBANK-OPER-2568-07_transactions_p9,0.9175758361816406,BS-KBANK-OPER-2568-07,KBANK-OPER,2568,07,transactions_p9,9,transactions
renders/bank_statement/2025-07/BS-OPER-BKK-CTW-2568-07_header.png,bank_statement,2025-07,.png,BS-OPER-BKK-CTW-2568-07_header,0.29935264587402344,BS-OPER-BKK-CTW-2568-07,OPER-BKK-CTW,2568,07,header,,header
renders/bank_statement/2025-07/BS-OPER-BKK-CTW-2568-07_transactions_p1.png,bank_statement,2025-07,.png,BS-OPER-BKK-CTW-2568-07_transactions_p1,0.9141788482666016,BS-OPER-BKK-CTW-2568-07,OPER-BKK-CTW,2568,07,transactions_p1,1,transactions
renders/bank_statement/2025-07/BS-OPER-BKK-CTW-2568-07_transactions_p2.png,bank_statement,2025-07,.png,BS-OPER-BKK-CTW-2568-07_transactions_p2,0.9215402603149414,BS-OPER-BKK-CTW-2568-07,OPER-BKK-CTW,2568,07,transactions_p2,2,transactions
renders/bank_statement/2025-07/BS-OPER-BKK-CTW-2568-07_transactions_p3.png,bank_statement,2025-07,.png,BS-OPER-BKK-CTW-2568-07_transactions_p3,0.5868549346923828,BS-OPER-BKK-CTW-2568-07,OPER-BKK-CTW,2568,07,transactions_p3,3,transactions
renders/bank_statement/2025-07/BS-OPER-BKK-EMSP-2568-07_header.png,bank_statement,2025-07,.png,BS-OPER-BKK-EMSP-2568-07_header,0.05945110321044922,BS-OPER-BKK-EMSP-2568-07,OPER-BKK-EMSP,2568,07,header,,header
renders/bank_statement/2025-07/BS-OPER-BKK-EMSP-2568-07_transactions_p1.png,bank_statement,2025-07,.png,BS-OPER-BKK-EMSP-2568-07_transactions_p1,0.19501304626464844,BS-OPER-BKK-EMSP-2568-07,OPER-BKK-EMSP,2568,07,transactions_p1,1,transactions
renders/bank_statement/2025-07/BS-OPER-BKK-EMSP-2568-07_transactions_p2.png,bank_statement,2025-07,.png,BS-OPER-BKK-EMSP-2568-07_transactions_p2,0.20129871368408203,BS-OPER-BKK-EMSP-2568-07,OPER-BKK-EMSP,2568,07,transactions_p2,2,transactions
renders/bank_statement/2025-07/BS-OPER-BKK-EMSP-2568-07_transactions_p3.png,bank_statement,2025-07,.png,BS-OPER-BKK-EMSP-2568-07_transactions_p3,0.19751358032226562,BS-OPER-BKK-EMSP-2568-07,OPER-BKK-EMSP,2568,07,transactions_p3,3,transactions
renders/bank_statement/2025-07/BS-OPER-BKK-EMSP-2568-07_transactions_p4.png,bank_statement,2025-07,.png,BS-OPER-BKK-EMSP-2568-07_transactions_p4,0.19933319091796875,BS-OPER-BKK-EMSP-2568-07,OPER-BKK-EMSP,2568,07,transactions_p4,4,transactions
renders/bank_statement/2025-07/BS-OPER-BKK-EMSP-2568-07_transactions_p5.png,bank_statement,2025-07,.png,BS-OPER-BKK-EMSP-2568-07_transactions_p5,0.1996002197265625,BS-OPER-BKK-EMSP-2568-07,OPER-BKK-EMSP,2568,07,transactions_p5,5,transactions
renders/bank_statement/2025-07/BS-OPER-BKK-EMSP-2568-07_transactions_p6.png,bank_statement,2025-07,.png,BS-OPER-BKK-EMSP-2568-07_transactions_p6,0.20279693603515625,BS-OPER-BKK-EMSP-2568-07,OPER-BKK-EMSP,2568,07,transactions_p6,6,transactions
renders/bank_statement/2025-07/BS-OPER-BKK-EMSP-2568-07_transactions_p7.png,bank_statement,2025-07,.png,BS-OPER-BKK-EMSP-2568-07_transactions_p7,0.2033224105834961,BS-OPER-BKK-EMSP-2568-07,OPER-BKK-EMSP,2568,07,transactions_p7,7,transactions
renders/bank_statement/2025-07/BS-OPER-BKK-EMSP-2568-07_transactions_p8.png,bank_statement,2025-07,.png,BS-OPER-BKK-EMSP-2568-07_transactions_p8,0.12280750274658203,BS-OPER-BKK-EMSP-2568-07,OPER-BKK-EMSP,2568,07,transactions_p8,8,transactions
renders/bank_statement/2025-07/BS-OPER-BKK-PKT-2568-07_header.png,bank_statement,2025-07,.png,BS-OPER-BKK-PKT-2568-07_header,0.09137344360351562,BS-OPER-BKK-PKT-2568-07,OPER-BKK-PKT,2568,07,header,,header
renders/bank_statement/2025-07/BS-OPER-BKK-PKT-2568-07_transactions_p1.png,bank_statement,2025-07,.png,BS-OPER-BKK-PKT-2568-07_transactions_p1,0.17677879333496094,BS-OPER-BKK-PKT-2568-07,OPER-BKK-PKT,2568,07,transactions_p1,1,transactions
renders/bank_statement/2025-07/BS-OPER-BKK-PKT-2568-07_transactions_p2.png,bank_statement,2025-07,.png,BS-OPER-BKK-PKT-2568-07_transactions_p2,0.17957401275634766,BS-OPER-BKK-PKT-2568-07,OPER-BKK-PKT,2568,07,transactions_p2,2,transactions
renders/bank_statement/2025-07/BS-OPER-BKK-PKT-2568-07_transactions_p3.png,bank_statement,2025-07,.png,BS-OPER-BKK-PKT-2568-07_transactions_p3,0.18122577667236328,BS-OPER-BKK-PKT-2568-07,OPER-BKK-PKT,2568,07,transactions_p3,3,transactions
renders/bank_statement/2025-07/BS-OPER-BKK-PKT-2568-07_transactions_p4.png,bank_statement,2025-07,.png,BS-OPER-BKK-PKT-2568-07_transactions_p4,0.18140316009521484,BS-OPER-BKK-PKT-2568-07,OPER-BKK-PKT,2568,07,transactions_p4,4,transactions
renders/bank_statement/2025-07/BS-OPER-BKK-PKT-2568-07_transactions_p5.png,bank_statement,2025-07,.png,BS-OPER-BKK-PKT-2568-07_transactions_p5,0.18848705291748047,BS-OPER-BKK-PKT-2568-07,OPER-BKK-PKT,2568,07,transactions_p5,5,transactions
renders/bank_statement/2025-07/BS-OPER-BKK-PKT-2568-07_transactions_p6.png,bank_statement,2025-07,.png,BS-OPER-BKK-PKT-2568-07_transactions_p6,0.18584918975830078,BS-OPER-BKK-PKT-2568-07,OPER-BKK-PKT,2568,07,transactions_p6,6,transactions
renders/bank_statement/2025-07/BS-OPER-BKK-PKT-2568-07_transactions_p7.png,bank_statement,2025-07,.png,BS-OPER-BKK-PKT-2568-07_transactions_p7,0.18894100189208984,BS-OPER-BKK-PKT-2568-07,OPER-BKK-PKT,2568,07,transactions_p7,7,transactions
renders/bank_statement/2025-07/BS-OPER-BKK-PKT-2568-07_transactions_p8.png,bank_statement,2025-07,.png,BS-OPER-BKK-PKT-2568-07_transactions_p8,0.14849567413330078,BS-OPER-BKK-PKT-2568-07,OPER-BKK-PKT,2568,07,transactions_p8,8,transactions
renders/bank_statement/2025-07/BS-OPER-BKK-R9-2568-07_header.png,bank_statement,2025-07,.png,BS-OPER-BKK-R9-2568-07_header,0.29639625549316406,BS-OPER-BKK-R9-2568-07,OPER-BKK-R9,2568,07,header,,header
renders/bank_statement/2025-07/BS-OPER-BKK-R9-2568-07_transactions_p1.png,bank_statement,2025-07,.png,BS-OPER-BKK-R9-2568-07_transactions_p1,0.9129810333251953,BS-OPER-BKK-R9-2568-07,OPER-BKK-R9,2568,07,transactions_p1,1,transactions
renders/bank_statement/2025-07/BS-OPER-BKK-R9-2568-07_transactions_p2.png,bank_statement,2025-07,.png,BS-OPER-BKK-R9-2568-07_transactions_p2,0.9353313446044922,BS-OPER-BKK-R9-2568-07,OPER-BKK-R9,2568,07,transactions_p2,2,transactions
renders/bank_statement/2025-07/BS-OPER-BKK-R9-2568-07_transactions_p3.png,bank_statement,2025-07,.png,BS-OPER-BKK-R9-2568-07_transactions_p3,0.5905418395996094,BS-OPER-BKK-R9-2568-07,OPER-BKK-R9,2568,07,transactions_p3,3,transactions
renders/bank_statement/2025-07/BS-OPER-BKK-SIAM-2568-07_header.png,bank_statement,2025-07,.png,BS-OPER-BKK-SIAM-2568-07_header,0.05962085723876953,BS-OPER-BKK-SIAM-2568-07,OPER-BKK-SIAM,2568,07,header,,header
renders/bank_statement/2025-07/BS-OPER-BKK-SIAM-2568-07_transactions_p1.png,bank_statement,2025-07,.png,BS-OPER-BKK-SIAM-2568-07_transactions_p1,0.19604969024658203,BS-OPER-BKK-SIAM-2568-07,OPER-BKK-SIAM,2568,07,transactions_p1,1,transactions
renders/bank_statement/2025-07/BS-OPER-BKK-SIAM-2568-07_transactions_p2.png,bank_statement,2025-07,.png,BS-OPER-BKK-SIAM-2568-07_transactions_p2,0.2021808624267578,BS-OPER-BKK-SIAM-2568-07,OPER-BKK-SIAM,2568,07,transactions_p2,2,transactions
renders/bank_statement/2025-07/BS-OPER-BKK-SIAM-2568-07_transactions_p3.png,bank_statement,2025-07,.png,BS-OPER-BKK-SIAM-2568-07_transactions_p3,0.20038223266601562,BS-OPER-BKK-SIAM-2568-07,OPER-BKK-SIAM,2568,07,transactions_p3,3,transactions
renders/bank_statement/2025-07/BS-OPER-BKK-SIAM-2568-07_transactions_p4.png,bank_statement,2025-07,.png,BS-OPER-BKK-SIAM-2568-07_transactions_p4,0.20045089721679688,BS-OPER-BKK-SIAM-2568-07,OPER-BKK-SIAM,2568,07,transactions_p4,4,transactions
renders/bank_statement/2025-07/BS-OPER-BKK-SIAM-2568-07_transactions_p5.png,bank_statement,2025-07,.png,BS-OPER-BKK-SIAM-2568-07_transactions_p5,0.20231246948242188,BS-OPER-BKK-SIAM-2568-07,OPER-BKK-SIAM,2568,07,transactions_p5,5,transactions
renders/bank_statement/2025-07/BS-OPER-BKK-SIAM-2568-07_transactions_p6.png,bank_statement,2025-07,.png,BS-OPER-BKK-SIAM-2568-07_transactions_p6,0.20345783233642578,BS-OPER-BKK-SIAM-2568-07,OPER-BKK-SIAM,2568,07,transactions_p6,6,transactions
renders/bank_statement/2025-07/BS-OPER-BKK-SIAM-2568-07_transactions_p7.png,bank_statement,2025-07,.png,BS-OPER-BKK-SIAM-2568-07_transactions_p7,0.20568466186523438,BS-OPER-BKK-SIAM-2568-07,OPER-BKK-SIAM,2568,07,transactions_p7,7,transactions
renders/bank_statement/2025-07/BS-OPER-BKK-SIAM-2568-07_transactions_p8.png,bank_statement,2025-07,.png,BS-OPER-BKK-SIAM-2568-07_transactions_p8,0.17496204376220703,BS-OPER-BKK-SIAM-2568-07,OPER-BKK-SIAM,2568,07,transactions_p8,8,transactions
renders/bank_statement/2025-07/BS-OPER-CNX-MAYA-2568-07_header.png,bank_statement,2025-07,.png,BS-OPER-CNX-MAYA-2568-07_header,0.09196090698242188,BS-OPER-CNX-MAYA-2568-07,OPER-CNX-MAYA,2568,07,header,,header
renders/bank_statement/2025-07/BS-OPER-CNX-MAYA-2568-07_transactions_p1.png,bank_statement,2025-07,.png,BS-OPER-CNX-MAYA-2568-07_transactions_p1,0.17525100708007812,BS-OPER-CNX-MAYA-2568-07,OPER-CNX-MAYA,2568,07,transactions_p1,1,transactions
renders/bank_statement/2025-07/BS-OPER-CNX-MAYA-2568-07_transactions_p2.png,bank_statement,2025-07,.png,BS-OPER-CNX-MAYA-2568-07_transactions_p2,0.1789684295654297,BS-OPER-CNX-MAYA-2568-07,OPER-CNX-MAYA,2568,07,transactions_p2,2,transactions
renders/bank_statement/2025-07/BS-OPER-CNX-MAYA-2568-07_transactions_p3.png,bank_statement,2025-07,.png,BS-OPER-CNX-MAYA-2568-07_transactions_p3,0.1798992156982422,BS-OPER-CNX-MAYA-2568-07,OPER-CNX-MAYA,2568,07,transactions_p3,3,transactions
renders/bank_statement/2025-07/BS-OPER-CNX-MAYA-2568-07_transactions_p4.png,bank_statement,2025-07,.png,BS-OPER-CNX-MAYA-2568-07_transactions_p4,0.17946434020996094,BS-OPER-CNX-MAYA-2568-07,OPER-CNX-MAYA,2568,07,transactions_p4,4,transactions
renders/bank_statement/2025-07/BS-OPER-CNX-MAYA-2568-07_transactions_p5.png,bank_statement,2025-07,.png,BS-OPER-CNX-MAYA-2568-07_transactions_p5,0.18336009979248047,BS-OPER-CNX-MAYA-2568-07,OPER-CNX-MAYA,2568,07,transactions_p5,5,transactions
renders/bank_statement/2025-07/BS-OPER-CNX-MAYA-2568-07_transactions_p6.png,bank_statement,2025-07,.png,BS-OPER-CNX-MAYA-2568-07_transactions_p6,0.18501567840576172,BS-OPER-CNX-MAYA-2568-07,OPER-CNX-MAYA,2568,07,transactions_p6,6,transactions
renders/bank_statement/2025-07/BS-OPER-CNX-MAYA-2568-07_transactions_p7.png,bank_statement,2025-07,.png,BS-OPER-CNX-MAYA-2568-07_transactions_p7,0.18590736389160156,BS-OPER-CNX-MAYA-2568-07,OPER-CNX-MAYA,2568,07,transactions_p7,7,transactions
renders/bank_statement/2025-07/BS-OPER-CNX-MAYA-2568-07_transactions_p8.png,bank_statement,2025-07,.png,BS-OPER-CNX-MAYA-2568-07_transactions_p8,0.11401748657226562,BS-OPER-CNX-MAYA-2568-07,OPER-CNX-MAYA,2568,07,transactions_p8,8,transactions
renders/bank_statement/2025-07/BS-OPER-HKT-FEST-2568-07_header.png,bank_statement,2025-07,.png,BS-OPER-HKT-FEST-2568-07_header,0.2961759567260742,BS-OPER-HKT-FEST-2568-07,OPER-HKT-FEST,2568,07,header,,header
renders/bank_statement/2025-07/BS-OPER-HKT-FEST-2568-07_transactions_p1.png,bank_statement,2025-07,.png,BS-OPER-HKT-FEST-2568-07_transactions_p1,0.8640232086181641,BS-OPER-HKT-FEST-2568-07,OPER-HKT-FEST,2568,07,transactions_p1,1,transactions
renders/bank_statement/2025-07/BS-OPER-HKT-FEST-2568-07_transactions_p2.png,bank_statement,2025-07,.png,BS-OPER-HKT-FEST-2568-07_transactions_p2,0.8859167098999023,BS-OPER-HKT-FEST-2568-07,OPER-HKT-FEST,2568,07,transactions_p2,2,transactions
renders/bank_statement/2025-07/BS-OPER-HKT-FEST-2568-07_transactions_p3.png,bank_statement,2025-07,.png,BS-OPER-HKT-FEST-2568-07_transactions_p3,0.3680572509765625,BS-OPER-HKT-FEST-2568-07,OPER-HKT-FEST,2568,07,transactions_p3,3,transactions
renders/bank_statement/2025-07/BS-OPER-KKC-CTRL-2568-07_header.png,bank_statement,2025-07,.png,BS-OPER-KKC-CTRL-2568-07_header,0.059462547302246094,BS-OPER-KKC-CTRL-2568-07,OPER-KKC-CTRL,2568,07,header,,header
renders/bank_statement/2025-07/BS-OPER-KKC-CTRL-2568-07_transactions_p1.png,bank_statement,2025-07,.png,BS-OPER-KKC-CTRL-2568-07_transactions_p1,0.1847829818725586,BS-OPER-KKC-CTRL-2568-07,OPER-KKC-CTRL,2568,07,transactions_p1,1,transactions
renders/bank_statement/2025-07/BS-OPER-KKC-CTRL-2568-07_transactions_p2.png,bank_statement,2025-07,.png,BS-OPER-KKC-CTRL-2568-07_transactions_p2,0.19031429290771484,BS-OPER-KKC-CTRL-2568-07,OPER-KKC-CTRL,2568,07,transactions_p2,2,transactions
renders/bank_statement/2025-07/BS-OPER-KKC-CTRL-2568-07_transactions_p3.png,bank_statement,2025-07,.png,BS-OPER-KKC-CTRL-2568-07_transactions_p3,0.19014835357666016,BS-OPER-KKC-CTRL-2568-07,OPER-KKC-CTRL,2568,07,transactions_p3,3,transactions
renders/bank_statement/2025-07/BS-OPER-KKC-CTRL-2568-07_transactions_p4.png,bank_statement,2025-07,.png,BS-OPER-KKC-CTRL-2568-07_transactions_p4,0.19206523895263672,BS-OPER-KKC-CTRL-2568-07,OPER-KKC-CTRL,2568,07,transactions_p4,4,transactions
renders/bank_statement/2025-07/BS-OPER-KKC-CTRL-2568-07_transactions_p5.png,bank_statement,2025-07,.png,BS-OPER-KKC-CTRL-2568-07_transactions_p5,0.18990135192871094,BS-OPER-KKC-CTRL-2568-07,OPER-KKC-CTRL,2568,07,transactions_p5,5,transactions
renders/bank_statement/2025-07/BS-OPER-KKC-CTRL-2568-07_transactions_p6.png,bank_statement,2025-07,.png,BS-OPER-KKC-CTRL-2568-07_transactions_p6,0.18957138061523438,BS-OPER-KKC-CTRL-2568-07,OPER-KKC-CTRL,2568,07,transactions_p6,6,transactions
renders/bank_statement/2025-07/BS-OPER-KKC-CTRL-2568-07_transactions_p7.png,bank_statement,2025-07,.png,BS-OPER-KKC-CTRL-2568-07_transactions_p7,0.18998241424560547,BS-OPER-KKC-CTRL-2568-07,OPER-KKC-CTRL,2568,07,transactions_p7,7,transactions
renders/bank_statement/2025-07/BS-OPER-PTY-CTRL-2568-07_header.png,bank_statement,2025-07,.png,BS-OPER-PTY-CTRL-2568-07_header,0.09127616882324219,BS-OPER-PTY-CTRL-2568-07,OPER-PTY-CTRL,2568,07,header,,header
renders/bank_statement/2025-07/BS-OPER-PTY-CTRL-2568-07_transactions_p1.png,bank_statement,2025-07,.png,BS-OPER-PTY-CTRL-2568-07_transactions_p1,0.17759418487548828,BS-OPER-PTY-CTRL-2568-07,OPER-PTY-CTRL,2568,07,transactions_p1,1,transactions
renders/bank_statement/2025-07/BS-OPER-PTY-CTRL-2568-07_transactions_p2.png,bank_statement,2025-07,.png,BS-OPER-PTY-CTRL-2568-07_transactions_p2,0.18132591247558594,BS-OPER-PTY-CTRL-2568-07,OPER-PTY-CTRL,2568,07,transactions_p2,2,transactions
renders/bank_statement/2025-07/BS-OPER-PTY-CTRL-2568-07_transactions_p3.png,bank_statement,2025-07,.png,BS-OPER-PTY-CTRL-2568-07_transactions_p3,0.18139076232910156,BS-OPER-PTY-CTRL-2568-07,OPER-PTY-CTRL,2568,07,transactions_p3,3,transactions
renders/bank_statement/2025-07/BS-OPER-PTY-CTRL-2568-07_transactions_p4.png,bank_statement,2025-07,.png,BS-OPER-PTY-CTRL-2568-07_transactions_p4,0.1818695068359375,BS-OPER-PTY-CTRL-2568-07,OPER-PTY-CTRL,2568,07,transactions_p4,4,transactions
renders/bank_statement/2025-07/BS-OPER-PTY-CTRL-2568-07_transactions_p5.png,bank_statement,2025-07,.png,BS-OPER-PTY-CTRL-2568-07_transactions_p5,0.1814556121826172,BS-OPER-PTY-CTRL-2568-07,OPER-PTY-CTRL,2568,07,transactions_p5,5,transactions
renders/bank_statement/2025-07/BS-OPER-PTY-CTRL-2568-07_transactions_p6.png,bank_statement,2025-07,.png,BS-OPER-PTY-CTRL-2568-07_transactions_p6,0.18513202667236328,BS-OPER-PTY-CTRL-2568-07,OPER-PTY-CTRL,2568,07,transactions_p6,6,transactions
renders/bank_statement/2025-07/BS-OPER-PTY-CTRL-2568-07_transactions_p7.png,bank_statement,2025-07,.png,BS-OPER-PTY-CTRL-2568-07_transactions_p7,0.18902873992919922,BS-OPER-PTY-CTRL-2568-07,OPER-PTY-CTRL,2568,07,transactions_p7,7,transactions
renders/bank_statement/2025-07/BS-OPER-PTY-CTRL-2568-07_transactions_p8.png,bank_statement,2025-07,.png,BS-OPER-PTY-CTRL-2568-07_transactions_p8,0.08777618408203125,BS-OPER-PTY-CTRL-2568-07,OPER-PTY-CTRL,2568,07,transactions_p8,8,transactions
renders/bank_statement/2025-07/BS-OPER-REMOTE-2568-07_header.png,bank_statement,2025-07,.png,BS-OPER-REMOTE-2568-07_header,0.2958364486694336,BS-OPER-REMOTE-2568-07,OPER-REMOTE,2568,07,header,,header
renders/bank_statement/2025-07/BS-OPER-REMOTE-2568-07_transactions_p1.png,bank_statement,2025-07,.png,BS-OPER-REMOTE-2568-07_transactions_p1,0.8908119201660156,BS-OPER-REMOTE-2568-07,OPER-REMOTE,2568,07,transactions_p1,1,transactions
renders/bank_statement/2025-07/BS-OPER-REMOTE-2568-07_transactions_p2.png,bank_statement,2025-07,.png,BS-OPER-REMOTE-2568-07_transactions_p2,0.8798980712890625,BS-OPER-REMOTE-2568-07,OPER-REMOTE,2568,07,transactions_p2,2,transactions
renders/bank_statement/2025-07/BS-OPER-UDN-CTRL-2568-07_header.png,bank_statement,2025-07,.png,BS-OPER-UDN-CTRL-2568-07_header,0.05935382843017578,BS-OPER-UDN-CTRL-2568-07,OPER-UDN-CTRL,2568,07,header,,header
renders/bank_statement/2025-07/BS-OPER-UDN-CTRL-2568-07_transactions_p1.png,bank_statement,2025-07,.png,BS-OPER-UDN-CTRL-2568-07_transactions_p1,0.19013500213623047,BS-OPER-UDN-CTRL-2568-07,OPER-UDN-CTRL,2568,07,transactions_p1,1,transactions
renders/bank_statement/2025-07/BS-OPER-UDN-CTRL-2568-07_transactions_p2.png,bank_statement,2025-07,.png,BS-OPER-UDN-CTRL-2568-07_transactions_p2,0.19656848907470703,BS-OPER-UDN-CTRL-2568-07,OPER-UDN-CTRL,2568,07,transactions_p2,2,transactions
renders/bank_statement/2025-07/BS-OPER-UDN-CTRL-2568-07_transactions_p3.png,bank_statement,2025-07,.png,BS-OPER-UDN-CTRL-2568-07_transactions_p3,0.1929178237915039,BS-OPER-UDN-CTRL-2568-07,OPER-UDN-CTRL,2568,07,transactions_p3,3,transactions
renders/bank_statement/2025-07/BS-OPER-UDN-CTRL-2568-07_transactions_p4.png,bank_statement,2025-07,.png,BS-OPER-UDN-CTRL-2568-07_transactions_p4,0.1942596435546875,BS-OPER-UDN-CTRL-2568-07,OPER-UDN-CTRL,2568,07,transactions_p4,4,transactions
renders/bank_statement/2025-07/BS-OPER-UDN-CTRL-2568-07_transactions_p5.png,bank_statement,2025-07,.png,BS-OPER-UDN-CTRL-2568-07_transactions_p5,0.19298744201660156,BS-OPER-UDN-CTRL-2568-07,OPER-UDN-CTRL,2568,07,transactions_p5,5,transactions
renders/bank_statement/2025-07/BS-OPER-UDN-CTRL-2568-07_transactions_p6.png,bank_statement,2025-07,.png,BS-OPER-UDN-CTRL-2568-07_transactions_p6,0.1958627700805664,BS-OPER-UDN-CTRL-2568-07,OPER-UDN-CTRL,2568,07,transactions_p6,6,transactions
renders/bank_statement/2025-07/BS-OPER-UDN-CTRL-2568-07_transactions_p7.png,bank_statement,2025-07,.png,BS-OPER-UDN-CTRL-2568-07_transactions_p7,0.1282978057861328,BS-OPER-UDN-CTRL-2568-07,OPER-UDN-CTRL,2568,07,transactions_p7,7,transactions
renders/bank_statement/2025-07/BS-SCB-OPER-2568-07_header.png,bank_statement,2025-07,.png,BS-SCB-OPER-2568-07_header,0.058730125427246094,BS-SCB-OPER-2568-07,SCB-OPER,2568,07,header,,header
renders/bank_statement/2025-07/BS-SCB-OPER-2568-07_transactions_p1.png,bank_statement,2025-07,.png,BS-SCB-OPER-2568-07_transactions_p1,0.08292961120605469,BS-SCB-OPER-2568-07,SCB-OPER,2568,07,transactions_p1,1,transactions
renders/bank_statement/2025-08/BS-BBL-OPER-2568-08_header.png,bank_statement,2025-08,.png,BS-BBL-OPER-2568-08_header,0.09059810638427734,BS-BBL-OPER-2568-08,BBL-OPER,2568,08,header,,header
renders/bank_statement/2025-08/BS-BBL-OPER-2568-08_transactions_p1.png,bank_statement,2025-08,.png,BS-BBL-OPER-2568-08_transactions_p1,0.0953969955444336,BS-BBL-OPER-2568-08,BBL-OPER,2568,08,transactions_p1,1,transactions
renders/bank_statement/2025-08/BS-KBANK-OPER-2568-08_header.png,bank_statement,2025-08,.png,BS-KBANK-OPER-2568-08_header,0.3011655807495117,BS-KBANK-OPER-2568-08,KBANK-OPER,2568,08,header,,header
renders/bank_statement/2025-08/BS-KBANK-OPER-2568-08_transactions_p1.png,bank_statement,2025-08,.png,BS-KBANK-OPER-2568-08_transactions_p1,0.8825311660766602,BS-KBANK-OPER-2568-08,KBANK-OPER,2568,08,transactions_p1,1,transactions
renders/bank_statement/2025-08/BS-KBANK-OPER-2568-08_transactions_p10.png,bank_statement,2025-08,.png,BS-KBANK-OPER-2568-08_transactions_p10,0.9247598648071289,BS-KBANK-OPER-2568-08,KBANK-OPER,2568,08,transactions_p10,10,transactions
renders/bank_statement/2025-08/BS-KBANK-OPER-2568-08_transactions_p11.png,bank_statement,2025-08,.png,BS-KBANK-OPER-2568-08_transactions_p11,0.9340934753417969,BS-KBANK-OPER-2568-08,KBANK-OPER,2568,08,transactions_p11,11,transactions
renders/bank_statement/2025-08/BS-KBANK-OPER-2568-08_transactions_p12.png,bank_statement,2025-08,.png,BS-KBANK-OPER-2568-08_transactions_p12,0.9284820556640625,BS-KBANK-OPER-2568-08,KBANK-OPER,2568,08,transactions_p12,12,transactions
renders/bank_statement/2025-08/BS-KBANK-OPER-2568-08_transactions_p13.png,bank_statement,2025-08,.png,BS-KBANK-OPER-2568-08_transactions_p13,0.9153261184692383,BS-KBANK-OPER-2568-08,KBANK-OPER,2568,08,transactions_p13,13,transactions
renders/bank_statement/2025-08/BS-KBANK-OPER-2568-08_transactions_p14.png,bank_statement,2025-08,.png,BS-KBANK-OPER-2568-08_transactions_p14,0.9008293151855469,BS-KBANK-OPER-2568-08,KBANK-OPER,2568,08,transactions_p14,14,transactions
renders/bank_statement/2025-08/BS-KBANK-OPER-2568-08_transactions_p15.png,bank_statement,2025-08,.png,BS-KBANK-OPER-2568-08_transactions_p15,0.9102344512939453,BS-KBANK-OPER-2568-08,KBANK-OPER,2568,08,transactions_p15,15,transactions
renders/bank_statement/2025-08/BS-KBANK-OPER-2568-08_transactions_p16.png,bank_statement,2025-08,.png,BS-KBANK-OPER-2568-08_transactions_p16,0.9139308929443359,BS-KBANK-OPER-2568-08,KBANK-OPER,2568,08,transactions_p16,16,transactions
renders/bank_statement/2025-08/BS-KBANK-OPER-2568-08_transactions_p17.png,bank_statement,2025-08,.png,BS-KBANK-OPER-2568-08_transactions_p17,0.9215612411499023,BS-KBANK-OPER-2568-08,KBANK-OPER,2568,08,transactions_p17,17,transactions
renders/bank_statement/2025-08/BS-KBANK-OPER-2568-08_transactions_p18.png,bank_statement,2025-08,.png,BS-KBANK-OPER-2568-08_transactions_p18,0.9422407150268555,BS-KBANK-OPER-2568-08,KBANK-OPER,2568,08,transactions_p18,18,transactions
renders/bank_statement/2025-08/BS-KBANK-OPER-2568-08_transactions_p19.png,bank_statement,2025-08,.png,BS-KBANK-OPER-2568-08_transactions_p19,0.9296855926513672,BS-KBANK-OPER-2568-08,KBANK-OPER,2568,08,transactions_p19,19,transactions
renders/bank_statement/2025-08/BS-KBANK-OPER-2568-08_transactions_p2.png,bank_statement,2025-08,.png,BS-KBANK-OPER-2568-08_transactions_p2,0.9194469451904297,BS-KBANK-OPER-2568-08,KBANK-OPER,2568,08,transactions_p2,2,transactions
renders/bank_statement/2025-08/BS-KBANK-OPER-2568-08_transactions_p20.png,bank_statement,2025-08,.png,BS-KBANK-OPER-2568-08_transactions_p20,0.92840576171875,BS-KBANK-OPER-2568-08,KBANK-OPER,2568,08,transactions_p20,20,transactions
renders/bank_statement/2025-08/BS-KBANK-OPER-2568-08_transactions_p21.png,bank_statement,2025-08,.png,BS-KBANK-OPER-2568-08_transactions_p21,0.9463624954223633,BS-KBANK-OPER-2568-08,KBANK-OPER,2568,08,transactions_p21,21,transactions
renders/bank_statement/2025-08/BS-KBANK-OPER-2568-08_transactions_p22.png,bank_statement,2025-08,.png,BS-KBANK-OPER-2568-08_transactions_p22,0.9496660232543945,BS-KBANK-OPER-2568-08,KBANK-OPER,2568,08,transactions_p22,22,transactions
renders/bank_statement/2025-08/BS-KBANK-OPER-2568-08_transactions_p23.png,bank_statement,2025-08,.png,BS-KBANK-OPER-2568-08_transactions_p23,0.935150146484375,BS-KBANK-OPER-2568-08,KBANK-OPER,2568,08,transactions_p23,23,transactions
renders/bank_statement/2025-08/BS-KBANK-OPER-2568-08_transactions_p24.png,bank_statement,2025-08,.png,BS-KBANK-OPER-2568-08_transactions_p24,0.9436845779418945,BS-KBANK-OPER-2568-08,KBANK-OPER,2568,08,transactions_p24,24,transactions
renders/bank_statement/2025-08/BS-KBANK-OPER-2568-08_transactions_p25.png,bank_statement,2025-08,.png,BS-KBANK-OPER-2568-08_transactions_p25,0.9410285949707031,BS-KBANK-OPER-2568-08,KBANK-OPER,2568,08,transactions_p25,25,transactions
renders/bank_statement/2025-08/BS-KBANK-OPER-2568-08_transactions_p26.png,bank_statement,2025-08,.png,BS-KBANK-OPER-2568-08_transactions_p26,0.941523551940918,BS-KBANK-OPER-2568-08,KBANK-OPER,2568,08,transactions_p26,26,transactions
renders/bank_statement/2025-08/BS-KBANK-OPER-2568-08_transactions_p27.png,bank_statement,2025-08,.png,BS-KBANK-OPER-2568-08_transactions_p27,0.9445009231567383,BS-KBANK-OPER-2568-08,KBANK-OPER,2568,08,transactions_p27,27,transactions
renders/bank_statement/2025-08/BS-KBANK-OPER-2568-08_transactions_p28.png,bank_statement,2025-08,.png,BS-KBANK-OPER-2568-08_transactions_p28,0.9555892944335938,BS-KBANK-OPER-2568-08,KBANK-OPER,2568,08,transactions_p28,28,transactions
renders/bank_statement/2025-08/BS-KBANK-OPER-2568-08_transactions_p29.png,bank_statement,2025-08,.png,BS-KBANK-OPER-2568-08_transactions_p29,0.9554481506347656,BS-KBANK-OPER-2568-08,KBANK-OPER,2568,08,transactions_p29,29,transactions
renders/bank_statement/2025-08/BS-KBANK-OPER-2568-08_transactions_p3.png,bank_statement,2025-08,.png,BS-KBANK-OPER-2568-08_transactions_p3,0.9065771102905273,BS-KBANK-OPER-2568-08,KBANK-OPER,2568,08,transactions_p3,3,transactions
renders/bank_statement/2025-08/BS-KBANK-OPER-2568-08_transactions_p30.png,bank_statement,2025-08,.png,BS-KBANK-OPER-2568-08_transactions_p30,0.952702522277832,BS-KBANK-OPER-2568-08,KBANK-OPER,2568,08,transactions_p30,30,transactions
renders/bank_statement/2025-08/BS-KBANK-OPER-2568-08_transactions_p31.png,bank_statement,2025-08,.png,BS-KBANK-OPER-2568-08_transactions_p31,0.9491338729858398,BS-KBANK-OPER-2568-08,KBANK-OPER,2568,08,transactions_p31,31,transactions
renders/bank_statement/2025-08/BS-KBANK-OPER-2568-08_transactions_p32.png,bank_statement,2025-08,.png,BS-KBANK-OPER-2568-08_transactions_p32,0.9533042907714844,BS-KBANK-OPER-2568-08,KBANK-OPER,2568,08,transactions_p32,32,transactions
renders/bank_statement/2025-08/BS-KBANK-OPER-2568-08_transactions_p33.png,bank_statement,2025-08,.png,BS-KBANK-OPER-2568-08_transactions_p33,0.9439573287963867,BS-KBANK-OPER-2568-08,KBANK-OPER,2568,08,transactions_p33,33,transactions
renders/bank_statement/2025-08/BS-KBANK-OPER-2568-08_transactions_p34.png,bank_statement,2025-08,.png,BS-KBANK-OPER-2568-08_transactions_p34,0.508753776550293,BS-KBANK-OPER-2568-08,KBANK-OPER,2568,08,transactions_p34,34,transactions
renders/bank_statement/2025-08/BS-KBANK-OPER-2568-08_transactions_p4.png,bank_statement,2025-08,.png,BS-KBANK-OPER-2568-08_transactions_p4,0.9214239120483398,BS-KBANK-OPER-2568-08,KBANK-OPER,2568,08,transactions_p4,4,transactions
renders/bank_statement/2025-08/BS-KBANK-OPER-2568-08_transactions_p5.png,bank_statement,2025-08,.png,BS-KBANK-OPER-2568-08_transactions_p5,0.9067153930664062,BS-KBANK-OPER-2568-08,KBANK-OPER,2568,08,transactions_p5,5,transactions
renders/bank_statement/2025-08/BS-KBANK-OPER-2568-08_transactions_p6.png,bank_statement,2025-08,.png,BS-KBANK-OPER-2568-08_transactions_p6,0.9136800765991211,BS-KBANK-OPER-2568-08,KBANK-OPER,2568,08,transactions_p6,6,transactions
renders/bank_statement/2025-08/BS-KBANK-OPER-2568-08_transactions_p7.png,bank_statement,2025-08,.png,BS-KBANK-OPER-2568-08_transactions_p7,0.9127006530761719,BS-KBANK-OPER-2568-08,KBANK-OPER,2568,08,transactions_p7,7,transactions
renders/bank_statement/2025-08/BS-KBANK-OPER-2568-08_transactions_p8.png,bank_statement,2025-08,.png,BS-KBANK-OPER-2568-08_transactions_p8,0.9022979736328125,BS-KBANK-OPER-2568-08,KBANK-OPER,2568,08,transactions_p8,8,transactions
renders/bank_statement/2025-08/BS-KBANK-OPER-2568-08_transactions_p9.png,bank_statement,2025-08,.png,BS-KBANK-OPER-2568-08_transactions_p9,0.9197549819946289,BS-KBANK-OPER-2568-08,KBANK-OPER,2568,08,transactions_p9,9,transactions
renders/bank_statement/2025-08/BS-OPER-BKK-CTW-2568-08_header.png,bank_statement,2025-08,.png,BS-OPER-BKK-CTW-2568-08_header,0.29955387115478516,BS-OPER-BKK-CTW-2568-08,OPER-BKK-CTW,2568,08,header,,header
renders/bank_statement/2025-08/BS-OPER-BKK-CTW-2568-08_transactions_p1.png,bank_statement,2025-08,.png,BS-OPER-BKK-CTW-2568-08_transactions_p1,0.9230222702026367,BS-OPER-BKK-CTW-2568-08,OPER-BKK-CTW,2568,08,transactions_p1,1,transactions
renders/bank_statement/2025-08/BS-OPER-BKK-CTW-2568-08_transactions_p2.png,bank_statement,2025-08,.png,BS-OPER-BKK-CTW-2568-08_transactions_p2,0.9375877380371094,BS-OPER-BKK-CTW-2568-08,OPER-BKK-CTW,2568,08,transactions_p2,2,transactions
renders/bank_statement/2025-08/BS-OPER-BKK-CTW-2568-08_transactions_p3.png,bank_statement,2025-08,.png,BS-OPER-BKK-CTW-2568-08_transactions_p3,0.6072025299072266,BS-OPER-BKK-CTW-2568-08,OPER-BKK-CTW,2568,08,transactions_p3,3,transactions
renders/bank_statement/2025-08/BS-OPER-BKK-EMSP-2568-08_header.png,bank_statement,2025-08,.png,BS-OPER-BKK-EMSP-2568-08_header,0.05941486358642578,BS-OPER-BKK-EMSP-2568-08,OPER-BKK-EMSP,2568,08,header,,header
renders/bank_statement/2025-08/BS-OPER-BKK-EMSP-2568-08_transactions_p1.png,bank_statement,2025-08,.png,BS-OPER-BKK-EMSP-2568-08_transactions_p1,0.19926166534423828,BS-OPER-BKK-EMSP-2568-08,OPER-BKK-EMSP,2568,08,transactions_p1,1,transactions
renders/bank_statement/2025-08/BS-OPER-BKK-EMSP-2568-08_transactions_p2.png,bank_statement,2025-08,.png,BS-OPER-BKK-EMSP-2568-08_transactions_p2,0.2039957046508789,BS-OPER-BKK-EMSP-2568-08,OPER-BKK-EMSP,2568,08,transactions_p2,2,transactions
renders/bank_statement/2025-08/BS-OPER-BKK-EMSP-2568-08_transactions_p3.png,bank_statement,2025-08,.png,BS-OPER-BKK-EMSP-2568-08_transactions_p3,0.2003192901611328,BS-OPER-BKK-EMSP-2568-08,OPER-BKK-EMSP,2568,08,transactions_p3,3,transactions
renders/bank_statement/2025-08/BS-OPER-BKK-EMSP-2568-08_transactions_p4.png,bank_statement,2025-08,.png,BS-OPER-BKK-EMSP-2568-08_transactions_p4,0.20250701904296875,BS-OPER-BKK-EMSP-2568-08,OPER-BKK-EMSP,2568,08,transactions_p4,4,transactions
renders/bank_statement/2025-08/BS-OPER-BKK-EMSP-2568-08_transactions_p5.png,bank_statement,2025-08,.png,BS-OPER-BKK-EMSP-2568-08_transactions_p5,0.201446533203125,BS-OPER-BKK-EMSP-2568-08,OPER-BKK-EMSP,2568,08,transactions_p5,5,transactions
renders/bank_statement/2025-08/BS-OPER-BKK-EMSP-2568-08_transactions_p6.png,bank_statement,2025-08,.png,BS-OPER-BKK-EMSP-2568-08_transactions_p6,0.20394039154052734,BS-OPER-BKK-EMSP-2568-08,OPER-BKK-EMSP,2568,08,transactions_p6,6,transactions
renders/bank_statement/2025-08/BS-OPER-BKK-EMSP-2568-08_transactions_p7.png,bank_statement,2025-08,.png,BS-OPER-BKK-EMSP-2568-08_transactions_p7,0.20415782928466797,BS-OPER-BKK-EMSP-2568-08,OPER-BKK-EMSP,2568,08,transactions_p7,7,transactions
renders/bank_statement/2025-08/BS-OPER-BKK-EMSP-2568-08_transactions_p8.png,bank_statement,2025-08,.png,BS-OPER-BKK-EMSP-2568-08_transactions_p8,0.12471675872802734,BS-OPER-BKK-EMSP-2568-08,OPER-BKK-EMSP,2568,08,transactions_p8,8,transactions
renders/bank_statement/2025-08/BS-OPER-BKK-PKT-2568-08_header.png,bank_statement,2025-08,.png,BS-OPER-BKK-PKT-2568-08_header,0.09157466888427734,BS-OPER-BKK-PKT-2568-08,OPER-BKK-PKT,2568,08,header,,header
renders/bank_statement/2025-08/BS-OPER-BKK-PKT-2568-08_transactions_p1.png,bank_statement,2025-08,.png,BS-OPER-BKK-PKT-2568-08_transactions_p1,0.18001270294189453,BS-OPER-BKK-PKT-2568-08,OPER-BKK-PKT,2568,08,transactions_p1,1,transactions
renders/bank_statement/2025-08/BS-OPER-BKK-PKT-2568-08_transactions_p2.png,bank_statement,2025-08,.png,BS-OPER-BKK-PKT-2568-08_transactions_p2,0.18065834045410156,BS-OPER-BKK-PKT-2568-08,OPER-BKK-PKT,2568,08,transactions_p2,2,transactions
renders/bank_statement/2025-08/BS-OPER-BKK-PKT-2568-08_transactions_p3.png,bank_statement,2025-08,.png,BS-OPER-BKK-PKT-2568-08_transactions_p3,0.18424606323242188,BS-OPER-BKK-PKT-2568-08,OPER-BKK-PKT,2568,08,transactions_p3,3,transactions
renders/bank_statement/2025-08/BS-OPER-BKK-PKT-2568-08_transactions_p4.png,bank_statement,2025-08,.png,BS-OPER-BKK-PKT-2568-08_transactions_p4,0.18128585815429688,BS-OPER-BKK-PKT-2568-08,OPER-BKK-PKT,2568,08,transactions_p4,4,transactions
renders/bank_statement/2025-08/BS-OPER-BKK-PKT-2568-08_transactions_p5.png,bank_statement,2025-08,.png,BS-OPER-BKK-PKT-2568-08_transactions_p5,0.18424606323242188,BS-OPER-BKK-PKT-2568-08,OPER-BKK-PKT,2568,08,transactions_p5,5,transactions
renders/bank_statement/2025-08/BS-OPER-BKK-PKT-2568-08_transactions_p6.png,bank_statement,2025-08,.png,BS-OPER-BKK-PKT-2568-08_transactions_p6,0.18441200256347656,BS-OPER-BKK-PKT-2568-08,OPER-BKK-PKT,2568,08,transactions_p6,6,transactions
renders/bank_statement/2025-08/BS-OPER-BKK-PKT-2568-08_transactions_p7.png,bank_statement,2025-08,.png,BS-OPER-BKK-PKT-2568-08_transactions_p7,0.1844501495361328,BS-OPER-BKK-PKT-2568-08,OPER-BKK-PKT,2568,08,transactions_p7,7,transactions
renders/bank_statement/2025-08/BS-OPER-BKK-PKT-2568-08_transactions_p8.png,bank_statement,2025-08,.png,BS-OPER-BKK-PKT-2568-08_transactions_p8,0.1015167236328125,BS-OPER-BKK-PKT-2568-08,OPER-BKK-PKT,2568,08,transactions_p8,8,transactions
renders/bank_statement/2025-08/BS-OPER-BKK-R9-2568-08_header.png,bank_statement,2025-08,.png,BS-OPER-BKK-R9-2568-08_header,0.29732418060302734,BS-OPER-BKK-R9-2568-08,OPER-BKK-R9,2568,08,header,,header
renders/bank_statement/2025-08/BS-OPER-BKK-R9-2568-08_transactions_p1.png,bank_statement,2025-08,.png,BS-OPER-BKK-R9-2568-08_transactions_p1,0.9293241500854492,BS-OPER-BKK-R9-2568-08,OPER-BKK-R9,2568,08,transactions_p1,1,transactions
renders/bank_statement/2025-08/BS-OPER-BKK-R9-2568-08_transactions_p2.png,bank_statement,2025-08,.png,BS-OPER-BKK-R9-2568-08_transactions_p2,0.9500455856323242,BS-OPER-BKK-R9-2568-08,OPER-BKK-R9,2568,08,transactions_p2,2,transactions
renders/bank_statement/2025-08/BS-OPER-BKK-R9-2568-08_transactions_p3.png,bank_statement,2025-08,.png,BS-OPER-BKK-R9-2568-08_transactions_p3,0.5145864486694336,BS-OPER-BKK-R9-2568-08,OPER-BKK-R9,2568,08,transactions_p3,3,transactions
renders/bank_statement/2025-08/BS-OPER-BKK-SIAM-2568-08_header.png,bank_statement,2025-08,.png,BS-OPER-BKK-SIAM-2568-08_header,0.0595855712890625,BS-OPER-BKK-SIAM-2568-08,OPER-BKK-SIAM,2568,08,header,,header
renders/bank_statement/2025-08/BS-OPER-BKK-SIAM-2568-08_transactions_p1.png,bank_statement,2025-08,.png,BS-OPER-BKK-SIAM-2568-08_transactions_p1,0.19778728485107422,BS-OPER-BKK-SIAM-2568-08,OPER-BKK-SIAM,2568,08,transactions_p1,1,transactions
renders/bank_statement/2025-08/BS-OPER-BKK-SIAM-2568-08_transactions_p2.png,bank_statement,2025-08,.png,BS-OPER-BKK-SIAM-2568-08_transactions_p2,0.20415782928466797,BS-OPER-BKK-SIAM-2568-08,OPER-BKK-SIAM,2568,08,transactions_p2,2,transactions
renders/bank_statement/2025-08/BS-OPER-BKK-SIAM-2568-08_transactions_p3.png,bank_statement,2025-08,.png,BS-OPER-BKK-SIAM-2568-08_transactions_p3,0.20259666442871094,BS-OPER-BKK-SIAM-2568-08,OPER-BKK-SIAM,2568,08,transactions_p3,3,transactions
renders/bank_statement/2025-08/BS-OPER-BKK-SIAM-2568-08_transactions_p4.png,bank_statement,2025-08,.png,BS-OPER-BKK-SIAM-2568-08_transactions_p4,0.2008953094482422,BS-OPER-BKK-SIAM-2568-08,OPER-BKK-SIAM,2568,08,transactions_p4,4,transactions
renders/bank_statement/2025-08/BS-OPER-BKK-SIAM-2568-08_transactions_p5.png,bank_statement,2025-08,.png,BS-OPER-BKK-SIAM-2568-08_transactions_p5,0.20152950286865234,BS-OPER-BKK-SIAM-2568-08,OPER-BKK-SIAM,2568,08,transactions_p5,5,transactions
renders/bank_statement/2025-08/BS-OPER-BKK-SIAM-2568-08_transactions_p6.png,bank_statement,2025-08,.png,BS-OPER-BKK-SIAM-2568-08_transactions_p6,0.20478248596191406,BS-OPER-BKK-SIAM-2568-08,OPER-BKK-SIAM,2568,08,transactions_p6,6,transactions
renders/bank_statement/2025-08/BS-OPER-BKK-SIAM-2568-08_transactions_p7.png,bank_statement,2025-08,.png,BS-OPER-BKK-SIAM-2568-08_transactions_p7,0.20487213134765625,BS-OPER-BKK-SIAM-2568-08,OPER-BKK-SIAM,2568,08,transactions_p7,7,transactions
renders/bank_statement/2025-08/BS-OPER-BKK-SIAM-2568-08_transactions_p8.png,bank_statement,2025-08,.png,BS-OPER-BKK-SIAM-2568-08_transactions_p8,0.1653461456298828,BS-OPER-BKK-SIAM-2568-08,OPER-BKK-SIAM,2568,08,transactions_p8,8,transactions
renders/bank_statement/2025-08/BS-OPER-CNX-MAYA-2568-08_header.png,bank_statement,2025-08,.png,BS-OPER-CNX-MAYA-2568-08_header,0.09214973449707031,BS-OPER-CNX-MAYA-2568-08,OPER-CNX-MAYA,2568,08,header,,header
renders/bank_statement/2025-08/BS-OPER-CNX-MAYA-2568-08_transactions_p1.png,bank_statement,2025-08,.png,BS-OPER-CNX-MAYA-2568-08_transactions_p1,0.1796741485595703,BS-OPER-CNX-MAYA-2568-08,OPER-CNX-MAYA,2568,08,transactions_p1,1,transactions
renders/bank_statement/2025-08/BS-OPER-CNX-MAYA-2568-08_transactions_p2.png,bank_statement,2025-08,.png,BS-OPER-CNX-MAYA-2568-08_transactions_p2,0.18143367767333984,BS-OPER-CNX-MAYA-2568-08,OPER-CNX-MAYA,2568,08,transactions_p2,2,transactions
renders/bank_statement/2025-08/BS-OPER-CNX-MAYA-2568-08_transactions_p3.png,bank_statement,2025-08,.png,BS-OPER-CNX-MAYA-2568-08_transactions_p3,0.18106746673583984,BS-OPER-CNX-MAYA-2568-08,OPER-CNX-MAYA,2568,08,transactions_p3,3,transactions
renders/bank_statement/2025-08/BS-OPER-CNX-MAYA-2568-08_transactions_p4.png,bank_statement,2025-08,.png,BS-OPER-CNX-MAYA-2568-08_transactions_p4,0.18232059478759766,BS-OPER-CNX-MAYA-2568-08,OPER-CNX-MAYA,2568,08,transactions_p4,4,transactions
renders/bank_statement/2025-08/BS-OPER-CNX-MAYA-2568-08_transactions_p5.png,bank_statement,2025-08,.png,BS-OPER-CNX-MAYA-2568-08_transactions_p5,0.1819143295288086,BS-OPER-CNX-MAYA-2568-08,OPER-CNX-MAYA,2568,08,transactions_p5,5,transactions
renders/bank_statement/2025-08/BS-OPER-CNX-MAYA-2568-08_transactions_p6.png,bank_statement,2025-08,.png,BS-OPER-CNX-MAYA-2568-08_transactions_p6,0.18162822723388672,BS-OPER-CNX-MAYA-2568-08,OPER-CNX-MAYA,2568,08,transactions_p6,6,transactions
renders/bank_statement/2025-08/BS-OPER-CNX-MAYA-2568-08_transactions_p7.png,bank_statement,2025-08,.png,BS-OPER-CNX-MAYA-2568-08_transactions_p7,0.18469810485839844,BS-OPER-CNX-MAYA-2568-08,OPER-CNX-MAYA,2568,08,transactions_p7,7,transactions
renders/bank_statement/2025-08/BS-OPER-CNX-MAYA-2568-08_transactions_p8.png,bank_statement,2025-08,.png,BS-OPER-CNX-MAYA-2568-08_transactions_p8,0.1383676528930664,BS-OPER-CNX-MAYA-2568-08,OPER-CNX-MAYA,2568,08,transactions_p8,8,transactions
renders/bank_statement/2025-08/BS-OPER-HKT-FEST-2568-08_header.png,bank_statement,2025-08,.png,BS-OPER-HKT-FEST-2568-08_header,0.29611968994140625,BS-OPER-HKT-FEST-2568-08,OPER-HKT-FEST,2568,08,header,,header
renders/bank_statement/2025-08/BS-OPER-HKT-FEST-2568-08_transactions_p1.png,bank_statement,2025-08,.png,BS-OPER-HKT-FEST-2568-08_transactions_p1,0.8932456970214844,BS-OPER-HKT-FEST-2568-08,OPER-HKT-FEST,2568,08,transactions_p1,1,transactions
renders/bank_statement/2025-08/BS-OPER-HKT-FEST-2568-08_transactions_p2.png,bank_statement,2025-08,.png,BS-OPER-HKT-FEST-2568-08_transactions_p2,0.9065799713134766,BS-OPER-HKT-FEST-2568-08,OPER-HKT-FEST,2568,08,transactions_p2,2,transactions
renders/bank_statement/2025-08/BS-OPER-HKT-FEST-2568-08_transactions_p3.png,bank_statement,2025-08,.png,BS-OPER-HKT-FEST-2568-08_transactions_p3,0.4166450500488281,BS-OPER-HKT-FEST-2568-08,OPER-HKT-FEST,2568,08,transactions_p3,3,transactions
renders/bank_statement/2025-08/BS-OPER-KKC-CTRL-2568-08_header.png,bank_statement,2025-08,.png,BS-OPER-KKC-CTRL-2568-08_header,0.05942344665527344,BS-OPER-KKC-CTRL-2568-08,OPER-KKC-CTRL,2568,08,header,,header
renders/bank_statement/2025-08/BS-OPER-KKC-CTRL-2568-08_transactions_p1.png,bank_statement,2025-08,.png,BS-OPER-KKC-CTRL-2568-08_transactions_p1,0.1854381561279297,BS-OPER-KKC-CTRL-2568-08,OPER-KKC-CTRL,2568,08,transactions_p1,1,transactions
renders/bank_statement/2025-08/BS-OPER-KKC-CTRL-2568-08_transactions_p2.png,bank_statement,2025-08,.png,BS-OPER-KKC-CTRL-2568-08_transactions_p2,0.18958759307861328,BS-OPER-KKC-CTRL-2568-08,OPER-KKC-CTRL,2568,08,transactions_p2,2,transactions
renders/bank_statement/2025-08/BS-OPER-KKC-CTRL-2568-08_transactions_p3.png,bank_statement,2025-08,.png,BS-OPER-KKC-CTRL-2568-08_transactions_p3,0.19231224060058594,BS-OPER-KKC-CTRL-2568-08,OPER-KKC-CTRL,2568,08,transactions_p3,3,transactions
renders/bank_statement/2025-08/BS-OPER-KKC-CTRL-2568-08_transactions_p4.png,bank_statement,2025-08,.png,BS-OPER-KKC-CTRL-2568-08_transactions_p4,0.19143199920654297,BS-OPER-KKC-CTRL-2568-08,OPER-KKC-CTRL,2568,08,transactions_p4,4,transactions
renders/bank_statement/2025-08/BS-OPER-KKC-CTRL-2568-08_transactions_p5.png,bank_statement,2025-08,.png,BS-OPER-KKC-CTRL-2568-08_transactions_p5,0.19053363800048828,BS-OPER-KKC-CTRL-2568-08,OPER-KKC-CTRL,2568,08,transactions_p5,5,transactions
renders/bank_statement/2025-08/BS-OPER-KKC-CTRL-2568-08_transactions_p6.png,bank_statement,2025-08,.png,BS-OPER-KKC-CTRL-2568-08_transactions_p6,0.18809795379638672,BS-OPER-KKC-CTRL-2568-08,OPER-KKC-CTRL,2568,08,transactions_p6,6,transactions
renders/bank_statement/2025-08/BS-OPER-PTY-CTRL-2568-08_header.png,bank_statement,2025-08,.png,BS-OPER-PTY-CTRL-2568-08_header,0.09146976470947266,BS-OPER-PTY-CTRL-2568-08,OPER-PTY-CTRL,2568,08,header,,header
renders/bank_statement/2025-08/BS-OPER-PTY-CTRL-2568-08_transactions_p1.png,bank_statement,2025-08,.png,BS-OPER-PTY-CTRL-2568-08_transactions_p1,0.1797637939453125,BS-OPER-PTY-CTRL-2568-08,OPER-PTY-CTRL,2568,08,transactions_p1,1,transactions
renders/bank_statement/2025-08/BS-OPER-PTY-CTRL-2568-08_transactions_p2.png,bank_statement,2025-08,.png,BS-OPER-PTY-CTRL-2568-08_transactions_p2,0.1809377670288086,BS-OPER-PTY-CTRL-2568-08,OPER-PTY-CTRL,2568,08,transactions_p2,2,transactions
renders/bank_statement/2025-08/BS-OPER-PTY-CTRL-2568-08_transactions_p3.png,bank_statement,2025-08,.png,BS-OPER-PTY-CTRL-2568-08_transactions_p3,0.1818714141845703,BS-OPER-PTY-CTRL-2568-08,OPER-PTY-CTRL,2568,08,transactions_p3,3,transactions
renders/bank_statement/2025-08/BS-OPER-PTY-CTRL-2568-08_transactions_p4.png,bank_statement,2025-08,.png,BS-OPER-PTY-CTRL-2568-08_transactions_p4,0.1837759017944336,BS-OPER-PTY-CTRL-2568-08,OPER-PTY-CTRL,2568,08,transactions_p4,4,transactions
renders/bank_statement/2025-08/BS-OPER-PTY-CTRL-2568-08_transactions_p5.png,bank_statement,2025-08,.png,BS-OPER-PTY-CTRL-2568-08_transactions_p5,0.18209266662597656,BS-OPER-PTY-CTRL-2568-08,OPER-PTY-CTRL,2568,08,transactions_p5,5,transactions
renders/bank_statement/2025-08/BS-OPER-PTY-CTRL-2568-08_transactions_p6.png,bank_statement,2025-08,.png,BS-OPER-PTY-CTRL-2568-08_transactions_p6,0.18529987335205078,BS-OPER-PTY-CTRL-2568-08,OPER-PTY-CTRL,2568,08,transactions_p6,6,transactions
renders/bank_statement/2025-08/BS-OPER-PTY-CTRL-2568-08_transactions_p7.png,bank_statement,2025-08,.png,BS-OPER-PTY-CTRL-2568-08_transactions_p7,0.18503761291503906,BS-OPER-PTY-CTRL-2568-08,OPER-PTY-CTRL,2568,08,transactions_p7,7,transactions
renders/bank_statement/2025-08/BS-OPER-PTY-CTRL-2568-08_transactions_p8.png,bank_statement,2025-08,.png,BS-OPER-PTY-CTRL-2568-08_transactions_p8,0.10157394409179688,BS-OPER-PTY-CTRL-2568-08,OPER-PTY-CTRL,2568,08,transactions_p8,8,transactions
renders/bank_statement/2025-08/BS-OPER-REMOTE-2568-08_header.png,bank_statement,2025-08,.png,BS-OPER-REMOTE-2568-08_header,0.29460620880126953,BS-OPER-REMOTE-2568-08,OPER-REMOTE,2568,08,header,,header
renders/bank_statement/2025-08/BS-OPER-REMOTE-2568-08_transactions_p1.png,bank_statement,2025-08,.png,BS-OPER-REMOTE-2568-08_transactions_p1,0.9104433059692383,BS-OPER-REMOTE-2568-08,OPER-REMOTE,2568,08,transactions_p1,1,transactions
renders/bank_statement/2025-08/BS-OPER-REMOTE-2568-08_transactions_p2.png,bank_statement,2025-08,.png,BS-OPER-REMOTE-2568-08_transactions_p2,0.872349739074707,BS-OPER-REMOTE-2568-08,OPER-REMOTE,2568,08,transactions_p2,2,transactions
renders/bank_statement/2025-08/BS-OPER-UDN-CTRL-2568-08_header.png,bank_statement,2025-08,.png,BS-OPER-UDN-CTRL-2568-08_header,0.05932331085205078,BS-OPER-UDN-CTRL-2568-08,OPER-UDN-CTRL,2568,08,header,,header
renders/bank_statement/2025-08/BS-OPER-UDN-CTRL-2568-08_transactions_p1.png,bank_statement,2025-08,.png,BS-OPER-UDN-CTRL-2568-08_transactions_p1,0.19126510620117188,BS-OPER-UDN-CTRL-2568-08,OPER-UDN-CTRL,2568,08,transactions_p1,1,transactions
renders/bank_statement/2025-08/BS-OPER-UDN-CTRL-2568-08_transactions_p2.png,bank_statement,2025-08,.png,BS-OPER-UDN-CTRL-2568-08_transactions_p2,0.19706153869628906,BS-OPER-UDN-CTRL-2568-08,OPER-UDN-CTRL,2568,08,transactions_p2,2,transactions
renders/bank_statement/2025-08/BS-OPER-UDN-CTRL-2568-08_transactions_p3.png,bank_statement,2025-08,.png,BS-OPER-UDN-CTRL-2568-08_transactions_p3,0.19574356079101562,BS-OPER-UDN-CTRL-2568-08,OPER-UDN-CTRL,2568,08,transactions_p3,3,transactions
renders/bank_statement/2025-08/BS-OPER-UDN-CTRL-2568-08_transactions_p4.png,bank_statement,2025-08,.png,BS-OPER-UDN-CTRL-2568-08_transactions_p4,0.19671916961669922,BS-OPER-UDN-CTRL-2568-08,OPER-UDN-CTRL,2568,08,transactions_p4,4,transactions
renders/bank_statement/2025-08/BS-OPER-UDN-CTRL-2568-08_transactions_p5.png,bank_statement,2025-08,.png,BS-OPER-UDN-CTRL-2568-08_transactions_p5,0.19593524932861328,BS-OPER-UDN-CTRL-2568-08,OPER-UDN-CTRL,2568,08,transactions_p5,5,transactions
renders/bank_statement/2025-08/BS-OPER-UDN-CTRL-2568-08_transactions_p6.png,bank_statement,2025-08,.png,BS-OPER-UDN-CTRL-2568-08_transactions_p6,0.1966571807861328,BS-OPER-UDN-CTRL-2568-08,OPER-UDN-CTRL,2568,08,transactions_p6,6,transactions
renders/bank_statement/2025-08/BS-OPER-UDN-CTRL-2568-08_transactions_p7.png,bank_statement,2025-08,.png,BS-OPER-UDN-CTRL-2568-08_transactions_p7,0.09839820861816406,BS-OPER-UDN-CTRL-2568-08,OPER-UDN-CTRL,2568,08,transactions_p7,7,transactions
renders/bank_statement/2025-08/BS-SCB-OPER-2568-08_header.png,bank_statement,2025-08,.png,BS-SCB-OPER-2568-08_header,0.05868721008300781,BS-SCB-OPER-2568-08,SCB-OPER,2568,08,header,,header
renders/bank_statement/2025-08/BS-SCB-OPER-2568-08_transactions_p1.png,bank_statement,2025-08,.png,BS-SCB-OPER-2568-08_transactions_p1,0.08314037322998047,BS-SCB-OPER-2568-08,SCB-OPER,2568,08,transactions_p1,1,transactions
renders/bank_statement/2025-09/BS-BBL-OPER-2568-09_header.png,bank_statement,2025-09,.png,BS-BBL-OPER-2568-09_header,0.0907745361328125,BS-BBL-OPER-2568-09,BBL-OPER,2568,09,header,,header
renders/bank_statement/2025-09/BS-BBL-OPER-2568-09_transactions_p1.png,bank_statement,2025-09,.png,BS-BBL-OPER-2568-09_transactions_p1,0.09553050994873047,BS-BBL-OPER-2568-09,BBL-OPER,2568,09,transactions_p1,1,transactions
renders/bank_statement/2025-09/BS-KBANK-OPER-2568-09_header.png,bank_statement,2025-09,.png,BS-KBANK-OPER-2568-09_header,0.3018760681152344,BS-KBANK-OPER-2568-09,KBANK-OPER,2568,09,header,,header
renders/bank_statement/2025-09/BS-KBANK-OPER-2568-09_transactions_p1.png,bank_statement,2025-09,.png,BS-KBANK-OPER-2568-09_transactions_p1,0.8952426910400391,BS-KBANK-OPER-2568-09,KBANK-OPER,2568,09,transactions_p1,1,transactions
renders/bank_statement/2025-09/BS-KBANK-OPER-2568-09_transactions_p10.png,bank_statement,2025-09,.png,BS-KBANK-OPER-2568-09_transactions_p10,0.9283027648925781,BS-KBANK-OPER-2568-09,KBANK-OPER,2568,09,transactions_p10,10,transactions
renders/bank_statement/2025-09/BS-KBANK-OPER-2568-09_transactions_p11.png,bank_statement,2025-09,.png,BS-KBANK-OPER-2568-09_transactions_p11,0.9291496276855469,BS-KBANK-OPER-2568-09,KBANK-OPER,2568,09,transactions_p11,11,transactions
renders/bank_statement/2025-09/BS-KBANK-OPER-2568-09_transactions_p12.png,bank_statement,2025-09,.png,BS-KBANK-OPER-2568-09_transactions_p12,0.9295377731323242,BS-KBANK-OPER-2568-09,KBANK-OPER,2568,09,transactions_p12,12,transactions
renders/bank_statement/2025-09/BS-KBANK-OPER-2568-09_transactions_p13.png,bank_statement,2025-09,.png,BS-KBANK-OPER-2568-09_transactions_p13,0.9096946716308594,BS-KBANK-OPER-2568-09,KBANK-OPER,2568,09,transactions_p13,13,transactions
renders/bank_statement/2025-09/BS-KBANK-OPER-2568-09_transactions_p14.png,bank_statement,2025-09,.png,BS-KBANK-OPER-2568-09_transactions_p14,0.9103860855102539,BS-KBANK-OPER-2568-09,KBANK-OPER,2568,09,transactions_p14,14,transactions
renders/bank_statement/2025-09/BS-KBANK-OPER-2568-09_transactions_p15.png,bank_statement,2025-09,.png,BS-KBANK-OPER-2568-09_transactions_p15,0.9075136184692383,BS-KBANK-OPER-2568-09,KBANK-OPER,2568,09,transactions_p15,15,transactions
renders/bank_statement/2025-09/BS-KBANK-OPER-2568-09_transactions_p16.png,bank_statement,2025-09,.png,BS-KBANK-OPER-2568-09_transactions_p16,0.9208850860595703,BS-KBANK-OPER-2568-09,KBANK-OPER,2568,09,transactions_p16,16,transactions
renders/bank_statement/2025-09/BS-KBANK-OPER-2568-09_transactions_p17.png,bank_statement,2025-09,.png,BS-KBANK-OPER-2568-09_transactions_p17,0.9225368499755859,BS-KBANK-OPER-2568-09,KBANK-OPER,2568,09,transactions_p17,17,transactions
renders/bank_statement/2025-09/BS-KBANK-OPER-2568-09_transactions_p18.png,bank_statement,2025-09,.png,BS-KBANK-OPER-2568-09_transactions_p18,0.9273166656494141,BS-KBANK-OPER-2568-09,KBANK-OPER,2568,09,transactions_p18,18,transactions
renders/bank_statement/2025-09/BS-KBANK-OPER-2568-09_transactions_p19.png,bank_statement,2025-09,.png,BS-KBANK-OPER-2568-09_transactions_p19,0.9225978851318359,BS-KBANK-OPER-2568-09,KBANK-OPER,2568,09,transactions_p19,19,transactions
renders/bank_statement/2025-09/BS-KBANK-OPER-2568-09_transactions_p2.png,bank_statement,2025-09,.png,BS-KBANK-OPER-2568-09_transactions_p2,0.9092836380004883,BS-KBANK-OPER-2568-09,KBANK-OPER,2568,09,transactions_p2,2,transactions
renders/bank_statement/2025-09/BS-KBANK-OPER-2568-09_transactions_p20.png,bank_statement,2025-09,.png,BS-KBANK-OPER-2568-09_transactions_p20,0.9260778427124023,BS-KBANK-OPER-2568-09,KBANK-OPER,2568,09,transactions_p20,20,transactions
renders/bank_statement/2025-09/BS-KBANK-OPER-2568-09_transactions_p21.png,bank_statement,2025-09,.png,BS-KBANK-OPER-2568-09_transactions_p21,0.9175043106079102,BS-KBANK-OPER-2568-09,KBANK-OPER,2568,09,transactions_p21,21,transactions
renders/bank_statement/2025-09/BS-KBANK-OPER-2568-09_transactions_p22.png,bank_statement,2025-09,.png,BS-KBANK-OPER-2568-09_transactions_p22,0.9264554977416992,BS-KBANK-OPER-2568-09,KBANK-OPER,2568,09,transactions_p22,22,transactions
renders/bank_statement/2025-09/BS-KBANK-OPER-2568-09_transactions_p23.png,bank_statement,2025-09,.png,BS-KBANK-OPER-2568-09_transactions_p23,0.9327802658081055,BS-KBANK-OPER-2568-09,KBANK-OPER,2568,09,transactions_p23,23,transactions
renders/bank_statement/2025-09/BS-KBANK-OPER-2568-09_transactions_p24.png,bank_statement,2025-09,.png,BS-KBANK-OPER-2568-09_transactions_p24,0.9391870498657227,BS-KBANK-OPER-2568-09,KBANK-OPER,2568,09,transactions_p24,24,transactions
renders/bank_statement/2025-09/BS-KBANK-OPER-2568-09_transactions_p25.png,bank_statement,2025-09,.png,BS-KBANK-OPER-2568-09_transactions_p25,0.9347076416015625,BS-KBANK-OPER-2568-09,KBANK-OPER,2568,09,transactions_p25,25,transactions
renders/bank_statement/2025-09/BS-KBANK-OPER-2568-09_transactions_p26.png,bank_statement,2025-09,.png,BS-KBANK-OPER-2568-09_transactions_p26,0.9333372116088867,BS-KBANK-OPER-2568-09,KBANK-OPER,2568,09,transactions_p26,26,transactions
renders/bank_statement/2025-09/BS-KBANK-OPER-2568-09_transactions_p27.png,bank_statement,2025-09,.png,BS-KBANK-OPER-2568-09_transactions_p27,0.9331197738647461,BS-KBANK-OPER-2568-09,KBANK-OPER,2568,09,transactions_p27,27,transactions
renders/bank_statement/2025-09/BS-KBANK-OPER-2568-09_transactions_p28.png,bank_statement,2025-09,.png,BS-KBANK-OPER-2568-09_transactions_p28,0.9256954193115234,BS-KBANK-OPER-2568-09,KBANK-OPER,2568,09,transactions_p28,28,transactions
renders/bank_statement/2025-09/BS-KBANK-OPER-2568-09_transactions_p29.png,bank_statement,2025-09,.png,BS-KBANK-OPER-2568-09_transactions_p29,0.937286376953125,BS-KBANK-OPER-2568-09,KBANK-OPER,2568,09,transactions_p29,29,transactions
renders/bank_statement/2025-09/BS-KBANK-OPER-2568-09_transactions_p3.png,bank_statement,2025-09,.png,BS-KBANK-OPER-2568-09_transactions_p3,0.9118013381958008,BS-KBANK-OPER-2568-09,KBANK-OPER,2568,09,transactions_p3,3,transactions
renders/bank_statement/2025-09/BS-KBANK-OPER-2568-09_transactions_p30.png,bank_statement,2025-09,.png,BS-KBANK-OPER-2568-09_transactions_p30,0.9405622482299805,BS-KBANK-OPER-2568-09,KBANK-OPER,2568,09,transactions_p30,30,transactions
renders/bank_statement/2025-09/BS-KBANK-OPER-2568-09_transactions_p31.png,bank_statement,2025-09,.png,BS-KBANK-OPER-2568-09_transactions_p31,0.9447135925292969,BS-KBANK-OPER-2568-09,KBANK-OPER,2568,09,transactions_p31,31,transactions
renders/bank_statement/2025-09/BS-KBANK-OPER-2568-09_transactions_p32.png,bank_statement,2025-09,.png,BS-KBANK-OPER-2568-09_transactions_p32,0.9482097625732422,BS-KBANK-OPER-2568-09,KBANK-OPER,2568,09,transactions_p32,32,transactions
renders/bank_statement/2025-09/BS-KBANK-OPER-2568-09_transactions_p33.png,bank_statement,2025-09,.png,BS-KBANK-OPER-2568-09_transactions_p33,0.9413471221923828,BS-KBANK-OPER-2568-09,KBANK-OPER,2568,09,transactions_p33,33,transactions
renders/bank_statement/2025-09/BS-KBANK-OPER-2568-09_transactions_p34.png,bank_statement,2025-09,.png,BS-KBANK-OPER-2568-09_transactions_p34,0.9417047500610352,BS-KBANK-OPER-2568-09,KBANK-OPER,2568,09,transactions_p34,34,transactions
renders/bank_statement/2025-09/BS-KBANK-OPER-2568-09_transactions_p35.png,bank_statement,2025-09,.png,BS-KBANK-OPER-2568-09_transactions_p35,0.40650081634521484,BS-KBANK-OPER-2568-09,KBANK-OPER,2568,09,transactions_p35,35,transactions
renders/bank_statement/2025-09/BS-KBANK-OPER-2568-09_transactions_p4.png,bank_statement,2025-09,.png,BS-KBANK-OPER-2568-09_transactions_p4,0.9192667007446289,BS-KBANK-OPER-2568-09,KBANK-OPER,2568,09,transactions_p4,4,transactions
renders/bank_statement/2025-09/BS-KBANK-OPER-2568-09_transactions_p5.png,bank_statement,2025-09,.png,BS-KBANK-OPER-2568-09_transactions_p5,0.923095703125,BS-KBANK-OPER-2568-09,KBANK-OPER,2568,09,transactions_p5,5,transactions
renders/bank_statement/2025-09/BS-KBANK-OPER-2568-09_transactions_p6.png,bank_statement,2025-09,.png,BS-KBANK-OPER-2568-09_transactions_p6,0.910466194152832,BS-KBANK-OPER-2568-09,KBANK-OPER,2568,09,transactions_p6,6,transactions
renders/bank_statement/2025-09/BS-KBANK-OPER-2568-09_transactions_p7.png,bank_statement,2025-09,.png,BS-KBANK-OPER-2568-09_transactions_p7,0.90185546875,BS-KBANK-OPER-2568-09,KBANK-OPER,2568,09,transactions_p7,7,transactions
renders/bank_statement/2025-09/BS-KBANK-OPER-2568-09_transactions_p8.png,bank_statement,2025-09,.png,BS-KBANK-OPER-2568-09_transactions_p8,0.9079971313476562,BS-KBANK-OPER-2568-09,KBANK-OPER,2568,09,transactions_p8,8,transactions
renders/bank_statement/2025-09/BS-KBANK-OPER-2568-09_transactions_p9.png,bank_statement,2025-09,.png,BS-KBANK-OPER-2568-09_transactions_p9,0.9199094772338867,BS-KBANK-OPER-2568-09,KBANK-OPER,2568,09,transactions_p9,9,transactions
renders/bank_statement/2025-09/BS-OPER-BKK-CTW-2568-09_header.png,bank_statement,2025-09,.png,BS-OPER-BKK-CTW-2568-09_header,0.29938697814941406,BS-OPER-BKK-CTW-2568-09,OPER-BKK-CTW,2568,09,header,,header
renders/bank_statement/2025-09/BS-OPER-BKK-CTW-2568-09_transactions_p1.png,bank_statement,2025-09,.png,BS-OPER-BKK-CTW-2568-09_transactions_p1,0.9235334396362305,BS-OPER-BKK-CTW-2568-09,OPER-BKK-CTW,2568,09,transactions_p1,1,transactions
renders/bank_statement/2025-09/BS-OPER-BKK-CTW-2568-09_transactions_p2.png,bank_statement,2025-09,.png,BS-OPER-BKK-CTW-2568-09_transactions_p2,0.9380092620849609,BS-OPER-BKK-CTW-2568-09,OPER-BKK-CTW,2568,09,transactions_p2,2,transactions
renders/bank_statement/2025-09/BS-OPER-BKK-CTW-2568-09_transactions_p3.png,bank_statement,2025-09,.png,BS-OPER-BKK-CTW-2568-09_transactions_p3,0.5917701721191406,BS-OPER-BKK-CTW-2568-09,OPER-BKK-CTW,2568,09,transactions_p3,3,transactions
renders/bank_statement/2025-09/BS-OPER-BKK-EMSP-2568-09_header.png,bank_statement,2025-09,.png,BS-OPER-BKK-EMSP-2568-09_header,0.059482574462890625,BS-OPER-BKK-EMSP-2568-09,OPER-BKK-EMSP,2568,09,header,,header
renders/bank_statement/2025-09/BS-OPER-BKK-EMSP-2568-09_transactions_p1.png,bank_statement,2025-09,.png,BS-OPER-BKK-EMSP-2568-09_transactions_p1,0.19681930541992188,BS-OPER-BKK-EMSP-2568-09,OPER-BKK-EMSP,2568,09,transactions_p1,1,transactions
renders/bank_statement/2025-09/BS-OPER-BKK-EMSP-2568-09_transactions_p2.png,bank_statement,2025-09,.png,BS-OPER-BKK-EMSP-2568-09_transactions_p2,0.2035970687866211,BS-OPER-BKK-EMSP-2568-09,OPER-BKK-EMSP,2568,09,transactions_p2,2,transactions
renders/bank_statement/2025-09/BS-OPER-BKK-EMSP-2568-09_transactions_p3.png,bank_statement,2025-09,.png,BS-OPER-BKK-EMSP-2568-09_transactions_p3,0.1994762420654297,BS-OPER-BKK-EMSP-2568-09,OPER-BKK-EMSP,2568,09,transactions_p3,3,transactions
renders/bank_statement/2025-09/BS-OPER-BKK-EMSP-2568-09_transactions_p4.png,bank_statement,2025-09,.png,BS-OPER-BKK-EMSP-2568-09_transactions_p4,0.202606201171875,BS-OPER-BKK-EMSP-2568-09,OPER-BKK-EMSP,2568,09,transactions_p4,4,transactions
renders/bank_statement/2025-09/BS-OPER-BKK-EMSP-2568-09_transactions_p5.png,bank_statement,2025-09,.png,BS-OPER-BKK-EMSP-2568-09_transactions_p5,0.20153236389160156,BS-OPER-BKK-EMSP-2568-09,OPER-BKK-EMSP,2568,09,transactions_p5,5,transactions
renders/bank_statement/2025-09/BS-OPER-BKK-EMSP-2568-09_transactions_p6.png,bank_statement,2025-09,.png,BS-OPER-BKK-EMSP-2568-09_transactions_p6,0.20124435424804688,BS-OPER-BKK-EMSP-2568-09,OPER-BKK-EMSP,2568,09,transactions_p6,6,transactions
renders/bank_statement/2025-09/BS-OPER-BKK-EMSP-2568-09_transactions_p7.png,bank_statement,2025-09,.png,BS-OPER-BKK-EMSP-2568-09_transactions_p7,0.2030506134033203,BS-OPER-BKK-EMSP-2568-09,OPER-BKK-EMSP,2568,09,transactions_p7,7,transactions
renders/bank_statement/2025-09/BS-OPER-BKK-EMSP-2568-09_transactions_p8.png,bank_statement,2025-09,.png,BS-OPER-BKK-EMSP-2568-09_transactions_p8,0.13089847564697266,BS-OPER-BKK-EMSP-2568-09,OPER-BKK-EMSP,2568,09,transactions_p8,8,transactions
renders/bank_statement/2025-09/BS-OPER-BKK-PKT-2568-09_header.png,bank_statement,2025-09,.png,BS-OPER-BKK-PKT-2568-09_header,0.0917520523071289,BS-OPER-BKK-PKT-2568-09,OPER-BKK-PKT,2568,09,header,,header
renders/bank_statement/2025-09/BS-OPER-BKK-PKT-2568-09_transactions_p1.png,bank_statement,2025-09,.png,BS-OPER-BKK-PKT-2568-09_transactions_p1,0.17838668823242188,BS-OPER-BKK-PKT-2568-09,OPER-BKK-PKT,2568,09,transactions_p1,1,transactions
renders/bank_statement/2025-09/BS-OPER-BKK-PKT-2568-09_transactions_p2.png,bank_statement,2025-09,.png,BS-OPER-BKK-PKT-2568-09_transactions_p2,0.18023204803466797,BS-OPER-BKK-PKT-2568-09,OPER-BKK-PKT,2568,09,transactions_p2,2,transactions
renders/bank_statement/2025-09/BS-OPER-BKK-PKT-2568-09_transactions_p3.png,bank_statement,2025-09,.png,BS-OPER-BKK-PKT-2568-09_transactions_p3,0.1815662384033203,BS-OPER-BKK-PKT-2568-09,OPER-BKK-PKT,2568,09,transactions_p3,3,transactions
renders/bank_statement/2025-09/BS-OPER-BKK-PKT-2568-09_transactions_p4.png,bank_statement,2025-09,.png,BS-OPER-BKK-PKT-2568-09_transactions_p4,0.18210697174072266,BS-OPER-BKK-PKT-2568-09,OPER-BKK-PKT,2568,09,transactions_p4,4,transactions
renders/bank_statement/2025-09/BS-OPER-BKK-PKT-2568-09_transactions_p5.png,bank_statement,2025-09,.png,BS-OPER-BKK-PKT-2568-09_transactions_p5,0.18365859985351562,BS-OPER-BKK-PKT-2568-09,OPER-BKK-PKT,2568,09,transactions_p5,5,transactions
renders/bank_statement/2025-09/BS-OPER-BKK-PKT-2568-09_transactions_p6.png,bank_statement,2025-09,.png,BS-OPER-BKK-PKT-2568-09_transactions_p6,0.18300914764404297,BS-OPER-BKK-PKT-2568-09,OPER-BKK-PKT,2568,09,transactions_p6,6,transactions
renders/bank_statement/2025-09/BS-OPER-BKK-PKT-2568-09_transactions_p7.png,bank_statement,2025-09,.png,BS-OPER-BKK-PKT-2568-09_transactions_p7,0.18329906463623047,BS-OPER-BKK-PKT-2568-09,OPER-BKK-PKT,2568,09,transactions_p7,7,transactions
renders/bank_statement/2025-09/BS-OPER-BKK-PKT-2568-09_transactions_p8.png,bank_statement,2025-09,.png,BS-OPER-BKK-PKT-2568-09_transactions_p8,0.12087726593017578,BS-OPER-BKK-PKT-2568-09,OPER-BKK-PKT,2568,09,transactions_p8,8,transactions
renders/bank_statement/2025-09/BS-OPER-BKK-R9-2568-09_header.png,bank_statement,2025-09,.png,BS-OPER-BKK-R9-2568-09_header,0.2990856170654297,BS-OPER-BKK-R9-2568-09,OPER-BKK-R9,2568,09,header,,header
renders/bank_statement/2025-09/BS-OPER-BKK-R9-2568-09_transactions_p1.png,bank_statement,2025-09,.png,BS-OPER-BKK-R9-2568-09_transactions_p1,0.9310188293457031,BS-OPER-BKK-R9-2568-09,OPER-BKK-R9,2568,09,transactions_p1,1,transactions
renders/bank_statement/2025-09/BS-OPER-BKK-R9-2568-09_transactions_p2.png,bank_statement,2025-09,.png,BS-OPER-BKK-R9-2568-09_transactions_p2,0.946833610534668,BS-OPER-BKK-R9-2568-09,OPER-BKK-R9,2568,09,transactions_p2,2,transactions
renders/bank_statement/2025-09/BS-OPER-BKK-R9-2568-09_transactions_p3.png,bank_statement,2025-09,.png,BS-OPER-BKK-R9-2568-09_transactions_p3,0.39516162872314453,BS-OPER-BKK-R9-2568-09,OPER-BKK-R9,2568,09,transactions_p3,3,transactions
renders/bank_statement/2025-09/BS-OPER-BKK-SIAM-2568-09_header.png,bank_statement,2025-09,.png,BS-OPER-BKK-SIAM-2568-09_header,0.05965709686279297,BS-OPER-BKK-SIAM-2568-09,OPER-BKK-SIAM,2568,09,header,,header
renders/bank_statement/2025-09/BS-OPER-BKK-SIAM-2568-09_transactions_p1.png,bank_statement,2025-09,.png,BS-OPER-BKK-SIAM-2568-09_transactions_p1,0.1992511749267578,BS-OPER-BKK-SIAM-2568-09,OPER-BKK-SIAM,2568,09,transactions_p1,1,transactions
renders/bank_statement/2025-09/BS-OPER-BKK-SIAM-2568-09_transactions_p2.png,bank_statement,2025-09,.png,BS-OPER-BKK-SIAM-2568-09_transactions_p2,0.20624732971191406,BS-OPER-BKK-SIAM-2568-09,OPER-BKK-SIAM,2568,09,transactions_p2,2,transactions
renders/bank_statement/2025-09/BS-OPER-BKK-SIAM-2568-09_transactions_p3.png,bank_statement,2025-09,.png,BS-OPER-BKK-SIAM-2568-09_transactions_p3,0.20074081420898438,BS-OPER-BKK-SIAM-2568-09,OPER-BKK-SIAM,2568,09,transactions_p3,3,transactions
renders/bank_statement/2025-09/BS-OPER-BKK-SIAM-2568-09_transactions_p4.png,bank_statement,2025-09,.png,BS-OPER-BKK-SIAM-2568-09_transactions_p4,0.2017049789428711,BS-OPER-BKK-SIAM-2568-09,OPER-BKK-SIAM,2568,09,transactions_p4,4,transactions
renders/bank_statement/2025-09/BS-OPER-BKK-SIAM-2568-09_transactions_p5.png,bank_statement,2025-09,.png,BS-OPER-BKK-SIAM-2568-09_transactions_p5,0.20235824584960938,BS-OPER-BKK-SIAM-2568-09,OPER-BKK-SIAM,2568,09,transactions_p5,5,transactions
renders/bank_statement/2025-09/BS-OPER-BKK-SIAM-2568-09_transactions_p6.png,bank_statement,2025-09,.png,BS-OPER-BKK-SIAM-2568-09_transactions_p6,0.20343017578125,BS-OPER-BKK-SIAM-2568-09,OPER-BKK-SIAM,2568,09,transactions_p6,6,transactions
renders/bank_statement/2025-09/BS-OPER-BKK-SIAM-2568-09_transactions_p7.png,bank_statement,2025-09,.png,BS-OPER-BKK-SIAM-2568-09_transactions_p7,0.20629501342773438,BS-OPER-BKK-SIAM-2568-09,OPER-BKK-SIAM,2568,09,transactions_p7,7,transactions
renders/bank_statement/2025-09/BS-OPER-BKK-SIAM-2568-09_transactions_p8.png,bank_statement,2025-09,.png,BS-OPER-BKK-SIAM-2568-09_transactions_p8,0.13135337829589844,BS-OPER-BKK-SIAM-2568-09,OPER-BKK-SIAM,2568,09,transactions_p8,8,transactions
renders/bank_statement/2025-09/BS-OPER-CNX-MAYA-2568-09_header.png,bank_statement,2025-09,.png,BS-OPER-CNX-MAYA-2568-09_header,0.09232807159423828,BS-OPER-CNX-MAYA-2568-09,OPER-CNX-MAYA,2568,09,header,,header
renders/bank_statement/2025-09/BS-OPER-CNX-MAYA-2568-09_transactions_p1.png,bank_statement,2025-09,.png,BS-OPER-CNX-MAYA-2568-09_transactions_p1,0.17754364013671875,BS-OPER-CNX-MAYA-2568-09,OPER-CNX-MAYA,2568,09,transactions_p1,1,transactions
renders/bank_statement/2025-09/BS-OPER-CNX-MAYA-2568-09_transactions_p2.png,bank_statement,2025-09,.png,BS-OPER-CNX-MAYA-2568-09_transactions_p2,0.17972373962402344,BS-OPER-CNX-MAYA-2568-09,OPER-CNX-MAYA,2568,09,transactions_p2,2,transactions
renders/bank_statement/2025-09/BS-OPER-CNX-MAYA-2568-09_transactions_p3.png,bank_statement,2025-09,.png,BS-OPER-CNX-MAYA-2568-09_transactions_p3,0.18176746368408203,BS-OPER-CNX-MAYA-2568-09,OPER-CNX-MAYA,2568,09,transactions_p3,3,transactions
renders/bank_statement/2025-09/BS-OPER-CNX-MAYA-2568-09_transactions_p4.png,bank_statement,2025-09,.png,BS-OPER-CNX-MAYA-2568-09_transactions_p4,0.18225860595703125,BS-OPER-CNX-MAYA-2568-09,OPER-CNX-MAYA,2568,09,transactions_p4,4,transactions
renders/bank_statement/2025-09/BS-OPER-CNX-MAYA-2568-09_transactions_p5.png,bank_statement,2025-09,.png,BS-OPER-CNX-MAYA-2568-09_transactions_p5,0.18056297302246094,BS-OPER-CNX-MAYA-2568-09,OPER-CNX-MAYA,2568,09,transactions_p5,5,transactions
renders/bank_statement/2025-09/BS-OPER-CNX-MAYA-2568-09_transactions_p6.png,bank_statement,2025-09,.png,BS-OPER-CNX-MAYA-2568-09_transactions_p6,0.18203163146972656,BS-OPER-CNX-MAYA-2568-09,OPER-CNX-MAYA,2568,09,transactions_p6,6,transactions
renders/bank_statement/2025-09/BS-OPER-CNX-MAYA-2568-09_transactions_p7.png,bank_statement,2025-09,.png,BS-OPER-CNX-MAYA-2568-09_transactions_p7,0.18272876739501953,BS-OPER-CNX-MAYA-2568-09,OPER-CNX-MAYA,2568,09,transactions_p7,7,transactions
renders/bank_statement/2025-09/BS-OPER-CNX-MAYA-2568-09_transactions_p8.png,bank_statement,2025-09,.png,BS-OPER-CNX-MAYA-2568-09_transactions_p8,0.10697460174560547,BS-OPER-CNX-MAYA-2568-09,OPER-CNX-MAYA,2568,09,transactions_p8,8,transactions
renders/bank_statement/2025-09/BS-OPER-HKT-FEST-2568-09_header.png,bank_statement,2025-09,.png,BS-OPER-HKT-FEST-2568-09_header,0.29665088653564453,BS-OPER-HKT-FEST-2568-09,OPER-HKT-FEST,2568,09,header,,header
renders/bank_statement/2025-09/BS-OPER-HKT-FEST-2568-09_transactions_p1.png,bank_statement,2025-09,.png,BS-OPER-HKT-FEST-2568-09_transactions_p1,0.8796548843383789,BS-OPER-HKT-FEST-2568-09,OPER-HKT-FEST,2568,09,transactions_p1,1,transactions
renders/bank_statement/2025-09/BS-OPER-HKT-FEST-2568-09_transactions_p2.png,bank_statement,2025-09,.png,BS-OPER-HKT-FEST-2568-09_transactions_p2,0.8959035873413086,BS-OPER-HKT-FEST-2568-09,OPER-HKT-FEST,2568,09,transactions_p2,2,transactions
renders/bank_statement/2025-09/BS-OPER-HKT-FEST-2568-09_transactions_p3.png,bank_statement,2025-09,.png,BS-OPER-HKT-FEST-2568-09_transactions_p3,0.39235401153564453,BS-OPER-HKT-FEST-2568-09,OPER-HKT-FEST,2568,09,transactions_p3,3,transactions
renders/bank_statement/2025-09/BS-OPER-KKC-CTRL-2568-09_header.png,bank_statement,2025-09,.png,BS-OPER-KKC-CTRL-2568-09_header,0.05949592590332031,BS-OPER-KKC-CTRL-2568-09,OPER-KKC-CTRL,2568,09,header,,header
renders/bank_statement/2025-09/BS-OPER-KKC-CTRL-2568-09_transactions_p1.png,bank_statement,2025-09,.png,BS-OPER-KKC-CTRL-2568-09_transactions_p1,0.18637943267822266,BS-OPER-KKC-CTRL-2568-09,OPER-KKC-CTRL,2568,09,transactions_p1,1,transactions
renders/bank_statement/2025-09/BS-OPER-KKC-CTRL-2568-09_transactions_p2.png,bank_statement,2025-09,.png,BS-OPER-KKC-CTRL-2568-09_transactions_p2,0.19078826904296875,BS-OPER-KKC-CTRL-2568-09,OPER-KKC-CTRL,2568,09,transactions_p2,2,transactions
renders/bank_statement/2025-09/BS-OPER-KKC-CTRL-2568-09_transactions_p3.png,bank_statement,2025-09,.png,BS-OPER-KKC-CTRL-2568-09_transactions_p3,0.1926727294921875,BS-OPER-KKC-CTRL-2568-09,OPER-KKC-CTRL,2568,09,transactions_p3,3,transactions
renders/bank_statement/2025-09/BS-OPER-KKC-CTRL-2568-09_transactions_p4.png,bank_statement,2025-09,.png,BS-OPER-KKC-CTRL-2568-09_transactions_p4,0.1919078826904297,BS-OPER-KKC-CTRL-2568-09,OPER-KKC-CTRL,2568,09,transactions_p4,4,transactions
renders/bank_statement/2025-09/BS-OPER-KKC-CTRL-2568-09_transactions_p5.png,bank_statement,2025-09,.png,BS-OPER-KKC-CTRL-2568-09_transactions_p5,0.1893444061279297,BS-OPER-KKC-CTRL-2568-09,OPER-KKC-CTRL,2568,09,transactions_p5,5,transactions
renders/bank_statement/2025-09/BS-OPER-KKC-CTRL-2568-09_transactions_p6.png,bank_statement,2025-09,.png,BS-OPER-KKC-CTRL-2568-09_transactions_p6,0.19072437286376953,BS-OPER-KKC-CTRL-2568-09,OPER-KKC-CTRL,2568,09,transactions_p6,6,transactions
renders/bank_statement/2025-09/BS-OPER-KKC-CTRL-2568-09_transactions_p7.png,bank_statement,2025-09,.png,BS-OPER-KKC-CTRL-2568-09_transactions_p7,0.14199447631835938,BS-OPER-KKC-CTRL-2568-09,OPER-KKC-CTRL,2568,09,transactions_p7,7,transactions
renders/bank_statement/2025-09/BS-OPER-PTY-CTRL-2568-09_header.png,bank_statement,2025-09,.png,BS-OPER-PTY-CTRL-2568-09_header,0.09164905548095703,BS-OPER-PTY-CTRL-2568-09,OPER-PTY-CTRL,2568,09,header,,header
renders/bank_statement/2025-09/BS-OPER-PTY-CTRL-2568-09_transactions_p1.png,bank_statement,2025-09,.png,BS-OPER-PTY-CTRL-2568-09_transactions_p1,0.17760562896728516,BS-OPER-PTY-CTRL-2568-09,OPER-PTY-CTRL,2568,09,transactions_p1,1,transactions
renders/bank_statement/2025-09/BS-OPER-PTY-CTRL-2568-09_transactions_p2.png,bank_statement,2025-09,.png,BS-OPER-PTY-CTRL-2568-09_transactions_p2,0.18105506896972656,BS-OPER-PTY-CTRL-2568-09,OPER-PTY-CTRL,2568,09,transactions_p2,2,transactions
renders/bank_statement/2025-09/BS-OPER-PTY-CTRL-2568-09_transactions_p3.png,bank_statement,2025-09,.png,BS-OPER-PTY-CTRL-2568-09_transactions_p3,0.18206119537353516,BS-OPER-PTY-CTRL-2568-09,OPER-PTY-CTRL,2568,09,transactions_p3,3,transactions
renders/bank_statement/2025-09/BS-OPER-PTY-CTRL-2568-09_transactions_p4.png,bank_statement,2025-09,.png,BS-OPER-PTY-CTRL-2568-09_transactions_p4,0.18165969848632812,BS-OPER-PTY-CTRL-2568-09,OPER-PTY-CTRL,2568,09,transactions_p4,4,transactions
renders/bank_statement/2025-09/BS-OPER-PTY-CTRL-2568-09_transactions_p5.png,bank_statement,2025-09,.png,BS-OPER-PTY-CTRL-2568-09_transactions_p5,0.182647705078125,BS-OPER-PTY-CTRL-2568-09,OPER-PTY-CTRL,2568,09,transactions_p5,5,transactions
renders/bank_statement/2025-09/BS-OPER-PTY-CTRL-2568-09_transactions_p6.png,bank_statement,2025-09,.png,BS-OPER-PTY-CTRL-2568-09_transactions_p6,0.18126678466796875,BS-OPER-PTY-CTRL-2568-09,OPER-PTY-CTRL,2568,09,transactions_p6,6,transactions
renders/bank_statement/2025-09/BS-OPER-PTY-CTRL-2568-09_transactions_p7.png,bank_statement,2025-09,.png,BS-OPER-PTY-CTRL-2568-09_transactions_p7,0.18252849578857422,BS-OPER-PTY-CTRL-2568-09,OPER-PTY-CTRL,2568,09,transactions_p7,7,transactions
renders/bank_statement/2025-09/BS-OPER-PTY-CTRL-2568-09_transactions_p8.png,bank_statement,2025-09,.png,BS-OPER-PTY-CTRL-2568-09_transactions_p8,0.11511611938476562,BS-OPER-PTY-CTRL-2568-09,OPER-PTY-CTRL,2568,09,transactions_p8,8,transactions
renders/bank_statement/2025-09/BS-OPER-REMOTE-2568-09_header.png,bank_statement,2025-09,.png,BS-OPER-REMOTE-2568-09_header,0.29607391357421875,BS-OPER-REMOTE-2568-09,OPER-REMOTE,2568,09,header,,header
renders/bank_statement/2025-09/BS-OPER-REMOTE-2568-09_transactions_p1.png,bank_statement,2025-09,.png,BS-OPER-REMOTE-2568-09_transactions_p1,0.9179716110229492,BS-OPER-REMOTE-2568-09,OPER-REMOTE,2568,09,transactions_p1,1,transactions
renders/bank_statement/2025-09/BS-OPER-REMOTE-2568-09_transactions_p2.png,bank_statement,2025-09,.png,BS-OPER-REMOTE-2568-09_transactions_p2,0.7965269088745117,BS-OPER-REMOTE-2568-09,OPER-REMOTE,2568,09,transactions_p2,2,transactions
renders/bank_statement/2025-09/BS-OPER-UDN-CTRL-2568-09_header.png,bank_statement,2025-09,.png,BS-OPER-UDN-CTRL-2568-09_header,0.05939006805419922,BS-OPER-UDN-CTRL-2568-09,OPER-UDN-CTRL,2568,09,header,,header
renders/bank_statement/2025-09/BS-OPER-UDN-CTRL-2568-09_transactions_p1.png,bank_statement,2025-09,.png,BS-OPER-UDN-CTRL-2568-09_transactions_p1,0.19374370574951172,BS-OPER-UDN-CTRL-2568-09,OPER-UDN-CTRL,2568,09,transactions_p1,1,transactions
renders/bank_statement/2025-09/BS-OPER-UDN-CTRL-2568-09_transactions_p2.png,bank_statement,2025-09,.png,BS-OPER-UDN-CTRL-2568-09_transactions_p2,0.1987743377685547,BS-OPER-UDN-CTRL-2568-09,OPER-UDN-CTRL,2568,09,transactions_p2,2,transactions
renders/bank_statement/2025-09/BS-OPER-UDN-CTRL-2568-09_transactions_p3.png,bank_statement,2025-09,.png,BS-OPER-UDN-CTRL-2568-09_transactions_p3,0.1956462860107422,BS-OPER-UDN-CTRL-2568-09,OPER-UDN-CTRL,2568,09,transactions_p3,3,transactions
renders/bank_statement/2025-09/BS-OPER-UDN-CTRL-2568-09_transactions_p4.png,bank_statement,2025-09,.png,BS-OPER-UDN-CTRL-2568-09_transactions_p4,0.1964120864868164,BS-OPER-UDN-CTRL-2568-09,OPER-UDN-CTRL,2568,09,transactions_p4,4,transactions
renders/bank_statement/2025-09/BS-OPER-UDN-CTRL-2568-09_transactions_p5.png,bank_statement,2025-09,.png,BS-OPER-UDN-CTRL-2568-09_transactions_p5,0.1957111358642578,BS-OPER-UDN-CTRL-2568-09,OPER-UDN-CTRL,2568,09,transactions_p5,5,transactions
renders/bank_statement/2025-09/BS-OPER-UDN-CTRL-2568-09_transactions_p6.png,bank_statement,2025-09,.png,BS-OPER-UDN-CTRL-2568-09_transactions_p6,0.19699859619140625,BS-OPER-UDN-CTRL-2568-09,OPER-UDN-CTRL,2568,09,transactions_p6,6,transactions
renders/bank_statement/2025-09/BS-OPER-UDN-CTRL-2568-09_transactions_p7.png,bank_statement,2025-09,.png,BS-OPER-UDN-CTRL-2568-09_transactions_p7,0.08285045623779297,BS-OPER-UDN-CTRL-2568-09,OPER-UDN-CTRL,2568,09,transactions_p7,7,transactions
renders/bank_statement/2025-09/BS-SCB-OPER-2568-09_header.png,bank_statement,2025-09,.png,BS-SCB-OPER-2568-09_header,0.05875873565673828,BS-SCB-OPER-2568-09,SCB-OPER,2568,09,header,,header
renders/bank_statement/2025-09/BS-SCB-OPER-2568-09_transactions_p1.png,bank_statement,2025-09,.png,BS-SCB-OPER-2568-09_transactions_p1,0.08330726623535156,BS-SCB-OPER-2568-09,SCB-OPER,2568,09,transactions_p1,1,transactions
renders/bank_statement/2025-10/BS-BBL-OPER-2568-10_header.png,bank_statement,2025-10,.png,BS-BBL-OPER-2568-10_header,0.09015083312988281,BS-BBL-OPER-2568-10,BBL-OPER,2568,10,header,,header
renders/bank_statement/2025-10/BS-BBL-OPER-2568-10_transactions_p1.png,bank_statement,2025-10,.png,BS-BBL-OPER-2568-10_transactions_p1,0.09524345397949219,BS-BBL-OPER-2568-10,BBL-OPER,2568,10,transactions_p1,1,transactions
renders/bank_statement/2025-10/BS-KBANK-OPER-2568-10_header.png,bank_statement,2025-10,.png,BS-KBANK-OPER-2568-10_header,0.30089569091796875,BS-KBANK-OPER-2568-10,KBANK-OPER,2568,10,header,,header
renders/bank_statement/2025-10/BS-KBANK-OPER-2568-10_transactions_p1.png,bank_statement,2025-10,.png,BS-KBANK-OPER-2568-10_transactions_p1,0.8807640075683594,BS-KBANK-OPER-2568-10,KBANK-OPER,2568,10,transactions_p1,1,transactions
renders/bank_statement/2025-10/BS-KBANK-OPER-2568-10_transactions_p10.png,bank_statement,2025-10,.png,BS-KBANK-OPER-2568-10_transactions_p10,0.9047756195068359,BS-KBANK-OPER-2568-10,KBANK-OPER,2568,10,transactions_p10,10,transactions
renders/bank_statement/2025-10/BS-KBANK-OPER-2568-10_transactions_p11.png,bank_statement,2025-10,.png,BS-KBANK-OPER-2568-10_transactions_p11,0.9026632308959961,BS-KBANK-OPER-2568-10,KBANK-OPER,2568,10,transactions_p11,11,transactions
renders/bank_statement/2025-10/BS-KBANK-OPER-2568-10_transactions_p12.png,bank_statement,2025-10,.png,BS-KBANK-OPER-2568-10_transactions_p12,0.9098300933837891,BS-KBANK-OPER-2568-10,KBANK-OPER,2568,10,transactions_p12,12,transactions
renders/bank_statement/2025-10/BS-KBANK-OPER-2568-10_transactions_p13.png,bank_statement,2025-10,.png,BS-KBANK-OPER-2568-10_transactions_p13,0.9195919036865234,BS-KBANK-OPER-2568-10,KBANK-OPER,2568,10,transactions_p13,13,transactions
renders/bank_statement/2025-10/BS-KBANK-OPER-2568-10_transactions_p14.png,bank_statement,2025-10,.png,BS-KBANK-OPER-2568-10_transactions_p14,0.9098606109619141,BS-KBANK-OPER-2568-10,KBANK-OPER,2568,10,transactions_p14,14,transactions
renders/bank_statement/2025-10/BS-KBANK-OPER-2568-10_transactions_p15.png,bank_statement,2025-10,.png,BS-KBANK-OPER-2568-10_transactions_p15,0.9151144027709961,BS-KBANK-OPER-2568-10,KBANK-OPER,2568,10,transactions_p15,15,transactions
renders/bank_statement/2025-10/BS-KBANK-OPER-2568-10_transactions_p16.png,bank_statement,2025-10,.png,BS-KBANK-OPER-2568-10_transactions_p16,0.9201164245605469,BS-KBANK-OPER-2568-10,KBANK-OPER,2568,10,transactions_p16,16,transactions
renders/bank_statement/2025-10/BS-KBANK-OPER-2568-10_transactions_p17.png,bank_statement,2025-10,.png,BS-KBANK-OPER-2568-10_transactions_p17,0.8969278335571289,BS-KBANK-OPER-2568-10,KBANK-OPER,2568,10,transactions_p17,17,transactions
renders/bank_statement/2025-10/BS-KBANK-OPER-2568-10_transactions_p18.png,bank_statement,2025-10,.png,BS-KBANK-OPER-2568-10_transactions_p18,0.9006595611572266,BS-KBANK-OPER-2568-10,KBANK-OPER,2568,10,transactions_p18,18,transactions
renders/bank_statement/2025-10/BS-KBANK-OPER-2568-10_transactions_p19.png,bank_statement,2025-10,.png,BS-KBANK-OPER-2568-10_transactions_p19,0.899383544921875,BS-KBANK-OPER-2568-10,KBANK-OPER,2568,10,transactions_p19,19,transactions
renders/bank_statement/2025-10/BS-KBANK-OPER-2568-10_transactions_p2.png,bank_statement,2025-10,.png,BS-KBANK-OPER-2568-10_transactions_p2,0.8871431350708008,BS-KBANK-OPER-2568-10,KBANK-OPER,2568,10,transactions_p2,2,transactions
renders/bank_statement/2025-10/BS-KBANK-OPER-2568-10_transactions_p20.png,bank_statement,2025-10,.png,BS-KBANK-OPER-2568-10_transactions_p20,0.9033002853393555,BS-KBANK-OPER-2568-10,KBANK-OPER,2568,10,transactions_p20,20,transactions
renders/bank_statement/2025-10/BS-KBANK-OPER-2568-10_transactions_p21.png,bank_statement,2025-10,.png,BS-KBANK-OPER-2568-10_transactions_p21,0.9256515502929688,BS-KBANK-OPER-2568-10,KBANK-OPER,2568,10,transactions_p21,21,transactions
renders/bank_statement/2025-10/BS-KBANK-OPER-2568-10_transactions_p22.png,bank_statement,2025-10,.png,BS-KBANK-OPER-2568-10_transactions_p22,0.9031562805175781,BS-KBANK-OPER-2568-10,KBANK-OPER,2568,10,transactions_p22,22,transactions
renders/bank_statement/2025-10/BS-KBANK-OPER-2568-10_transactions_p23.png,bank_statement,2025-10,.png,BS-KBANK-OPER-2568-10_transactions_p23,0.9155988693237305,BS-KBANK-OPER-2568-10,KBANK-OPER,2568,10,transactions_p23,23,transactions
renders/bank_statement/2025-10/BS-KBANK-OPER-2568-10_transactions_p24.png,bank_statement,2025-10,.png,BS-KBANK-OPER-2568-10_transactions_p24,0.910029411315918,BS-KBANK-OPER-2568-10,KBANK-OPER,2568,10,transactions_p24,24,transactions
renders/bank_statement/2025-10/BS-KBANK-OPER-2568-10_transactions_p25.png,bank_statement,2025-10,.png,BS-KBANK-OPER-2568-10_transactions_p25,0.9449539184570312,BS-KBANK-OPER-2568-10,KBANK-OPER,2568,10,transactions_p25,25,transactions
renders/bank_statement/2025-10/BS-KBANK-OPER-2568-10_transactions_p26.png,bank_statement,2025-10,.png,BS-KBANK-OPER-2568-10_transactions_p26,0.9382343292236328,BS-KBANK-OPER-2568-10,KBANK-OPER,2568,10,transactions_p26,26,transactions
renders/bank_statement/2025-10/BS-KBANK-OPER-2568-10_transactions_p27.png,bank_statement,2025-10,.png,BS-KBANK-OPER-2568-10_transactions_p27,0.9318723678588867,BS-KBANK-OPER-2568-10,KBANK-OPER,2568,10,transactions_p27,27,transactions
renders/bank_statement/2025-10/BS-KBANK-OPER-2568-10_transactions_p28.png,bank_statement,2025-10,.png,BS-KBANK-OPER-2568-10_transactions_p28,0.9325723648071289,BS-KBANK-OPER-2568-10,KBANK-OPER,2568,10,transactions_p28,28,transactions
renders/bank_statement/2025-10/BS-KBANK-OPER-2568-10_transactions_p29.png,bank_statement,2025-10,.png,BS-KBANK-OPER-2568-10_transactions_p29,0.9333534240722656,BS-KBANK-OPER-2568-10,KBANK-OPER,2568,10,transactions_p29,29,transactions
renders/bank_statement/2025-10/BS-KBANK-OPER-2568-10_transactions_p3.png,bank_statement,2025-10,.png,BS-KBANK-OPER-2568-10_transactions_p3,0.9007463455200195,BS-KBANK-OPER-2568-10,KBANK-OPER,2568,10,transactions_p3,3,transactions
renders/bank_statement/2025-10/BS-KBANK-OPER-2568-10_transactions_p30.png,bank_statement,2025-10,.png,BS-KBANK-OPER-2568-10_transactions_p30,0.9245805740356445,BS-KBANK-OPER-2568-10,KBANK-OPER,2568,10,transactions_p30,30,transactions
renders/bank_statement/2025-10/BS-KBANK-OPER-2568-10_transactions_p31.png,bank_statement,2025-10,.png,BS-KBANK-OPER-2568-10_transactions_p31,0.9259347915649414,BS-KBANK-OPER-2568-10,KBANK-OPER,2568,10,transactions_p31,31,transactions
renders/bank_statement/2025-10/BS-KBANK-OPER-2568-10_transactions_p32.png,bank_statement,2025-10,.png,BS-KBANK-OPER-2568-10_transactions_p32,0.93731689453125,BS-KBANK-OPER-2568-10,KBANK-OPER,2568,10,transactions_p32,32,transactions
renders/bank_statement/2025-10/BS-KBANK-OPER-2568-10_transactions_p33.png,bank_statement,2025-10,.png,BS-KBANK-OPER-2568-10_transactions_p33,0.9326686859130859,BS-KBANK-OPER-2568-10,KBANK-OPER,2568,10,transactions_p33,33,transactions
renders/bank_statement/2025-10/BS-KBANK-OPER-2568-10_transactions_p34.png,bank_statement,2025-10,.png,BS-KBANK-OPER-2568-10_transactions_p34,0.9367303848266602,BS-KBANK-OPER-2568-10,KBANK-OPER,2568,10,transactions_p34,34,transactions
renders/bank_statement/2025-10/BS-KBANK-OPER-2568-10_transactions_p35.png,bank_statement,2025-10,.png,BS-KBANK-OPER-2568-10_transactions_p35,0.9341096878051758,BS-KBANK-OPER-2568-10,KBANK-OPER,2568,10,transactions_p35,35,transactions
renders/bank_statement/2025-10/BS-KBANK-OPER-2568-10_transactions_p36.png,bank_statement,2025-10,.png,BS-KBANK-OPER-2568-10_transactions_p36,0.9337444305419922,BS-KBANK-OPER-2568-10,KBANK-OPER,2568,10,transactions_p36,36,transactions
renders/bank_statement/2025-10/BS-KBANK-OPER-2568-10_transactions_p37.png,bank_statement,2025-10,.png,BS-KBANK-OPER-2568-10_transactions_p37,0.9310245513916016,BS-KBANK-OPER-2568-10,KBANK-OPER,2568,10,transactions_p37,37,transactions
renders/bank_statement/2025-10/BS-KBANK-OPER-2568-10_transactions_p38.png,bank_statement,2025-10,.png,BS-KBANK-OPER-2568-10_transactions_p38,0.3281593322753906,BS-KBANK-OPER-2568-10,KBANK-OPER,2568,10,transactions_p38,38,transactions
renders/bank_statement/2025-10/BS-KBANK-OPER-2568-10_transactions_p4.png,bank_statement,2025-10,.png,BS-KBANK-OPER-2568-10_transactions_p4,0.9139041900634766,BS-KBANK-OPER-2568-10,KBANK-OPER,2568,10,transactions_p4,4,transactions
renders/bank_statement/2025-10/BS-KBANK-OPER-2568-10_transactions_p5.png,bank_statement,2025-10,.png,BS-KBANK-OPER-2568-10_transactions_p5,0.9097890853881836,BS-KBANK-OPER-2568-10,KBANK-OPER,2568,10,transactions_p5,5,transactions
renders/bank_statement/2025-10/BS-KBANK-OPER-2568-10_transactions_p6.png,bank_statement,2025-10,.png,BS-KBANK-OPER-2568-10_transactions_p6,0.910334587097168,BS-KBANK-OPER-2568-10,KBANK-OPER,2568,10,transactions_p6,6,transactions
renders/bank_statement/2025-10/BS-KBANK-OPER-2568-10_transactions_p7.png,bank_statement,2025-10,.png,BS-KBANK-OPER-2568-10_transactions_p7,0.916895866394043,BS-KBANK-OPER-2568-10,KBANK-OPER,2568,10,transactions_p7,7,transactions
renders/bank_statement/2025-10/BS-KBANK-OPER-2568-10_transactions_p8.png,bank_statement,2025-10,.png,BS-KBANK-OPER-2568-10_transactions_p8,0.9028759002685547,BS-KBANK-OPER-2568-10,KBANK-OPER,2568,10,transactions_p8,8,transactions
renders/bank_statement/2025-10/BS-KBANK-OPER-2568-10_transactions_p9.png,bank_statement,2025-10,.png,BS-KBANK-OPER-2568-10_transactions_p9,0.8911285400390625,BS-KBANK-OPER-2568-10,KBANK-OPER,2568,10,transactions_p9,9,transactions
renders/bank_statement/2025-10/BS-OPER-BKK-CTW-2568-10_header.png,bank_statement,2025-10,.png,BS-OPER-BKK-CTW-2568-10_header,0.29848194122314453,BS-OPER-BKK-CTW-2568-10,OPER-BKK-CTW,2568,10,header,,header
renders/bank_statement/2025-10/BS-OPER-BKK-CTW-2568-10_transactions_p1.png,bank_statement,2025-10,.png,BS-OPER-BKK-CTW-2568-10_transactions_p1,0.9047765731811523,BS-OPER-BKK-CTW-2568-10,OPER-BKK-CTW,2568,10,transactions_p1,1,transactions
renders/bank_statement/2025-10/BS-OPER-BKK-CTW-2568-10_transactions_p2.png,bank_statement,2025-10,.png,BS-OPER-BKK-CTW-2568-10_transactions_p2,0.929661750793457,BS-OPER-BKK-CTW-2568-10,OPER-BKK-CTW,2568,10,transactions_p2,2,transactions
renders/bank_statement/2025-10/BS-OPER-BKK-CTW-2568-10_transactions_p3.png,bank_statement,2025-10,.png,BS-OPER-BKK-CTW-2568-10_transactions_p3,0.6401615142822266,BS-OPER-BKK-CTW-2568-10,OPER-BKK-CTW,2568,10,transactions_p3,3,transactions
renders/bank_statement/2025-10/BS-OPER-BKK-EMSP-2568-10_header.png,bank_statement,2025-10,.png,BS-OPER-BKK-EMSP-2568-10_header,0.05935096740722656,BS-OPER-BKK-EMSP-2568-10,OPER-BKK-EMSP,2568,10,header,,header
renders/bank_statement/2025-10/BS-OPER-BKK-EMSP-2568-10_transactions_p1.png,bank_statement,2025-10,.png,BS-OPER-BKK-EMSP-2568-10_transactions_p1,0.1913433074951172,BS-OPER-BKK-EMSP-2568-10,OPER-BKK-EMSP,2568,10,transactions_p1,1,transactions
renders/bank_statement/2025-10/BS-OPER-BKK-EMSP-2568-10_transactions_p2.png,bank_statement,2025-10,.png,BS-OPER-BKK-EMSP-2568-10_transactions_p2,0.19781970977783203,BS-OPER-BKK-EMSP-2568-10,OPER-BKK-EMSP,2568,10,transactions_p2,2,transactions
renders/bank_statement/2025-10/BS-OPER-BKK-EMSP-2568-10_transactions_p3.png,bank_statement,2025-10,.png,BS-OPER-BKK-EMSP-2568-10_transactions_p3,0.19404220581054688,BS-OPER-BKK-EMSP-2568-10,OPER-BKK-EMSP,2568,10,transactions_p3,3,transactions
renders/bank_statement/2025-10/BS-OPER-BKK-EMSP-2568-10_transactions_p4.png,bank_statement,2025-10,.png,BS-OPER-BKK-EMSP-2568-10_transactions_p4,0.1982898712158203,BS-OPER-BKK-EMSP-2568-10,OPER-BKK-EMSP,2568,10,transactions_p4,4,transactions
renders/bank_statement/2025-10/BS-OPER-BKK-EMSP-2568-10_transactions_p5.png,bank_statement,2025-10,.png,BS-OPER-BKK-EMSP-2568-10_transactions_p5,0.19774150848388672,BS-OPER-BKK-EMSP-2568-10,OPER-BKK-EMSP,2568,10,transactions_p5,5,transactions
renders/bank_statement/2025-10/BS-OPER-BKK-EMSP-2568-10_transactions_p6.png,bank_statement,2025-10,.png,BS-OPER-BKK-EMSP-2568-10_transactions_p6,0.19839096069335938,BS-OPER-BKK-EMSP-2568-10,OPER-BKK-EMSP,2568,10,transactions_p6,6,transactions
renders/bank_statement/2025-10/BS-OPER-BKK-EMSP-2568-10_transactions_p7.png,bank_statement,2025-10,.png,BS-OPER-BKK-EMSP-2568-10_transactions_p7,0.2003002166748047,BS-OPER-BKK-EMSP-2568-10,OPER-BKK-EMSP,2568,10,transactions_p7,7,transactions
renders/bank_statement/2025-10/BS-OPER-BKK-EMSP-2568-10_transactions_p8.png,bank_statement,2025-10,.png,BS-OPER-BKK-EMSP-2568-10_transactions_p8,0.10478496551513672,BS-OPER-BKK-EMSP-2568-10,OPER-BKK-EMSP,2568,10,transactions_p8,8,transactions
renders/bank_statement/2025-10/BS-OPER-BKK-PKT-2568-10_header.png,bank_statement,2025-10,.png,BS-OPER-BKK-PKT-2568-10_header,0.09111499786376953,BS-OPER-BKK-PKT-2568-10,OPER-BKK-PKT,2568,10,header,,header
renders/bank_statement/2025-10/BS-OPER-BKK-PKT-2568-10_transactions_p1.png,bank_statement,2025-10,.png,BS-OPER-BKK-PKT-2568-10_transactions_p1,0.17845821380615234,BS-OPER-BKK-PKT-2568-10,OPER-BKK-PKT,2568,10,transactions_p1,1,transactions
renders/bank_statement/2025-10/BS-OPER-BKK-PKT-2568-10_transactions_p2.png,bank_statement,2025-10,.png,BS-OPER-BKK-PKT-2568-10_transactions_p2,0.1814565658569336,BS-OPER-BKK-PKT-2568-10,OPER-BKK-PKT,2568,10,transactions_p2,2,transactions
renders/bank_statement/2025-10/BS-OPER-BKK-PKT-2568-10_transactions_p3.png,bank_statement,2025-10,.png,BS-OPER-BKK-PKT-2568-10_transactions_p3,0.18067646026611328,BS-OPER-BKK-PKT-2568-10,OPER-BKK-PKT,2568,10,transactions_p3,3,transactions
renders/bank_statement/2025-10/BS-OPER-BKK-PKT-2568-10_transactions_p4.png,bank_statement,2025-10,.png,BS-OPER-BKK-PKT-2568-10_transactions_p4,0.17917346954345703,BS-OPER-BKK-PKT-2568-10,OPER-BKK-PKT,2568,10,transactions_p4,4,transactions
renders/bank_statement/2025-10/BS-OPER-BKK-PKT-2568-10_transactions_p5.png,bank_statement,2025-10,.png,BS-OPER-BKK-PKT-2568-10_transactions_p5,0.1796255111694336,BS-OPER-BKK-PKT-2568-10,OPER-BKK-PKT,2568,10,transactions_p5,5,transactions
renders/bank_statement/2025-10/BS-OPER-BKK-PKT-2568-10_transactions_p6.png,bank_statement,2025-10,.png,BS-OPER-BKK-PKT-2568-10_transactions_p6,0.17895221710205078,BS-OPER-BKK-PKT-2568-10,OPER-BKK-PKT,2568,10,transactions_p6,6,transactions
renders/bank_statement/2025-10/BS-OPER-BKK-PKT-2568-10_transactions_p7.png,bank_statement,2025-10,.png,BS-OPER-BKK-PKT-2568-10_transactions_p7,0.1812725067138672,BS-OPER-BKK-PKT-2568-10,OPER-BKK-PKT,2568,10,transactions_p7,7,transactions
renders/bank_statement/2025-10/BS-OPER-BKK-PKT-2568-10_transactions_p8.png,bank_statement,2025-10,.png,BS-OPER-BKK-PKT-2568-10_transactions_p8,0.14351272583007812,BS-OPER-BKK-PKT-2568-10,OPER-BKK-PKT,2568,10,transactions_p8,8,transactions
renders/bank_statement/2025-10/BS-OPER-BKK-R9-2568-10_header.png,bank_statement,2025-10,.png,BS-OPER-BKK-R9-2568-10_header,0.2969779968261719,BS-OPER-BKK-R9-2568-10,OPER-BKK-R9,2568,10,header,,header
renders/bank_statement/2025-10/BS-OPER-BKK-R9-2568-10_transactions_p1.png,bank_statement,2025-10,.png,BS-OPER-BKK-R9-2568-10_transactions_p1,0.9022464752197266,BS-OPER-BKK-R9-2568-10,OPER-BKK-R9,2568,10,transactions_p1,1,transactions
renders/bank_statement/2025-10/BS-OPER-BKK-R9-2568-10_transactions_p2.png,bank_statement,2025-10,.png,BS-OPER-BKK-R9-2568-10_transactions_p2,0.9204492568969727,BS-OPER-BKK-R9-2568-10,OPER-BKK-R9,2568,10,transactions_p2,2,transactions
renders/bank_statement/2025-10/BS-OPER-BKK-R9-2568-10_transactions_p3.png,bank_statement,2025-10,.png,BS-OPER-BKK-R9-2568-10_transactions_p3,0.505986213684082,BS-OPER-BKK-R9-2568-10,OPER-BKK-R9,2568,10,transactions_p3,3,transactions
renders/bank_statement/2025-10/BS-OPER-BKK-SIAM-2568-10_header.png,bank_statement,2025-10,.png,BS-OPER-BKK-SIAM-2568-10_header,0.05953407287597656,BS-OPER-BKK-SIAM-2568-10,OPER-BKK-SIAM,2568,10,header,,header
renders/bank_statement/2025-10/BS-OPER-BKK-SIAM-2568-10_transactions_p1.png,bank_statement,2025-10,.png,BS-OPER-BKK-SIAM-2568-10_transactions_p1,0.19134998321533203,BS-OPER-BKK-SIAM-2568-10,OPER-BKK-SIAM,2568,10,transactions_p1,1,transactions
renders/bank_statement/2025-10/BS-OPER-BKK-SIAM-2568-10_transactions_p2.png,bank_statement,2025-10,.png,BS-OPER-BKK-SIAM-2568-10_transactions_p2,0.19880008697509766,BS-OPER-BKK-SIAM-2568-10,OPER-BKK-SIAM,2568,10,transactions_p2,2,transactions
renders/bank_statement/2025-10/BS-OPER-BKK-SIAM-2568-10_transactions_p3.png,bank_statement,2025-10,.png,BS-OPER-BKK-SIAM-2568-10_transactions_p3,0.1975536346435547,BS-OPER-BKK-SIAM-2568-10,OPER-BKK-SIAM,2568,10,transactions_p3,3,transactions
renders/bank_statement/2025-10/BS-OPER-BKK-SIAM-2568-10_transactions_p4.png,bank_statement,2025-10,.png,BS-OPER-BKK-SIAM-2568-10_transactions_p4,0.19925403594970703,BS-OPER-BKK-SIAM-2568-10,OPER-BKK-SIAM,2568,10,transactions_p4,4,transactions
renders/bank_statement/2025-10/BS-OPER-BKK-SIAM-2568-10_transactions_p5.png,bank_statement,2025-10,.png,BS-OPER-BKK-SIAM-2568-10_transactions_p5,0.19904136657714844,BS-OPER-BKK-SIAM-2568-10,OPER-BKK-SIAM,2568,10,transactions_p5,5,transactions
renders/bank_statement/2025-10/BS-OPER-BKK-SIAM-2568-10_transactions_p6.png,bank_statement,2025-10,.png,BS-OPER-BKK-SIAM-2568-10_transactions_p6,0.19991207122802734,BS-OPER-BKK-SIAM-2568-10,OPER-BKK-SIAM,2568,10,transactions_p6,6,transactions
renders/bank_statement/2025-10/BS-OPER-BKK-SIAM-2568-10_transactions_p7.png,bank_statement,2025-10,.png,BS-OPER-BKK-SIAM-2568-10_transactions_p7,0.2018594741821289,BS-OPER-BKK-SIAM-2568-10,OPER-BKK-SIAM,2568,10,transactions_p7,7,transactions
renders/bank_statement/2025-10/BS-OPER-BKK-SIAM-2568-10_transactions_p8.png,bank_statement,2025-10,.png,BS-OPER-BKK-SIAM-2568-10_transactions_p8,0.16988658905029297,BS-OPER-BKK-SIAM-2568-10,OPER-BKK-SIAM,2568,10,transactions_p8,8,transactions
renders/bank_statement/2025-10/BS-OPER-CNX-MAYA-2568-10_header.png,bank_statement,2025-10,.png,BS-OPER-CNX-MAYA-2568-10_header,0.09170246124267578,BS-OPER-CNX-MAYA-2568-10,OPER-CNX-MAYA,2568,10,header,,header
renders/bank_statement/2025-10/BS-OPER-CNX-MAYA-2568-10_transactions_p1.png,bank_statement,2025-10,.png,BS-OPER-CNX-MAYA-2568-10_transactions_p1,0.17812347412109375,BS-OPER-CNX-MAYA-2568-10,OPER-CNX-MAYA,2568,10,transactions_p1,1,transactions
renders/bank_statement/2025-10/BS-OPER-CNX-MAYA-2568-10_transactions_p2.png,bank_statement,2025-10,.png,BS-OPER-CNX-MAYA-2568-10_transactions_p2,0.18276023864746094,BS-OPER-CNX-MAYA-2568-10,OPER-CNX-MAYA,2568,10,transactions_p2,2,transactions
renders/bank_statement/2025-10/BS-OPER-CNX-MAYA-2568-10_transactions_p3.png,bank_statement,2025-10,.png,BS-OPER-CNX-MAYA-2568-10_transactions_p3,0.17939376831054688,BS-OPER-CNX-MAYA-2568-10,OPER-CNX-MAYA,2568,10,transactions_p3,3,transactions
renders/bank_statement/2025-10/BS-OPER-CNX-MAYA-2568-10_transactions_p4.png,bank_statement,2025-10,.png,BS-OPER-CNX-MAYA-2568-10_transactions_p4,0.17850112915039062,BS-OPER-CNX-MAYA-2568-10,OPER-CNX-MAYA,2568,10,transactions_p4,4,transactions
renders/bank_statement/2025-10/BS-OPER-CNX-MAYA-2568-10_transactions_p5.png,bank_statement,2025-10,.png,BS-OPER-CNX-MAYA-2568-10_transactions_p5,0.1805267333984375,BS-OPER-CNX-MAYA-2568-10,OPER-CNX-MAYA,2568,10,transactions_p5,5,transactions
renders/bank_statement/2025-10/BS-OPER-CNX-MAYA-2568-10_transactions_p6.png,bank_statement,2025-10,.png,BS-OPER-CNX-MAYA-2568-10_transactions_p6,0.18038558959960938,BS-OPER-CNX-MAYA-2568-10,OPER-CNX-MAYA,2568,10,transactions_p6,6,transactions
renders/bank_statement/2025-10/BS-OPER-CNX-MAYA-2568-10_transactions_p7.png,bank_statement,2025-10,.png,BS-OPER-CNX-MAYA-2568-10_transactions_p7,0.18145465850830078,BS-OPER-CNX-MAYA-2568-10,OPER-CNX-MAYA,2568,10,transactions_p7,7,transactions
renders/bank_statement/2025-10/BS-OPER-CNX-MAYA-2568-10_transactions_p8.png,bank_statement,2025-10,.png,BS-OPER-CNX-MAYA-2568-10_transactions_p8,0.1249094009399414,BS-OPER-CNX-MAYA-2568-10,OPER-CNX-MAYA,2568,10,transactions_p8,8,transactions
renders/bank_statement/2025-10/BS-OPER-HKT-FEST-2568-10_header.png,bank_statement,2025-10,.png,BS-OPER-HKT-FEST-2568-10_header,0.2930908203125,BS-OPER-HKT-FEST-2568-10,OPER-HKT-FEST,2568,10,header,,header
renders/bank_statement/2025-10/BS-OPER-HKT-FEST-2568-10_transactions_p1.png,bank_statement,2025-10,.png,BS-OPER-HKT-FEST-2568-10_transactions_p1,0.8662748336791992,BS-OPER-HKT-FEST-2568-10,OPER-HKT-FEST,2568,10,transactions_p1,1,transactions
renders/bank_statement/2025-10/BS-OPER-HKT-FEST-2568-10_transactions_p2.png,bank_statement,2025-10,.png,BS-OPER-HKT-FEST-2568-10_transactions_p2,0.8958873748779297,BS-OPER-HKT-FEST-2568-10,OPER-HKT-FEST,2568,10,transactions_p2,2,transactions
renders/bank_statement/2025-10/BS-OPER-HKT-FEST-2568-10_transactions_p3.png,bank_statement,2025-10,.png,BS-OPER-HKT-FEST-2568-10_transactions_p3,0.5407447814941406,BS-OPER-HKT-FEST-2568-10,OPER-HKT-FEST,2568,10,transactions_p3,3,transactions
renders/bank_statement/2025-10/BS-OPER-KKC-CTRL-2568-10_header.png,bank_statement,2025-10,.png,BS-OPER-KKC-CTRL-2568-10_header,0.05937385559082031,BS-OPER-KKC-CTRL-2568-10,OPER-KKC-CTRL,2568,10,header,,header
renders/bank_statement/2025-10/BS-OPER-KKC-CTRL-2568-10_transactions_p1.png,bank_statement,2025-10,.png,BS-OPER-KKC-CTRL-2568-10_transactions_p1,0.18376731872558594,BS-OPER-KKC-CTRL-2568-10,OPER-KKC-CTRL,2568,10,transactions_p1,1,transactions
renders/bank_statement/2025-10/BS-OPER-KKC-CTRL-2568-10_transactions_p2.png,bank_statement,2025-10,.png,BS-OPER-KKC-CTRL-2568-10_transactions_p2,0.18953990936279297,BS-OPER-KKC-CTRL-2568-10,OPER-KKC-CTRL,2568,10,transactions_p2,2,transactions
renders/bank_statement/2025-10/BS-OPER-KKC-CTRL-2568-10_transactions_p3.png,bank_statement,2025-10,.png,BS-OPER-KKC-CTRL-2568-10_transactions_p3,0.18699169158935547,BS-OPER-KKC-CTRL-2568-10,OPER-KKC-CTRL,2568,10,transactions_p3,3,transactions
renders/bank_statement/2025-10/BS-OPER-KKC-CTRL-2568-10_transactions_p4.png,bank_statement,2025-10,.png,BS-OPER-KKC-CTRL-2568-10_transactions_p4,0.18821430206298828,BS-OPER-KKC-CTRL-2568-10,OPER-KKC-CTRL,2568,10,transactions_p4,4,transactions
renders/bank_statement/2025-10/BS-OPER-KKC-CTRL-2568-10_transactions_p5.png,bank_statement,2025-10,.png,BS-OPER-KKC-CTRL-2568-10_transactions_p5,0.1860189437866211,BS-OPER-KKC-CTRL-2568-10,OPER-KKC-CTRL,2568,10,transactions_p5,5,transactions
renders/bank_statement/2025-10/BS-OPER-KKC-CTRL-2568-10_transactions_p6.png,bank_statement,2025-10,.png,BS-OPER-KKC-CTRL-2568-10_transactions_p6,0.18849563598632812,BS-OPER-KKC-CTRL-2568-10,OPER-KKC-CTRL,2568,10,transactions_p6,6,transactions
renders/bank_statement/2025-10/BS-OPER-KKC-CTRL-2568-10_transactions_p7.png,bank_statement,2025-10,.png,BS-OPER-KKC-CTRL-2568-10_transactions_p7,0.08216381072998047,BS-OPER-KKC-CTRL-2568-10,OPER-KKC-CTRL,2568,10,transactions_p7,7,transactions
renders/bank_statement/2025-10/BS-OPER-PTY-CTRL-2568-10_header.png,bank_statement,2025-10,.png,BS-OPER-PTY-CTRL-2568-10_header,0.09101486206054688,BS-OPER-PTY-CTRL-2568-10,OPER-PTY-CTRL,2568,10,header,,header
renders/bank_statement/2025-10/BS-OPER-PTY-CTRL-2568-10_transactions_p1.png,bank_statement,2025-10,.png,BS-OPER-PTY-CTRL-2568-10_transactions_p1,0.17953205108642578,BS-OPER-PTY-CTRL-2568-10,OPER-PTY-CTRL,2568,10,transactions_p1,1,transactions
renders/bank_statement/2025-10/BS-OPER-PTY-CTRL-2568-10_transactions_p2.png,bank_statement,2025-10,.png,BS-OPER-PTY-CTRL-2568-10_transactions_p2,0.18293380737304688,BS-OPER-PTY-CTRL-2568-10,OPER-PTY-CTRL,2568,10,transactions_p2,2,transactions
renders/bank_statement/2025-10/BS-OPER-PTY-CTRL-2568-10_transactions_p3.png,bank_statement,2025-10,.png,BS-OPER-PTY-CTRL-2568-10_transactions_p3,0.17962169647216797,BS-OPER-PTY-CTRL-2568-10,OPER-PTY-CTRL,2568,10,transactions_p3,3,transactions
renders/bank_statement/2025-10/BS-OPER-PTY-CTRL-2568-10_transactions_p4.png,bank_statement,2025-10,.png,BS-OPER-PTY-CTRL-2568-10_transactions_p4,0.17831993103027344,BS-OPER-PTY-CTRL-2568-10,OPER-PTY-CTRL,2568,10,transactions_p4,4,transactions
renders/bank_statement/2025-10/BS-OPER-PTY-CTRL-2568-10_transactions_p5.png,bank_statement,2025-10,.png,BS-OPER-PTY-CTRL-2568-10_transactions_p5,0.17779922485351562,BS-OPER-PTY-CTRL-2568-10,OPER-PTY-CTRL,2568,10,transactions_p5,5,transactions
renders/bank_statement/2025-10/BS-OPER-PTY-CTRL-2568-10_transactions_p6.png,bank_statement,2025-10,.png,BS-OPER-PTY-CTRL-2568-10_transactions_p6,0.1795816421508789,BS-OPER-PTY-CTRL-2568-10,OPER-PTY-CTRL,2568,10,transactions_p6,6,transactions
renders/bank_statement/2025-10/BS-OPER-PTY-CTRL-2568-10_transactions_p7.png,bank_statement,2025-10,.png,BS-OPER-PTY-CTRL-2568-10_transactions_p7,0.18001365661621094,BS-OPER-PTY-CTRL-2568-10,OPER-PTY-CTRL,2568,10,transactions_p7,7,transactions
renders/bank_statement/2025-10/BS-OPER-PTY-CTRL-2568-10_transactions_p8.png,bank_statement,2025-10,.png,BS-OPER-PTY-CTRL-2568-10_transactions_p8,0.0932464599609375,BS-OPER-PTY-CTRL-2568-10,OPER-PTY-CTRL,2568,10,transactions_p8,8,transactions
renders/bank_statement/2025-10/BS-OPER-REMOTE-2568-10_header.png,bank_statement,2025-10,.png,BS-OPER-REMOTE-2568-10_header,0.2937498092651367,BS-OPER-REMOTE-2568-10,OPER-REMOTE,2568,10,header,,header
renders/bank_statement/2025-10/BS-OPER-REMOTE-2568-10_transactions_p1.png,bank_statement,2025-10,.png,BS-OPER-REMOTE-2568-10_transactions_p1,0.88995361328125,BS-OPER-REMOTE-2568-10,OPER-REMOTE,2568,10,transactions_p1,1,transactions
renders/bank_statement/2025-10/BS-OPER-REMOTE-2568-10_transactions_p2.png,bank_statement,2025-10,.png,BS-OPER-REMOTE-2568-10_transactions_p2,0.8826761245727539,BS-OPER-REMOTE-2568-10,OPER-REMOTE,2568,10,transactions_p2,2,transactions
renders/bank_statement/2025-10/BS-OPER-UDN-CTRL-2568-10_header.png,bank_statement,2025-10,.png,BS-OPER-UDN-CTRL-2568-10_header,0.05926799774169922,BS-OPER-UDN-CTRL-2568-10,OPER-UDN-CTRL,2568,10,header,,header
renders/bank_statement/2025-10/BS-OPER-UDN-CTRL-2568-10_transactions_p1.png,bank_statement,2025-10,.png,BS-OPER-UDN-CTRL-2568-10_transactions_p1,0.1862335205078125,BS-OPER-UDN-CTRL-2568-10,OPER-UDN-CTRL,2568,10,transactions_p1,1,transactions
renders/bank_statement/2025-10/BS-OPER-UDN-CTRL-2568-10_transactions_p2.png,bank_statement,2025-10,.png,BS-OPER-UDN-CTRL-2568-10_transactions_p2,0.1916360855102539,BS-OPER-UDN-CTRL-2568-10,OPER-UDN-CTRL,2568,10,transactions_p2,2,transactions
renders/bank_statement/2025-10/BS-OPER-UDN-CTRL-2568-10_transactions_p3.png,bank_statement,2025-10,.png,BS-OPER-UDN-CTRL-2568-10_transactions_p3,0.1908559799194336,BS-OPER-UDN-CTRL-2568-10,OPER-UDN-CTRL,2568,10,transactions_p3,3,transactions
renders/bank_statement/2025-10/BS-OPER-UDN-CTRL-2568-10_transactions_p4.png,bank_statement,2025-10,.png,BS-OPER-UDN-CTRL-2568-10_transactions_p4,0.1917247772216797,BS-OPER-UDN-CTRL-2568-10,OPER-UDN-CTRL,2568,10,transactions_p4,4,transactions
renders/bank_statement/2025-10/BS-OPER-UDN-CTRL-2568-10_transactions_p5.png,bank_statement,2025-10,.png,BS-OPER-UDN-CTRL-2568-10_transactions_p5,0.19172096252441406,BS-OPER-UDN-CTRL-2568-10,OPER-UDN-CTRL,2568,10,transactions_p5,5,transactions
renders/bank_statement/2025-10/BS-OPER-UDN-CTRL-2568-10_transactions_p6.png,bank_statement,2025-10,.png,BS-OPER-UDN-CTRL-2568-10_transactions_p6,0.19217681884765625,BS-OPER-UDN-CTRL-2568-10,OPER-UDN-CTRL,2568,10,transactions_p6,6,transactions
renders/bank_statement/2025-10/BS-OPER-UDN-CTRL-2568-10_transactions_p7.png,bank_statement,2025-10,.png,BS-OPER-UDN-CTRL-2568-10_transactions_p7,0.07338619232177734,BS-OPER-UDN-CTRL-2568-10,OPER-UDN-CTRL,2568,10,transactions_p7,7,transactions
renders/bank_statement/2025-10/BS-SCB-OPER-2568-10_header.png,bank_statement,2025-10,.png,BS-SCB-OPER-2568-10_header,0.05863666534423828,BS-SCB-OPER-2568-10,SCB-OPER,2568,10,header,,header
renders/bank_statement/2025-10/BS-SCB-OPER-2568-10_transactions_p1.png,bank_statement,2025-10,.png,BS-SCB-OPER-2568-10_transactions_p1,0.08246898651123047,BS-SCB-OPER-2568-10,SCB-OPER,2568,10,transactions_p1,1,transactions
renders/bank_statement/2025-11/BS-BBL-OPER-2568-11_header.png,bank_statement,2025-11,.png,BS-BBL-OPER-2568-11_header,0.08900833129882812,BS-BBL-OPER-2568-11,BBL-OPER,2568,11,header,,header
renders/bank_statement/2025-11/BS-BBL-OPER-2568-11_transactions_p1.png,bank_statement,2025-11,.png,BS-BBL-OPER-2568-11_transactions_p1,0.095184326171875,BS-BBL-OPER-2568-11,BBL-OPER,2568,11,transactions_p1,1,transactions
renders/bank_statement/2025-11/BS-KBANK-OPER-2568-11_header.png,bank_statement,2025-11,.png,BS-KBANK-OPER-2568-11_header,0.3025054931640625,BS-KBANK-OPER-2568-11,KBANK-OPER,2568,11,header,,header
renders/bank_statement/2025-11/BS-KBANK-OPER-2568-11_transactions_p1.png,bank_statement,2025-11,.png,BS-KBANK-OPER-2568-11_transactions_p1,0.8886280059814453,BS-KBANK-OPER-2568-11,KBANK-OPER,2568,11,transactions_p1,1,transactions
renders/bank_statement/2025-11/BS-KBANK-OPER-2568-11_transactions_p10.png,bank_statement,2025-11,.png,BS-KBANK-OPER-2568-11_transactions_p10,0.9124326705932617,BS-KBANK-OPER-2568-11,KBANK-OPER,2568,11,transactions_p10,10,transactions
renders/bank_statement/2025-11/BS-KBANK-OPER-2568-11_transactions_p11.png,bank_statement,2025-11,.png,BS-KBANK-OPER-2568-11_transactions_p11,0.9149656295776367,BS-KBANK-OPER-2568-11,KBANK-OPER,2568,11,transactions_p11,11,transactions
renders/bank_statement/2025-11/BS-KBANK-OPER-2568-11_transactions_p12.png,bank_statement,2025-11,.png,BS-KBANK-OPER-2568-11_transactions_p12,0.9229297637939453,BS-KBANK-OPER-2568-11,KBANK-OPER,2568,11,transactions_p12,12,transactions
renders/bank_statement/2025-11/BS-KBANK-OPER-2568-11_transactions_p13.png,bank_statement,2025-11,.png,BS-KBANK-OPER-2568-11_transactions_p13,0.9105339050292969,BS-KBANK-OPER-2568-11,KBANK-OPER,2568,11,transactions_p13,13,transactions
renders/bank_statement/2025-11/BS-KBANK-OPER-2568-11_transactions_p14.png,bank_statement,2025-11,.png,BS-KBANK-OPER-2568-11_transactions_p14,0.8975315093994141,BS-KBANK-OPER-2568-11,KBANK-OPER,2568,11,transactions_p14,14,transactions
renders/bank_statement/2025-11/BS-KBANK-OPER-2568-11_transactions_p15.png,bank_statement,2025-11,.png,BS-KBANK-OPER-2568-11_transactions_p15,0.9182825088500977,BS-KBANK-OPER-2568-11,KBANK-OPER,2568,11,transactions_p15,15,transactions
renders/bank_statement/2025-11/BS-KBANK-OPER-2568-11_transactions_p16.png,bank_statement,2025-11,.png,BS-KBANK-OPER-2568-11_transactions_p16,0.9192752838134766,BS-KBANK-OPER-2568-11,KBANK-OPER,2568,11,transactions_p16,16,transactions
renders/bank_statement/2025-11/BS-KBANK-OPER-2568-11_transactions_p17.png,bank_statement,2025-11,.png,BS-KBANK-OPER-2568-11_transactions_p17,0.934971809387207,BS-KBANK-OPER-2568-11,KBANK-OPER,2568,11,transactions_p17,17,transactions
renders/bank_statement/2025-11/BS-KBANK-OPER-2568-11_transactions_p18.png,bank_statement,2025-11,.png,BS-KBANK-OPER-2568-11_transactions_p18,0.9339179992675781,BS-KBANK-OPER-2568-11,KBANK-OPER,2568,11,transactions_p18,18,transactions
renders/bank_statement/2025-11/BS-KBANK-OPER-2568-11_transactions_p19.png,bank_statement,2025-11,.png,BS-KBANK-OPER-2568-11_transactions_p19,0.9137144088745117,BS-KBANK-OPER-2568-11,KBANK-OPER,2568,11,transactions_p19,19,transactions
renders/bank_statement/2025-11/BS-KBANK-OPER-2568-11_transactions_p2.png,bank_statement,2025-11,.png,BS-KBANK-OPER-2568-11_transactions_p2,0.9074954986572266,BS-KBANK-OPER-2568-11,KBANK-OPER,2568,11,transactions_p2,2,transactions
renders/bank_statement/2025-11/BS-KBANK-OPER-2568-11_transactions_p20.png,bank_statement,2025-11,.png,BS-KBANK-OPER-2568-11_transactions_p20,0.9285078048706055,BS-KBANK-OPER-2568-11,KBANK-OPER,2568,11,transactions_p20,20,transactions
renders/bank_statement/2025-11/BS-KBANK-OPER-2568-11_transactions_p21.png,bank_statement,2025-11,.png,BS-KBANK-OPER-2568-11_transactions_p21,0.9353017807006836,BS-KBANK-OPER-2568-11,KBANK-OPER,2568,11,transactions_p21,21,transactions
renders/bank_statement/2025-11/BS-KBANK-OPER-2568-11_transactions_p22.png,bank_statement,2025-11,.png,BS-KBANK-OPER-2568-11_transactions_p22,0.9309558868408203,BS-KBANK-OPER-2568-11,KBANK-OPER,2568,11,transactions_p22,22,transactions
renders/bank_statement/2025-11/BS-KBANK-OPER-2568-11_transactions_p23.png,bank_statement,2025-11,.png,BS-KBANK-OPER-2568-11_transactions_p23,0.9292545318603516,BS-KBANK-OPER-2568-11,KBANK-OPER,2568,11,transactions_p23,23,transactions
renders/bank_statement/2025-11/BS-KBANK-OPER-2568-11_transactions_p24.png,bank_statement,2025-11,.png,BS-KBANK-OPER-2568-11_transactions_p24,0.9245796203613281,BS-KBANK-OPER-2568-11,KBANK-OPER,2568,11,transactions_p24,24,transactions
renders/bank_statement/2025-11/BS-KBANK-OPER-2568-11_transactions_p25.png,bank_statement,2025-11,.png,BS-KBANK-OPER-2568-11_transactions_p25,0.9310159683227539,BS-KBANK-OPER-2568-11,KBANK-OPER,2568,11,transactions_p25,25,transactions
renders/bank_statement/2025-11/BS-KBANK-OPER-2568-11_transactions_p26.png,bank_statement,2025-11,.png,BS-KBANK-OPER-2568-11_transactions_p26,0.9161663055419922,BS-KBANK-OPER-2568-11,KBANK-OPER,2568,11,transactions_p26,26,transactions
renders/bank_statement/2025-11/BS-KBANK-OPER-2568-11_transactions_p27.png,bank_statement,2025-11,.png,BS-KBANK-OPER-2568-11_transactions_p27,0.9160966873168945,BS-KBANK-OPER-2568-11,KBANK-OPER,2568,11,transactions_p27,27,transactions
renders/bank_statement/2025-11/BS-KBANK-OPER-2568-11_transactions_p28.png,bank_statement,2025-11,.png,BS-KBANK-OPER-2568-11_transactions_p28,0.9283361434936523,BS-KBANK-OPER-2568-11,KBANK-OPER,2568,11,transactions_p28,28,transactions
renders/bank_statement/2025-11/BS-KBANK-OPER-2568-11_transactions_p29.png,bank_statement,2025-11,.png,BS-KBANK-OPER-2568-11_transactions_p29,0.9342260360717773,BS-KBANK-OPER-2568-11,KBANK-OPER,2568,11,transactions_p29,29,transactions
renders/bank_statement/2025-11/BS-KBANK-OPER-2568-11_transactions_p3.png,bank_statement,2025-11,.png,BS-KBANK-OPER-2568-11_transactions_p3,0.9068918228149414,BS-KBANK-OPER-2568-11,KBANK-OPER,2568,11,transactions_p3,3,transactions
renders/bank_statement/2025-11/BS-KBANK-OPER-2568-11_transactions_p30.png,bank_statement,2025-11,.png,BS-KBANK-OPER-2568-11_transactions_p30,0.9298772811889648,BS-KBANK-OPER-2568-11,KBANK-OPER,2568,11,transactions_p30,30,transactions
renders/bank_statement/2025-11/BS-KBANK-OPER-2568-11_transactions_p31.png,bank_statement,2025-11,.png,BS-KBANK-OPER-2568-11_transactions_p31,0.9270868301391602,BS-KBANK-OPER-2568-11,KBANK-OPER,2568,11,transactions_p31,31,transactions
renders/bank_statement/2025-11/BS-KBANK-OPER-2568-11_transactions_p32.png,bank_statement,2025-11,.png,BS-KBANK-OPER-2568-11_transactions_p32,0.9296741485595703,BS-KBANK-OPER-2568-11,KBANK-OPER,2568,11,transactions_p32,32,transactions
renders/bank_statement/2025-11/BS-KBANK-OPER-2568-11_transactions_p33.png,bank_statement,2025-11,.png,BS-KBANK-OPER-2568-11_transactions_p33,0.922144889831543,BS-KBANK-OPER-2568-11,KBANK-OPER,2568,11,transactions_p33,33,transactions
renders/bank_statement/2025-11/BS-KBANK-OPER-2568-11_transactions_p34.png,bank_statement,2025-11,.png,BS-KBANK-OPER-2568-11_transactions_p34,0.7765207290649414,BS-KBANK-OPER-2568-11,KBANK-OPER,2568,11,transactions_p34,34,transactions
renders/bank_statement/2025-11/BS-KBANK-OPER-2568-11_transactions_p4.png,bank_statement,2025-11,.png,BS-KBANK-OPER-2568-11_transactions_p4,0.911651611328125,BS-KBANK-OPER-2568-11,KBANK-OPER,2568,11,transactions_p4,4,transactions
renders/bank_statement/2025-11/BS-KBANK-OPER-2568-11_transactions_p5.png,bank_statement,2025-11,.png,BS-KBANK-OPER-2568-11_transactions_p5,0.9167213439941406,BS-KBANK-OPER-2568-11,KBANK-OPER,2568,11,transactions_p5,5,transactions
renders/bank_statement/2025-11/BS-KBANK-OPER-2568-11_transactions_p6.png,bank_statement,2025-11,.png,BS-KBANK-OPER-2568-11_transactions_p6,0.9128475189208984,BS-KBANK-OPER-2568-11,KBANK-OPER,2568,11,transactions_p6,6,transactions
renders/bank_statement/2025-11/BS-KBANK-OPER-2568-11_transactions_p7.png,bank_statement,2025-11,.png,BS-KBANK-OPER-2568-11_transactions_p7,0.8737754821777344,BS-KBANK-OPER-2568-11,KBANK-OPER,2568,11,transactions_p7,7,transactions
renders/bank_statement/2025-11/BS-KBANK-OPER-2568-11_transactions_p8.png,bank_statement,2025-11,.png,BS-KBANK-OPER-2568-11_transactions_p8,0.8881597518920898,BS-KBANK-OPER-2568-11,KBANK-OPER,2568,11,transactions_p8,8,transactions
renders/bank_statement/2025-11/BS-KBANK-OPER-2568-11_transactions_p9.png,bank_statement,2025-11,.png,BS-KBANK-OPER-2568-11_transactions_p9,0.8896923065185547,BS-KBANK-OPER-2568-11,KBANK-OPER,2568,11,transactions_p9,9,transactions
renders/bank_statement/2025-11/BS-OPER-BKK-CTW-2568-11_header.png,bank_statement,2025-11,.png,BS-OPER-BKK-CTW-2568-11_header,0.3002490997314453,BS-OPER-BKK-CTW-2568-11,OPER-BKK-CTW,2568,11,header,,header
renders/bank_statement/2025-11/BS-OPER-BKK-CTW-2568-11_transactions_p1.png,bank_statement,2025-11,.png,BS-OPER-BKK-CTW-2568-11_transactions_p1,0.8937749862670898,BS-OPER-BKK-CTW-2568-11,OPER-BKK-CTW,2568,11,transactions_p1,1,transactions
renders/bank_statement/2025-11/BS-OPER-BKK-CTW-2568-11_transactions_p2.png,bank_statement,2025-11,.png,BS-OPER-BKK-CTW-2568-11_transactions_p2,0.9086818695068359,BS-OPER-BKK-CTW-2568-11,OPER-BKK-CTW,2568,11,transactions_p2,2,transactions
renders/bank_statement/2025-11/BS-OPER-BKK-CTW-2568-11_transactions_p3.png,bank_statement,2025-11,.png,BS-OPER-BKK-CTW-2568-11_transactions_p3,0.6068792343139648,BS-OPER-BKK-CTW-2568-11,OPER-BKK-CTW,2568,11,transactions_p3,3,transactions
renders/bank_statement/2025-11/BS-OPER-BKK-EMSP-2568-11_header.png,bank_statement,2025-11,.png,BS-OPER-BKK-EMSP-2568-11_header,0.05925941467285156,BS-OPER-BKK-EMSP-2568-11,OPER-BKK-EMSP,2568,11,header,,header
renders/bank_statement/2025-11/BS-OPER-BKK-EMSP-2568-11_transactions_p1.png,bank_statement,2025-11,.png,BS-OPER-BKK-EMSP-2568-11_transactions_p1,0.1914501190185547,BS-OPER-BKK-EMSP-2568-11,OPER-BKK-EMSP,2568,11,transactions_p1,1,transactions
renders/bank_statement/2025-11/BS-OPER-BKK-EMSP-2568-11_transactions_p2.png,bank_statement,2025-11,.png,BS-OPER-BKK-EMSP-2568-11_transactions_p2,0.19858264923095703,BS-OPER-BKK-EMSP-2568-11,OPER-BKK-EMSP,2568,11,transactions_p2,2,transactions
renders/bank_statement/2025-11/BS-OPER-BKK-EMSP-2568-11_transactions_p3.png,bank_statement,2025-11,.png,BS-OPER-BKK-EMSP-2568-11_transactions_p3,0.1979379653930664,BS-OPER-BKK-EMSP-2568-11,OPER-BKK-EMSP,2568,11,transactions_p3,3,transactions
renders/bank_statement/2025-11/BS-OPER-BKK-EMSP-2568-11_transactions_p4.png,bank_statement,2025-11,.png,BS-OPER-BKK-EMSP-2568-11_transactions_p4,0.19845962524414062,BS-OPER-BKK-EMSP-2568-11,OPER-BKK-EMSP,2568,11,transactions_p4,4,transactions
renders/bank_statement/2025-11/BS-OPER-BKK-EMSP-2568-11_transactions_p5.png,bank_statement,2025-11,.png,BS-OPER-BKK-EMSP-2568-11_transactions_p5,0.19720935821533203,BS-OPER-BKK-EMSP-2568-11,OPER-BKK-EMSP,2568,11,transactions_p5,5,transactions
renders/bank_statement/2025-11/BS-OPER-BKK-EMSP-2568-11_transactions_p6.png,bank_statement,2025-11,.png,BS-OPER-BKK-EMSP-2568-11_transactions_p6,0.19705963134765625,BS-OPER-BKK-EMSP-2568-11,OPER-BKK-EMSP,2568,11,transactions_p6,6,transactions
renders/bank_statement/2025-11/BS-OPER-BKK-EMSP-2568-11_transactions_p7.png,bank_statement,2025-11,.png,BS-OPER-BKK-EMSP-2568-11_transactions_p7,0.1990814208984375,BS-OPER-BKK-EMSP-2568-11,OPER-BKK-EMSP,2568,11,transactions_p7,7,transactions
renders/bank_statement/2025-11/BS-OPER-BKK-EMSP-2568-11_transactions_p8.png,bank_statement,2025-11,.png,BS-OPER-BKK-EMSP-2568-11_transactions_p8,0.09070682525634766,BS-OPER-BKK-EMSP-2568-11,OPER-BKK-EMSP,2568,11,transactions_p8,8,transactions
renders/bank_statement/2025-11/BS-OPER-BKK-PKT-2568-11_header.png,bank_statement,2025-11,.png,BS-OPER-BKK-PKT-2568-11_header,0.09004402160644531,BS-OPER-BKK-PKT-2568-11,OPER-BKK-PKT,2568,11,header,,header
renders/bank_statement/2025-11/BS-OPER-BKK-PKT-2568-11_transactions_p1.png,bank_statement,2025-11,.png,BS-OPER-BKK-PKT-2568-11_transactions_p1,0.17606449127197266,BS-OPER-BKK-PKT-2568-11,OPER-BKK-PKT,2568,11,transactions_p1,1,transactions
renders/bank_statement/2025-11/BS-OPER-BKK-PKT-2568-11_transactions_p2.png,bank_statement,2025-11,.png,BS-OPER-BKK-PKT-2568-11_transactions_p2,0.18000507354736328,BS-OPER-BKK-PKT-2568-11,OPER-BKK-PKT,2568,11,transactions_p2,2,transactions
renders/bank_statement/2025-11/BS-OPER-BKK-PKT-2568-11_transactions_p3.png,bank_statement,2025-11,.png,BS-OPER-BKK-PKT-2568-11_transactions_p3,0.1821460723876953,BS-OPER-BKK-PKT-2568-11,OPER-BKK-PKT,2568,11,transactions_p3,3,transactions
renders/bank_statement/2025-11/BS-OPER-BKK-PKT-2568-11_transactions_p4.png,bank_statement,2025-11,.png,BS-OPER-BKK-PKT-2568-11_transactions_p4,0.18306541442871094,BS-OPER-BKK-PKT-2568-11,OPER-BKK-PKT,2568,11,transactions_p4,4,transactions
renders/bank_statement/2025-11/BS-OPER-BKK-PKT-2568-11_transactions_p5.png,bank_statement,2025-11,.png,BS-OPER-BKK-PKT-2568-11_transactions_p5,0.18659496307373047,BS-OPER-BKK-PKT-2568-11,OPER-BKK-PKT,2568,11,transactions_p5,5,transactions
renders/bank_statement/2025-11/BS-OPER-BKK-PKT-2568-11_transactions_p6.png,bank_statement,2025-11,.png,BS-OPER-BKK-PKT-2568-11_transactions_p6,0.18821144104003906,BS-OPER-BKK-PKT-2568-11,OPER-BKK-PKT,2568,11,transactions_p6,6,transactions
renders/bank_statement/2025-11/BS-OPER-BKK-PKT-2568-11_transactions_p7.png,bank_statement,2025-11,.png,BS-OPER-BKK-PKT-2568-11_transactions_p7,0.1883258819580078,BS-OPER-BKK-PKT-2568-11,OPER-BKK-PKT,2568,11,transactions_p7,7,transactions
renders/bank_statement/2025-11/BS-OPER-BKK-PKT-2568-11_transactions_p8.png,bank_statement,2025-11,.png,BS-OPER-BKK-PKT-2568-11_transactions_p8,0.09464073181152344,BS-OPER-BKK-PKT-2568-11,OPER-BKK-PKT,2568,11,transactions_p8,8,transactions
renders/bank_statement/2025-11/BS-OPER-BKK-R9-2568-11_header.png,bank_statement,2025-11,.png,BS-OPER-BKK-R9-2568-11_header,0.29599666595458984,BS-OPER-BKK-R9-2568-11,OPER-BKK-R9,2568,11,header,,header
renders/bank_statement/2025-11/BS-OPER-BKK-R9-2568-11_transactions_p1.png,bank_statement,2025-11,.png,BS-OPER-BKK-R9-2568-11_transactions_p1,0.8817462921142578,BS-OPER-BKK-R9-2568-11,OPER-BKK-R9,2568,11,transactions_p1,1,transactions
renders/bank_statement/2025-11/BS-OPER-BKK-R9-2568-11_transactions_p2.png,bank_statement,2025-11,.png,BS-OPER-BKK-R9-2568-11_transactions_p2,0.8950881958007812,BS-OPER-BKK-R9-2568-11,OPER-BKK-R9,2568,11,transactions_p2,2,transactions
renders/bank_statement/2025-11/BS-OPER-BKK-R9-2568-11_transactions_p3.png,bank_statement,2025-11,.png,BS-OPER-BKK-R9-2568-11_transactions_p3,0.43364524841308594,BS-OPER-BKK-R9-2568-11,OPER-BKK-R9,2568,11,transactions_p3,3,transactions
renders/bank_statement/2025-11/BS-OPER-BKK-SIAM-2568-11_header.png,bank_statement,2025-11,.png,BS-OPER-BKK-SIAM-2568-11_header,0.059433937072753906,BS-OPER-BKK-SIAM-2568-11,OPER-BKK-SIAM,2568,11,header,,header
renders/bank_statement/2025-11/BS-OPER-BKK-SIAM-2568-11_transactions_p1.png,bank_statement,2025-11,.png,BS-OPER-BKK-SIAM-2568-11_transactions_p1,0.1948375701904297,BS-OPER-BKK-SIAM-2568-11,OPER-BKK-SIAM,2568,11,transactions_p1,1,transactions
renders/bank_statement/2025-11/BS-OPER-BKK-SIAM-2568-11_transactions_p2.png,bank_statement,2025-11,.png,BS-OPER-BKK-SIAM-2568-11_transactions_p2,0.2007608413696289,BS-OPER-BKK-SIAM-2568-11,OPER-BKK-SIAM,2568,11,transactions_p2,2,transactions
renders/bank_statement/2025-11/BS-OPER-BKK-SIAM-2568-11_transactions_p3.png,bank_statement,2025-11,.png,BS-OPER-BKK-SIAM-2568-11_transactions_p3,0.1994333267211914,BS-OPER-BKK-SIAM-2568-11,OPER-BKK-SIAM,2568,11,transactions_p3,3,transactions
renders/bank_statement/2025-11/BS-OPER-BKK-SIAM-2568-11_transactions_p4.png,bank_statement,2025-11,.png,BS-OPER-BKK-SIAM-2568-11_transactions_p4,0.19854068756103516,BS-OPER-BKK-SIAM-2568-11,OPER-BKK-SIAM,2568,11,transactions_p4,4,transactions
renders/bank_statement/2025-11/BS-OPER-BKK-SIAM-2568-11_transactions_p5.png,bank_statement,2025-11,.png,BS-OPER-BKK-SIAM-2568-11_transactions_p5,0.1999979019165039,BS-OPER-BKK-SIAM-2568-11,OPER-BKK-SIAM,2568,11,transactions_p5,5,transactions
renders/bank_statement/2025-11/BS-OPER-BKK-SIAM-2568-11_transactions_p6.png,bank_statement,2025-11,.png,BS-OPER-BKK-SIAM-2568-11_transactions_p6,0.19802570343017578,BS-OPER-BKK-SIAM-2568-11,OPER-BKK-SIAM,2568,11,transactions_p6,6,transactions
renders/bank_statement/2025-11/BS-OPER-BKK-SIAM-2568-11_transactions_p7.png,bank_statement,2025-11,.png,BS-OPER-BKK-SIAM-2568-11_transactions_p7,0.19948387145996094,BS-OPER-BKK-SIAM-2568-11,OPER-BKK-SIAM,2568,11,transactions_p7,7,transactions
renders/bank_statement/2025-11/BS-OPER-BKK-SIAM-2568-11_transactions_p8.png,bank_statement,2025-11,.png,BS-OPER-BKK-SIAM-2568-11_transactions_p8,0.13121414184570312,BS-OPER-BKK-SIAM-2568-11,OPER-BKK-SIAM,2568,11,transactions_p8,8,transactions
renders/bank_statement/2025-11/BS-OPER-CNX-MAYA-2568-11_header.png,bank_statement,2025-11,.png,BS-OPER-CNX-MAYA-2568-11_header,0.09052562713623047,BS-OPER-CNX-MAYA-2568-11,OPER-CNX-MAYA,2568,11,header,,header
renders/bank_statement/2025-11/BS-OPER-CNX-MAYA-2568-11_transactions_p1.png,bank_statement,2025-11,.png,BS-OPER-CNX-MAYA-2568-11_transactions_p1,0.17522048950195312,BS-OPER-CNX-MAYA-2568-11,OPER-CNX-MAYA,2568,11,transactions_p1,1,transactions
renders/bank_statement/2025-11/BS-OPER-CNX-MAYA-2568-11_transactions_p2.png,bank_statement,2025-11,.png,BS-OPER-CNX-MAYA-2568-11_transactions_p2,0.18066883087158203,BS-OPER-CNX-MAYA-2568-11,OPER-CNX-MAYA,2568,11,transactions_p2,2,transactions
renders/bank_statement/2025-11/BS-OPER-CNX-MAYA-2568-11_transactions_p3.png,bank_statement,2025-11,.png,BS-OPER-CNX-MAYA-2568-11_transactions_p3,0.1821136474609375,BS-OPER-CNX-MAYA-2568-11,OPER-CNX-MAYA,2568,11,transactions_p3,3,transactions
renders/bank_statement/2025-11/BS-OPER-CNX-MAYA-2568-11_transactions_p4.png,bank_statement,2025-11,.png,BS-OPER-CNX-MAYA-2568-11_transactions_p4,0.18477916717529297,BS-OPER-CNX-MAYA-2568-11,OPER-CNX-MAYA,2568,11,transactions_p4,4,transactions
renders/bank_statement/2025-11/BS-OPER-CNX-MAYA-2568-11_transactions_p5.png,bank_statement,2025-11,.png,BS-OPER-CNX-MAYA-2568-11_transactions_p5,0.18513965606689453,BS-OPER-CNX-MAYA-2568-11,OPER-CNX-MAYA,2568,11,transactions_p5,5,transactions
renders/bank_statement/2025-11/BS-OPER-CNX-MAYA-2568-11_transactions_p6.png,bank_statement,2025-11,.png,BS-OPER-CNX-MAYA-2568-11_transactions_p6,0.18683147430419922,BS-OPER-CNX-MAYA-2568-11,OPER-CNX-MAYA,2568,11,transactions_p6,6,transactions
renders/bank_statement/2025-11/BS-OPER-CNX-MAYA-2568-11_transactions_p7.png,bank_statement,2025-11,.png,BS-OPER-CNX-MAYA-2568-11_transactions_p7,0.17414188385009766,BS-OPER-CNX-MAYA-2568-11,OPER-CNX-MAYA,2568,11,transactions_p7,7,transactions
renders/bank_statement/2025-11/BS-OPER-HKT-FEST-2568-11_header.png,bank_statement,2025-11,.png,BS-OPER-HKT-FEST-2568-11_header,0.2959327697753906,BS-OPER-HKT-FEST-2568-11,OPER-HKT-FEST,2568,11,header,,header
renders/bank_statement/2025-11/BS-OPER-HKT-FEST-2568-11_transactions_p1.png,bank_statement,2025-11,.png,BS-OPER-HKT-FEST-2568-11_transactions_p1,0.8659200668334961,BS-OPER-HKT-FEST-2568-11,OPER-HKT-FEST,2568,11,transactions_p1,1,transactions
renders/bank_statement/2025-11/BS-OPER-HKT-FEST-2568-11_transactions_p2.png,bank_statement,2025-11,.png,BS-OPER-HKT-FEST-2568-11_transactions_p2,0.8785905838012695,BS-OPER-HKT-FEST-2568-11,OPER-HKT-FEST,2568,11,transactions_p2,2,transactions
renders/bank_statement/2025-11/BS-OPER-HKT-FEST-2568-11_transactions_p3.png,bank_statement,2025-11,.png,BS-OPER-HKT-FEST-2568-11_transactions_p3,0.4077577590942383,BS-OPER-HKT-FEST-2568-11,OPER-HKT-FEST,2568,11,transactions_p3,3,transactions
renders/bank_statement/2025-11/BS-OPER-KKC-CTRL-2568-11_header.png,bank_statement,2025-11,.png,BS-OPER-KKC-CTRL-2568-11_header,0.05927753448486328,BS-OPER-KKC-CTRL-2568-11,OPER-KKC-CTRL,2568,11,header,,header
renders/bank_statement/2025-11/BS-OPER-KKC-CTRL-2568-11_transactions_p1.png,bank_statement,2025-11,.png,BS-OPER-KKC-CTRL-2568-11_transactions_p1,0.1840658187866211,BS-OPER-KKC-CTRL-2568-11,OPER-KKC-CTRL,2568,11,transactions_p1,1,transactions
renders/bank_statement/2025-11/BS-OPER-KKC-CTRL-2568-11_transactions_p2.png,bank_statement,2025-11,.png,BS-OPER-KKC-CTRL-2568-11_transactions_p2,0.18946456909179688,BS-OPER-KKC-CTRL-2568-11,OPER-KKC-CTRL,2568,11,transactions_p2,2,transactions
renders/bank_statement/2025-11/BS-OPER-KKC-CTRL-2568-11_transactions_p3.png,bank_statement,2025-11,.png,BS-OPER-KKC-CTRL-2568-11_transactions_p3,0.1885995864868164,BS-OPER-KKC-CTRL-2568-11,OPER-KKC-CTRL,2568,11,transactions_p3,3,transactions
renders/bank_statement/2025-11/BS-OPER-KKC-CTRL-2568-11_transactions_p4.png,bank_statement,2025-11,.png,BS-OPER-KKC-CTRL-2568-11_transactions_p4,0.19106483459472656,BS-OPER-KKC-CTRL-2568-11,OPER-KKC-CTRL,2568,11,transactions_p4,4,transactions
renders/bank_statement/2025-11/BS-OPER-KKC-CTRL-2568-11_transactions_p5.png,bank_statement,2025-11,.png,BS-OPER-KKC-CTRL-2568-11_transactions_p5,0.18923568725585938,BS-OPER-KKC-CTRL-2568-11,OPER-KKC-CTRL,2568,11,transactions_p5,5,transactions
renders/bank_statement/2025-11/BS-OPER-KKC-CTRL-2568-11_transactions_p6.png,bank_statement,2025-11,.png,BS-OPER-KKC-CTRL-2568-11_transactions_p6,0.19050884246826172,BS-OPER-KKC-CTRL-2568-11,OPER-KKC-CTRL,2568,11,transactions_p6,6,transactions
renders/bank_statement/2025-11/BS-OPER-KKC-CTRL-2568-11_transactions_p7.png,bank_statement,2025-11,.png,BS-OPER-KKC-CTRL-2568-11_transactions_p7,0.12709331512451172,BS-OPER-KKC-CTRL-2568-11,OPER-KKC-CTRL,2568,11,transactions_p7,7,transactions
renders/bank_statement/2025-11/BS-OPER-PTY-CTRL-2568-11_header.png,bank_statement,2025-11,.png,BS-OPER-PTY-CTRL-2568-11_header,0.08980846405029297,BS-OPER-PTY-CTRL-2568-11,OPER-PTY-CTRL,2568,11,header,,header
renders/bank_statement/2025-11/BS-OPER-PTY-CTRL-2568-11_transactions_p1.png,bank_statement,2025-11,.png,BS-OPER-PTY-CTRL-2568-11_transactions_p1,0.17769145965576172,BS-OPER-PTY-CTRL-2568-11,OPER-PTY-CTRL,2568,11,transactions_p1,1,transactions
renders/bank_statement/2025-11/BS-OPER-PTY-CTRL-2568-11_transactions_p2.png,bank_statement,2025-11,.png,BS-OPER-PTY-CTRL-2568-11_transactions_p2,0.1800994873046875,BS-OPER-PTY-CTRL-2568-11,OPER-PTY-CTRL,2568,11,transactions_p2,2,transactions
renders/bank_statement/2025-11/BS-OPER-PTY-CTRL-2568-11_transactions_p3.png,bank_statement,2025-11,.png,BS-OPER-PTY-CTRL-2568-11_transactions_p3,0.181884765625,BS-OPER-PTY-CTRL-2568-11,OPER-PTY-CTRL,2568,11,transactions_p3,3,transactions
renders/bank_statement/2025-11/BS-OPER-PTY-CTRL-2568-11_transactions_p4.png,bank_statement,2025-11,.png,BS-OPER-PTY-CTRL-2568-11_transactions_p4,0.182952880859375,BS-OPER-PTY-CTRL-2568-11,OPER-PTY-CTRL,2568,11,transactions_p4,4,transactions
renders/bank_statement/2025-11/BS-OPER-PTY-CTRL-2568-11_transactions_p5.png,bank_statement,2025-11,.png,BS-OPER-PTY-CTRL-2568-11_transactions_p5,0.18551158905029297,BS-OPER-PTY-CTRL-2568-11,OPER-PTY-CTRL,2568,11,transactions_p5,5,transactions
renders/bank_statement/2025-11/BS-OPER-PTY-CTRL-2568-11_transactions_p6.png,bank_statement,2025-11,.png,BS-OPER-PTY-CTRL-2568-11_transactions_p6,0.1858692169189453,BS-OPER-PTY-CTRL-2568-11,OPER-PTY-CTRL,2568,11,transactions_p6,6,transactions
renders/bank_statement/2025-11/BS-OPER-PTY-CTRL-2568-11_transactions_p7.png,bank_statement,2025-11,.png,BS-OPER-PTY-CTRL-2568-11_transactions_p7,0.17270469665527344,BS-OPER-PTY-CTRL-2568-11,OPER-PTY-CTRL,2568,11,transactions_p7,7,transactions
renders/bank_statement/2025-11/BS-OPER-REMOTE-2568-11_header.png,bank_statement,2025-11,.png,BS-OPER-REMOTE-2568-11_header,0.2959318161010742,BS-OPER-REMOTE-2568-11,OPER-REMOTE,2568,11,header,,header
renders/bank_statement/2025-11/BS-OPER-REMOTE-2568-11_transactions_p1.png,bank_statement,2025-11,.png,BS-OPER-REMOTE-2568-11_transactions_p1,0.8680648803710938,BS-OPER-REMOTE-2568-11,OPER-REMOTE,2568,11,transactions_p1,1,transactions
renders/bank_statement/2025-11/BS-OPER-REMOTE-2568-11_transactions_p2.png,bank_statement,2025-11,.png,BS-OPER-REMOTE-2568-11_transactions_p2,0.7965583801269531,BS-OPER-REMOTE-2568-11,OPER-REMOTE,2568,11,transactions_p2,2,transactions
renders/bank_statement/2025-11/BS-OPER-UDN-CTRL-2568-11_header.png,bank_statement,2025-11,.png,BS-OPER-UDN-CTRL-2568-11_header,0.059173583984375,BS-OPER-UDN-CTRL-2568-11,OPER-UDN-CTRL,2568,11,header,,header
renders/bank_statement/2025-11/BS-OPER-UDN-CTRL-2568-11_transactions_p1.png,bank_statement,2025-11,.png,BS-OPER-UDN-CTRL-2568-11_transactions_p1,0.18680477142333984,BS-OPER-UDN-CTRL-2568-11,OPER-UDN-CTRL,2568,11,transactions_p1,1,transactions
renders/bank_statement/2025-11/BS-OPER-UDN-CTRL-2568-11_transactions_p2.png,bank_statement,2025-11,.png,BS-OPER-UDN-CTRL-2568-11_transactions_p2,0.19242477416992188,BS-OPER-UDN-CTRL-2568-11,OPER-UDN-CTRL,2568,11,transactions_p2,2,transactions
renders/bank_statement/2025-11/BS-OPER-UDN-CTRL-2568-11_transactions_p3.png,bank_statement,2025-11,.png,BS-OPER-UDN-CTRL-2568-11_transactions_p3,0.1897125244140625,BS-OPER-UDN-CTRL-2568-11,OPER-UDN-CTRL,2568,11,transactions_p3,3,transactions
renders/bank_statement/2025-11/BS-OPER-UDN-CTRL-2568-11_transactions_p4.png,bank_statement,2025-11,.png,BS-OPER-UDN-CTRL-2568-11_transactions_p4,0.19190025329589844,BS-OPER-UDN-CTRL-2568-11,OPER-UDN-CTRL,2568,11,transactions_p4,4,transactions
renders/bank_statement/2025-11/BS-OPER-UDN-CTRL-2568-11_transactions_p5.png,bank_statement,2025-11,.png,BS-OPER-UDN-CTRL-2568-11_transactions_p5,0.19028663635253906,BS-OPER-UDN-CTRL-2568-11,OPER-UDN-CTRL,2568,11,transactions_p5,5,transactions
renders/bank_statement/2025-11/BS-OPER-UDN-CTRL-2568-11_transactions_p6.png,bank_statement,2025-11,.png,BS-OPER-UDN-CTRL-2568-11_transactions_p6,0.12616252899169922,BS-OPER-UDN-CTRL-2568-11,OPER-UDN-CTRL,2568,11,transactions_p6,6,transactions
renders/bank_statement/2025-11/BS-SCB-OPER-2568-11_header.png,bank_statement,2025-11,.png,BS-SCB-OPER-2568-11_header,0.05854225158691406,BS-SCB-OPER-2568-11,SCB-OPER,2568,11,header,,header
renders/bank_statement/2025-11/BS-SCB-OPER-2568-11_transactions_p1.png,bank_statement,2025-11,.png,BS-SCB-OPER-2568-11_transactions_p1,0.08230972290039062,BS-SCB-OPER-2568-11,SCB-OPER,2568,11,transactions_p1,1,transactions
renders/bank_statement/2025-12/BS-BBL-OPER-2568-12_header.png,bank_statement,2025-12,.png,BS-BBL-OPER-2568-12_header,0.09012508392333984,BS-BBL-OPER-2568-12,BBL-OPER,2568,12,header,,header
renders/bank_statement/2025-12/BS-BBL-OPER-2568-12_transactions_p1.png,bank_statement,2025-12,.png,BS-BBL-OPER-2568-12_transactions_p1,0.09512615203857422,BS-BBL-OPER-2568-12,BBL-OPER,2568,12,transactions_p1,1,transactions
renders/bank_statement/2025-12/BS-KBANK-OPER-2568-12_header.png,bank_statement,2025-12,.png,BS-KBANK-OPER-2568-12_header,0.2998008728027344,BS-KBANK-OPER-2568-12,KBANK-OPER,2568,12,header,,header
renders/bank_statement/2025-12/BS-KBANK-OPER-2568-12_transactions_p1.png,bank_statement,2025-12,.png,BS-KBANK-OPER-2568-12_transactions_p1,0.8750438690185547,BS-KBANK-OPER-2568-12,KBANK-OPER,2568,12,transactions_p1,1,transactions
renders/bank_statement/2025-12/BS-KBANK-OPER-2568-12_transactions_p10.png,bank_statement,2025-12,.png,BS-KBANK-OPER-2568-12_transactions_p10,0.8957233428955078,BS-KBANK-OPER-2568-12,KBANK-OPER,2568,12,transactions_p10,10,transactions
renders/bank_statement/2025-12/BS-KBANK-OPER-2568-12_transactions_p11.png,bank_statement,2025-12,.png,BS-KBANK-OPER-2568-12_transactions_p11,0.9150600433349609,BS-KBANK-OPER-2568-12,KBANK-OPER,2568,12,transactions_p11,11,transactions
renders/bank_statement/2025-12/BS-KBANK-OPER-2568-12_transactions_p12.png,bank_statement,2025-12,.png,BS-KBANK-OPER-2568-12_transactions_p12,0.9164714813232422,BS-KBANK-OPER-2568-12,KBANK-OPER,2568,12,transactions_p12,12,transactions
renders/bank_statement/2025-12/BS-KBANK-OPER-2568-12_transactions_p13.png,bank_statement,2025-12,.png,BS-KBANK-OPER-2568-12_transactions_p13,0.9085941314697266,BS-KBANK-OPER-2568-12,KBANK-OPER,2568,12,transactions_p13,13,transactions
renders/bank_statement/2025-12/BS-KBANK-OPER-2568-12_transactions_p14.png,bank_statement,2025-12,.png,BS-KBANK-OPER-2568-12_transactions_p14,0.8781347274780273,BS-KBANK-OPER-2568-12,KBANK-OPER,2568,12,transactions_p14,14,transactions
renders/bank_statement/2025-12/BS-KBANK-OPER-2568-12_transactions_p15.png,bank_statement,2025-12,.png,BS-KBANK-OPER-2568-12_transactions_p15,0.8837614059448242,BS-KBANK-OPER-2568-12,KBANK-OPER,2568,12,transactions_p15,15,transactions
renders/bank_statement/2025-12/BS-KBANK-OPER-2568-12_transactions_p16.png,bank_statement,2025-12,.png,BS-KBANK-OPER-2568-12_transactions_p16,0.8922262191772461,BS-KBANK-OPER-2568-12,KBANK-OPER,2568,12,transactions_p16,16,transactions
renders/bank_statement/2025-12/BS-KBANK-OPER-2568-12_transactions_p17.png,bank_statement,2025-12,.png,BS-KBANK-OPER-2568-12_transactions_p17,0.8814735412597656,BS-KBANK-OPER-2568-12,KBANK-OPER,2568,12,transactions_p17,17,transactions
renders/bank_statement/2025-12/BS-KBANK-OPER-2568-12_transactions_p18.png,bank_statement,2025-12,.png,BS-KBANK-OPER-2568-12_transactions_p18,0.9126672744750977,BS-KBANK-OPER-2568-12,KBANK-OPER,2568,12,transactions_p18,18,transactions
renders/bank_statement/2025-12/BS-KBANK-OPER-2568-12_transactions_p19.png,bank_statement,2025-12,.png,BS-KBANK-OPER-2568-12_transactions_p19,0.9051713943481445,BS-KBANK-OPER-2568-12,KBANK-OPER,2568,12,transactions_p19,19,transactions
renders/bank_statement/2025-12/BS-KBANK-OPER-2568-12_transactions_p2.png,bank_statement,2025-12,.png,BS-KBANK-OPER-2568-12_transactions_p2,0.8955402374267578,BS-KBANK-OPER-2568-12,KBANK-OPER,2568,12,transactions_p2,2,transactions
renders/bank_statement/2025-12/BS-KBANK-OPER-2568-12_transactions_p20.png,bank_statement,2025-12,.png,BS-KBANK-OPER-2568-12_transactions_p20,0.8937788009643555,BS-KBANK-OPER-2568-12,KBANK-OPER,2568,12,transactions_p20,20,transactions
renders/bank_statement/2025-12/BS-KBANK-OPER-2568-12_transactions_p21.png,bank_statement,2025-12,.png,BS-KBANK-OPER-2568-12_transactions_p21,0.8959417343139648,BS-KBANK-OPER-2568-12,KBANK-OPER,2568,12,transactions_p21,21,transactions
renders/bank_statement/2025-12/BS-KBANK-OPER-2568-12_transactions_p22.png,bank_statement,2025-12,.png,BS-KBANK-OPER-2568-12_transactions_p22,0.9137325286865234,BS-KBANK-OPER-2568-12,KBANK-OPER,2568,12,transactions_p22,22,transactions
renders/bank_statement/2025-12/BS-KBANK-OPER-2568-12_transactions_p23.png,bank_statement,2025-12,.png,BS-KBANK-OPER-2568-12_transactions_p23,0.9388542175292969,BS-KBANK-OPER-2568-12,KBANK-OPER,2568,12,transactions_p23,23,transactions
renders/bank_statement/2025-12/BS-KBANK-OPER-2568-12_transactions_p24.png,bank_statement,2025-12,.png,BS-KBANK-OPER-2568-12_transactions_p24,0.9328584671020508,BS-KBANK-OPER-2568-12,KBANK-OPER,2568,12,transactions_p24,24,transactions
renders/bank_statement/2025-12/BS-KBANK-OPER-2568-12_transactions_p25.png,bank_statement,2025-12,.png,BS-KBANK-OPER-2568-12_transactions_p25,0.9376182556152344,BS-KBANK-OPER-2568-12,KBANK-OPER,2568,12,transactions_p25,25,transactions
renders/bank_statement/2025-12/BS-KBANK-OPER-2568-12_transactions_p26.png,bank_statement,2025-12,.png,BS-KBANK-OPER-2568-12_transactions_p26,0.9308767318725586,BS-KBANK-OPER-2568-12,KBANK-OPER,2568,12,transactions_p26,26,transactions
renders/bank_statement/2025-12/BS-KBANK-OPER-2568-12_transactions_p27.png,bank_statement,2025-12,.png,BS-KBANK-OPER-2568-12_transactions_p27,0.935704231262207,BS-KBANK-OPER-2568-12,KBANK-OPER,2568,12,transactions_p27,27,transactions
renders/bank_statement/2025-12/BS-KBANK-OPER-2568-12_transactions_p28.png,bank_statement,2025-12,.png,BS-KBANK-OPER-2568-12_transactions_p28,0.9403285980224609,BS-KBANK-OPER-2568-12,KBANK-OPER,2568,12,transactions_p28,28,transactions
renders/bank_statement/2025-12/BS-KBANK-OPER-2568-12_transactions_p29.png,bank_statement,2025-12,.png,BS-KBANK-OPER-2568-12_transactions_p29,0.934544563293457,BS-KBANK-OPER-2568-12,KBANK-OPER,2568,12,transactions_p29,29,transactions
renders/bank_statement/2025-12/BS-KBANK-OPER-2568-12_transactions_p3.png,bank_statement,2025-12,.png,BS-KBANK-OPER-2568-12_transactions_p3,0.8996419906616211,BS-KBANK-OPER-2568-12,KBANK-OPER,2568,12,transactions_p3,3,transactions
renders/bank_statement/2025-12/BS-KBANK-OPER-2568-12_transactions_p30.png,bank_statement,2025-12,.png,BS-KBANK-OPER-2568-12_transactions_p30,0.9417028427124023,BS-KBANK-OPER-2568-12,KBANK-OPER,2568,12,transactions_p30,30,transactions
renders/bank_statement/2025-12/BS-KBANK-OPER-2568-12_transactions_p31.png,bank_statement,2025-12,.png,BS-KBANK-OPER-2568-12_transactions_p31,0.9381885528564453,BS-KBANK-OPER-2568-12,KBANK-OPER,2568,12,transactions_p31,31,transactions
renders/bank_statement/2025-12/BS-KBANK-OPER-2568-12_transactions_p32.png,bank_statement,2025-12,.png,BS-KBANK-OPER-2568-12_transactions_p32,0.9332895278930664,BS-KBANK-OPER-2568-12,KBANK-OPER,2568,12,transactions_p32,32,transactions
renders/bank_statement/2025-12/BS-KBANK-OPER-2568-12_transactions_p33.png,bank_statement,2025-12,.png,BS-KBANK-OPER-2568-12_transactions_p33,0.9279747009277344,BS-KBANK-OPER-2568-12,KBANK-OPER,2568,12,transactions_p33,33,transactions
renders/bank_statement/2025-12/BS-KBANK-OPER-2568-12_transactions_p34.png,bank_statement,2025-12,.png,BS-KBANK-OPER-2568-12_transactions_p34,0.9256048202514648,BS-KBANK-OPER-2568-12,KBANK-OPER,2568,12,transactions_p34,34,transactions
renders/bank_statement/2025-12/BS-KBANK-OPER-2568-12_transactions_p35.png,bank_statement,2025-12,.png,BS-KBANK-OPER-2568-12_transactions_p35,0.9288225173950195,BS-KBANK-OPER-2568-12,KBANK-OPER,2568,12,transactions_p35,35,transactions
renders/bank_statement/2025-12/BS-KBANK-OPER-2568-12_transactions_p36.png,bank_statement,2025-12,.png,BS-KBANK-OPER-2568-12_transactions_p36,0.5064296722412109,BS-KBANK-OPER-2568-12,KBANK-OPER,2568,12,transactions_p36,36,transactions
renders/bank_statement/2025-12/BS-KBANK-OPER-2568-12_transactions_p4.png,bank_statement,2025-12,.png,BS-KBANK-OPER-2568-12_transactions_p4,0.9037141799926758,BS-KBANK-OPER-2568-12,KBANK-OPER,2568,12,transactions_p4,4,transactions
renders/bank_statement/2025-12/BS-KBANK-OPER-2568-12_transactions_p5.png,bank_statement,2025-12,.png,BS-KBANK-OPER-2568-12_transactions_p5,0.9056739807128906,BS-KBANK-OPER-2568-12,KBANK-OPER,2568,12,transactions_p5,5,transactions
renders/bank_statement/2025-12/BS-KBANK-OPER-2568-12_transactions_p6.png,bank_statement,2025-12,.png,BS-KBANK-OPER-2568-12_transactions_p6,0.9105243682861328,BS-KBANK-OPER-2568-12,KBANK-OPER,2568,12,transactions_p6,6,transactions
renders/bank_statement/2025-12/BS-KBANK-OPER-2568-12_transactions_p7.png,bank_statement,2025-12,.png,BS-KBANK-OPER-2568-12_transactions_p7,0.8876552581787109,BS-KBANK-OPER-2568-12,KBANK-OPER,2568,12,transactions_p7,7,transactions
renders/bank_statement/2025-12/BS-KBANK-OPER-2568-12_transactions_p8.png,bank_statement,2025-12,.png,BS-KBANK-OPER-2568-12_transactions_p8,0.8948869705200195,BS-KBANK-OPER-2568-12,KBANK-OPER,2568,12,transactions_p8,8,transactions
renders/bank_statement/2025-12/BS-KBANK-OPER-2568-12_transactions_p9.png,bank_statement,2025-12,.png,BS-KBANK-OPER-2568-12_transactions_p9,0.9049825668334961,BS-KBANK-OPER-2568-12,KBANK-OPER,2568,12,transactions_p9,9,transactions
renders/bank_statement/2025-12/BS-OPER-BKK-CTW-2568-12_header.png,bank_statement,2025-12,.png,BS-OPER-BKK-CTW-2568-12_header,0.3001432418823242,BS-OPER-BKK-CTW-2568-12,OPER-BKK-CTW,2568,12,header,,header
renders/bank_statement/2025-12/BS-OPER-BKK-CTW-2568-12_transactions_p1.png,bank_statement,2025-12,.png,BS-OPER-BKK-CTW-2568-12_transactions_p1,0.9035320281982422,BS-OPER-BKK-CTW-2568-12,OPER-BKK-CTW,2568,12,transactions_p1,1,transactions
renders/bank_statement/2025-12/BS-OPER-BKK-CTW-2568-12_transactions_p2.png,bank_statement,2025-12,.png,BS-OPER-BKK-CTW-2568-12_transactions_p2,0.9140720367431641,BS-OPER-BKK-CTW-2568-12,OPER-BKK-CTW,2568,12,transactions_p2,2,transactions
renders/bank_statement/2025-12/BS-OPER-BKK-CTW-2568-12_transactions_p3.png,bank_statement,2025-12,.png,BS-OPER-BKK-CTW-2568-12_transactions_p3,0.5799665451049805,BS-OPER-BKK-CTW-2568-12,OPER-BKK-CTW,2568,12,transactions_p3,3,transactions
renders/bank_statement/2025-12/BS-OPER-BKK-EMSP-2568-12_header.png,bank_statement,2025-12,.png,BS-OPER-BKK-EMSP-2568-12_header,0.05934906005859375,BS-OPER-BKK-EMSP-2568-12,OPER-BKK-EMSP,2568,12,header,,header
renders/bank_statement/2025-12/BS-OPER-BKK-EMSP-2568-12_transactions_p1.png,bank_statement,2025-12,.png,BS-OPER-BKK-EMSP-2568-12_transactions_p1,0.19118785858154297,BS-OPER-BKK-EMSP-2568-12,OPER-BKK-EMSP,2568,12,transactions_p1,1,transactions
renders/bank_statement/2025-12/BS-OPER-BKK-EMSP-2568-12_transactions_p2.png,bank_statement,2025-12,.png,BS-OPER-BKK-EMSP-2568-12_transactions_p2,0.19977855682373047,BS-OPER-BKK-EMSP-2568-12,OPER-BKK-EMSP,2568,12,transactions_p2,2,transactions
renders/bank_statement/2025-12/BS-OPER-BKK-EMSP-2568-12_transactions_p3.png,bank_statement,2025-12,.png,BS-OPER-BKK-EMSP-2568-12_transactions_p3,0.19541454315185547,BS-OPER-BKK-EMSP-2568-12,OPER-BKK-EMSP,2568,12,transactions_p3,3,transactions
renders/bank_statement/2025-12/BS-OPER-BKK-EMSP-2568-12_transactions_p4.png,bank_statement,2025-12,.png,BS-OPER-BKK-EMSP-2568-12_transactions_p4,0.19832801818847656,BS-OPER-BKK-EMSP-2568-12,OPER-BKK-EMSP,2568,12,transactions_p4,4,transactions
renders/bank_statement/2025-12/BS-OPER-BKK-EMSP-2568-12_transactions_p5.png,bank_statement,2025-12,.png,BS-OPER-BKK-EMSP-2568-12_transactions_p5,0.1973285675048828,BS-OPER-BKK-EMSP-2568-12,OPER-BKK-EMSP,2568,12,transactions_p5,5,transactions
renders/bank_statement/2025-12/BS-OPER-BKK-EMSP-2568-12_transactions_p6.png,bank_statement,2025-12,.png,BS-OPER-BKK-EMSP-2568-12_transactions_p6,0.19690227508544922,BS-OPER-BKK-EMSP-2568-12,OPER-BKK-EMSP,2568,12,transactions_p6,6,transactions
renders/bank_statement/2025-12/BS-OPER-BKK-EMSP-2568-12_transactions_p7.png,bank_statement,2025-12,.png,BS-OPER-BKK-EMSP-2568-12_transactions_p7,0.1985940933227539,BS-OPER-BKK-EMSP-2568-12,OPER-BKK-EMSP,2568,12,transactions_p7,7,transactions
renders/bank_statement/2025-12/BS-OPER-BKK-EMSP-2568-12_transactions_p8.png,bank_statement,2025-12,.png,BS-OPER-BKK-EMSP-2568-12_transactions_p8,0.12150764465332031,BS-OPER-BKK-EMSP-2568-12,OPER-BKK-EMSP,2568,12,transactions_p8,8,transactions
renders/bank_statement/2025-12/BS-OPER-BKK-PKT-2568-12_header.png,bank_statement,2025-12,.png,BS-OPER-BKK-PKT-2568-12_header,0.09109020233154297,BS-OPER-BKK-PKT-2568-12,OPER-BKK-PKT,2568,12,header,,header
renders/bank_statement/2025-12/BS-OPER-BKK-PKT-2568-12_transactions_p1.png,bank_statement,2025-12,.png,BS-OPER-BKK-PKT-2568-12_transactions_p1,0.1776294708251953,BS-OPER-BKK-PKT-2568-12,OPER-BKK-PKT,2568,12,transactions_p1,1,transactions
renders/bank_statement/2025-12/BS-OPER-BKK-PKT-2568-12_transactions_p2.png,bank_statement,2025-12,.png,BS-OPER-BKK-PKT-2568-12_transactions_p2,0.1821727752685547,BS-OPER-BKK-PKT-2568-12,OPER-BKK-PKT,2568,12,transactions_p2,2,transactions
renders/bank_statement/2025-12/BS-OPER-BKK-PKT-2568-12_transactions_p3.png,bank_statement,2025-12,.png,BS-OPER-BKK-PKT-2568-12_transactions_p3,0.18048858642578125,BS-OPER-BKK-PKT-2568-12,OPER-BKK-PKT,2568,12,transactions_p3,3,transactions
renders/bank_statement/2025-12/BS-OPER-BKK-PKT-2568-12_transactions_p4.png,bank_statement,2025-12,.png,BS-OPER-BKK-PKT-2568-12_transactions_p4,0.18076610565185547,BS-OPER-BKK-PKT-2568-12,OPER-BKK-PKT,2568,12,transactions_p4,4,transactions
renders/bank_statement/2025-12/BS-OPER-BKK-PKT-2568-12_transactions_p5.png,bank_statement,2025-12,.png,BS-OPER-BKK-PKT-2568-12_transactions_p5,0.1819477081298828,BS-OPER-BKK-PKT-2568-12,OPER-BKK-PKT,2568,12,transactions_p5,5,transactions
renders/bank_statement/2025-12/BS-OPER-BKK-PKT-2568-12_transactions_p6.png,bank_statement,2025-12,.png,BS-OPER-BKK-PKT-2568-12_transactions_p6,0.18137645721435547,BS-OPER-BKK-PKT-2568-12,OPER-BKK-PKT,2568,12,transactions_p6,6,transactions
renders/bank_statement/2025-12/BS-OPER-BKK-PKT-2568-12_transactions_p7.png,bank_statement,2025-12,.png,BS-OPER-BKK-PKT-2568-12_transactions_p7,0.1850719451904297,BS-OPER-BKK-PKT-2568-12,OPER-BKK-PKT,2568,12,transactions_p7,7,transactions
renders/bank_statement/2025-12/BS-OPER-BKK-PKT-2568-12_transactions_p8.png,bank_statement,2025-12,.png,BS-OPER-BKK-PKT-2568-12_transactions_p8,0.11281681060791016,BS-OPER-BKK-PKT-2568-12,OPER-BKK-PKT,2568,12,transactions_p8,8,transactions
renders/bank_statement/2025-12/BS-OPER-BKK-R9-2568-12_header.png,bank_statement,2025-12,.png,BS-OPER-BKK-R9-2568-12_header,0.2967824935913086,BS-OPER-BKK-R9-2568-12,OPER-BKK-R9,2568,12,header,,header
renders/bank_statement/2025-12/BS-OPER-BKK-R9-2568-12_transactions_p1.png,bank_statement,2025-12,.png,BS-OPER-BKK-R9-2568-12_transactions_p1,0.9090099334716797,BS-OPER-BKK-R9-2568-12,OPER-BKK-R9,2568,12,transactions_p1,1,transactions
renders/bank_statement/2025-12/BS-OPER-BKK-R9-2568-12_transactions_p2.png,bank_statement,2025-12,.png,BS-OPER-BKK-R9-2568-12_transactions_p2,0.9196662902832031,BS-OPER-BKK-R9-2568-12,OPER-BKK-R9,2568,12,transactions_p2,2,transactions
renders/bank_statement/2025-12/BS-OPER-BKK-R9-2568-12_transactions_p3.png,bank_statement,2025-12,.png,BS-OPER-BKK-R9-2568-12_transactions_p3,0.5385856628417969,BS-OPER-BKK-R9-2568-12,OPER-BKK-R9,2568,12,transactions_p3,3,transactions
renders/bank_statement/2025-12/BS-OPER-BKK-SIAM-2568-12_header.png,bank_statement,2025-12,.png,BS-OPER-BKK-SIAM-2568-12_header,0.059525489807128906,BS-OPER-BKK-SIAM-2568-12,OPER-BKK-SIAM,2568,12,header,,header
renders/bank_statement/2025-12/BS-OPER-BKK-SIAM-2568-12_transactions_p1.png,bank_statement,2025-12,.png,BS-OPER-BKK-SIAM-2568-12_transactions_p1,0.19445323944091797,BS-OPER-BKK-SIAM-2568-12,OPER-BKK-SIAM,2568,12,transactions_p1,1,transactions
renders/bank_statement/2025-12/BS-OPER-BKK-SIAM-2568-12_transactions_p2.png,bank_statement,2025-12,.png,BS-OPER-BKK-SIAM-2568-12_transactions_p2,0.2013988494873047,BS-OPER-BKK-SIAM-2568-12,OPER-BKK-SIAM,2568,12,transactions_p2,2,transactions
renders/bank_statement/2025-12/BS-OPER-BKK-SIAM-2568-12_transactions_p3.png,bank_statement,2025-12,.png,BS-OPER-BKK-SIAM-2568-12_transactions_p3,0.1979503631591797,BS-OPER-BKK-SIAM-2568-12,OPER-BKK-SIAM,2568,12,transactions_p3,3,transactions
renders/bank_statement/2025-12/BS-OPER-BKK-SIAM-2568-12_transactions_p4.png,bank_statement,2025-12,.png,BS-OPER-BKK-SIAM-2568-12_transactions_p4,0.19914531707763672,BS-OPER-BKK-SIAM-2568-12,OPER-BKK-SIAM,2568,12,transactions_p4,4,transactions
renders/bank_statement/2025-12/BS-OPER-BKK-SIAM-2568-12_transactions_p5.png,bank_statement,2025-12,.png,BS-OPER-BKK-SIAM-2568-12_transactions_p5,0.1981964111328125,BS-OPER-BKK-SIAM-2568-12,OPER-BKK-SIAM,2568,12,transactions_p5,5,transactions
renders/bank_statement/2025-12/BS-OPER-BKK-SIAM-2568-12_transactions_p6.png,bank_statement,2025-12,.png,BS-OPER-BKK-SIAM-2568-12_transactions_p6,0.198944091796875,BS-OPER-BKK-SIAM-2568-12,OPER-BKK-SIAM,2568,12,transactions_p6,6,transactions
renders/bank_statement/2025-12/BS-OPER-BKK-SIAM-2568-12_transactions_p7.png,bank_statement,2025-12,.png,BS-OPER-BKK-SIAM-2568-12_transactions_p7,0.20188236236572266,BS-OPER-BKK-SIAM-2568-12,OPER-BKK-SIAM,2568,12,transactions_p7,7,transactions
renders/bank_statement/2025-12/BS-OPER-BKK-SIAM-2568-12_transactions_p8.png,bank_statement,2025-12,.png,BS-OPER-BKK-SIAM-2568-12_transactions_p8,0.16178607940673828,BS-OPER-BKK-SIAM-2568-12,OPER-BKK-SIAM,2568,12,transactions_p8,8,transactions
renders/bank_statement/2025-12/BS-OPER-CNX-MAYA-2568-12_header.png,bank_statement,2025-12,.png,BS-OPER-CNX-MAYA-2568-12_header,0.09167194366455078,BS-OPER-CNX-MAYA-2568-12,OPER-CNX-MAYA,2568,12,header,,header
renders/bank_statement/2025-12/BS-OPER-CNX-MAYA-2568-12_transactions_p1.png,bank_statement,2025-12,.png,BS-OPER-CNX-MAYA-2568-12_transactions_p1,0.17730426788330078,BS-OPER-CNX-MAYA-2568-12,OPER-CNX-MAYA,2568,12,transactions_p1,1,transactions
renders/bank_statement/2025-12/BS-OPER-CNX-MAYA-2568-12_transactions_p2.png,bank_statement,2025-12,.png,BS-OPER-CNX-MAYA-2568-12_transactions_p2,0.1810321807861328,BS-OPER-CNX-MAYA-2568-12,OPER-CNX-MAYA,2568,12,transactions_p2,2,transactions
renders/bank_statement/2025-12/BS-OPER-CNX-MAYA-2568-12_transactions_p3.png,bank_statement,2025-12,.png,BS-OPER-CNX-MAYA-2568-12_transactions_p3,0.17874431610107422,BS-OPER-CNX-MAYA-2568-12,OPER-CNX-MAYA,2568,12,transactions_p3,3,transactions
renders/bank_statement/2025-12/BS-OPER-CNX-MAYA-2568-12_transactions_p4.png,bank_statement,2025-12,.png,BS-OPER-CNX-MAYA-2568-12_transactions_p4,0.18141651153564453,BS-OPER-CNX-MAYA-2568-12,OPER-CNX-MAYA,2568,12,transactions_p4,4,transactions
renders/bank_statement/2025-12/BS-OPER-CNX-MAYA-2568-12_transactions_p5.png,bank_statement,2025-12,.png,BS-OPER-CNX-MAYA-2568-12_transactions_p5,0.18543624877929688,BS-OPER-CNX-MAYA-2568-12,OPER-CNX-MAYA,2568,12,transactions_p5,5,transactions
renders/bank_statement/2025-12/BS-OPER-CNX-MAYA-2568-12_transactions_p6.png,bank_statement,2025-12,.png,BS-OPER-CNX-MAYA-2568-12_transactions_p6,0.18097972869873047,BS-OPER-CNX-MAYA-2568-12,OPER-CNX-MAYA,2568,12,transactions_p6,6,transactions
renders/bank_statement/2025-12/BS-OPER-CNX-MAYA-2568-12_transactions_p7.png,bank_statement,2025-12,.png,BS-OPER-CNX-MAYA-2568-12_transactions_p7,0.18309402465820312,BS-OPER-CNX-MAYA-2568-12,OPER-CNX-MAYA,2568,12,transactions_p7,7,transactions
renders/bank_statement/2025-12/BS-OPER-CNX-MAYA-2568-12_transactions_p8.png,bank_statement,2025-12,.png,BS-OPER-CNX-MAYA-2568-12_transactions_p8,0.13132667541503906,BS-OPER-CNX-MAYA-2568-12,OPER-CNX-MAYA,2568,12,transactions_p8,8,transactions
renders/bank_statement/2025-12/BS-OPER-HKT-FEST-2568-12_header.png,bank_statement,2025-12,.png,BS-OPER-HKT-FEST-2568-12_header,0.2945384979248047,BS-OPER-HKT-FEST-2568-12,OPER-HKT-FEST,2568,12,header,,header
renders/bank_statement/2025-12/BS-OPER-HKT-FEST-2568-12_transactions_p1.png,bank_statement,2025-12,.png,BS-OPER-HKT-FEST-2568-12_transactions_p1,0.8754940032958984,BS-OPER-HKT-FEST-2568-12,OPER-HKT-FEST,2568,12,transactions_p1,1,transactions
renders/bank_statement/2025-12/BS-OPER-HKT-FEST-2568-12_transactions_p2.png,bank_statement,2025-12,.png,BS-OPER-HKT-FEST-2568-12_transactions_p2,0.8832006454467773,BS-OPER-HKT-FEST-2568-12,OPER-HKT-FEST,2568,12,transactions_p2,2,transactions
renders/bank_statement/2025-12/BS-OPER-HKT-FEST-2568-12_transactions_p3.png,bank_statement,2025-12,.png,BS-OPER-HKT-FEST-2568-12_transactions_p3,0.38475990295410156,BS-OPER-HKT-FEST-2568-12,OPER-HKT-FEST,2568,12,transactions_p3,3,transactions
renders/bank_statement/2025-12/BS-OPER-KKC-CTRL-2568-12_header.png,bank_statement,2025-12,.png,BS-OPER-KKC-CTRL-2568-12_header,0.05936241149902344,BS-OPER-KKC-CTRL-2568-12,OPER-KKC-CTRL,2568,12,header,,header
renders/bank_statement/2025-12/BS-OPER-KKC-CTRL-2568-12_transactions_p1.png,bank_statement,2025-12,.png,BS-OPER-KKC-CTRL-2568-12_transactions_p1,0.1843090057373047,BS-OPER-KKC-CTRL-2568-12,OPER-KKC-CTRL,2568,12,transactions_p1,1,transactions
renders/bank_statement/2025-12/BS-OPER-KKC-CTRL-2568-12_transactions_p2.png,bank_statement,2025-12,.png,BS-OPER-KKC-CTRL-2568-12_transactions_p2,0.19033336639404297,BS-OPER-KKC-CTRL-2568-12,OPER-KKC-CTRL,2568,12,transactions_p2,2,transactions
renders/bank_statement/2025-12/BS-OPER-KKC-CTRL-2568-12_transactions_p3.png,bank_statement,2025-12,.png,BS-OPER-KKC-CTRL-2568-12_transactions_p3,0.18811798095703125,BS-OPER-KKC-CTRL-2568-12,OPER-KKC-CTRL,2568,12,transactions_p3,3,transactions
renders/bank_statement/2025-12/BS-OPER-KKC-CTRL-2568-12_transactions_p4.png,bank_statement,2025-12,.png,BS-OPER-KKC-CTRL-2568-12_transactions_p4,0.18900203704833984,BS-OPER-KKC-CTRL-2568-12,OPER-KKC-CTRL,2568,12,transactions_p4,4,transactions
renders/bank_statement/2025-12/BS-OPER-KKC-CTRL-2568-12_transactions_p5.png,bank_statement,2025-12,.png,BS-OPER-KKC-CTRL-2568-12_transactions_p5,0.18604183197021484,BS-OPER-KKC-CTRL-2568-12,OPER-KKC-CTRL,2568,12,transactions_p5,5,transactions
renders/bank_statement/2025-12/BS-OPER-KKC-CTRL-2568-12_transactions_p6.png,bank_statement,2025-12,.png,BS-OPER-KKC-CTRL-2568-12_transactions_p6,0.1880626678466797,BS-OPER-KKC-CTRL-2568-12,OPER-KKC-CTRL,2568,12,transactions_p6,6,transactions
renders/bank_statement/2025-12/BS-OPER-KKC-CTRL-2568-12_transactions_p7.png,bank_statement,2025-12,.png,BS-OPER-KKC-CTRL-2568-12_transactions_p7,0.18859100341796875,BS-OPER-KKC-CTRL-2568-12,OPER-KKC-CTRL,2568,12,transactions_p7,7,transactions
renders/bank_statement/2025-12/BS-OPER-KKC-CTRL-2568-12_transactions_p8.png,bank_statement,2025-12,.png,BS-OPER-KKC-CTRL-2568-12_transactions_p8,0.07350349426269531,BS-OPER-KKC-CTRL-2568-12,OPER-KKC-CTRL,2568,12,transactions_p8,8,transactions
renders/bank_statement/2025-12/BS-OPER-PTY-CTRL-2568-12_header.png,bank_statement,2025-12,.png,BS-OPER-PTY-CTRL-2568-12_header,0.09098625183105469,BS-OPER-PTY-CTRL-2568-12,OPER-PTY-CTRL,2568,12,header,,header
renders/bank_statement/2025-12/BS-OPER-PTY-CTRL-2568-12_transactions_p1.png,bank_statement,2025-12,.png,BS-OPER-PTY-CTRL-2568-12_transactions_p1,0.17842483520507812,BS-OPER-PTY-CTRL-2568-12,OPER-PTY-CTRL,2568,12,transactions_p1,1,transactions
renders/bank_statement/2025-12/BS-OPER-PTY-CTRL-2568-12_transactions_p2.png,bank_statement,2025-12,.png,BS-OPER-PTY-CTRL-2568-12_transactions_p2,0.18117332458496094,BS-OPER-PTY-CTRL-2568-12,OPER-PTY-CTRL,2568,12,transactions_p2,2,transactions
renders/bank_statement/2025-12/BS-OPER-PTY-CTRL-2568-12_transactions_p3.png,bank_statement,2025-12,.png,BS-OPER-PTY-CTRL-2568-12_transactions_p3,0.17957782745361328,BS-OPER-PTY-CTRL-2568-12,OPER-PTY-CTRL,2568,12,transactions_p3,3,transactions
renders/bank_statement/2025-12/BS-OPER-PTY-CTRL-2568-12_transactions_p4.png,bank_statement,2025-12,.png,BS-OPER-PTY-CTRL-2568-12_transactions_p4,0.1814289093017578,BS-OPER-PTY-CTRL-2568-12,OPER-PTY-CTRL,2568,12,transactions_p4,4,transactions
renders/bank_statement/2025-12/BS-OPER-PTY-CTRL-2568-12_transactions_p5.png,bank_statement,2025-12,.png,BS-OPER-PTY-CTRL-2568-12_transactions_p5,0.18305683135986328,BS-OPER-PTY-CTRL-2568-12,OPER-PTY-CTRL,2568,12,transactions_p5,5,transactions
renders/bank_statement/2025-12/BS-OPER-PTY-CTRL-2568-12_transactions_p6.png,bank_statement,2025-12,.png,BS-OPER-PTY-CTRL-2568-12_transactions_p6,0.1806650161743164,BS-OPER-PTY-CTRL-2568-12,OPER-PTY-CTRL,2568,12,transactions_p6,6,transactions
renders/bank_statement/2025-12/BS-OPER-PTY-CTRL-2568-12_transactions_p7.png,bank_statement,2025-12,.png,BS-OPER-PTY-CTRL-2568-12_transactions_p7,0.18476486206054688,BS-OPER-PTY-CTRL-2568-12,OPER-PTY-CTRL,2568,12,transactions_p7,7,transactions
renders/bank_statement/2025-12/BS-OPER-PTY-CTRL-2568-12_transactions_p8.png,bank_statement,2025-12,.png,BS-OPER-PTY-CTRL-2568-12_transactions_p8,0.13719654083251953,BS-OPER-PTY-CTRL-2568-12,OPER-PTY-CTRL,2568,12,transactions_p8,8,transactions
renders/bank_statement/2025-12/BS-OPER-REMOTE-2568-12_header.png,bank_statement,2025-12,.png,BS-OPER-REMOTE-2568-12_header,0.29535388946533203,BS-OPER-REMOTE-2568-12,OPER-REMOTE,2568,12,header,,header
renders/bank_statement/2025-12/BS-OPER-REMOTE-2568-12_transactions_p1.png,bank_statement,2025-12,.png,BS-OPER-REMOTE-2568-12_transactions_p1,0.8952388763427734,BS-OPER-REMOTE-2568-12,OPER-REMOTE,2568,12,transactions_p1,1,transactions
renders/bank_statement/2025-12/BS-OPER-REMOTE-2568-12_transactions_p2.png,bank_statement,2025-12,.png,BS-OPER-REMOTE-2568-12_transactions_p2,0.8758068084716797,BS-OPER-REMOTE-2568-12,OPER-REMOTE,2568,12,transactions_p2,2,transactions
renders/bank_statement/2025-12/BS-OPER-UDN-CTRL-2568-12_header.png,bank_statement,2025-12,.png,BS-OPER-UDN-CTRL-2568-12_header,0.05925750732421875,BS-OPER-UDN-CTRL-2568-12,OPER-UDN-CTRL,2568,12,header,,header
renders/bank_statement/2025-12/BS-OPER-UDN-CTRL-2568-12_transactions_p1.png,bank_statement,2025-12,.png,BS-OPER-UDN-CTRL-2568-12_transactions_p1,0.1876392364501953,BS-OPER-UDN-CTRL-2568-12,OPER-UDN-CTRL,2568,12,transactions_p1,1,transactions
renders/bank_statement/2025-12/BS-OPER-UDN-CTRL-2568-12_transactions_p2.png,bank_statement,2025-12,.png,BS-OPER-UDN-CTRL-2568-12_transactions_p2,0.19411468505859375,BS-OPER-UDN-CTRL-2568-12,OPER-UDN-CTRL,2568,12,transactions_p2,2,transactions
renders/bank_statement/2025-12/BS-OPER-UDN-CTRL-2568-12_transactions_p3.png,bank_statement,2025-12,.png,BS-OPER-UDN-CTRL-2568-12_transactions_p3,0.19109249114990234,BS-OPER-UDN-CTRL-2568-12,OPER-UDN-CTRL,2568,12,transactions_p3,3,transactions
renders/bank_statement/2025-12/BS-OPER-UDN-CTRL-2568-12_transactions_p4.png,bank_statement,2025-12,.png,BS-OPER-UDN-CTRL-2568-12_transactions_p4,0.19173145294189453,BS-OPER-UDN-CTRL-2568-12,OPER-UDN-CTRL,2568,12,transactions_p4,4,transactions
renders/bank_statement/2025-12/BS-OPER-UDN-CTRL-2568-12_transactions_p5.png,bank_statement,2025-12,.png,BS-OPER-UDN-CTRL-2568-12_transactions_p5,0.1904134750366211,BS-OPER-UDN-CTRL-2568-12,OPER-UDN-CTRL,2568,12,transactions_p5,5,transactions
renders/bank_statement/2025-12/BS-OPER-UDN-CTRL-2568-12_transactions_p6.png,bank_statement,2025-12,.png,BS-OPER-UDN-CTRL-2568-12_transactions_p6,0.19193363189697266,BS-OPER-UDN-CTRL-2568-12,OPER-UDN-CTRL,2568,12,transactions_p6,6,transactions
renders/bank_statement/2025-12/BS-OPER-UDN-CTRL-2568-12_transactions_p7.png,bank_statement,2025-12,.png,BS-OPER-UDN-CTRL-2568-12_transactions_p7,0.12122917175292969,BS-OPER-UDN-CTRL-2568-12,OPER-UDN-CTRL,2568,12,transactions_p7,7,transactions
renders/bank_statement/2025-12/BS-SCB-OPER-2568-12_header.png,bank_statement,2025-12,.png,BS-SCB-OPER-2568-12_header,0.058628082275390625,BS-SCB-OPER-2568-12,SCB-OPER,2568,12,header,,header
renders/bank_statement/2025-12/BS-SCB-OPER-2568-12_transactions_p1.png,bank_statement,2025-12,.png,BS-SCB-OPER-2568-12_transactions_p1,0.08276844024658203,BS-SCB-OPER-2568-12,SCB-OPER,2568,12,transactions_p1,1,transactions
