store_id,product_id,spell_id,stockout_days
5,14,16231,13
17,14,62293,11
9,14,31885,10
18,38,67887,9
5,32,17524,9
9,23,32478,9
1,14,1001,9
20,27,74776,9
2,14,4853,9
15,14,54515,9
2,14,4893,9
6,14,20174,9
8,21,28293,8
15,14,54477,8
11,20,40041,8
6,14,20178,8
8,32,29185,8
14,23,51467,8
2,14,4877,8
7,24,24705,8
7,28,25107,8
10,14,35741,8
8,29,28922,8
6,29,21217,8
3,6,8039,8
19,38,71824,8
19,23,70622,8
11,38,41348,8
15,28,55462,8
11,14,39663,8
15,19,54751,7
18,23,66823,7
15,38,56201,7
15,24,55187,7
14,29,51828,7
9,25,32618,7
15,11,54295,7
4,19,12738,7
18,14,66170,7
18,12,66021,7
8,14,27799,7
8,1,26857,7
4,14,12450,7
13,4,46440,7
3,36,10214,7
3,3,7837,7
11,16,39799,7
12,14,43340,7
9,14,31899,7
13,29,48253,7
18,5,65568,7
18,30,67309,7
8,52,30585,7
10,30,36968,7
1,20,1362,7
9,36,33413,7
13,27,48097,7
7,28,25105,7
1,29,2018,7
7,37,25771,7
4,36,14080,7
15,12,54316,7
19,27,70946,7
8,44,29995,7
4,33,13840,7
19,14,70007,7
13,4,46470,7
2,37,6650,7
17,14,62291,6
9,23,32476,6
15,22,55019,6
11,29,40759,6
14,34,52168,6
17,9,61904,6
9,6,31207,6
17,8,61806,6
17,18,62472,6
6,37,21877,6
14,25,51575,6
18,28,67173,6
14,14,50879,6
5,7,15735,6
8,51,30449,6
2,14,4873,6
17,5,61561,6
10,39,37617,6
13,32,48508,6
17,3,61405,6
5,18,16459,6
16,39,60258,6
1,18,1234,6
4,38,14248,6
6,36,21822,6
6,38,22004,6
2,29,5984,6
13,14,47192,6
9,14,31867,6
7,13,23973,6
7,38,25834,6
15,10,54228,6
5,1,15339,6
6,40,22156,6
12,39,45209,6
12,38,45060,6
12,36,44900,6
15,14,54499,6
8,3,26975,6
12,14,43376,6
6,3,19331,6
4,32,13763,6
2,21,5330,6
12,13,43275,6
2,28,5895,6
9,3,30932,6
1,32,2345,6
9,21,32338,6
11,3,38859,6
18,6,65617,6
4,34,13885,6
15,7,54017,6
10,4,34979,6
9,1,30738,6
20,38,75631,6
20,29,74943,6
3,39,10467,6
16,3,57556,6
1,23,1588,6
9,37,33476,6
5,13,16185,6
20,14,73870,6
5,20,16631,6
20,14,73828,6
9,39,33720,6
11,6,39049,6
12,3,42610,6
10,38,37562,6
7,4,23345,6
10,6,35121,6
7,25,24852,6
6,14,20182,6
16,3,57510,6
15,13,54401,6
9,30,33026,6
4,14,12460,6
19,14,69995,6
3,4,7901,6
19,13,69925,6
11,14,39687,6
2,35,6406,6
19,8,69507,6
19,4,69180,6
19,2,68944,6
20,6,73226,6
11,19,40004,5
15,23,55084,5
15,20,54876,5
6,23,20780,5
15,19,54817,5
15,14,54511,5
9,2,30827,5
3,5,7948,5
10,20,36150,5
9,18,32099,5
6,21,20638,5
2,32,6224,5
8,14,27795,5
6,14,20152,5
1,32,2347,5
3,42,10620,5
8,35,29390,5
1,5,307,5
3,37,10297,5
1,5,313,5
5,14,16239,5
15,11,54273,5
1,5,321,5
11,19,39970,5
7,36,25682,5
7,33,25451,5
7,36,25684,5
14,44,52851,5
14,36,52298,5
2,1,3947,5
2,36,6509,5
9,12,31739,5
14,32,52070,5
11,14,39681,5
3,35,10141,5
2,1,3957,5
11,14,39667,5
8,14,27813,5
6,32,21460,5
14,32,52066,5
6,10,19851,5
14,32,52046,5
14,32,52040,5
8,3,27019,5
8,30,29003,5
14,31,51959,5
14,30,51896,5
4,39,14328,5
18,27,67080,5
11,6,39045,5
10,13,35680,5
14,28,51791,5
14,28,51747,5
3,52,11256,5
4,21,12930,5
9,44,33943,5
2,31,6131,5
18,21,66643,5
4,5,11748,5
18,20,66570,5
11,14,39661,5
3,14,8629,5
14,14,50857,5
11,13,39548,5
11,37,41279,5
1,38,2717,5
14,9,50532,5
14,6,50293,5
5,4,15538,5
10,20,36106,5
14,4,50139,5
10,19,36079,5
18,14,66174,5
1,22,1557,5
13,37,48822,5
13,35,48633,5
11,35,41165,5
4,31,13716,5
13,32,48468,5
13,29,48277,5
8,9,27465,5
9,35,33383,5
10,37,37471,5
13,26,48024,5
11,8,39217,5
18,9,65799,5
13,23,47809,5
1,22,1569,5
5,37,17946,5
13,23,47769,5
10,9,35370,5
13,21,47639,5
11,32,40946,5
6,20,20578,5
13,20,47576,5
10,31,37033,5
18,9,65795,5
13,14,47194,5
18,8,65726,5
8,13,27731,5
13,4,46468,5
18,3,65416,5
1,27,1904,5
17,39,64269,5
12,43,45455,5
3,39,10469,5
4,37,14123,5
12,43,45449,5
1,31,2210,5
7,29,25166,5
10,10,35463,5
8,23,28415,5
4,28,13440,5
12,39,45197,5
3,31,9821,5
10,13,35706,5
4,28,13446,5
17,38,64184,5
12,36,44944,5
7,6,23445,5
12,29,44439,5
6,3,19319,5
7,9,23673,5
17,38,64168,5
12,23,43983,5
12,22,43936,5
17,36,64004,5
12,21,43845,5
8,34,29313,5
17,29,63427,5
4,18,12676,5
17,23,62883,5
7,36,25642,5
17,22,62850,5
5,26,17084,5
10,37,37451,5
8,30,29027,5
7,32,25362,5
5,6,15674,5
4,39,14272,5
10,24,36533,5
1,2,112,5
2,6,4320,5
11,6,39047,5
2,6,4324,5
12,12,43190,5
20,53,76648,5
17,18,62470,5
12,11,43159,5
2,3,4135,5
1,23,1630,5
5,28,17216,5
3,24,9342,5
17,14,62279,5
12,9,43048,5
20,39,75730,5
7,52,26713,5
9,38,33565,5
7,4,23337,5
7,13,24017,5
1,13,934,5
17,14,62251,5
9,20,32221,5
20,38,75579,5
20,37,75528,5
8,10,27506,5
4,53,15263,5
17,8,61808,5
6,19,20509,5
20,23,74469,5
4,11,12261,5
6,6,19620,5
9,38,33567,5
9,11,31676,5
3,20,8956,5
12,6,42789,5
20,22,74372,5
20,19,74146,5
12,4,42671,5
20,19,74116,5
16,39,60224,5
10,9,35378,5
20,14,73862,5
20,14,73860,5
7,21,24530,5
16,37,60055,5
11,29,40719,5
8,4,27097,5
6,3,19373,5
8,12,27674,5
20,12,73723,5
11,27,40603,5
16,35,59861,5
16,23,59012,5
20,6,73216,5
1,14,975,5
20,5,73189,5
10,10,35469,5
4,36,14070,5
12,1,42443,5
12,1,42401,5
20,3,73025,5
11,48,42009,5
10,24,36453,5
9,38,33569,5
5,34,17654,5
16,22,58931,5
1,29,2078,5
20,2,72982,5
9,15,31922,5
4,23,13106,5
3,10,8365,5
19,42,72127,5
10,14,35713,5
11,26,40522,5
19,41,72032,5
7,25,24848,5
19,32,71359,5
19,30,71175,5
11,42,41643,5
19,30,71171,5
11,20,40071,5
11,38,41398,5
19,26,70885,5
16,14,58395,5
16,14,58379,5
8,37,29526,5
19,15,70029,5
4,2,11499,5
9,39,33638,5
9,29,32962,5
4,9,12072,5
19,14,70003,5
6,24,20933,5
8,17,27976,5
19,14,69975,5
16,1,57382,5
15,39,56304,5
19,12,69794,5
1,14,1011,5
9,37,33468,5
19,6,69374,5
10,46,38017,5
15,36,56037,5
19,4,69170,5
15,32,55734,5
1,14,1019,5
9,27,32747,5
7,6,23447,4
5,37,17962,4
8,39,29726,4
8,9,27467,4
3,38,10390,4
2,22,5377,4
3,38,10394,4
8,9,27471,4
7,25,24796,4
9,28,32869,4
7,25,24798,4
10,52,38439,4
11,2,38712,4
7,15,24103,4
11,2,38782,4
11,6,39053,4
11,6,39073,4
11,7,39104,4
11,7,39120,4
11,10,39357,4
11,11,39440,4
11,12,39485,4
9,28,32873,4
11,14,39689,4
11,18,39917,4
8,36,29435,4
11,18,39919,4
1,1,60,4
11,18,39921,4
11,20,40039,4
5,26,17106,4
11,24,40346,4
11,25,40479,4
11,27,40575,4
7,6,23475,4
11,28,40638,4
11,31,40865,4
11,31,40909,4
11,32,40952,4
11,32,40986,4
11,34,41102,4
4,29,13596,4
7,36,25638,4
6,38,21946,4
11,35,41163,4
11,37,41315,4
11,39,41417,4
1,2,108,4
4,3,11588,4
7,7,23492,4
11,39,41461,4
11,39,41463,4
11,39,41465,4
7,36,25648,4
11,40,41515,4
11,44,41733,4
5,27,17185,4
1,2,132,4
11,46,41894,4
5,39,18046,4
11,47,41902,4
8,49,30301,4
11,47,41952,4
11,50,42114,4
10,41,37779,4
5,18,16483,4
11,50,42150,4
3,4,7911,4
4,3,11612,4
11,51,42214,4
11,52,42261,4
7,1,23105,4
12,1,42405,4
4,30,13621,4
12,1,42429,4
7,15,24139,4
5,27,17191,4
3,13,8599,4
12,2,42487,4
6,38,21960,4
12,3,42558,4
8,10,27520,4
12,4,42673,4
12,11,43123,4
10,45,37969,4
5,14,16215,4
12,12,43228,4
12,13,43273,4
12,14,43358,4
12,14,43370,4
12,15,43429,4
3,40,10556,4
7,25,24854,4
10,21,36245,4
12,17,43552,4
12,18,43622,4
4,20,12813,4
12,19,43655,4
12,20,43790,4
12,21,43851,4
12,22,43938,4
2,23,5486,4
6,30,21318,4
12,23,44015,4
12,24,44098,4
1,24,1711,4
12,25,44167,4
12,27,44261,4
5,35,17747,4
9,25,32664,4
2,7,4385,4
12,29,44403,4
12,30,44460,4
12,31,44523,4
8,5,27165,4
7,25,24868,4
12,36,44946,4
12,49,45759,4
13,1,46213,4
10,20,36124,4
13,3,46359,4
13,5,46549,4
13,6,46644,4
13,7,46709,4
13,8,46786,4
7,39,25927,4
13,9,46815,4
13,9,46841,4
13,11,46949,4
13,11,46991,4
8,33,29262,4
13,12,47052,4
13,14,47210,4
2,7,4423,4
5,18,16501,4
13,14,47212,4
13,14,47218,4
13,14,47222,4
9,32,33162,4
2,24,5543,4
13,21,47617,4
13,22,47704,4
8,10,27572,4
13,24,47846,4
1,25,1782,4
13,24,47888,4
13,25,47989,4
13,26,48016,4
13,26,48064,4
9,34,33326,4
13,29,48283,4
13,31,48449,4
13,32,48522,4
13,36,48782,4
9,12,31743,4
13,38,48941,4
7,8,23601,4
13,42,49157,4
13,42,49201,4
13,44,49311,4
13,50,49662,4
14,2,50057,4
14,4,50173,4
14,6,50295,4
5,24,16913,4
14,7,50390,4
14,8,50445,4
14,11,50685,4
10,42,37854,4
14,11,50699,4
14,12,50717,4
14,12,50739,4
4,50,14993,4
14,13,50820,4
10,37,37479,4
9,8,31439,4
10,3,34906,4
4,21,12928,4
14,14,50851,4
8,31,29106,4
14,14,50861,4
7,9,23625,4
14,17,51048,4
14,19,51128,4
14,20,51249,4
1,6,436,4
3,35,10131,4
2,24,5595,4
14,23,51469,4
14,28,51745,4
6,35,21743,4
14,28,51807,4
3,32,9976,4
14,30,51894,4
5,41,18224,4
2,24,5611,4
14,30,51910,4
14,35,52217,4
1,7,467,4
14,35,52221,4
3,44,10738,4
14,37,52423,4
14,38,52494,4
14,39,52568,4
14,40,52599,4
6,44,22412,4
6,19,20463,4
3,44,10746,4
14,43,52792,4
1,27,1896,4
9,14,31889,4
14,45,52934,4
15,1,53582,4
15,2,53621,4
8,24,28556,4
1,50,3517,4
15,2,53659,4
5,19,16520,4
15,3,53732,4
15,3,53738,4
8,24,28564,4
15,5,53854,4
4,22,12985,4
15,6,53922,4
15,8,54110,4
15,12,54358,4
15,13,54403,4
9,48,34257,4
9,35,33343,4
1,28,1929,4
5,35,17715,4
15,14,54513,4
1,28,1935,4
1,28,1937,4
15,19,54807,4
4,32,13755,4
6,31,21367,4
7,9,23671,4
15,20,54838,4
15,21,54930,4
15,23,55054,4
15,24,55201,4
1,28,1955,4
7,9,23677,4
3,22,9122,4
15,27,55362,4
2,9,4549,4
15,32,55772,4
15,35,55948,4
7,9,23679,4
15,36,55987,4
3,14,8659,4
15,36,55989,4
4,32,13771,4
15,36,56011,4
2,9,4561,4
15,37,56074,4
15,38,56207,4
1,28,1987,4
15,39,56286,4
15,48,56863,4
15,50,57000,4
9,14,31901,4
4,50,15029,4
16,1,57394,4
9,14,31903,4
6,48,22700,4
16,3,57504,4
6,31,21375,4
16,6,57800,4
10,25,36564,4
5,35,17717,4
16,7,57839,4
1,29,2022,4
4,32,13797,4
9,6,31251,4
9,2,30889,4
4,32,13799,4
1,9,641,4
16,8,57880,4
8,25,28589,4
4,32,13803,4
3,14,8669,4
16,9,57990,4
3,34,10070,4
16,14,58355,4
16,14,58361,4
16,19,58706,4
16,20,58761,4
16,21,58856,4
16,22,58919,4
5,5,15601,4
1,10,672,4
16,22,58933,4
16,23,59042,4
16,23,59056,4
16,24,59135,4
16,25,59174,4
9,32,33204,4
16,25,59232,4
6,11,19972,4
6,31,21391,4
8,28,28883,4
16,27,59334,4
16,29,59448,4
16,30,59535,4
16,31,59605,4
3,29,9685,4
10,45,37957,4
16,35,59875,4
10,5,35058,4
9,27,32749,4
16,35,59883,4
16,35,59923,4
10,6,35117,4
16,37,60103,4
16,38,60189,4
16,39,60222,4
16,39,60246,4
7,10,23750,4
3,33,10023,4
6,27,21077,4
7,19,24332,4
16,39,60248,4
16,39,60252,4
4,44,14603,4
16,49,60848,4
16,52,61029,4
4,7,11928,4
4,7,11932,4
16,52,61045,4
10,20,36128,4
17,1,61255,4
8,44,29977,4
6,20,20548,4
8,32,29151,4
2,53,7559,4
17,8,61840,4
17,8,61868,4
17,9,61902,4
8,32,29153,4
1,11,780,4
5,36,17894,4
17,11,62068,4
17,12,62091,4
17,13,62186,4
8,32,29155,4
17,14,62259,4
3,28,9590,4
5,6,15646,4
17,17,62382,4
17,17,62424,4
17,20,62660,4
9,29,32966,4
8,19,28118,4
5,44,18420,4
7,38,25786,4
8,53,30636,4
3,48,10999,4
2,46,7165,4
17,22,62836,4
5,6,15650,4
17,22,62844,4
17,23,62881,4
2,11,4688,4
9,23,32460,4
10,5,35064,4
17,24,62980,4
17,27,63291,4
17,29,63457,4
17,29,63463,4
17,30,63500,4
2,35,6426,4
7,28,25065,4
17,31,63580,4
17,32,63752,4
17,34,63880,4
3,49,11032,4
7,19,24374,4
17,35,63903,4
17,35,63915,4
17,35,63965,4
7,11,23815,4
17,36,64012,4
8,1,26847,4
17,37,64087,4
7,38,25794,4
9,11,31670,4
17,37,64115,4
17,39,64259,4
17,40,64322,4
7,33,25421,4
17,53,65109,4
7,33,25423,4
18,1,65228,4
18,1,65238,4
2,35,6442,4
6,36,21834,4
9,11,31672,4
5,11,15992,4
6,20,20594,4
7,11,23833,4
6,27,21115,4
18,2,65299,4
2,47,7195,4
18,3,65384,4
2,27,5838,4
18,3,65388,4
18,7,65659,4
18,7,65683,4
3,49,11088,4
1,13,938,4
18,11,65982,4
8,32,29167,4
4,34,13915,4
18,11,65996,4
18,13,66132,4
18,14,66164,4
18,14,66216,4
18,19,66465,4
7,2,23156,4
2,28,5851,4
18,19,66511,4
18,20,66538,4
18,20,66548,4
18,20,66578,4
3,15,8721,4
10,32,37084,4
18,21,66637,4
6,13,20112,4
4,45,14682,4
18,22,66748,4
18,24,66904,4
18,25,66953,4
5,45,18509,4
1,32,2277,4
18,27,67100,4
8,1,26851,4
18,28,67153,4
18,29,67254,4
9,13,31784,4
1,32,2287,4
18,30,67321,4
18,31,67348,4
18,35,67610,4
18,35,67660,4
18,37,67774,4
18,39,67946,4
18,39,67952,4
4,25,13280,4
18,40,67987,4
10,20,36122,4
18,41,68060,4
5,30,17358,4
18,42,68108,4
18,43,68171,4
3,50,11161,4
4,9,12084,4
18,43,68183,4
18,44,68224,4
18,46,68358,4
18,50,68554,4
18,52,68642,4
6,28,21146,4
9,18,32103,4
19,1,68855,4
19,1,68859,4
19,2,69004,4
19,3,69099,4
9,45,34058,4
19,5,69261,4
19,6,69306,4
19,6,69308,4
19,6,69316,4
19,7,69432,4
19,7,69442,4
19,8,69475,4
19,9,69570,4
2,29,5920,4
19,11,69765,4
19,11,69767,4
19,12,69824,4
19,12,69850,4
2,36,6503,4
8,32,29193,4
4,46,14739,4
2,1,3965,4
4,35,13972,4
19,14,70005,4
19,16,70132,4
10,17,35943,4
19,19,70320,4
19,20,70335,4
19,20,70353,4
10,32,37086,4
3,7,8151,4
19,20,70375,4
6,32,21458,4
9,30,32990,4
6,39,22079,4
19,21,70458,4
19,22,70519,4
19,22,70583,4
9,18,32115,4
19,23,70616,4
19,23,70650,4
3,1,7661,4
9,30,32994,4
19,23,70652,4
19,24,70669,4
19,24,70747,4
19,25,70768,4
19,25,70770,4
19,27,70954,4
19,28,71009,4
10,19,36029,4
19,28,71043,4
19,28,71049,4
8,14,27837,4
19,28,71053,4
3,52,11290,4
6,21,20656,4
10,28,36794,4
19,29,71120,4
19,29,71122,4
19,31,71290,4
19,35,71550,4
19,36,71662,4
19,43,72187,4
4,27,13409,4
19,44,72234,4
8,35,29334,4
19,48,72478,4
5,34,17652,4
19,48,72498,4
20,1,72909,4
20,1,72913,4
20,3,73069,4
20,6,73228,4
20,6,73254,4
20,6,73270,4
2,29,5994,4
20,7,73351,4
20,11,73673,4
20,13,73772,4
5,17,16400,4
6,2,19306,4
20,13,73808,4
8,15,27856,4
20,17,73963,4
2,36,6563,4
20,17,73991,4
20,17,74013,4
20,18,74031,4
20,19,74152,4
20,26,74693,4
4,11,12219,4
7,29,25174,4
20,28,74862,4
5,8,15762,4
20,28,74864,4
20,29,74911,4
20,32,75180,4
3,1,7685,4
20,35,75314,4
20,36,75407,4
6,22,20683,4
20,36,75445,4
5,31,17443,4
20,39,75662,4
6,49,22751,4
20,39,75722,4
20,43,76008,4
20,45,76096,4
20,50,76447,4
2,3,4131,4
20,51,76498,4
5,23,16834,4
1,36,2551,4
2,37,6592,4
10,27,36705,4
9,9,31518,4
2,37,6598,4
3,20,8994,4
4,28,13482,4
8,20,28237,4
3,8,8193,4
3,32,9938,4
5,48,18718,4
3,1,7709,4
4,36,14068,4
2,37,6624,4
6,29,21241,4
9,30,33016,4
7,21,24538,4
6,29,21245,4
3,2,7728,4
10,23,36416,4
2,37,6636,4
8,39,29672,4
10,36,37360,4
7,30,25208,4
10,11,35519,4
1,38,2715,4
2,38,6667,4
4,47,14834,4
10,17,35929,4
2,18,5069,4
5,27,17155,4
3,36,10254,4
1,38,2737,4
10,10,35421,4
8,29,28982,4
9,30,33046,4
4,37,14129,4
7,34,25532,4
7,14,24045,4
4,37,14161,4
1,39,2810,4
6,23,20772,4
9,43,33930,4
1,39,2822,4
6,33,21553,4
3,12,8512,4
1,39,2850,4
10,44,37938,4
8,46,30081,4
4,14,12476,4
2,19,5187,4
9,19,32136,4
10,50,38330,4
3,3,7809,4
3,13,8529,4
2,31,6097,4
4,29,13532,4
10,36,37364,4
7,43,26113,4
5,29,17291,4
3,29,9729,4
10,6,35157,4
4,38,14246,4
10,36,37366,4
6,41,22173,4
9,5,31114,4
7,35,25593,4
2,21,5296,4
10,14,35739,4
4,39,14294,4
2,40,6832,4
8,39,29716,4
10,3,34946,4
7,24,24775,4
9,17,32048,4
4,39,14320,4
4,29,13548,4
1,44,3153,4
9,20,32225,4
5,13,16191,4
3,37,10317,4
13,14,47230,4
5,37,17948,4
7,44,26163,3
5,38,17981,3
4,39,14336,3
6,35,21657,3
7,1,23097,3
6,41,22193,3
6,53,22964,3
10,14,35745,3
8,31,29054,3
9,31,33123,3
1,1,32,3
1,1,34,3
7,44,26167,3
6,35,21665,3
7,25,24806,3
8,6,27222,3
8,36,29433,3
9,31,33125,3
7,6,23469,3
3,4,7897,3
2,41,6889,3
6,35,21673,3
9,25,32638,3
1,45,3216,3
5,38,18009,3
2,41,6895,3
1,45,3220,3
5,38,18015,3
1,45,3222,3
7,1,23101,3
3,39,10477,3
7,6,23479,3
4,19,12740,3
7,36,25636,3
7,6,23483,3
4,19,12746,3
1,2,100,3
8,36,29437,3
2,41,6901,3
8,31,29068,3
1,2,116,3
10,8,35300,3
5,3,15437,3
10,26,36633,3
6,8,19738,3
7,3,23233,3
6,24,20915,3
3,35,10125,3
8,23,28469,3
1,2,146,3
4,19,12770,3
3,40,10514,3
9,22,32421,3
6,50,22802,3
3,40,10520,3
9,39,33648,3
8,3,26981,3
8,51,30485,3
5,3,15463,3
8,7,27319,3
10,27,36755,3
4,40,14401,3
2,23,5462,3
5,3,15469,3
2,23,5466,3
10,18,35967,3
1,3,197,3
1,3,199,3
7,3,23239,3
7,36,25658,3
1,46,3307,3
10,14,35751,3
7,7,23532,3
9,25,32660,3
10,3,34954,3
4,20,12817,3
4,20,12821,3
2,23,5484,3
3,25,9425,3
10,27,36759,3
6,53,22980,3
3,5,7938,3
10,29,36907,3
3,35,10175,3
8,36,29465,3
2,23,5500,3
5,14,16227,3
1,4,258,3
3,5,7946,3
7,25,24870,3
5,25,17065,3
8,36,29469,3
6,9,19806,3
2,23,5516,3
10,30,36982,3
2,23,5520,3
5,14,16235,3
8,24,28504,3
7,45,26216,3
4,41,14442,3
4,20,12863,3
7,8,23573,3
10,36,37394,3
8,10,27560,3
2,23,5530,3
3,5,7960,3
5,40,18143,3
6,25,20958,3
3,14,8617,3
7,36,25680,3
6,9,19828,3
10,20,36162,3
3,42,10650,3
7,36,25686,3
5,14,16243,3
1,48,3413,3
10,28,36770,3
10,28,36772,3
9,18,32063,3
7,8,23599,3
2,24,5555,3
9,10,31625,3
1,5,361,3
1,5,363,3
9,14,31883,3
6,9,19842,3
1,5,371,3
9,26,32690,3
5,40,18173,3
7,8,23607,3
6,35,21729,3
5,14,16247,3
6,46,22556,3
5,14,16251,3
3,43,10685,3
10,12,35593,3
9,14,31887,3
3,43,10689,3
10,3,34958,3
3,14,8621,3
4,21,12922,3
9,32,33170,3
4,42,14479,3
1,49,3456,3
3,14,8623,3
3,28,9664,3
6,25,20992,3
9,26,32702,3
5,31,17497,3
5,35,17751,3
1,6,444,3
2,24,5603,3
6,50,22822,3
6,10,19881,3
6,41,22231,3
1,50,3499,3
8,1,26821,3
10,9,35338,3
9,26,32712,3
9,40,33777,3
10,6,35113,3
4,42,14507,3
5,22,16747,3
10,9,35340,3
1,7,493,3
10,45,37987,3
1,7,497,3
9,32,33184,3
1,7,507,3
9,32,33186,3
6,10,19907,3
7,37,25721,3
2,25,5632,3
9,37,33484,3
8,11,27627,3
1,50,3539,3
6,35,21757,3
3,26,9449,3
4,42,14521,3
2,25,5644,3
10,1,34764,3
10,50,38336,3
1,8,544,3
8,11,27635,3
6,46,22572,3
1,8,552,3
3,29,9679,3
5,42,18281,3
9,14,31897,3
8,31,29120,3
5,5,15569,3
7,50,26575,3
5,5,15571,3
8,24,28570,3
3,14,8657,3
1,51,3578,3
9,32,33190,3
5,5,15575,3
7,9,23685,3
1,8,594,3
3,45,10825,3
4,22,13025,3
8,40,29767,3
7,9,23689,3
3,22,9126,3
3,45,10835,3
8,36,29497,3
7,27,24974,3
3,14,8665,3
10,40,37734,3
1,51,3604,3
4,43,14558,3
10,36,37374,3
1,9,629,3
2,25,5692,3
7,1,23117,3
6,42,22256,3
8,52,30589,3
3,6,8037,3
1,9,647,3
9,32,33202,3
1,51,3630,3
6,11,19960,3
9,26,32738,3
3,14,8673,3
9,48,34269,3
3,6,8047,3
7,37,25761,3
1,10,676,3
3,6,8049,3
6,46,22576,3
4,43,14576,3
9,32,33206,3
6,36,21790,3
3,46,10896,3
6,11,19974,3
5,26,17090,3
5,43,18355,3
6,50,22830,3
7,1,23119,3
6,42,22268,3
1,10,718,3
8,44,29975,3
6,36,21802,3
8,12,27684,3
6,47,22593,3
3,47,10936,3
3,6,8073,3
9,7,31274,3
10,21,36183,3
10,16,35850,3
7,10,23760,3
7,10,23762,3
8,53,30616,3
3,6,8075,3
1,11,760,3
10,23,36378,3
10,37,37435,3
7,37,25775,3
9,7,31280,3
8,37,29524,3
5,30,17348,3
9,20,32259,3
5,44,18406,3
10,37,37485,3
5,6,15642,3
7,10,23786,3
5,6,15648,3
1,11,800,3
2,27,5786,3
7,28,25051,3
2,27,5788,3
5,44,18424,3
6,12,20045,3
9,33,33231,3
3,48,11011,3
5,16,16329,3
3,48,11021,3
1,12,839,3
6,47,22605,3
6,27,21101,3
7,28,25063,3
8,53,30644,3
1,12,851,3
4,24,13181,3
10,18,35985,3
4,24,13185,3
3,22,9152,3
6,13,20066,3
1,53,3771,3
9,7,31304,3
2,27,5814,3
4,24,13195,3
10,21,36191,3
6,13,20070,3
7,11,23825,3
1,13,894,3
6,36,21830,3
6,13,20076,3
7,28,25073,3
1,13,902,3
9,37,33510,3
6,13,20084,3
10,13,35620,3
7,11,23835,3
1,53,3815,3
1,53,3817,3
3,49,11086,3
8,25,28661,3
9,27,32781,3
2,47,7197,3
3,49,11098,3
3,7,8103,3
6,13,20098,3
4,45,14670,3
3,29,9693,3
9,7,31308,3
6,42,22284,3
9,27,32791,3
8,32,29171,3
10,47,38091,3
9,11,31682,3
6,42,22286,3
2,47,7209,3
10,30,36932,3
3,50,11131,3
5,6,15686,3
1,14,1003,3
4,25,13266,3
1,14,1007,3
1,14,1009,3
8,37,29534,3
9,11,31684,3
8,37,29536,3
3,15,8727,3
7,28,25103,3
1,14,1025,3
10,36,37418,3
8,13,27783,3
3,37,10289,3
8,44,29993,3
4,25,13290,3
6,14,20140,3
10,21,36199,3
3,7,8129,3
9,7,31322,3
6,14,20148,3
5,26,17120,3
3,51,11181,3
6,14,20158,3
3,7,8137,3
3,51,11191,3
1,16,1084,3
6,47,22621,3
3,36,10218,3
3,51,11195,3
4,26,13321,3
6,47,22625,3
10,13,35636,3
1,16,1100,3
8,32,29189,3
8,32,29191,3
9,41,33800,3
7,12,23912,3
5,46,18566,3
4,26,13335,3
8,14,27809,3
2,29,5932,3
2,48,7254,3
8,14,27819,3
9,7,31336,3
5,7,15719,3
6,37,21871,3
4,26,13357,3
8,14,27823,3
6,28,21178,3
10,7,35198,3
5,7,15729,3
6,28,21186,3
7,38,25848,3
6,14,20200,3
7,38,25850,3
4,27,13375,3
8,14,27825,3
9,33,33265,3
5,47,18609,3
5,7,15733,3
3,52,11272,3
8,3,27021,3
2,29,5966,3
8,14,27829,3
8,26,28712,3
6,15,20213,3
4,27,13393,3
10,33,37163,3
4,27,13397,3
5,47,18629,3
7,29,25150,3
5,47,18635,3
5,17,16394,3
8,26,28714,3
6,37,21883,3
3,36,10242,3
7,46,26312,3
6,15,20225,3
2,29,5982,3
6,15,20229,3
3,53,11311,3
2,29,5986,3
2,29,5988,3
2,2,4056,3
2,29,5990,3
5,47,18655,3
10,18,35991,3
7,29,25160,3
2,29,5996,3
10,13,35644,3
10,35,37303,3
9,53,34622,3
4,28,13444,3
7,46,26316,3
5,27,17135,3
6,29,21207,3
10,10,35411,3
2,3,4091,3
8,26,28730,3
3,29,9709,3
7,47,26319,3
7,29,25176,3
8,8,27390,3
1,19,1315,3
2,3,4107,3
2,3,4109,3
9,24,32567,3
2,3,4113,3
2,30,6016,3
1,19,1327,3
9,8,31357,3
5,17,16406,3
6,29,21219,3
9,45,34046,3
10,46,38011,3
6,16,20268,3
9,1,30736,3
2,3,4137,3
6,29,21227,3
2,3,4143,3
1,20,1360,3
10,18,35993,3
7,30,25194,3
8,46,30125,3
2,30,6042,3
9,37,33534,3
9,20,32279,3
4,47,14828,3
10,30,36944,3
1,20,1398,3
2,4,4176,3
8,7,27287,3
10,50,38322,3
2,30,6060,3
6,16,20294,3
3,29,9719,3
2,30,6068,3
2,4,4198,3
7,14,24037,3
6,51,22873,3
4,1,11444,3
7,14,24041,3
7,14,24043,3
8,45,30014,3
3,29,9721,3
4,47,14842,3
4,1,11456,3
10,48,38168,3
3,29,9723,3
5,32,17528,3
8,7,27343,3
6,29,21259,3
7,39,25889,3
4,29,13526,3
7,14,24059,3
3,27,9510,3
7,14,24063,3
2,5,4231,3
7,14,24065,3
7,14,24067,3
8,27,28758,3
2,31,6101,3
7,14,24073,3
4,2,11497,3
7,39,25891,3
5,49,18784,3
3,8,8231,3
7,14,24077,3
7,39,25893,3
9,37,33542,3
8,37,29568,3
7,14,24081,3
3,17,8815,3
9,41,33818,3
8,5,27157,3
5,49,18802,3
8,49,30355,3
7,30,25232,3
4,48,14879,3
7,30,25234,3
4,29,13558,3
3,31,9877,3
6,43,22369,3
5,33,17613,3
2,31,6129,3
1,22,1539,3
6,17,20341,3
5,23,16876,3
7,15,24101,3
5,27,17173,3
4,2,11551,3
10,8,35252,3
8,49,30357,3
5,50,18833,3
1,22,1567,3
7,51,26672,3
1,22,1573,3
3,31,9885,3
3,9,8262,3
3,18,8836,3
10,13,35668,3
7,47,26357,3
1,23,1590,3
1,23,1592,3
2,31,6153,3
4,48,14903,3
9,1,30792,3
9,1,30794,3
8,45,30032,3
2,31,6159,3
7,31,25265,3
8,46,30143,3
8,16,27953,3
10,19,36037,3
2,6,4322,3
5,18,16479,3
8,27,28790,3
10,39,37649,3
1,23,1634,3
7,39,25913,3
2,50,7414,3
2,32,6178,3
2,32,6180,3
8,27,28796,3
4,3,11614,3
8,4,27051,3
5,27,17189,3
4,3,11620,3
5,33,17617,3
2,6,4358,3
6,18,20388,3
8,48,30226,3
9,34,33312,3
10,13,35674,3
2,50,7430,3
5,23,16896,3
6,38,21964,3
5,9,15869,3
8,17,27972,3
3,36,10260,3
4,49,14940,3
10,28,36822,3
3,9,8294,3
1,24,1707,3
1,24,1709,3
4,4,11657,3
4,4,11659,3
3,18,8862,3
7,16,24166,3
2,50,7444,3
5,35,17799,3
1,24,1729,3
10,36,37378,3
8,27,28814,3
7,16,24176,3
9,45,34002,3
6,18,20412,3
6,18,20414,3
10,1,34802,3
4,30,13665,3
2,7,4413,3
4,4,11689,3
4,49,14960,3
4,31,13674,3
3,30,9752,3
5,9,15889,3
8,33,29266,3
5,18,16503,3
8,17,28006,3
5,9,15893,3
1,25,1784,3
9,50,34393,3
5,24,16907,3
5,9,15895,3
8,38,29601,3
9,2,30841,3
10,10,35453,3
3,27,9542,3
9,16,31971,3
6,44,22404,3
3,33,10015,3
1,26,1813,3
4,4,11731,3
3,10,8321,3
7,2,23198,3
1,26,1823,3
8,28,28841,3
10,13,35682,3
2,33,6275,3
1,26,1839,3
5,28,17212,3
5,52,18981,3
9,29,32916,3
5,52,18989,3
2,33,6283,3
2,33,6285,3
9,29,32918,3
8,45,30044,3
10,28,36826,3
4,31,13720,3
1,27,1870,3
2,8,4492,3
4,31,13722,3
2,33,6289,3
10,28,36828,3
4,5,11784,3
4,50,14995,3
6,19,20457,3
6,19,20459,3
4,6,11797,3
1,27,1898,3
10,15,35795,3
3,10,8335,3
9,8,31443,3
1,27,1910,3
9,12,31753,3
2,33,6305,3
3,23,9273,3
2,9,4525,3
9,35,33341,3
1,28,1925,3
1,28,1933,3
6,31,21365,3
4,6,11817,3
3,19,8895,3
2,52,7510,3
4,6,11823,3
7,32,25360,3
4,50,15023,3
5,19,16530,3
7,18,24276,3
7,18,24278,3
5,10,15936,3
2,9,4563,3
4,6,11849,3
5,53,19050,3
2,34,6330,3
1,28,1995,3
10,27,36727,3
6,19,20505,3
5,33,17629,3
2,10,4592,3
9,39,33718,3
8,18,28075,3
1,29,2036,3
8,18,28077,3
2,34,6352,3
2,52,7532,3
6,31,21385,3
10,38,37508,3
4,32,13809,3
6,31,21387,3
8,2,26920,3
2,10,4616,3
4,50,15053,3
5,53,19084,3
10,41,37747,3
6,38,22020,3
5,36,17892,3
9,23,32452,3
10,28,36836,3
8,38,29629,3
7,40,25976,3
8,38,29631,3
8,18,28095,3
7,19,24330,3
5,33,17633,3
4,7,11920,3
2,35,6388,3
10,22,36271,3
6,44,22426,3
9,29,32958,3
7,40,25980,3
7,2,23206,3
3,19,8923,3
2,35,6402,3
7,32,25406,3
1,30,2139,3
3,32,9920,3
7,32,25408,3
6,49,22723,3
4,51,15083,3
7,4,23301,3
4,33,13870,3
4,8,11963,3
2,11,4686,3
3,32,9924,3
9,29,32968,3
2,53,7577,3
9,44,33949,3
3,30,9784,3
6,20,20574,3
9,29,32972,3
2,53,7583,3
7,19,24378,3
8,19,28134,3
1,31,2194,3
7,19,24384,3
6,20,20580,3
3,36,10232,3
8,38,29639,3
10,39,37611,3
5,28,17242,3
3,11,8399,3
10,46,38035,3
10,15,35807,3
2,35,6450,3
2,12,4740,3
2,35,6452,3
4,8,12023,3
8,4,27085,3
6,20,20606,3
5,19,16570,3
6,21,20610,3
9,35,33375,3
8,42,29879,3
6,1,19195,3
3,20,8952,3
3,20,8954,3
6,1,19199,3
8,19,28160,3
4,35,13934,3
7,20,24423,3
7,20,24425,3
6,1,19213,3
4,35,13936,3
6,39,22065,3
2,35,6476,3
9,21,32322,3
2,13,4783,3
4,9,12068,3
3,32,9928,3
2,13,4787,3
4,9,12074,3
6,21,20624,3
5,20,16589,3
1,32,2311,3
4,9,12082,3
8,29,28914,3
1,32,2319,3
8,19,28164,3
4,35,13952,3
5,11,16016,3
5,11,16018,3
4,9,12094,3
9,35,33379,3
4,9,12098,3
4,9,12100,3
5,11,16020,3
2,13,4809,3
1,32,2349,3
3,20,8966,3
8,29,28920,3
7,20,24437,3
7,20,24439,3
9,19,32182,3
5,11,16024,3
6,32,21452,3
9,29,32980,3
2,36,6505,3
2,13,4833,3
5,28,17254,3
8,38,29651,3
4,10,12133,3
6,39,22077,3
7,20,24459,3
2,14,4855,3
2,14,4857,3
8,35,29330,3
3,11,8441,3
1,33,2418,3
9,3,30970,3
1,34,2423,3
8,35,29332,3
9,3,30972,3
1,34,2429,3
2,14,4867,3
8,49,30363,3
1,34,2435,3
7,41,26021,3
8,20,28209,3
4,10,12175,3
2,14,4879,3
4,35,13994,3
3,1,7665,3
2,36,6539,3
9,51,34447,3
8,29,28932,3
10,2,34827,3
2,36,6547,3
6,2,19298,3
6,39,22085,3
2,14,4903,3
3,1,7671,3
8,35,29338,3
8,35,29340,3
3,24,9332,3
1,35,2488,3
5,12,16048,3
8,8,27394,3
6,2,19310,3
7,21,24494,3
10,43,37911,3
8,46,30069,3
8,43,29894,3
1,35,2512,3
9,3,30986,3
7,53,26734,3
2,36,6573,3
10,46,38063,3
6,3,19329,3
6,32,21490,3
8,20,28229,3
8,20,28231,3
3,24,9338,3
1,36,2545,3
10,39,37613,3
6,40,22096,3
12,52,46031,3
12,53,46096,3
12,53,46106,3
11,14,39673,3
13,1,46215,3
13,1,46245,3
13,1,46261,3
13,2,46284,3
13,2,46318,3
13,2,46330,3
9,39,33640,3
13,4,46430,3
9,17,32038,3
1,41,2994,3
9,13,31834,3
13,5,46493,3
11,14,39685,3
5,21,16696,3
13,7,46689,3
13,7,46691,3
13,7,46701,3
6,7,19687,3
13,8,46732,3
13,8,46742,3
11,15,39708,3
13,8,46796,3
7,24,24771,3
13,9,46839,3
11,16,39817,3
13,10,46872,3
13,10,46888,3
13,10,46892,3
13,10,46922,3
13,10,46926,3
13,10,46934,3
3,38,10402,3
13,11,46979,3
10,51,38399,3
13,12,47050,3
10,51,38429,3
13,13,47097,3
13,13,47145,3
13,13,47165,3
13,14,47186,3
13,14,47188,3
7,24,24709,3
2,39,6782,3
11,18,39935,3
5,2,15386,3
13,14,47216,3
3,4,7869,3
2,22,5367,3
13,14,47228,3
8,51,30439,3
13,14,47234,3
13,15,47245,3
13,15,47261,3
13,15,47273,3
13,16,47300,3
13,17,47335,3
13,17,47367,3
13,18,47396,3
13,18,47398,3
13,18,47400,3
13,18,47432,3
13,19,47473,3
7,53,26770,3
13,20,47578,3
13,21,47607,3
9,36,33447,3
13,21,47619,3
9,31,33079,3
13,21,47657,3
13,21,47659,3
11,20,40045,3
13,22,47744,3
13,22,47762,3
1,41,2978,3
13,23,47773,3
13,23,47781,3
4,38,14244,3
13,23,47815,3
13,24,47830,3
11,20,40047,3
11,20,40051,3
13,24,47896,3
13,25,47923,3
13,25,47965,3
11,20,40061,3
13,25,48001,3
1,43,3111,3
1,41,2970,3
13,26,48058,3
11,21,40091,3
13,27,48091,3
10,40,37720,3
13,27,48105,3
13,28,48154,3
13,28,48164,3
2,39,6776,3
9,22,32411,3
13,29,48279,3
11,21,40093,3
13,29,48297,3
13,30,48316,3
13,31,48391,3
11,21,40095,3
5,13,16151,3
13,32,48470,3
8,39,29708,3
11,21,40123,3
13,33,48537,3
13,34,48588,3
13,34,48606,3
13,34,48628,3
9,5,31092,3
13,35,48641,3
13,35,48711,3
13,36,48738,3
11,21,40127,3
13,36,48788,3
13,37,48812,3
2,39,6768,3
13,37,48840,3
13,37,48854,3
11,21,40147,3
13,39,48988,3
13,41,49084,3
13,41,49096,3
11,22,40180,3
11,22,40204,3
11,23,40235,3
13,44,49317,3
13,44,49329,3
13,44,49343,3
13,49,49558,3
13,49,49614,3
11,23,40303,3
13,52,49788,3
13,53,49868,3
14,1,49986,3
14,1,49990,3
14,1,50002,3
14,2,50031,3
14,2,50055,3
10,53,38532,3
14,3,50118,3
3,28,9630,3
11,24,40356,3
14,4,50177,3
14,5,50222,3
14,5,50232,3
14,5,50242,3
14,5,50276,3
9,10,31563,3
11,25,40451,3
14,6,50301,3
14,6,50327,3
14,7,50382,3
14,7,50386,3
10,55,38565,3
14,7,50398,3
3,4,7867,3
14,8,50463,3
14,8,50467,3
14,9,50500,3
14,9,50530,3
2,20,5214,3
14,10,50561,3
14,10,50569,3
14,10,50607,3
11,26,40538,3
11,1,38643,3
5,21,16694,3
14,12,50735,3
11,1,38655,3
14,12,50741,3
14,12,50749,3
14,13,50816,3
11,28,40644,3
4,39,14304,3
14,14,50853,3
6,5,19545,3
14,14,50859,3
2,21,5324,3
14,14,50863,3
14,14,50867,3
5,29,17289,3
14,14,50883,3
14,14,50887,3
14,14,50895,3
14,15,50924,3
14,15,50950,3
14,16,50993,3
14,17,51008,3
14,17,51014,3
11,30,40784,3
14,18,51101,3
14,18,51105,3
11,30,40786,3
14,19,51130,3
14,19,51156,3
14,20,51203,3
14,20,51209,3
14,20,51245,3
11,30,40810,3
14,20,51259,3
14,21,51277,3
14,21,51287,3
14,21,51297,3
14,21,51309,3
14,21,51311,3
14,21,51317,3
14,22,51346,3
14,22,51396,3
14,23,51433,3
4,15,12509,3
11,1,38667,3
14,23,51475,3
14,24,51524,3
14,24,51532,3
14,25,51557,3
9,31,33071,3
14,25,51627,3
14,27,51714,3
11,31,40873,3
7,43,26107,3
7,49,26503,3
11,31,40907,3
5,21,16670,3
14,29,51836,3
14,29,51838,3
14,29,51864,3
11,1,38695,3
10,29,36873,3
4,39,14296,3
14,30,51924,3
10,22,36311,3
14,31,51963,3
14,31,52003,3
14,32,52036,3
4,15,12495,3
6,5,19529,3
8,22,28346,3
10,3,34942,3
3,3,7801,3
14,34,52178,3
14,35,52211,3
11,32,40948,3
3,37,10329,3
14,35,52263,3
14,35,52265,3
14,35,52271,3
4,14,12474,3
14,37,52379,3
14,37,52381,3
14,37,52393,3
11,2,38754,3
14,38,52466,3
14,38,52470,3
11,34,41092,3
14,38,52496,3
14,39,52526,3
14,39,52528,3
14,39,52540,3
14,39,52566,3
11,34,41098,3
14,39,52572,3
14,39,52576,3
11,2,38778,3
14,40,52605,3
14,40,52617,3
14,40,52625,3
14,40,52649,3
14,42,52755,3
11,34,41104,3
14,44,52821,3
3,3,7799,3
14,44,52861,3
14,45,52920,3
11,35,41121,3
14,46,52971,3
14,47,53010,3
14,51,53298,3
14,52,53383,3
14,52,53411,3
14,53,53476,3
11,35,41123,3
11,35,41129,3
11,35,41131,3
15,3,53688,3
15,3,53728,3
11,35,41135,3
15,3,53734,3
11,35,41149,3
15,4,53757,3
15,4,53759,3
15,4,53787,3
15,4,53807,3
11,35,41161,3
15,5,53864,3
15,5,53890,3
15,6,53916,3
7,6,23443,3
15,6,53956,3
15,6,53960,3
15,6,53968,3
7,23,24654,3
15,8,54098,3
15,8,54102,3
8,43,29936,3
4,38,14210,3
4,38,14206,3
10,6,35155,3
8,30,28997,3
15,12,54344,3
15,12,54354,3
11,36,41206,3
15,12,54380,3
3,3,7791,3
11,36,41240,3
15,13,54407,3
15,13,54443,3
6,33,21569,3
15,14,54479,3
15,14,54481,3
9,40,33753,3
15,14,54501,3
9,38,33619,3
11,36,41252,3
9,23,32480,3
15,14,54521,3
15,15,54550,3
15,15,54554,3
15,17,54626,3
15,17,54656,3
15,18,54698,3
5,12,16126,3
15,19,54753,3
15,19,54755,3
15,19,54795,3
11,37,41277,3
4,14,12444,3
8,23,28411,3
15,20,54842,3
6,23,20778,3
15,20,54878,3
11,37,41283,3
15,21,54946,3
15,21,54948,3
15,21,54950,3
15,21,54958,3
5,21,16662,3
15,22,55021,3
15,23,55046,3
15,23,55048,3
11,37,41309,3
15,23,55072,3
6,5,19493,3
15,24,55147,3
4,37,14179,3
11,37,41313,3
15,26,55305,3
15,27,55344,3
11,2,38788,3
15,28,55414,3
15,28,55420,3
15,28,55428,3
15,28,55450,3
6,5,19491,3
15,29,55515,3
15,29,55519,3
15,30,55572,3
15,30,55608,3
15,31,55657,3
5,31,17469,3
8,23,28409,3
15,32,55786,3
15,33,55822,3
15,33,55836,3
15,34,55871,3
15,34,55891,3
15,34,55899,3
15,35,55946,3
11,38,41394,3
10,24,36469,3
8,6,27220,3
15,36,56001,3
15,36,56009,3
11,39,41419,3
7,5,23364,3
15,36,56043,3
11,4,38897,3
15,37,56082,3
15,37,56084,3
15,37,56114,3
15,37,56120,3
15,37,56128,3
15,38,56159,3
15,38,56167,3
4,14,12432,3
11,4,38901,3
15,39,56242,3
15,39,56246,3
11,4,38907,3
15,39,56290,3
1,39,2840,3
15,40,56369,3
15,42,56431,3
15,42,56435,3
15,43,56545,3
15,44,56574,3
15,44,56582,3
15,46,56725,3
15,47,56752,3
15,47,56762,3
15,47,56798,3
15,48,56847,3
15,48,56855,3
11,40,41513,3
15,48,56881,3
15,49,56906,3
15,49,56954,3
11,5,38968,3
15,50,57024,3
15,50,57044,3
15,50,57084,3
15,52,57194,3
15,53,57247,3
20,58,76761,3
8,22,28322,3
11,41,41572,3
16,2,57431,3
16,2,57453,3
5,2,15370,3
4,37,14171,3
16,3,57540,3
4,14,12424,3
16,3,57566,3
16,4,57578,3
16,5,57631,3
16,5,57641,3
16,6,57738,3
16,6,57740,3
16,6,57788,3
11,43,41712,3
16,7,57835,3
11,5,38970,3
16,7,57847,3
11,45,41843,3
16,9,57968,3
1,44,3151,3
16,9,57994,3
16,10,58036,3
16,10,58038,3
16,10,58100,3
16,10,58106,3
16,11,58132,3
16,11,58150,3
16,11,58162,3
16,12,58222,3
16,12,58232,3
16,13,58303,3
16,14,58351,3
10,46,38069,3
10,29,36887,3
16,14,58371,3
16,14,58375,3
10,3,34938,3
9,4,31059,3
16,15,58451,3
16,16,58506,3
16,17,58547,3
16,17,58571,3
16,18,58627,3
16,18,58645,3
16,19,58700,3
11,48,42007,3
16,19,58714,3
16,20,58759,3
9,20,32223,3
16,20,58775,3
16,20,58795,3
16,20,58805,3
16,20,58811,3
16,20,58819,3
11,48,42023,3
16,21,58874,3
16,21,58878,3
11,48,42027,3
1,39,2816,3
11,49,42065,3
16,22,58953,3
7,23,24628,3
16,23,59014,3
5,37,17956,3
16,23,59048,3
11,50,42144,3
16,24,59095,3
16,24,59117,3
7,44,26159,3
16,25,59166,3
10,8,35288,3
3,38,10350,3
16,27,59300,3
12,1,42399,3
16,28,59371,3
16,28,59373,3
16,28,59405,3
16,28,59417,3
16,29,59438,3
16,29,59446,3
7,53,26778,3
16,29,59476,3
16,30,59495,3
11,7,39128,3
16,30,59549,3
16,31,59579,3
11,7,39134,3
16,31,59607,3
16,31,59619,3
16,32,59662,3
16,32,59722,3
16,32,59724,3
10,49,38257,3
12,1,42435,3
6,34,21624,3
16,35,59895,3
16,35,59897,3
16,35,59909,3
16,35,59913,3
16,35,59921,3
12,2,42467,3
16,36,59954,3
16,36,59958,3
4,37,14159,3
16,37,60061,3
16,37,60099,3
16,37,60101,3
11,8,39179,3
16,37,60111,3
16,37,60117,3
16,37,60123,3
12,2,42523,3
11,8,39187,3
8,35,29382,3
12,3,42572,3
12,3,42582,3
12,3,42602,3
16,39,60254,3
4,37,14155,3
16,41,60396,3
16,41,60400,3
16,44,60537,3
16,45,60556,3
16,46,60605,3
16,46,60625,3
16,47,60662,3
16,47,60666,3
16,47,60668,3
16,48,60747,3
16,48,60785,3
16,48,60787,3
16,49,60798,3
12,3,42606,3
16,51,60952,3
16,51,60956,3
12,3,42608,3
9,5,31118,3
16,52,61065,3
16,53,61082,3
16,53,61110,3
16,53,61122,3
12,4,42667,3
17,1,61261,3
17,1,61279,3
17,3,61389,3
7,23,24622,3
17,4,61514,3
17,4,61516,3
17,4,61526,3
3,2,7766,3
17,5,61611,3
17,6,61640,3
17,6,61654,3
17,6,61670,3
17,7,61733,3
17,7,61753,3
17,7,61765,3
17,7,61767,3
17,7,61773,3
10,3,34932,3
4,13,12404,3
17,8,61812,3
6,6,19624,3
11,8,39189,3
12,5,42746,3
3,2,7762,3
17,9,61908,3
17,9,61926,3
17,9,61942,3
17,10,61959,3
17,10,61993,3
17,11,62020,3
12,5,42756,3
12,5,42768,3
17,12,62115,3
12,6,42781,3
17,13,62220,3
9,4,31051,3
3,3,7853,3
10,25,36576,3
17,14,62289,3
3,2,7754,3
1,38,2773,3
17,14,62305,3
17,16,62375,3
17,17,62380,3
12,6,42793,3
17,17,62408,3
12,6,42801,3
10,34,37252,3
5,32,17578,3
17,18,62476,3
17,19,62537,3
17,19,62569,3
17,19,62583,3
17,20,62610,3
17,20,62616,3
17,20,62622,3
17,20,62634,3
17,20,62636,3
12,6,42817,3
17,20,62668,3
17,21,62695,3
17,21,62749,3
17,21,62755,3
17,22,62800,3
12,6,42831,3
12,8,42895,3
1,38,2767,3
12,8,42927,3
2,18,5095,3
17,23,62891,3
17,23,62907,3
17,23,62929,3
17,23,62937,3
12,8,42973,3
17,25,63154,3
17,27,63255,3
17,27,63257,3
12,9,43030,3
17,28,63348,3
17,28,63392,3
17,29,63425,3
7,22,24605,3
9,20,32219,3
12,10,43063,3
17,30,63498,3
12,10,43069,3
17,30,63536,3
17,30,63544,3
12,10,43071,3
17,31,63592,3
17,32,63694,3
12,10,43075,3
17,32,63760,3
17,33,63793,3
17,33,63829,3
17,33,63833,3
17,34,63844,3
17,34,63856,3
17,34,63878,3
11,8,39193,3
17,34,63892,3
17,34,63896,3
7,35,25595,3
12,11,43163,3
5,2,15362,3
8,29,28984,3
17,36,64010,3
12,12,43212,3
17,36,64034,3
17,36,64048,3
17,36,64052,3
17,37,64083,3
4,18,12670,3
11,9,39250,3
17,38,64152,3
17,38,64154,3
8,39,29678,3
7,34,25528,3
2,20,5274,3
17,39,64263,3
7,22,24593,3
17,40,64292,3
12,13,43293,3
17,41,64389,3
17,41,64391,3
17,42,64408,3
17,43,64466,3
17,43,64474,3
17,43,64496,3
17,43,64510,3
17,44,64524,3
17,45,64613,3
17,46,64670,3
17,47,64754,3
17,47,64760,3
17,48,64807,3
17,48,64811,3
17,48,64821,3
17,49,64858,3
17,50,64913,3
17,50,64921,3
17,50,64939,3
17,51,64990,3
17,52,65024,3
17,52,65074,3
12,13,43329,3
17,53,65117,3
17,55,65165,3
18,1,65216,3
12,14,43338,3
10,12,35547,3
18,1,65264,3
18,2,65279,3
18,2,65289,3
11,9,39286,3
18,2,65331,3
18,2,65337,3
18,3,65382,3
12,14,43368,3
11,9,39288,3
4,37,14121,3
18,4,65445,3
18,4,65453,3
18,4,65471,3
18,4,65479,3
18,5,65544,3
18,5,65562,3
2,18,5079,3
18,6,65591,3
2,38,6675,3
18,6,65619,3
18,7,65653,3
1,42,3031,3
11,10,39343,3
4,13,12364,3
18,8,65742,3
18,8,65772,3
18,8,65790,3
1,38,2733,3
3,25,9365,3
18,9,65813,3
18,9,65821,3
18,10,65914,3
18,10,65930,3
18,11,65960,3
18,11,65962,3
12,16,43514,3
12,17,43548,3
18,11,66006,3
6,52,22945,3
18,12,66045,3
18,12,66059,3
18,13,66102,3
3,38,10352,3
12,18,43616,3
1,38,2721,3
7,22,24587,3
18,14,66194,3
18,14,66208,3
11,11,39410,3
18,14,66218,3
18,15,66253,3
18,17,66335,3
18,17,66363,3
18,17,66383,3
18,18,66400,3
18,18,66406,3
18,18,66416,3
18,18,66426,3
18,18,66428,3
12,18,43628,3
12,18,43630,3
18,19,66515,3
12,19,43651,3
7,5,23410,3
18,20,66550,3
8,39,29674,3
12,19,43665,3
18,21,66611,3
12,19,43703,3
5,12,16092,3
18,21,66657,3
18,22,66706,3
18,22,66710,3
12,20,43762,3
18,22,66752,3
18,23,66777,3
18,23,66791,3
18,23,66807,3
9,30,33038,3
18,23,66827,3
18,24,66854,3
12,20,43764,3
11,11,39444,3
18,25,66957,3
18,25,66999,3
18,26,67013,3
18,26,67023,3
18,26,67073,3
2,37,6660,3
18,27,67098,3
12,20,43796,3
18,27,67108,3
18,27,67116,3
12,21,43837,3
10,30,36974,3
18,29,67212,3
18,29,67248,3
2,20,5270,3
18,29,67258,3
18,30,67283,3
18,30,67307,3
9,4,31029,3
12,21,43847,3
18,31,67342,3
11,11,39452,3
18,31,67384,3
18,32,67423,3
18,32,67433,3
18,32,67493,3
18,33,67508,3
18,33,67512,3
18,33,67540,3
18,33,67542,3
18,34,67553,3
18,35,67598,3
12,21,43869,3
18,35,67656,3
12,22,43904,3
18,36,67695,3
18,36,67697,3
18,36,67707,3
18,36,67719,3
18,36,67727,3
18,37,67756,3
18,37,67762,3
12,22,43908,3
18,37,67802,3
18,38,67869,3
10,24,36457,3
18,39,67914,3
18,39,67920,3
12,22,43912,3
18,39,67948,3
12,22,43914,3
12,22,43930,3
18,40,68011,3
18,41,68020,3
12,22,43932,3
18,41,68064,3
18,41,68066,3
18,41,68084,3
5,36,17874,3
18,42,68132,3
8,9,27463,3
12,22,43948,3
18,44,68210,3
18,44,68214,3
18,44,68216,3
9,38,33631,3
18,44,68226,3
18,44,68230,3
18,44,68234,3
18,45,68285,3
11,12,39523,3
18,47,68383,3
18,49,68507,3
18,49,68545,3
12,24,44060,3
18,51,68593,3
18,51,68637,3
12,24,44066,3
18,52,68664,3
12,24,44070,3
11,12,39531,3
19,1,68895,3
19,1,68901,3
19,1,68909,3
19,2,68940,3
2,18,5055,3
19,2,68946,3
12,25,44135,3
11,12,39541,3
19,4,69132,3
19,4,69134,3
19,4,69164,3
10,20,36110,3
19,4,69174,3
6,33,21531,3
12,26,44193,3
19,5,69277,3
12,26,44221,3
12,27,44255,3
19,6,69312,3
8,50,30414,3
19,6,69352,3
9,9,31534,3
19,6,69380,3
19,7,69388,3
19,7,69426,3
12,27,44281,3
12,27,44287,3
12,27,44293,3
19,8,69503,3
10,38,37520,3
19,8,69509,3
19,9,69536,3
19,9,69542,3
19,9,69544,3
19,9,69568,3
12,28,44320,3
19,9,69574,3
19,10,69620,3
19,10,69630,3
19,10,69684,3
19,11,69715,3
19,11,69731,3
12,28,44350,3
12,29,44393,3
5,12,16088,3
19,12,69822,3
11,13,39560,3
19,12,69844,3
2,20,5260,3
19,13,69883,3
19,13,69893,3
19,13,69897,3
19,13,69923,3
7,4,23307,3
19,13,69931,3
19,14,69969,3
8,21,28265,3
19,14,69989,3
1,37,2674,3
19,14,69997,3
4,12,12321,3
11,13,39648,3
2,37,6644,3
19,14,70011,3
9,38,33607,3
19,15,70035,3
19,16,70118,3
12,30,44462,3
19,16,70134,3
19,16,70142,3
19,17,70159,3
19,18,70211,3
19,18,70219,3
19,19,70274,3
19,19,70280,3
19,19,70294,3
19,19,70316,3
12,30,44502,3
19,19,70328,3
10,3,34948,3
19,20,70343,3
12,31,44543,3
12,31,44557,3
19,21,70420,3
12,32,44622,3
19,21,70462,3
19,21,70482,3
12,32,44628,3
12,32,44646,3
19,23,70614,3
12,32,44662,3
3,20,9008,3
19,23,70648,3
12,34,44746,3
12,34,44772,3
12,34,44778,3
19,24,70689,3
12,35,44823,3
12,35,44839,3
12,35,44875,3
19,25,70778,3
19,25,70830,3
19,26,70845,3
2,17,5028,3
19,26,70895,3
19,26,70899,3
19,27,70934,3
4,36,14084,3
2,20,5258,3
19,27,70968,3
19,28,70997,3
19,28,71003,3
12,36,44904,3
12,36,44906,3
12,36,44934,3
12,36,44940,3
19,29,71076,3
19,29,71092,3
10,29,36879,3
1,44,3127,3
19,30,71147,3
19,30,71161,3
1,37,2654,3
8,20,28255,3
19,30,71203,3
19,31,71280,3
12,36,44948,3
19,32,71321,3
8,20,28253,3
19,32,71367,3
19,32,71369,3
19,32,71375,3
19,33,71414,3
19,33,71428,3
12,37,44989,3
19,35,71556,3
19,35,71574,3
19,35,71604,3
19,35,71606,3
19,36,71654,3
19,36,71660,3
12,38,45056,3
19,36,71688,3
19,36,71690,3
19,36,71696,3
19,36,71702,3
19,37,71717,3
19,37,71733,3
19,37,71739,3
19,37,71747,3
19,37,71759,3
19,37,71809,3
5,25,17003,3
19,38,71860,3
19,38,71876,3
19,39,71933,3
19,40,72025,3
7,42,26064,3
19,41,72068,3
19,42,72113,3
1,37,2638,3
19,42,72131,3
19,43,72145,3
12,38,45058,3
2,40,6796,3
19,44,72270,3
19,46,72371,3
19,46,72393,3
19,47,72423,3
19,47,72455,3
12,39,45153,3
12,39,45193,3
19,48,72506,3
19,52,72752,3
19,53,72779,3
19,53,72785,3
20,1,72889,3
20,1,72897,3
12,39,45195,3
6,6,19592,3
3,2,7724,3
20,3,73007,3
20,3,73023,3
2,17,5006,3
20,3,73027,3
20,3,73035,3
12,39,45199,3
20,4,73086,3
20,4,73096,3
20,4,73114,3
9,42,33865,3
20,5,73195,3
20,5,73197,3
2,37,6620,3
20,6,73224,3
2,17,4994,3
12,39,45207,3
10,24,36465,3
12,41,45303,3
20,7,73293,3
20,7,73337,3
12,41,45311,3
20,8,73368,3
20,8,73372,3
20,8,73374,3
20,8,73428,3
20,8,73432,3
20,9,73473,3
20,9,73513,3
20,10,73550,3
20,10,73560,3
20,10,73562,3
20,10,73590,3
20,11,73639,3
20,11,73671,3
12,42,45348,3
20,11,73683,3
1,37,2612,3
20,13,73770,3
12,42,45380,3
20,13,73776,3
20,13,73802,3
12,43,45415,3
4,36,14066,3
20,14,73832,3
20,14,73848,3
20,14,73850,3
20,14,73856,3
7,21,24528,3
8,4,27095,3
20,14,73866,3
7,4,23305,3
20,15,73926,3
20,16,73949,3
20,16,73951,3
12,43,45445,3
3,3,7835,3
6,6,19584,3
12,43,45463,3
20,18,74071,3
20,18,74079,3
9,9,31522,3
20,19,74132,3
6,22,20707,3
12,45,45529,3
20,20,74185,3
20,20,74189,3
20,20,74195,3
20,21,74265,3
20,21,74267,3
20,21,74269,3
20,21,74279,3
20,22,74318,3
20,22,74344,3
1,36,2585,3
20,22,74376,3
20,22,74386,3
20,23,74401,3
20,23,74405,3
20,23,74407,3
20,23,74417,3
20,23,74461,3
7,1,23073,3
20,24,74508,3
20,24,74510,3
20,24,74540,3
20,25,74583,3
20,26,74675,3
20,26,74677,3
12,45,45535,3
20,26,74697,3
6,22,20703,3
20,28,74816,3
20,28,74818,3
20,28,74838,3
20,28,74860,3
12,46,45582,3
12,46,45598,3
20,29,74893,3
12,46,45600,3
2,37,6602,3
20,30,75016,3
20,30,75024,3
20,30,75030,3
20,30,75032,3
20,31,75093,3
20,31,75101,3
12,46,45610,3
20,33,75228,3
20,34,75271,3
20,34,75279,3
20,34,75285,3
20,35,75308,3
12,46,45640,3
20,35,75334,3
20,36,75389,3
12,48,45704,3
20,36,75409,3
12,48,45726,3
20,36,75447,3
20,37,75486,3
20,37,75496,3
20,37,75498,3
20,37,75502,3
20,37,75520,3
3,24,9344,3
6,3,19345,3
4,36,14046,3
4,18,12660,3
20,39,75674,3
20,39,75694,3
12,49,45767,3
2,37,6596,3
20,39,75732,3
20,40,75749,3
20,40,75753,3
20,40,75757,3
20,41,75810,3
20,42,75881,3
20,42,75907,3
20,43,75928,3
12,51,45942,3
20,44,76041,3
20,44,76047,3
20,44,76055,3
12,52,45999,3
20,46,76170,3
20,47,76237,3
20,48,76277,3
20,48,76301,3
20,48,76311,3
12,52,46001,3
20,50,76457,3
20,50,76481,3
12,52,46029,3
20,51,76500,3
20,51,76528,3
20,52,76599,3
20,52,76601,3
8,6,27260,3
20,53,76690,3
20,54,76721,3
9,35,33353,2
4,32,13811,2
8,28,28877,2
8,28,28879,2
2,10,4620,2
7,32,25390,2
2,10,4628,2
9,35,33359,2
2,10,4632,2
7,32,25398,2
4,33,13830,2
7,32,25400,2
2,10,4640,2
4,33,13834,2
9,59,34680,2
2,10,4646,2
6,20,20542,2
2,10,4650,2
6,20,20544,2
6,20,20546,2
2,11,4660,2
6,20,20550,2
6,20,20552,2
6,20,20554,2
10,38,37566,2
4,33,13858,2
6,20,20560,2
6,20,20564,2
7,32,25410,2
10,51,38369,2
2,11,4690,2
2,11,4692,2
10,30,36962,2
2,11,4696,2
9,9,31480,2
2,11,4700,2
10,38,37570,2
2,12,4712,2
4,34,13887,2
6,20,20582,2
4,34,13893,2
7,33,25425,2
6,20,20590,2
2,12,4728,2
9,35,33371,2
4,34,13903,2
6,20,20596,2
6,20,20598,2
6,20,20600,2
7,33,25429,2
9,35,33373,2
6,21,20608,2
9,35,33377,2
2,12,4760,2
2,12,4762,2
2,12,4764,2
7,33,25437,2
6,21,20618,2
6,21,20620,2
2,13,4777,2
8,29,28910,2
4,35,13942,2
4,35,13944,2
8,29,28912,2
2,13,4793,2
9,9,31492,2
6,21,20632,2
2,13,4805,2
6,21,20636,2
2,13,4813,2
4,35,13966,2
2,13,4819,2
2,13,4821,2
4,35,13970,2
9,9,31496,2
4,35,13978,2
2,13,4837,2
10,13,35700,2
4,35,13982,2
2,13,4843,2
6,21,20650,2
2,13,4847,2
2,13,4849,2
6,21,20652,2
2,14,4859,2
4,35,13988,2
2,14,4863,2
6,21,20654,2
2,14,4869,2
2,14,4871,2
2,14,4883,2
6,21,20658,2
8,29,28930,2
6,21,20666,2
4,35,14006,2
8,29,28934,2
10,49,38301,2
6,22,20673,2
4,36,14014,2
9,35,33387,2
2,15,4912,2
4,36,14018,2
2,15,4916,2
2,15,4918,2
10,13,35704,2
4,36,14022,2
9,9,31510,2
2,15,4928,2
2,15,4930,2
2,15,4932,2
6,22,20685,2
9,9,31512,2
6,22,20689,2
9,35,33393,2
7,33,25481,2
2,15,4946,2
7,33,25483,2
2,15,4950,2
2,15,4952,2
2,16,4959,2
6,22,20701,2
2,16,4965,2
2,16,4967,2
10,43,37891,2
2,16,4973,2
8,29,28956,2
4,36,14060,2
2,16,4983,2
7,34,25496,2
7,34,25498,2
2,17,4992,2
2,17,4998,2
2,17,5000,2
4,36,14072,2
4,36,14076,2
2,17,5012,2
2,17,5018,2
2,17,5020,2
9,9,31528,2
4,36,14086,2
2,17,5030,2
2,17,5032,2
9,9,31530,2
2,17,5036,2
2,17,5038,2
2,18,5041,2
2,18,5043,2
10,45,38001,2
7,34,25512,2
4,36,14096,2
8,29,28972,2
4,37,14105,2
9,9,31540,2
6,22,20739,2
6,22,20741,2
4,37,14113,2
7,34,25522,2
8,29,28980,2
6,22,20747,2
6,22,20753,2
4,37,14135,2
4,37,14137,2
4,37,14139,2
2,18,5103,2
4,37,14141,2
10,14,35721,2
7,34,25536,2
4,37,14149,2
6,23,20764,2
7,34,25538,2
9,36,33411,2
2,19,5127,2
8,30,28991,2
4,37,14167,2
4,37,14169,2
4,37,14173,2
4,37,14177,2
2,19,5145,2
9,36,33415,2
4,38,14188,2
6,23,20782,2
6,23,20784,2
6,23,20786,2
6,23,20788,2
6,23,20790,2
7,35,25549,2
4,38,14204,2
9,36,33417,2
2,19,5179,2
7,35,25555,2
7,35,25557,2
4,38,14216,2
4,38,14218,2
9,60,34715,2
2,19,5193,2
10,24,36461,2
2,19,5199,2
6,23,20808,2
10,14,35725,2
10,14,35727,2
2,20,5208,2
10,30,36976,2
7,35,25571,2
6,23,20820,2
2,20,5220,2
4,38,14240,2
2,20,5224,2
2,20,5226,2
9,10,31565,2
2,20,5230,2
4,38,14250,2
8,30,29017,2
10,14,35731,2
4,38,14256,2
2,20,5246,2
7,35,25581,2
7,35,25583,2
2,20,5254,2
2,20,5256,2
2,20,5262,2
10,24,36467,2
9,10,31573,2
2,20,5268,2
4,39,14268,2
2,20,5280,2
6,23,20842,2
2,20,5286,2
2,21,5290,2
2,21,5292,2
2,21,5294,2
8,30,29029,2
10,1,34732,2
10,1,34734,2
6,24,20853,2
4,39,14290,2
2,21,5312,2
6,24,20859,2
4,39,14300,2
9,36,33443,2
9,36,33445,2
6,24,20865,2
2,21,5336,2
2,21,5338,2
6,24,20869,2
9,36,33449,2
7,35,25615,2
2,21,5346,2
4,39,14318,2
6,24,20877,2
2,21,5356,2
2,21,5358,2
4,39,14326,2
4,39,14330,2
10,14,35743,2
4,39,14334,2
2,22,5375,2
4,39,14338,2
4,39,14340,2
2,22,5383,2
9,10,31597,2
9,36,33457,2
9,10,31601,2
6,24,20891,2
6,24,20893,2
8,31,29062,2
4,40,14359,2
9,10,31603,2
2,22,5405,2
2,22,5407,2
4,40,14367,2
8,31,29066,2
10,47,38141,2
4,40,14377,2
10,14,35749,2
2,22,5429,2
7,36,25652,2
2,22,5435,2
6,24,20919,2
2,22,5439,2
4,40,14389,2
6,24,20921,2
2,22,5445,2
6,24,20923,2
2,23,5450,2
4,40,14395,2
8,31,29074,2
2,23,5456,2
10,1,34750,2
4,41,14404,2
6,24,20929,2
2,23,5470,2
4,41,14408,2
6,24,20937,2
4,41,14420,2
4,41,14422,2
4,41,14424,2
2,23,5494,2
7,36,25664,2
9,10,31615,2
4,41,14430,2
2,23,5504,2
10,35,37331,2
2,23,5508,2
2,23,5510,2
7,36,25670,2
7,36,25672,2
9,10,31621,2
2,23,5524,2
2,23,5528,2
2,24,5533,2
6,25,20956,2
8,31,29090,2
2,24,5551,2
9,37,33474,2
9,10,31627,2
7,36,25696,2
7,36,25698,2
8,31,29100,2
6,25,20984,2
2,24,5571,2
10,47,38087,2
2,24,5575,2
9,10,31633,2
4,42,14481,2
2,24,5585,2
10,30,36986,2
7,37,25711,2
4,42,14491,2
2,24,5597,2
6,25,20998,2
2,24,5601,2
4,42,14495,2
8,31,29110,2
7,37,25715,2
7,37,25717,2
6,25,21006,2
6,25,21008,2
2,24,5619,2
4,42,14509,2
6,25,21010,2
10,43,37899,2
2,25,5636,2
2,25,5638,2
6,25,21018,2
8,31,29118,2
2,25,5650,2
2,25,5652,2
2,25,5654,2
4,43,14530,2
9,10,31643,2
10,24,36483,2
6,26,21030,2
9,37,33490,2
9,37,33492,2
4,43,14542,2
9,37,33494,2
9,11,31654,2
10,47,38089,2
8,32,29137,2
10,35,37339,2
10,24,36489,2
8,32,29143,2
2,25,5686,2
7,37,25753,2
2,25,5694,2
10,31,36995,2
4,43,14564,2
10,15,35773,2
2,26,5703,2
2,26,5705,2
4,43,14568,2
7,37,25759,2
4,43,14572,2
2,26,5715,2
2,26,5717,2
8,32,29149,2
2,26,5723,2
7,37,25765,2
2,26,5727,2
7,37,25767,2
6,26,21066,2
6,26,21068,2
2,26,5735,2
7,37,25769,2
4,44,14591,2
6,27,21073,2
4,44,14597,2
2,27,5748,2
4,44,14601,2
4,44,14605,2
2,27,5758,2
4,44,14607,2
2,27,5762,2
4,44,14613,2
4,44,14615,2
7,38,25780,2
7,38,25782,2
6,27,21091,2
2,27,5782,2
2,27,5784,2
10,1,34778,2
2,27,5794,2
4,44,14631,2
9,37,33508,2
2,27,5800,2
4,44,14635,2
6,27,21099,2
2,27,5808,2
7,38,25792,2
4,44,14643,2
2,27,5820,2
6,27,21109,2
2,27,5824,2
4,45,14652,2
4,45,14656,2
4,45,14662,2
2,28,5841,2
4,45,14668,2
2,28,5849,2
6,27,21121,2
10,1,34780,2
6,28,21132,2
4,45,14686,2
4,45,14688,2
4,45,14690,2
4,45,14692,2
8,32,29179,2
6,28,21138,2
4,45,14700,2
4,45,14702,2
4,45,14704,2
6,28,21140,2
10,31,36999,2
6,28,21144,2
2,28,5893,2
4,45,14712,2
4,45,14714,2
7,38,25820,2
6,28,21152,2
6,28,21154,2
4,46,14727,2
8,32,29187,2
2,29,5922,2
9,11,31688,2
6,28,21168,2
8,32,29197,2
8,32,29199,2
9,37,33518,2
9,11,31692,2
6,28,21180,2
9,37,33520,2
9,37,33522,2
4,46,14767,2
4,46,14769,2
7,38,25852,2
9,11,31698,2
7,38,25856,2
9,37,33524,2
2,29,5972,2
4,47,14780,2
6,29,21201,2
6,29,21203,2
4,47,14786,2
2,29,5992,2
6,29,21205,2
2,29,6000,2
4,47,14790,2
2,29,6006,2
9,37,33526,2
6,29,21211,2
7,38,25862,2
2,30,6014,2
6,29,21215,2
9,37,33528,2
10,31,37003,2
2,30,6032,2
6,29,21229,2
8,33,29222,2
8,33,29224,2
6,29,21235,2
7,39,25877,2
9,37,33536,2
2,30,6056,2
2,30,6058,2
2,30,6062,2
2,30,6066,2
10,1,34790,2
4,47,14838,2
2,30,6074,2
6,29,21249,2
9,12,31717,2
6,29,21253,2
10,31,37005,2
8,33,29236,2
6,29,21263,2
6,29,21265,2
2,31,6099,2
6,29,21269,2
4,48,14869,2
10,1,34794,2
6,30,21278,2
10,15,35785,2
4,48,14877,2
10,24,36503,2
6,30,21284,2
4,48,14885,2
9,12,31729,2
6,30,21288,2
6,30,21290,2
7,39,25905,2
2,31,6141,2
7,39,25907,2
2,31,6145,2
7,39,25909,2
10,46,38013,2
6,30,21300,2
4,48,14905,2
6,30,21302,2
4,48,14909,2
4,48,14911,2
4,48,14913,2
4,48,14915,2
4,48,14917,2
2,32,6176,2
4,48,14921,2
4,49,14924,2
9,12,31733,2
2,32,6188,2
8,33,29252,2
6,30,21310,2
2,32,6194,2
7,39,25919,2
8,33,29254,2
7,39,25923,2
4,49,14938,2
2,32,6204,2
2,32,6208,2
6,30,21320,2
6,30,21322,2
8,33,29256,2
2,32,6218,2
2,32,6220,2
6,30,21326,2
10,15,35791,2
8,33,29264,2
4,49,14964,2
2,32,6240,2
4,49,14968,2
4,49,14970,2
4,49,14974,2
7,39,25941,2
10,24,36507,2
2,33,6257,2
2,33,6261,2
4,49,14982,2
4,50,14985,2
9,12,31745,2
2,33,6269,2
9,38,33559,2
4,50,14991,2
2,33,6277,2
2,33,6281,2
2,33,6287,2
6,31,21353,2
4,50,14999,2
10,47,38093,2
8,34,29283,2
4,50,15009,2
6,31,21363,2
9,12,31755,2
4,50,15019,2
4,50,15021,2
2,34,6324,2
4,50,15025,2
2,34,6328,2
2,34,6336,2
8,34,29291,2
2,34,6342,2
4,50,15035,2
6,31,21377,2
7,40,25968,2
7,40,25970,2
4,50,15047,2
6,31,21389,2
4,50,15057,2
2,34,6370,2
9,38,33571,2
2,34,6376,2
4,51,15063,2
10,36,37350,2
4,51,15069,2
2,35,6386,2
4,51,15071,2
2,35,6392,2
7,40,25982,2
6,31,21405,2
2,35,6400,2
7,40,25984,2
10,24,36513,2
2,35,6410,2
6,31,21411,2
4,51,15087,2
2,35,6418,2
4,51,15089,2
9,38,33577,2
2,35,6424,2
9,38,33579,2
4,51,15095,2
10,15,35803,2
10,2,34819,2
4,51,15101,2
10,39,37595,2
6,31,21423,2
4,51,15107,2
6,31,21429,2
2,35,6456,2
4,51,15115,2
7,40,26002,2
8,35,29318,2
6,31,21435,2
2,35,6466,2
2,35,6468,2
4,52,15124,2
9,13,31782,2
8,35,29324,2
8,35,29326,2
2,35,6482,2
2,35,6484,2
4,52,15134,2
6,32,21446,2
4,52,15138,2
6,32,21448,2
4,52,15142,2
6,32,21450,2
4,52,15146,2
2,36,6507,2
6,32,21454,2
2,36,6513,2
4,52,15152,2
10,2,34825,2
2,36,6523,2
4,52,15162,2
2,36,6529,2
2,36,6533,2
6,32,21468,2
6,32,21472,2
2,36,6549,2
4,52,15176,2
2,36,6557,2
2,36,6559,2
2,36,6561,2
10,41,37775,2
7,41,26035,2
10,15,35813,2
7,41,26039,2
9,13,31796,2
7,41,26043,2
8,35,29350,2
4,53,15201,2
6,32,21498,2
2,37,6590,2
7,41,26047,2
9,38,33599,2
6,32,21504,2
4,53,15211,2
4,53,15213,2
2,37,6610,2
10,15,35815,2
8,35,29356,2
4,53,15219,2
10,39,37601,2
9,38,33605,2
8,35,29362,2
9,13,31806,2
2,37,6632,2
2,37,6634,2
2,37,6638,2
9,38,33609,2
6,32,21526,2
2,37,6652,2
8,35,29374,2
6,33,21535,2
7,42,26076,2
2,38,6669,2
2,38,6671,2
7,42,26078,2
4,53,15251,2
4,53,15253,2
2,38,6681,2
4,53,15255,2
8,35,29376,2
9,13,31816,2
7,42,26084,2
4,53,15265,2
10,15,35823,2
6,33,21549,2
4,53,15273,2
2,38,6703,2
2,38,6707,2
6,33,21555,2
9,38,33617,2
7,42,26092,2
7,42,26094,2
4,53,15285,2
6,33,21563,2
10,24,36527,2
2,39,6730,2
2,39,6732,2
5,1,15303,2
6,33,21573,2
6,33,21575,2
2,39,6740,2
7,43,26103,2
6,33,21579,2
2,39,6746,2
2,39,6748,2
7,43,26105,2
2,39,6752,2
6,33,21583,2
9,13,31826,2
9,38,33625,2
5,1,15327,2
2,39,6770,2
7,43,26117,2
2,39,6774,2
6,34,21598,2
9,38,33627,2
7,43,26123,2
5,1,15341,2
5,1,15343,2
6,34,21606,2
7,43,26129,2
6,34,21614,2
9,13,31840,2
9,13,31844,2
2,40,6814,2
10,16,35834,2
2,40,6818,2
2,40,6822,2
7,43,26139,2
8,36,29417,2
8,36,29419,2
8,36,29421,2
5,2,15380,2
7,44,26149,2
8,36,29423,2
6,34,21640,2
7,44,26155,2
6,34,21646,2
7,44,26157,2
5,2,15398,2
5,2,15400,2
5,2,15402,2
8,36,29427,2
2,41,6869,2
5,2,15412,2
6,35,21659,2
9,39,33642,2
9,13,31854,2
2,41,6887,2
5,3,15431,2
8,36,29439,2
9,14,31857,2
5,3,15441,2
5,3,15443,2
9,39,33644,2
6,35,21685,2
7,44,26185,2
6,35,21689,2
7,45,26188,2
9,14,31865,2
9,39,33650,2
5,3,15467,2
2,42,6940,2
5,3,15471,2
9,39,33652,2
9,39,33654,2
5,3,15477,2
8,36,29459,2
10,36,37370,2
5,3,15483,2
9,14,31877,2
5,3,15489,2
2,42,6962,2
5,4,15492,2
2,42,6966,2
9,14,31879,2
2,42,6972,2
10,2,34859,2
6,35,21721,2
2,43,6980,2
6,35,21723,2
5,4,15506,2
6,35,21725,2
5,4,15510,2
6,35,21731,2
2,43,6996,2
5,4,15520,2
5,4,15524,2
2,43,7006,2
2,43,7008,2
5,4,15526,2
8,36,29479,2
5,4,15530,2
6,35,21739,2
6,35,21741,2
6,35,21745,2
2,43,7026,2
5,4,15542,2
6,35,21747,2
6,35,21749,2
2,44,7035,2
6,35,21751,2
5,4,15550,2
5,5,15557,2
9,14,31893,2
5,5,15565,2
2,45,7056,2
2,45,7060,2
2,45,7064,2
2,45,7068,2
2,45,7070,2
5,5,15573,2
7,45,26238,2
8,36,29493,2
10,24,36543,2
2,45,7092,2
10,24,36547,2
2,45,7096,2
9,15,31912,2
6,36,21786,2
5,5,15599,2
2,45,7104,2
2,45,7106,2
5,5,15603,2
6,36,21788,2
2,46,7117,2
2,46,7119,2
9,15,31914,2
6,36,21794,2
6,36,21796,2
10,2,34871,2
9,15,31918,2
5,5,15619,2
5,5,15621,2
9,15,31920,2
5,6,15630,2
8,37,29522,2
2,46,7147,2
6,36,21812,2
7,46,26272,2
2,46,7155,2
6,36,21818,2
7,46,26274,2
5,6,15656,2
6,36,21824,2
5,6,15660,2
2,47,7179,2
6,36,21826,2
7,46,26276,2
5,6,15666,2
5,6,15676,2
6,36,21836,2
7,46,26280,2
8,37,29528,2
8,37,29530,2
2,47,7213,2
10,16,35852,2
5,6,15694,2
10,16,35854,2
2,47,7225,2
2,47,7227,2
10,16,35856,2
2,47,7231,2
9,39,33680,2
10,2,34881,2
6,37,21859,2
7,46,26300,2
7,46,26302,2
7,46,26304,2
6,37,21867,2
6,37,21869,2
5,7,15717,2
2,48,7252,2
2,48,7258,2
9,15,31936,2
6,37,21875,2
5,7,15731,2
5,7,15737,2
5,7,15739,2
8,37,29548,2
10,2,34883,2
2,48,7284,2
6,37,21885,2
5,7,15751,2
10,16,35858,2
2,48,7298,2
5,7,15757,2
5,8,15764,2
10,43,37917,2
6,37,21897,2
5,8,15770,2
7,47,26323,2
2,48,7316,2
5,8,15774,2
2,49,7321,2
5,8,15776,2
10,31,37041,2
2,49,7327,2
6,37,21903,2
5,8,15782,2
2,49,7333,2
9,39,33692,2
7,47,26329,2
2,49,7339,2
7,47,26331,2
8,37,29560,2
5,8,15792,2
8,37,29562,2
8,37,29564,2
5,8,15798,2
7,47,26339,2
6,37,21919,2
6,37,21921,2
5,8,15806,2
8,37,29566,2
9,39,33694,2
6,37,21929,2
7,47,26347,2
2,49,7371,2
5,8,15818,2
2,49,7375,2
8,37,29572,2
5,8,15822,2
10,31,37043,2
5,8,15826,2
5,8,15828,2
5,8,15830,2
9,15,31952,2
9,15,31954,2
5,8,15836,2
2,49,7395,2
9,16,31957,2
10,24,36555,2
6,38,21950,2
5,9,15849,2
5,9,15851,2
2,50,7412,2
6,38,21952,2
10,3,34896,2
2,50,7420,2
6,38,21956,2
10,25,36558,2
5,9,15863,2
6,38,21962,2
9,16,31965,2
8,38,29591,2
8,38,29593,2
5,9,15877,2
6,38,21972,2
5,9,15883,2
8,38,29597,2
10,3,34902,2
2,50,7458,2
7,48,26380,2
2,50,7466,2
8,38,29603,2
7,48,26388,2
6,38,21990,2
6,38,21992,2
10,3,34904,2
5,9,15911,2
5,9,15913,2
8,38,29609,2
9,39,33712,2
9,16,31979,2
6,38,22006,2
5,10,15928,2
2,52,7504,2
6,38,22008,2
5,10,15932,2
2,52,7512,2
5,10,15934,2
5,10,15938,2
2,52,7520,2
2,52,7522,2
10,25,36562,2
2,52,7528,2
6,38,22018,2
5,10,15952,2
8,38,29625,2
9,16,31989,2
6,39,22031,2
6,39,22033,2
5,10,15966,2
5,10,15968,2
2,53,7561,2
2,53,7563,2
8,38,29633,2
5,10,15972,2
2,53,7569,2
2,53,7571,2
2,53,7573,2
8,38,29635,2
6,39,22039,2
8,38,29637,2
7,48,26422,2
6,39,22049,2
6,39,22051,2
10,16,35878,2
2,53,7599,2
2,53,7601,2
5,11,15994,2
10,16,35880,2
5,11,15998,2
7,48,26432,2
6,39,22059,2
10,36,37382,2
6,39,22063,2
7,48,26436,2
2,55,7622,2
9,17,32000,2
5,11,16014,2
2,56,7633,2
2,56,7637,2
5,11,16022,2
7,48,26440,2
6,39,22073,2
5,11,16032,2
5,11,16038,2
10,3,34920,2
9,17,32004,2
6,39,22087,2
7,48,26448,2
5,12,16052,2
9,17,32006,2
3,1,7683,2
3,1,7687,2
3,1,7689,2
3,1,7691,2
6,40,22098,2
10,43,37919,2
3,1,7701,2
6,40,22102,2
10,17,35889,2
10,25,36574,2
8,39,29668,2
6,40,22110,2
8,39,29670,2
7,49,26465,2
5,12,16078,2
5,12,16080,2
5,12,16082,2
3,2,7730,2
7,49,26469,2
5,12,16090,2
8,39,29676,2
7,49,26475,2
5,12,16100,2
5,12,16104,2
3,2,7758,2
9,17,32018,2
3,2,7770,2
10,31,37057,2
8,39,29692,2
6,40,22142,2
10,31,37059,2
9,17,32030,2
3,3,7787,2
3,3,7793,2
6,40,22150,2
3,3,7797,2
5,13,16139,2
3,3,7813,2
8,39,29704,2
8,39,29706,2
5,13,16147,2
7,49,26511,2
3,3,7829,2
5,13,16155,2
3,3,7839,2
9,40,33759,2
3,3,7843,2
6,41,22175,2
8,39,29714,2
5,13,16167,2
3,3,7855,2
5,13,16169,2
3,3,7859,2
5,13,16175,2
9,17,32044,2
5,13,16181,2
5,13,16187,2
5,13,16189,2
6,41,22191,2
3,4,7893,2
3,4,7895,2
6,41,22195,2
10,48,38226,2
3,4,7905,2
7,49,26533,2
3,4,7909,2
5,13,16205,2
3,4,7915,2
9,17,32052,2
5,14,16209,2
3,4,7921,2
5,14,16211,2
10,17,35905,2
5,14,16217,2
5,14,16221,2
3,5,7936,2
7,50,26541,2
9,18,32059,2
8,40,29739,2
5,14,16233,2
8,40,29743,2
9,18,32065,2
5,14,16255,2
9,18,32069,2
10,41,37791,2
5,15,16262,2
9,18,32073,2
3,5,7988,2
3,5,7990,2
5,15,16266,2
9,18,32075,2
5,15,16270,2
6,41,22233,2
9,18,32079,2
10,46,38025,2
6,41,22241,2
3,5,8010,2
3,5,8012,2
7,50,26571,2
8,40,29765,2
5,15,16290,2
7,50,26577,2
3,6,8025,2
10,32,37072,2
5,15,16298,2
3,6,8033,2
5,15,16302,2
3,6,8043,2
3,6,8045,2
6,42,22258,2
3,6,8053,2
8,41,29772,2
10,25,36596,2
3,6,8059,2
10,25,36598,2
7,51,26590,2
8,41,29778,2
7,51,26594,2
3,6,8071,2
3,6,8077,2
9,41,33788,2
7,51,26598,2
5,16,16325,2
5,16,16327,2
3,6,8089,2
6,42,22278,2
5,16,16333,2
3,6,8095,2
5,16,16335,2
5,16,16337,2
10,39,37627,2
9,18,32093,2
5,16,16345,2
7,51,26604,2
5,16,16351,2
6,42,22290,2
5,16,16355,2
10,4,34973,2
10,25,36602,2
5,16,16361,2
9,41,33796,2
6,42,22300,2
7,51,26616,2
9,41,33798,2
9,18,32107,2
10,41,37795,2
9,18,32113,2
8,41,29806,2
3,7,8157,2
5,17,16388,2
9,41,33804,2
6,43,22323,2
6,43,22325,2
8,41,29812,2
5,17,16402,2
3,8,8175,2
5,17,16404,2
3,8,8179,2
3,8,8183,2
5,17,16408,2
7,51,26636,2
3,8,8189,2
10,4,34981,2
9,18,32123,2
3,8,8199,2
10,41,37797,2
6,43,22339,2
10,25,36608,2
5,18,16427,2
7,51,26650,2
10,17,35931,2
6,43,22349,2
6,43,22351,2
3,8,8219,2
9,19,32134,2
5,18,16439,2
3,8,8227,2
9,19,32138,2
8,41,29834,2
6,43,22363,2
10,4,34991,2
7,51,26666,2
5,18,16457,2
10,32,37080,2
6,43,22373,2
3,9,8254,2
9,19,32146,2
9,41,33824,2
8,42,29847,2
9,41,33826,2
6,44,22386,2
5,18,16477,2
3,9,8274,2
9,41,33828,2
10,4,34995,2
5,18,16487,2
7,52,26685,2
5,18,16491,2
10,4,34997,2
3,9,8290,2
9,19,32158,2
3,9,8296,2
3,9,8298,2
10,25,36612,2
3,9,8302,2
7,52,26693,2
3,9,8308,2
9,19,32162,2
5,19,16508,2
6,44,22406,2
3,10,8323,2
6,44,22408,2
10,32,37082,2
3,10,8329,2
3,10,8331,2
5,19,16522,2
6,44,22414,2
5,19,16526,2
10,17,35939,2
6,44,22418,2
8,42,29867,2
3,10,8353,2
3,10,8355,2
6,44,22422,2
9,41,33840,2
3,10,8361,2
5,19,16540,2
5,19,16542,2
3,10,8369,2
10,4,35005,2
3,10,8375,2
3,10,8377,2
10,4,35007,2
6,44,22432,2
5,19,16552,2
5,19,16554,2
6,44,22434,2
3,10,8389,2
9,19,32174,2
3,10,8393,2
9,19,32176,2
5,19,16562,2
6,45,22441,2
5,19,16566,2
8,42,29881,2
6,45,22449,2
6,45,22451,2
5,19,16582,2
3,11,8421,2
6,45,22455,2
5,20,16587,2
9,41,33848,2
5,20,16593,2
6,45,22463,2
8,43,29892,2
3,11,8445,2
6,45,22469,2
6,45,22471,2
3,11,8451,2
10,39,37633,2
8,43,29898,2
10,32,37090,2
3,12,8464,2
3,12,8466,2
5,20,16619,2
5,20,16621,2
9,42,33859,2
5,20,16625,2
10,49,38255,2
10,4,35021,2
5,20,16633,2
7,53,26750,2
3,12,8488,2
5,20,16639,2
5,20,16641,2
3,12,8494,2
5,20,16643,2
9,42,33867,2
10,4,35023,2
5,20,16649,2
9,42,33871,2
10,32,37094,2
5,21,16658,2
9,20,32211,2
3,12,8516,2
3,12,8520,2
5,21,16664,2
5,21,16666,2
9,20,32213,2
3,13,8533,2
3,13,8535,2
3,13,8537,2
10,18,35957,2
10,26,36631,2
6,45,22513,2
3,13,8547,2
5,21,16680,2
8,43,29928,2
3,13,8567,2
3,13,8569,2
7,56,26789,2
10,18,35961,2
3,13,8577,2
9,20,32229,2
6,46,22538,2
3,13,8585,2
5,21,16710,2
3,13,8589,2
10,4,35037,2
5,21,16714,2
3,13,8595,2
10,47,38153,2
3,13,8603,2
9,20,32239,2
5,21,16722,2
10,32,37100,2
6,46,22550,2
10,39,37641,2
6,46,22554,2
3,14,8625,2
10,18,35973,2
10,26,36641,2
3,14,8633,2
10,42,37806,2
6,46,22564,2
8,1,26819,2
3,14,8643,2
5,22,16749,2
6,46,22570,2
3,14,8653,2
3,14,8655,2
3,14,8661,2
3,14,8663,2
3,14,8667,2
10,26,36645,2
3,14,8677,2
6,46,22578,2
8,43,29966,2
6,46,22582,2
10,32,37106,2
10,32,37108,2
5,22,16777,2
5,22,16779,2
10,5,35062,2
9,20,32265,2
3,15,8713,2
3,15,8717,2
3,15,8719,2
8,44,29989,2
5,22,16801,2
5,22,16805,2
5,22,16807,2
6,47,22623,2
3,15,8747,2
3,16,8750,2
6,47,22627,2
5,23,16820,2
10,26,36653,2
3,16,8760,2
9,20,32273,2
5,23,16830,2
3,16,8768,2
5,23,16832,2
3,16,8772,2
3,16,8774,2
5,23,16836,2
5,23,16840,2
3,17,8787,2
5,23,16844,2
8,44,30007,2
9,43,33924,2
10,36,37420,2
3,17,8797,2
9,43,33928,2
8,45,30020,2
10,39,37645,2
10,51,38351,2
9,21,32294,2
5,23,16866,2
6,48,22662,2
6,48,22664,2
9,21,32296,2
9,21,32298,2
3,17,8827,2
5,23,16878,2
6,48,22670,2
8,2,26896,2
5,23,16886,2
3,18,8842,2
8,2,26902,2
5,23,16892,2
6,48,22680,2
3,18,8852,2
3,18,8854,2
3,18,8856,2
10,5,35084,2
10,18,36003,2
6,48,22686,2
3,18,8868,2
3,18,8870,2
6,48,22688,2
5,24,16909,2
6,48,22690,2
3,18,8880,2
10,37,37429,2
3,19,8891,2
8,2,26914,2
3,19,8897,2
5,24,16923,2
5,24,16925,2
8,2,26916,2
9,21,32310,2
6,49,22709,2
6,49,22711,2
9,21,32312,2
8,2,26924,2
8,45,30050,2
3,19,8921,2
10,5,35090,2
6,49,22721,2
6,49,22725,2
3,19,8933,2
9,21,32316,2
8,45,30058,2
3,19,8941,2
3,19,8943,2
3,19,8947,2
5,24,16961,2
5,24,16965,2
3,20,8962,2
3,20,8964,2
9,44,33953,2
8,2,26942,2
8,2,26944,2
8,2,26946,2
10,32,37124,2
6,49,22749,2
6,49,22753,2
8,46,30071,2
5,25,16987,2
5,25,16989,2
5,25,16991,2
5,25,16993,2
6,49,22757,2
5,25,16997,2
5,25,16999,2
8,2,26954,2
3,20,9010,2
3,20,9012,2
6,49,22761,2
5,25,17007,2
5,25,17009,2
6,49,22763,2
3,20,9022,2
3,20,9024,2
8,2,26956,2
6,49,22767,2
10,5,35096,2
10,32,37126,2
8,46,30077,2
9,44,33963,2
9,21,32336,2
3,21,9044,2
8,46,30087,2
3,21,9048,2
5,25,17033,2
6,49,22785,2
6,49,22791,2
6,49,22793,2
6,50,22796,2
3,21,9064,2
3,21,9066,2
3,21,9068,2
10,18,36015,2
3,21,9072,2
6,50,22800,2
5,25,17051,2
3,21,9080,2
10,32,37130,2
3,21,9086,2
3,21,9088,2
8,46,30095,2
10,19,36019,2
8,46,30099,2
8,3,26991,2
10,6,35109,2
8,46,30103,2
3,21,9104,2
3,21,9106,2
3,21,9108,2
10,19,36021,2
5,26,17080,2
6,50,22826,2
3,22,9120,2
8,3,27001,2
5,26,17088,2
5,26,17094,2
10,19,36023,2
5,26,17098,2
8,46,30115,2
8,3,27011,2
6,50,22844,2
5,26,17114,2
10,26,36677,2
8,3,27017,2
3,22,9166,2
5,26,17122,2
5,27,17127,2
3,22,9178,2
6,50,22856,2
8,3,27025,2
9,22,32365,2
5,27,17141,2
5,27,17143,2
3,22,9192,2
6,51,22865,2
8,46,30127,2
10,32,37136,2
5,27,17159,2
5,27,17161,2
5,27,17163,2
3,23,9215,2
9,44,33993,2
10,48,38202,2
3,23,9221,2
9,45,33998,2
9,22,32377,2
3,23,9227,2
8,46,30141,2
5,27,17177,2
6,51,22885,2
5,27,17193,2
6,51,22893,2
3,23,9253,2
5,27,17197,2
8,4,27053,2
10,19,36039,2
3,23,9263,2
5,27,17205,2
8,47,30151,2
9,22,32385,2
8,47,30155,2
3,23,9277,2
10,19,36041,2
5,28,17220,2
10,19,36043,2
3,24,9288,2
10,32,37140,2
10,32,37142,2
6,51,22915,2
8,4,27073,2
3,24,9298,2
10,37,37441,2
8,4,27077,2
8,4,27079,2
3,24,9306,2
10,6,35147,2
3,24,9310,2
8,4,27083,2
5,28,17246,2
10,39,37659,2
8,4,27089,2
9,22,32401,2
3,24,9328,2
10,6,35151,2
3,24,9334,2
5,28,17258,2
5,28,17260,2
3,24,9346,2
3,24,9348,2
5,28,17262,2
3,24,9356,2
9,22,32405,2
5,28,17270,2
6,52,22947,2
5,28,17276,2
8,47,30177,2
3,25,9373,2
10,46,38041,2
3,25,9377,2
5,29,17283,2
5,29,17285,2
3,25,9389,2
3,25,9395,2
10,6,35159,2
3,25,9399,2
9,22,32417,2
3,25,9403,2
8,47,30191,2
9,22,32419,2
5,29,17307,2
5,29,17309,2
8,5,27119,2
8,48,30198,2
10,6,35161,2
8,5,27127,2
8,5,27129,2
3,25,9431,2
10,27,36695,2
3,25,9435,2
3,25,9437,2
5,29,17327,2
10,19,36057,2
5,29,17331,2
8,5,27135,2
10,27,36697,2
5,29,17337,2
5,29,17339,2
5,29,17341,2
9,45,34038,2
6,53,22994,2
3,26,9461,2
10,27,36699,2
9,22,32435,2
6,53,23000,2
10,42,37820,2
3,26,9475,2
6,53,23004,2
8,48,30216,2
3,26,9481,2
3,26,9483,2
6,53,23008,2
10,37,37449,2
3,26,9489,2
5,30,17372,2
5,30,17374,2
8,5,27155,2
3,27,9502,2
3,27,9504,2
3,27,9506,2
6,58,23023,2
5,30,17380,2
5,30,17384,2
5,30,17386,2
6,58,23027,2
5,30,17390,2
3,27,9524,2
9,23,32446,2
3,27,9528,2
8,5,27163,2
5,30,17400,2
3,27,9538,2
3,27,9540,2
3,27,9544,2
3,27,9546,2
9,45,34050,2
5,30,17406,2
8,5,27171,2
3,27,9556,2
8,5,27173,2
3,27,9562,2
10,19,36071,2
10,7,35182,2
5,30,17418,2
5,30,17420,2
8,5,27181,2
9,23,32458,2
3,28,9578,2
3,28,9580,2
9,23,32462,2
5,30,17430,2
7,1,23061,2
8,48,30244,2
3,28,9592,2
9,45,34060,2
8,5,27195,2
8,48,30250,2
5,31,17449,2
8,48,30252,2
5,31,17453,2
10,42,37822,2
10,46,38043,2
10,7,35188,2
8,6,27208,2
10,7,35190,2
3,28,9624,2
3,28,9632,2
3,28,9634,2
8,6,27218,2
3,28,9646,2
9,23,32482,2
3,28,9650,2
9,23,32484,2
10,19,36077,2
5,31,17491,2
5,31,17493,2
5,31,17495,2
8,6,27230,2
8,6,27232,2
3,29,9673,2
5,31,17505,2
3,29,9683,2
3,29,9687,2
5,32,17512,2
3,29,9695,2
10,33,37161,2
7,1,23123,2
5,32,17518,2
3,29,9707,2
3,29,9711,2
3,29,9713,2
10,27,36717,2
7,2,23132,2
3,29,9731,2
5,32,17532,2
7,2,23134,2
3,29,9737,2
7,2,23136,2
8,6,27244,2
3,30,9744,2
3,30,9746,2
8,49,30285,2
7,2,23142,2
3,30,9754,2
10,19,36087,2
10,33,37165,2
9,24,32503,2
5,32,17550,2
8,6,27254,2
5,32,17554,2
3,30,9768,2
3,30,9770,2
7,2,23152,2
8,6,27256,2
3,30,9776,2
3,30,9778,2
3,30,9780,2
3,30,9782,2
3,30,9786,2
3,30,9790,2
3,30,9792,2
5,32,17562,2
9,24,32505,2
5,32,17566,2
9,45,34086,2
5,32,17572,2
8,6,27264,2
3,30,9808,2
3,31,9811,2
10,27,36721,2
8,6,27268,2
3,31,9819,2
5,32,17582,2
9,46,34091,2
5,32,17586,2
3,31,9829,2
10,48,38204,2
7,2,23176,2
9,24,32515,2
3,31,9839,2
3,31,9841,2
3,31,9843,2
10,19,36095,2
9,24,32519,2
5,33,17601,2
9,46,34097,2
3,31,9853,2
3,31,9855,2
3,31,9857,2
3,31,9859,2
3,31,9861,2
3,31,9863,2
3,31,9865,2
3,31,9867,2
10,33,37169,2
10,7,35216,2
10,7,35218,2
7,2,23194,2
3,31,9883,2
5,33,17619,2
10,7,35220,2
5,33,17623,2
3,31,9895,2
3,31,9899,2
9,24,32533,2
3,31,9907,2
8,7,27299,2
5,33,17637,2
10,7,35224,2
10,50,38324,2
7,2,23212,2
8,49,30329,2
8,7,27307,2
3,32,9936,2
3,32,9940,2
8,7,27309,2
8,7,27311,2
8,49,30331,2
10,7,35228,2
7,3,23227,2
8,49,30335,2
7,3,23231,2
7,3,23235,2
8,7,27321,2
9,46,34115,2
3,32,9970,2
3,32,9972,2
5,34,17682,2
3,32,9978,2
8,49,30339,2
10,27,36731,2
10,7,35234,2
8,49,30347,2
5,35,17695,2
10,7,35236,2
8,7,27337,2
9,46,34125,2
10,7,35238,2
3,33,10005,2
3,33,10009,2
10,46,38049,2
5,35,17713,2
7,3,23271,2
10,7,35242,2
5,35,17723,2
5,35,17725,2
7,3,23275,2
3,33,10033,2
5,35,17731,2
3,33,10039,2
5,35,17733,2
7,3,23281,2
3,33,10047,2
5,35,17739,2
5,35,17741,2
5,35,17743,2
10,46,38051,2
3,34,10058,2
3,34,10062,2
8,50,30370,2
3,34,10068,2
3,34,10074,2
8,8,27364,2
10,42,37836,2
5,35,17759,2
3,34,10082,2
3,34,10084,2
3,34,10090,2
3,34,10092,2
3,34,10094,2
3,34,10096,2
8,8,27372,2
8,50,30380,2
7,4,23303,2
3,34,10106,2
3,34,10108,2
3,35,10115,2
3,35,10117,2
8,50,30382,2
10,20,36118,2
3,35,10123,2
8,50,30386,2
9,24,32573,2
9,46,34145,2
10,8,35256,2
5,35,17789,2
9,46,34149,2
7,4,23323,2
5,35,17797,2
10,8,35258,2
7,4,23329,2
3,35,10155,2
3,35,10157,2
7,4,23331,2
7,4,23333,2
3,35,10165,2
8,8,27396,2
10,8,35260,2
3,35,10173,2
8,8,27400,2
3,35,10179,2
8,8,27402,2
5,36,17824,2
9,24,32585,2
10,20,36120,2
5,36,17830,2
7,4,23353,2
7,4,23355,2
7,4,23357,2
10,8,35264,2
5,36,17842,2
3,36,10208,2
3,36,10210,2
7,5,23368,2
3,36,10220,2
9,24,32595,2
7,5,23372,2
5,36,17854,2
9,46,34163,2
3,36,10230,2
5,36,17858,2
3,36,10236,2
5,36,17862,2
7,5,23378,2
8,50,30416,2
10,27,36741,2
7,5,23386,2
10,8,35274,2
8,50,30424,2
5,36,17880,2
10,20,36130,2
9,47,34174,2
5,36,17886,2
3,36,10272,2
10,27,36743,2
7,5,23398,2
3,37,10279,2
3,37,10285,2
7,5,23400,2
7,5,23402,2
3,37,10293,2
3,37,10295,2
10,27,36745,2
5,36,17902,2
3,37,10303,2
3,37,10305,2
3,37,10307,2
10,8,35282,2
7,5,23408,2
3,37,10313,2
3,37,10315,2
5,38,17979,2
5,37,17908,2
3,38,10418,2
9,47,34182,2
5,37,17914,2
3,37,10327,2
5,38,17983,2
7,5,23414,2
5,37,17918,2
1,1,12,2
1,1,14,2
10,8,35284,2
10,8,35286,2
8,9,27451,2
8,9,27453,2
3,39,10423,2
9,25,32630,2
1,1,20,2
3,39,10427,2
10,8,35290,2
5,37,17938,2
10,42,37838,2
5,38,17987,2
1,1,26,2
3,38,10366,2
8,51,30457,2
5,38,17991,2
5,37,17950,2
7,6,23441,2
3,39,10435,2
5,38,17995,2
3,38,10380,2
3,39,10441,2
1,1,44,2
9,25,32634,2
9,47,34196,2
3,39,10449,2
3,38,10392,2
5,38,18003,2
8,9,27469,2
3,39,10453,2
5,38,17971,2
1,1,58,2
8,9,27473,2
8,9,27475,2
3,38,10408,2
5,38,17977,2
3,38,10412,2
10,51,38395,2
5,38,18007,2
7,6,23473,2
10,51,38431,2
5,38,18013,2
10,52,38443,2
10,52,38457,2
10,52,38481,2
10,53,38524,2
10,53,38526,2
10,53,38530,2
10,46,38053,2
10,53,38538,2
10,53,38540,2
3,39,10475,2
10,55,38569,2
10,56,38598,2
10,57,38605,2
11,1,38639,2
3,39,10479,2
11,1,38645,2
7,6,23481,2
11,1,38665,2
5,38,18025,2
11,1,38669,2
11,1,38671,2
11,1,38673,2
11,1,38681,2
11,1,38683,2
11,1,38687,2
9,25,32642,2
11,2,38704,2
11,2,38706,2
11,2,38708,2
1,2,98,2
11,2,38722,2
11,2,38724,2
11,2,38730,2
11,2,38734,2
11,2,38746,2
11,2,38748,2
1,2,102,2
11,2,38770,2
11,2,38776,2
1,2,104,2
8,51,30471,2
11,2,38784,2
10,33,37187,2
11,3,38821,2
11,3,38823,2
11,3,38827,2
11,3,38831,2
11,3,38833,2
11,3,38837,2
11,3,38841,2
11,3,38851,2
3,40,10498,2
11,3,38865,2
11,3,38867,2
11,3,38869,2
11,3,38887,2
11,4,38893,2
1,2,122,2
1,2,124,2
9,47,34204,2
11,4,38909,2
11,4,38917,2
11,4,38933,2
11,4,38935,2
11,4,38937,2
11,5,38954,2
8,10,27502,2
1,2,130,2
11,5,38976,2
11,5,38982,2
11,5,38984,2
11,5,38986,2
11,5,39004,2
11,5,39008,2
11,5,39020,2
11,5,39026,2
11,5,39032,2
8,51,30479,2
7,7,23502,2
1,2,140,2
1,2,142,2
11,6,39061,2
11,6,39063,2
11,6,39067,2
11,6,39069,2
1,3,149,2
11,6,39075,2
11,6,39079,2
11,6,39081,2
11,7,39102,2
1,3,151,2
1,3,155,2
9,25,32650,2
5,39,18054,2
11,7,39136,2
11,7,39146,2
11,8,39173,2
7,7,23508,2
11,8,39183,2
10,8,35302,2
5,39,18060,2
11,8,39191,2
1,3,171,2
11,8,39199,2
10,8,35304,2
11,9,39244,2
11,9,39246,2
1,3,175,2
11,9,39256,2
11,9,39262,2
11,9,39264,2
11,9,39276,2
11,9,39280,2
8,10,27516,2
7,7,23520,2
11,10,39323,2
11,10,39329,2
7,7,23522,2
11,10,39351,2
3,40,10542,2
11,10,39359,2
11,10,39363,2
11,10,39369,2
11,10,39371,2
11,10,39403,2
5,39,18076,2
11,11,39412,2
11,11,39418,2
11,11,39430,2
8,10,27522,2
5,39,18080,2
3,40,10550,2
11,11,39454,2
11,11,39460,2
11,11,39464,2
11,11,39472,2
11,11,39476,2
7,7,23528,2
11,12,39493,2
11,12,39503,2
11,12,39517,2
1,3,203,2
11,12,39527,2
3,40,10554,2
5,39,18084,2
11,12,39545,2
5,39,18086,2
10,27,36757,2
11,13,39562,2
11,13,39564,2
11,13,39572,2
11,13,39574,2
11,13,39576,2
11,13,39578,2
11,13,39588,2
11,13,39592,2
11,13,39606,2
11,13,39608,2
11,13,39610,2
11,13,39616,2
11,13,39618,2
11,13,39620,2
11,13,39622,2
11,13,39626,2
11,13,39634,2
11,13,39644,2
5,39,18090,2
11,13,39656,2
1,3,221,2
3,41,10571,2
1,3,225,2
5,39,18096,2
8,10,27528,2
8,51,30495,2
3,41,10579,2
8,51,30497,2
11,14,39691,2
11,14,39693,2
11,14,39697,2
11,14,39699,2
11,15,39706,2
8,10,27536,2
11,15,39714,2
11,15,39736,2
11,15,39738,2
11,15,39740,2
11,15,39754,2
11,15,39772,2
11,15,39774,2
11,16,39779,2
11,16,39793,2
1,4,242,2
11,16,39803,2
11,16,39809,2
1,4,244,2
11,16,39819,2
11,16,39827,2
11,17,39832,2
11,17,39858,2
11,17,39866,2
11,17,39872,2
11,18,39897,2
11,18,39903,2
3,41,10587,2
8,51,30501,2
9,25,32666,2
11,18,39923,2
11,18,39933,2
1,4,254,2
11,18,39939,2
11,18,39943,2
11,19,39956,2
1,4,256,2
11,19,39982,2
11,19,39990,2
11,19,39992,2
11,19,39998,2
11,19,40000,2
8,52,30507,2
11,19,40008,2
11,20,40031,2
9,25,32668,2
7,7,23556,2
11,20,40043,2
3,41,10601,2
1,4,270,2
8,52,30513,2
11,20,40059,2
3,41,10607,2
11,20,40069,2
1,4,276,2
1,4,278,2
1,4,280,2
10,37,37475,2
11,21,40097,2
11,21,40101,2
11,21,40115,2
10,28,36764,2
8,52,30519,2
11,21,40131,2
10,37,37477,2
11,22,40168,2
11,22,40172,2
7,8,23571,2
11,22,40182,2
11,22,40198,2
1,5,293,2
3,42,10622,2
11,23,40237,2
11,23,40239,2
11,23,40247,2
11,23,40273,2
11,23,40279,2
11,23,40285,2
11,23,40289,2
11,23,40291,2
11,23,40295,2
1,5,301,2
11,23,40305,2
11,23,40307,2
11,23,40309,2
11,23,40311,2
11,24,40336,2
10,33,37193,2
8,10,27564,2
11,24,40358,2
11,24,40360,2
11,24,40380,2
11,24,40388,2
11,24,40390,2
11,24,40408,2
11,25,40425,2
11,25,40427,2
11,25,40429,2
11,25,40431,2
11,25,40435,2
11,25,40437,2
11,25,40441,2
10,20,36160,2
11,25,40467,2
11,25,40475,2
1,5,317,2
11,25,40495,2
11,25,40501,2
11,25,40509,2
9,48,34229,2
11,26,40524,2
11,26,40526,2
11,26,40532,2
11,26,40536,2
3,42,10638,2
11,26,40556,2
11,27,40567,2
1,5,325,2
11,27,40587,2
11,27,40595,2
11,27,40599,2
11,27,40601,2
1,5,327,2
11,27,40611,2
11,27,40615,2
11,28,40626,2
11,28,40628,2
11,28,40636,2
3,42,10640,2
11,28,40642,2
7,8,23585,2
11,28,40650,2
11,28,40678,2
11,28,40680,2
11,28,40684,2
11,28,40700,2
11,28,40704,2
11,29,40713,2
11,29,40715,2
5,40,18155,2
11,29,40745,2
11,29,40755,2
7,8,23591,2
11,29,40761,2
11,29,40765,2
11,29,40775,2
11,29,40777,2
11,30,40782,2
8,10,27574,2
1,5,345,2
11,30,40790,2
11,30,40796,2
11,30,40806,2
3,42,10660,2
11,30,40812,2
11,30,40816,2
11,30,40824,2
11,30,40830,2
11,30,40838,2
11,30,40842,2
1,5,353,2
11,31,40871,2
1,5,357,2
11,31,40889,2
11,31,40891,2
11,31,40899,2
1,5,359,2
1,5,365,2
11,31,40913,2
11,31,40923,2
11,31,40931,2
8,10,27580,2
1,5,379,2
11,32,40950,2
5,40,18177,2
11,32,40954,2
11,32,40958,2
5,40,18179,2
11,32,40990,2
11,33,41023,2
11,33,41043,2
11,34,41054,2
11,34,41060,2
11,34,41072,2
11,34,41074,2
7,8,23609,2
11,34,41096,2
1,5,387,2
9,26,32692,2
5,40,18185,2
11,35,41117,2
1,6,396,2
9,48,34237,2
11,35,41125,2
5,40,18189,2
1,6,404,2
10,8,35330,2
11,35,41145,2
8,52,30543,2
10,20,36170,2
1,6,414,2
3,43,10701,2
11,35,41173,2
11,36,41196,2
11,36,41204,2
8,52,30549,2
11,36,41212,2
11,36,41220,2
11,36,41222,2
11,36,41232,2
11,36,41234,2
1,6,420,2
11,36,41248,2
1,6,422,2
11,37,41269,2
11,37,41271,2
1,6,424,2
5,40,18203,2
1,6,432,2
11,37,41287,2
11,37,41295,2
11,37,41303,2
9,48,34245,2
5,40,18209,2
8,11,27603,2
11,37,41321,2
11,38,41338,2
5,40,18213,2
11,38,41354,2
11,38,41356,2
11,38,41360,2
11,38,41364,2
11,38,41366,2
11,38,41374,2
11,38,41384,2
11,38,41390,2
1,6,446,2
11,38,41396,2
9,26,32706,2
11,38,41404,2
11,38,41406,2
5,40,18217,2
5,40,18219,2
11,39,41421,2
11,39,41423,2
11,39,41429,2
11,39,41443,2
11,39,41459,2
7,9,23635,2
1,6,456,2
5,41,18226,2
11,39,41467,2
11,40,41489,2
11,40,41499,2
11,40,41507,2
8,11,27607,2
5,41,18230,2
11,40,41519,2
11,40,41543,2
11,41,41558,2
11,41,41566,2
10,33,37197,2
11,41,41584,2
11,41,41586,2
11,41,41588,2
11,41,41594,2
11,42,41621,2
11,42,41627,2
11,42,41629,2
11,42,41637,2
1,7,473,2
11,42,41649,2
11,42,41657,2
11,42,41681,2
11,42,41685,2
11,43,41688,2
11,43,41706,2
11,43,41710,2
1,7,479,2
11,43,41716,2
11,44,41727,2
11,44,41731,2
5,41,18238,2
11,44,41739,2
11,44,41753,2
11,44,41759,2
11,44,41769,2
11,44,41777,2
11,45,41787,2
11,45,41799,2
1,7,483,2
11,46,41854,2
11,46,41858,2
11,46,41872,2
11,46,41884,2
9,26,32714,2
7,9,23649,2
11,47,41908,2
11,47,41942,2
11,47,41944,2
11,47,41946,2
11,47,41948,2
9,48,34253,2
11,48,41989,2
11,48,42003,2
11,48,42005,2
3,44,10756,2
1,7,501,2
11,48,42011,2
11,48,42013,2
11,48,42019,2
10,40,37686,2
1,7,505,2
11,48,42033,2
11,49,42039,2
11,49,42049,2
11,49,42063,2
3,44,10760,2
11,49,42073,2
11,50,42090,2
11,50,42092,2
11,50,42102,2
11,50,42106,2
11,50,42112,2
5,41,18250,2
11,50,42142,2
3,44,10764,2
11,50,42146,2
11,50,42148,2
5,41,18252,2
11,50,42166,2
11,51,42192,2
11,51,42194,2
11,51,42204,2
9,26,32722,2
11,51,42216,2
11,51,42224,2
11,51,42226,2
11,51,42232,2
11,52,42241,2
5,41,18256,2
11,52,42267,2
11,52,42271,2
11,52,42283,2
11,52,42289,2
11,53,42300,2
11,53,42304,2
11,53,42310,2
11,53,42314,2
11,53,42318,2
11,53,42356,2
11,57,42392,2
9,26,32724,2
5,41,18260,2
12,1,42403,2
8,11,27629,2
12,1,42421,2
1,8,532,2
12,1,42431,2
3,45,10783,2
8,11,27633,2
12,1,42445,2
12,1,42449,2
12,1,42455,2
12,2,42461,2
12,2,42465,2
7,9,23667,2
12,2,42479,2
5,41,18272,2
12,2,42489,2
1,8,542,2
12,2,42527,2
12,2,42537,2
12,3,42544,2
12,3,42548,2
1,8,548,2
5,41,18278,2
7,9,23675,2
12,3,42594,2
1,8,562,2
1,8,566,2
1,8,568,2
1,8,570,2
12,3,42620,2
12,3,42636,2
12,4,42639,2
12,4,42643,2
12,4,42659,2
1,8,572,2
3,45,10805,2
3,45,10809,2
12,4,42675,2
12,4,42679,2
12,4,42683,2
12,5,42704,2
12,5,42706,2
12,5,42710,2
12,5,42732,2
3,45,10811,2
3,45,10813,2
12,5,42758,2
8,52,30577,2
12,5,42774,2
8,52,30579,2
12,6,42785,2
5,42,18295,2
5,42,18297,2
10,28,36780,2
12,6,42807,2
12,6,42811,2
12,6,42815,2
1,9,601,2
12,6,42819,2
12,6,42827,2
8,11,27643,2
12,6,42837,2
12,6,42839,2
12,7,42866,2
12,7,42874,2
3,45,10833,2
12,8,42905,2
12,8,42909,2
12,8,42915,2
7,9,23693,2
12,8,42933,2
12,8,42943,2
12,8,42971,2
9,48,34261,2
12,8,42989,2
12,9,42994,2
12,9,43002,2
12,9,43020,2
12,9,43028,2
3,45,10843,2
12,9,43038,2
8,12,27650,2
12,9,43052,2
12,9,43056,2
10,9,35346,2
8,12,27654,2
7,10,23706,2
7,10,23708,2
12,10,43081,2
12,10,43089,2
12,10,43091,2
12,10,43097,2
12,10,43117,2
3,46,10856,2
12,11,43139,2
7,10,23710,2
12,11,43161,2
3,46,10860,2
12,11,43167,2
12,11,43183,2
12,12,43186,2
7,10,23712,2
12,12,43192,2
12,12,43210,2
10,28,36782,2
12,12,43214,2
12,12,43226,2
5,42,18331,2
12,12,43232,2
12,12,43234,2
12,12,43238,2
12,12,43252,2
7,10,23718,2
5,42,18335,2
12,13,43283,2
8,52,30593,2
12,13,43307,2
12,13,43315,2
12,13,43317,2
12,13,43325,2
1,9,655,2
12,13,43331,2
12,14,43334,2
12,14,43336,2
8,52,30595,2
10,9,35350,2
12,14,43344,2
12,14,43350,2
1,10,664,2
12,14,43360,2
12,14,43366,2
1,10,668,2
1,10,670,2
12,14,43374,2
3,46,10884,2
12,14,43382,2
12,14,43384,2
12,15,43413,2
1,10,678,2
12,15,43447,2
12,15,43449,2
12,15,43451,2
12,15,43457,2
12,15,43461,2
12,16,43468,2
12,16,43470,2
12,16,43482,2
12,16,43492,2
12,16,43494,2
12,16,43512,2
3,46,10886,2
12,17,43526,2
12,17,43536,2
12,17,43540,2
12,17,43544,2
10,9,35352,2
12,17,43550,2
3,46,10890,2
12,17,43556,2
12,17,43564,2
12,18,43600,2
12,18,43604,2
12,18,43612,2
10,48,38208,2
1,10,688,2
3,46,10894,2
8,12,27676,2
12,18,43632,2
12,18,43638,2
12,18,43642,2
12,18,43644,2
12,19,43649,2
1,10,698,2
3,47,10904,2
12,19,43659,2
3,47,10906,2
12,19,43701,2
3,47,10908,2
12,19,43705,2
12,20,43728,2
12,20,43744,2
12,20,43746,2
12,20,43748,2
12,20,43760,2
3,47,10910,2
3,47,10914,2
12,20,43768,2
12,20,43780,2
5,43,18361,2
1,10,720,2
12,20,43802,2
12,21,43817,2
12,21,43821,2
12,21,43829,2
12,21,43833,2
12,21,43835,2
9,27,32751,2
12,21,43841,2
3,47,10922,2
7,10,23746,2
8,12,27686,2
12,21,43861,2
12,21,43863,2
7,10,23752,2
12,21,43871,2
12,21,43883,2
12,21,43885,2
3,47,10934,2
8,12,27688,2
12,22,43910,2
1,10,742,2
5,43,18377,2
12,22,43916,2
12,22,43918,2
12,22,43926,2
5,43,18381,2
7,10,23758,2
8,53,30618,2
7,10,23768,2
12,22,43940,2
8,53,30620,2
12,22,43964,2
12,22,43966,2
3,47,10960,2
12,23,43985,2
12,23,43991,2
12,23,43997,2
12,23,43999,2
12,23,44003,2
12,23,44007,2
12,23,44013,2
1,11,768,2
12,23,44033,2
12,23,44035,2
12,24,44042,2
12,24,44044,2
3,47,10962,2
12,24,44064,2
10,9,35358,2
10,21,36185,2
12,24,44078,2
12,24,44092,2
7,10,23776,2
12,24,44106,2
12,24,44110,2
12,24,44114,2
12,24,44120,2
3,48,10971,2
12,25,44137,2
12,25,44139,2
12,25,44157,2
10,21,36187,2
12,25,44175,2
12,25,44179,2
12,25,44181,2
9,48,34285,2
12,26,44195,2
12,26,44197,2
12,26,44199,2
12,26,44201,2
12,26,44213,2
7,10,23784,2
12,26,44227,2
12,26,44229,2
12,26,44237,2
12,26,44239,2
12,26,44249,2
12,26,44251,2
12,26,44253,2
3,48,10985,2
12,27,44257,2
12,27,44259,2
1,11,796,2
12,27,44265,2
12,27,44273,2
3,48,10987,2
1,11,802,2
12,27,44291,2
8,53,30632,2
12,27,44301,2
12,27,44305,2
12,28,44308,2
12,28,44318,2
8,53,30634,2
12,28,44330,2
3,48,10995,2
12,28,44354,2
12,28,44358,2
12,28,44360,2
12,28,44376,2
3,48,11001,2
12,29,44395,2
12,29,44399,2
10,9,35366,2
12,29,44405,2
12,29,44427,2
12,29,44431,2
12,29,44435,2
9,48,34289,2
12,29,44445,2
12,29,44451,2
12,30,44458,2
5,44,18430,2
8,13,27719,2
12,30,44466,2
12,30,44468,2
12,30,44476,2
12,30,44486,2
12,30,44490,2
12,30,44494,2
10,9,35368,2
12,31,44515,2
12,31,44521,2
5,44,18436,2
12,31,44531,2
5,44,18438,2
1,12,841,2
12,31,44563,2
12,32,44602,2
12,32,44604,2
12,32,44606,2
12,32,44610,2
12,32,44620,2
8,13,27723,2
1,12,845,2
12,32,44636,2
1,12,849,2
12,32,44654,2
10,9,35372,2
12,33,44674,2
12,33,44676,2
12,33,44688,2
12,33,44724,2
1,12,857,2
12,34,44756,2
12,34,44758,2
12,34,44768,2
12,34,44770,2
1,12,861,2
12,34,44774,2
12,34,44776,2
3,49,11034,2
12,34,44782,2
12,34,44784,2
12,34,44790,2
12,35,44799,2
12,35,44803,2
12,35,44805,2
12,35,44809,2
12,35,44813,2
12,35,44815,2
12,35,44821,2
1,12,867,2
12,35,44831,2
8,13,27733,2
12,35,44843,2
12,35,44855,2
12,35,44859,2
12,35,44863,2
12,35,44867,2
12,35,44873,2
8,53,30650,2
12,35,44877,2
12,35,44879,2
12,36,44892,2
12,36,44894,2
12,36,44898,2
10,9,35374,2
8,13,27739,2
3,49,11048,2
3,49,11050,2
3,49,11052,2
1,13,888,2
1,13,892,2
3,49,11058,2
12,36,44954,2
12,37,44965,2
12,37,44973,2
12,37,44975,2
12,37,44981,2
3,49,11060,2
12,37,44995,2
12,37,45009,2
12,37,45021,2
12,37,45027,2
12,37,45033,2
12,37,45037,2
12,37,45043,2
12,37,45047,2
1,13,900,2
9,49,34302,2
1,13,906,2
12,38,45064,2
12,38,45066,2
12,38,45068,2
12,38,45070,2
12,38,45072,2
12,38,45082,2
12,38,45094,2
12,38,45108,2
12,38,45110,2
12,38,45112,2
12,38,45116,2
12,38,45124,2
3,49,11064,2
12,39,45165,2
12,39,45171,2
12,39,45177,2
12,39,45181,2
8,13,27745,2
8,13,27747,2
1,13,914,2
5,45,18473,2
3,49,11074,2
5,45,18475,2
12,39,45217,2
12,39,45227,2
12,40,45232,2
12,40,45240,2
12,40,45254,2
12,40,45270,2
12,41,45289,2
12,41,45295,2
12,41,45299,2
12,41,45301,2
3,49,11080,2
12,41,45305,2
3,49,11082,2
12,41,45319,2
12,41,45323,2
12,42,45334,2
12,42,45340,2
3,49,11084,2
12,42,45350,2
12,42,45356,2
12,42,45364,2
12,42,45366,2
12,42,45376,2
7,11,23837,2
12,42,45392,2
12,42,45394,2
12,43,45409,2
1,13,942,2
12,43,45423,2
12,43,45429,2
12,43,45443,2
8,13,27751,2
8,54,30661,2
9,27,32783,2
9,27,32785,2
12,44,45470,2
12,44,45474,2
12,44,45494,2
12,44,45510,2
12,45,45525,2
9,27,32787,2
8,13,27761,2
12,45,45541,2
12,45,45561,2
12,45,45569,2
3,49,11108,2
1,14,965,2
1,14,967,2
1,14,971,2
12,46,45622,2
12,46,45630,2
12,46,45632,2
1,14,973,2
12,46,45646,2
12,47,45651,2
12,47,45657,2
12,47,45675,2
12,48,45694,2
9,49,34306,2
12,48,45706,2
12,48,45710,2
12,48,45722,2
8,54,30675,2
12,49,45749,2
12,49,45755,2
12,49,45757,2
10,21,36193,2
12,49,45761,2
12,49,45765,2
3,49,11120,2
12,49,45771,2
12,49,45785,2
12,49,45803,2
12,50,45815,2
12,50,45827,2
12,50,45839,2
12,50,45849,2
12,50,45869,2
12,50,45875,2
12,50,45877,2
12,51,45898,2
12,51,45908,2
12,51,45918,2
12,51,45924,2
12,51,45926,2
12,51,45928,2
12,51,45930,2
12,51,45936,2
3,49,11122,2
12,51,45950,2
12,51,45976,2
7,11,23863,2
5,45,18507,2
12,52,46003,2
12,52,46009,2
12,52,46027,2
10,21,36195,2
1,14,997,2
12,52,46035,2
12,52,46039,2
12,52,46045,2
12,52,46051,2
12,53,46058,2
12,53,46074,2
12,53,46080,2
10,28,36788,2
8,13,27777,2
12,53,46138,2
12,60,46198,2
13,1,46207,2
1,14,1013,2
8,13,27779,2
13,1,46221,2
13,1,46225,2
13,1,46231,2
13,1,46235,2
13,1,46239,2
1,14,1017,2
13,1,46257,2
7,11,23873,2
13,1,46265,2
13,2,46280,2
3,50,11143,2
13,2,46304,2
13,2,46310,2
13,2,46312,2
8,13,27781,2
13,2,46322,2
13,2,46324,2
3,50,11147,2
13,3,46355,2
8,54,30683,2
13,3,46363,2
13,3,46365,2
13,3,46389,2
13,3,46399,2
13,3,46401,2
13,3,46407,2
13,3,46417,2
13,3,46425,2
8,13,27787,2
13,4,46432,2
13,4,46434,2
13,4,46438,2
1,15,1037,2
13,4,46444,2
13,4,46452,2
13,4,46462,2
13,4,46464,2
3,50,11155,2
3,50,11157,2
13,4,46478,2
1,15,1043,2
13,5,46513,2
13,5,46531,2
13,5,46543,2
8,13,27789,2
13,5,46553,2
13,5,46565,2
13,5,46571,2
13,5,46577,2
13,6,46602,2
5,45,18531,2
13,6,46646,2
13,6,46652,2
13,7,46685,2
10,47,38119,2
1,15,1055,2
13,7,46699,2
7,12,23890,2
13,7,46705,2
3,50,11171,2
13,7,46711,2
7,12,23892,2
13,8,46736,2
13,8,46740,2
8,14,27797,2
13,8,46764,2
13,8,46770,2
13,8,46774,2
13,8,46780,2
13,8,46784,2
3,50,11179,2
13,8,46792,2
13,8,46794,2
5,46,18546,2
3,51,11185,2
13,9,46819,2
13,9,46821,2
13,9,46829,2
1,15,1075,2
5,46,18548,2
13,9,46851,2
13,9,46863,2
7,12,23898,2
13,10,46876,2
13,10,46880,2
13,10,46884,2
13,10,46886,2
1,16,1086,2
3,51,11193,2
13,10,46894,2
13,10,46912,2
3,51,11197,2
1,16,1096,2
13,10,46930,2
1,16,1098,2
13,10,46938,2
9,49,34318,2
13,11,46951,2
13,11,46953,2
13,11,46957,2
13,11,46963,2
13,11,46967,2
13,11,46971,2
13,11,46973,2
13,11,46975,2
8,14,27803,2
13,11,46981,2
13,11,46985,2
13,11,46987,2
8,14,27805,2
13,12,47008,2
13,12,47014,2
13,12,47016,2
13,12,47020,2
13,12,47030,2
13,12,47040,2
13,12,47044,2
13,12,47046,2
13,12,47048,2
10,40,37692,2
7,12,23910,2
13,12,47060,2
13,12,47062,2
13,12,47066,2
13,12,47072,2
13,12,47082,2
13,12,47090,2
13,12,47092,2
1,16,1116,2
13,13,47103,2
13,13,47107,2
13,13,47109,2
13,13,47111,2
13,13,47125,2
13,13,47133,2
13,13,47141,2
1,16,1118,2
13,13,47159,2
5,46,18570,2
13,13,47173,2
13,14,47184,2
7,12,23916,2
8,14,27811,2
5,46,18576,2
7,12,23920,2
10,21,36205,2
1,17,1137,2
7,12,23926,2
8,14,27817,2
1,17,1143,2
8,14,27821,2
3,52,11240,2
7,12,23934,2
13,14,47236,2
1,17,1153,2
13,15,47247,2
5,47,18595,2
13,15,47269,2
5,47,18599,2
13,15,47279,2
13,16,47298,2
1,17,1161,2
13,16,47310,2
13,16,47322,2
13,16,47324,2
3,52,11250,2
13,17,47347,2
13,17,47351,2
13,17,47353,2
13,17,47363,2
13,17,47365,2
1,17,1165,2
13,18,47390,2
5,47,18601,2
3,52,11254,2
1,17,1171,2
13,18,47404,2
13,18,47408,2
13,18,47412,2
13,18,47416,2
13,18,47426,2
1,17,1175,2
13,18,47442,2
13,18,47446,2
13,18,47448,2
13,18,47456,2
13,19,47469,2
13,19,47471,2
3,52,11258,2
13,19,47477,2
13,19,47485,2
13,19,47489,2
13,19,47491,2
13,19,47531,2
13,20,47544,2
13,20,47550,2
13,20,47556,2
13,20,47558,2
7,12,23938,2
7,12,23940,2
13,20,47584,2
3,52,11266,2
13,21,47615,2
8,14,27827,2
1,18,1192,2
13,21,47621,2
13,21,47627,2
1,18,1196,2
13,21,47643,2
13,21,47653,2
13,21,47655,2
5,47,18613,2
1,18,1202,2
13,21,47665,2
13,21,47671,2
13,22,47694,2
13,22,47698,2
13,22,47702,2
8,56,30697,2
13,22,47708,2
13,22,47722,2
13,22,47726,2
10,9,35394,2
13,22,47752,2
13,22,47760,2
1,18,1208,2
10,21,36207,2
13,23,47771,2
7,13,23955,2
13,23,47775,2
9,28,32815,2
13,23,47789,2
13,23,47791,2
13,23,47801,2
13,23,47803,2
13,23,47805,2
10,28,36796,2
1,18,1228,2
1,18,1230,2
10,45,37965,2
13,24,47852,2
13,24,47864,2
13,24,47884,2
3,53,11303,2
13,24,47894,2
5,47,18639,2
13,24,47910,2
1,18,1240,2
13,25,47947,2
13,25,47959,2
8,15,27848,2
13,25,47979,2
13,25,47981,2
1,18,1244,2
13,25,47991,2
13,25,47993,2
5,47,18643,2
8,15,27850,2
13,26,48018,2
3,53,11315,2
13,26,48032,2
13,26,48036,2
13,26,48038,2
13,26,48042,2
13,26,48056,2
10,28,36800,2
5,47,18649,2
13,27,48073,2
13,27,48079,2
13,27,48087,2
5,47,18651,2
5,47,18657,2
7,13,23975,2
13,27,48119,2
13,28,48132,2
13,28,48138,2
13,28,48150,2
13,28,48152,2
3,53,11331,2
13,28,48158,2
13,28,48162,2
1,19,1271,2
13,28,48180,2
13,28,48182,2
13,28,48184,2
13,28,48202,2
13,28,48224,2
13,28,48232,2
13,29,48241,2
13,29,48247,2
13,29,48249,2
1,19,1273,2
13,29,48259,2
13,29,48261,2
13,29,48263,2
13,29,48265,2
1,19,1275,2
3,54,11334,2
13,29,48281,2
10,10,35407,2
13,29,48287,2
13,29,48293,2
13,29,48295,2
1,19,1281,2
13,30,48304,2
13,30,48310,2
7,13,23979,2
13,30,48330,2
13,30,48334,2
13,30,48340,2
13,30,48346,2
13,30,48358,2
13,30,48368,2
13,31,48385,2
13,31,48389,2
10,21,36217,2
13,31,48393,2
13,31,48409,2
13,31,48423,2
13,31,48425,2
13,31,48439,2
9,28,32829,2
13,32,48456,2
13,32,48462,2
9,28,32831,2
8,15,27864,2
13,32,48478,2
13,32,48488,2
13,32,48506,2
3,54,11350,2
13,32,48512,2
7,13,23993,2
13,33,48535,2
3,54,11356,2
13,33,48543,2
13,33,48549,2
13,33,48551,2
13,33,48555,2
13,33,48567,2
13,33,48575,2
3,54,11358,2
13,34,48592,2
9,28,32835,2
13,34,48610,2
13,34,48620,2
13,34,48626,2
1,19,1307,2
13,35,48631,2
8,15,27870,2
10,38,37494,2
13,35,48643,2
13,35,48647,2
13,35,48651,2
13,35,48657,2
13,35,48659,2
13,35,48665,2
13,35,48671,2
13,35,48679,2
13,35,48689,2
13,35,48701,2
13,35,48703,2
8,15,27874,2
13,36,48734,2
5,48,18688,2
13,36,48746,2
13,36,48758,2
13,36,48760,2
1,19,1319,2
13,36,48786,2
1,19,1321,2
13,36,48792,2
13,36,48802,2
13,36,48804,2
1,19,1323,2
13,37,48820,2
7,13,24003,2
13,37,48830,2
13,37,48832,2
13,37,48834,2
9,49,34344,2
13,37,48846,2
13,37,48848,2
7,13,24007,2
13,37,48856,2
13,37,48868,2
13,38,48891,2
13,38,48897,2
13,38,48903,2
13,38,48907,2
13,38,48921,2
13,38,48923,2
13,38,48927,2
13,38,48935,2
13,38,48937,2
1,19,1333,2
13,38,48943,2
13,39,48954,2
13,39,48958,2
13,39,48962,2
13,39,48968,2
1,19,1335,2
13,39,48996,2
13,39,49002,2
13,39,49004,2
13,40,49023,2
13,40,49031,2
13,40,49039,2
13,40,49045,2
3,56,11378,2
13,41,49086,2
13,41,49088,2
9,1,30734,2
13,41,49110,2
13,41,49116,2
13,41,49118,2
13,41,49132,2
13,41,49134,2
13,42,49143,2
13,42,49151,2
13,42,49153,2
1,19,1341,2
13,42,49171,2
13,42,49197,2
7,13,24011,2
13,42,49211,2
13,43,49214,2
13,43,49216,2
13,43,49226,2
13,43,49258,2
13,43,49262,2
13,44,49289,2
13,44,49295,2
13,44,49301,2
1,19,1347,2
13,44,49315,2
3,57,11387,2
1,20,1352,2
13,44,49331,2
5,48,18702,2
13,45,49352,2
13,45,49360,2
13,45,49370,2
13,45,49394,2
13,46,49416,2
13,46,49426,2
13,47,49438,2
13,47,49440,2
13,47,49444,2
13,47,49450,2
13,47,49468,2
13,47,49476,2
13,48,49497,2
13,48,49503,2
13,48,49527,2
3,57,11391,2
13,49,49568,2
13,49,49578,2
13,49,49586,2
13,49,49592,2
7,13,24015,2
13,49,49620,2
13,49,49640,2
5,48,18706,2
13,50,49664,2
13,50,49672,2
13,50,49680,2
13,50,49682,2
13,50,49684,2
13,50,49692,2
13,50,49696,2
13,50,49700,2
13,50,49702,2
13,51,49739,2
13,51,49759,2
5,48,18708,2
13,52,49796,2
13,52,49830,2
13,52,49832,2
13,52,49838,2
13,53,49844,2
13,53,49852,2
13,53,49858,2
13,53,49862,2
5,48,18714,2
13,53,49870,2
13,53,49876,2
14,1,49948,2
14,1,49978,2
1,20,1374,2
7,13,24021,2
14,1,49992,2
14,1,49994,2
3,58,11407,2
14,1,50006,2
14,2,50013,2
14,2,50019,2
10,28,36804,2
14,2,50033,2
14,2,50039,2
14,2,50047,2
8,15,27886,2
1,20,1386,2
14,2,50067,2
14,2,50079,2
14,3,50088,2
14,3,50090,2
14,3,50100,2
14,3,50102,2
14,3,50112,2
14,3,50116,2
5,48,18724,2
14,3,50126,2
14,3,50136,2
10,10,35417,2
14,4,50145,2
14,4,50147,2
14,4,50151,2
14,4,50159,2
14,4,50167,2
1,20,1392,2
14,4,50175,2
4,1,11422,2
14,4,50181,2
14,4,50199,2
14,5,50206,2
14,5,50212,2
14,5,50214,2
1,20,1396,2
1,20,1400,2
5,49,18728,2
14,5,50250,2
14,5,50264,2
1,20,1404,2
14,5,50278,2
14,5,50280,2
14,6,50291,2
7,13,24029,2
1,20,1408,2
14,6,50297,2
1,20,1410,2
14,6,50309,2
14,6,50311,2
14,6,50323,2
14,6,50325,2
10,10,35419,2
14,6,50329,2
14,6,50331,2
14,6,50333,2
14,7,50364,2
14,7,50368,2
9,49,34352,2
4,1,11432,2
8,15,27894,2
1,20,1420,2
14,7,50406,2
14,8,50421,2
14,8,50423,2
4,1,11436,2
1,21,1425,2
4,1,11442,2
14,8,50469,2
14,8,50473,2
14,8,50489,2
1,21,1441,2
14,9,50502,2
14,9,50510,2
14,9,50518,2
14,9,50528,2
10,21,36223,2
4,1,11454,2
1,21,1447,2
14,10,50567,2
4,1,11460,2
14,10,50573,2
14,10,50591,2
8,15,27902,2
14,10,50609,2
14,10,50613,2
14,10,50627,2
14,10,50629,2
14,11,50635,2
14,11,50643,2
14,11,50645,2
14,11,50661,2
14,11,50673,2
14,11,50677,2
14,11,50679,2
14,11,50681,2
10,21,36227,2
14,11,50689,2
10,21,36229,2
9,28,32859,2
14,12,50729,2
5,49,18760,2
14,12,50737,2
5,49,18762,2
7,14,24061,2
14,12,50745,2
1,21,1473,2
14,13,50766,2
14,13,50768,2
14,13,50778,2
14,13,50780,2
14,13,50782,2
4,1,11480,2
5,49,18770,2
14,13,50826,2
14,13,50838,2
9,1,30760,2
5,49,18778,2
9,28,32861,2
1,22,1493,2
9,50,34365,2
9,28,32865,2
4,2,11509,2
14,14,50871,2
14,14,50875,2
5,49,18792,2
14,14,50881,2
1,22,1511,2
14,14,50885,2
5,49,18796,2
14,14,50889,2
5,49,18798,2
14,15,50910,2
14,15,50912,2
14,15,50920,2
14,15,50922,2
9,1,30768,2
14,15,50942,2
14,15,50944,2
5,49,18804,2
14,16,50967,2
14,16,50975,2
14,16,50977,2
9,1,30770,2
14,16,50999,2
1,22,1525,2
14,17,51010,2
5,49,18808,2
14,17,51026,2
14,17,51040,2
9,1,30772,2
14,17,51054,2
14,17,51056,2
14,18,51065,2
14,18,51079,2
14,18,51081,2
10,21,36231,2
14,18,51103,2
1,22,1533,2
14,18,51107,2
14,18,51121,2
14,19,51126,2
9,1,30776,2
4,2,11535,2
14,19,51138,2
14,19,51142,2
14,19,51144,2
8,16,27929,2
14,19,51162,2
14,19,51168,2
14,19,51180,2
14,20,51193,2
14,20,51197,2
14,20,51199,2
9,1,30778,2
14,20,51207,2
4,2,11543,2
14,20,51217,2
14,20,51225,2
14,20,51227,2
9,1,30782,2
1,22,1555,2
14,20,51251,2
14,20,51257,2
10,28,36808,2
14,20,51265,2
14,21,51273,2
9,1,30786,2
14,21,51281,2
5,50,18835,2
14,21,51291,2
9,28,32875,2
7,15,24113,2
5,50,18843,2
1,23,1584,2
14,21,51321,2
14,21,51325,2
14,21,51331,2
14,22,51338,2
7,15,24115,2
14,22,51364,2
14,22,51394,2
5,50,18847,2
14,22,51400,2
14,22,51410,2
14,22,51416,2
14,23,51427,2
14,23,51429,2
1,23,1596,2
14,23,51447,2
14,23,51459,2
14,23,51465,2
5,50,18853,2
8,16,27949,2
10,40,37698,2
14,23,51477,2
14,23,51479,2
14,23,51483,2
14,24,51500,2
14,24,51506,2
14,24,51508,2
1,23,1608,2
1,23,1610,2
14,24,51534,2
14,24,51546,2
14,24,51548,2
14,25,51553,2
4,3,11584,2
14,25,51573,2
1,23,1616,2
14,25,51615,2
9,28,32879,2
14,26,51640,2
14,26,51644,2
14,26,51652,2
14,26,51656,2
14,26,51668,2
14,26,51672,2
14,26,51674,2
14,27,51692,2
14,27,51698,2
14,27,51702,2
14,27,51708,2
14,27,51710,2
14,27,51712,2
4,3,11592,2
14,27,51720,2
14,27,51726,2
4,3,11594,2
1,23,1626,2
14,28,51749,2
14,28,51751,2
14,28,51757,2
14,28,51777,2
14,28,51783,2
4,3,11596,2
14,28,51795,2
14,28,51805,2
9,50,34373,2
14,28,51809,2
5,50,18865,2
7,15,24131,2
4,3,11604,2
14,29,51858,2
7,15,24133,2
14,29,51866,2
14,29,51868,2
14,29,51884,2
14,29,51886,2
14,30,51890,2
9,1,30802,2
1,23,1646,2
14,30,51908,2
7,15,24137,2
14,30,51922,2
4,3,11616,2
14,30,51940,2
14,30,51942,2
14,31,51945,2
14,31,51949,2
14,31,51951,2
14,31,51955,2
14,31,51957,2
5,50,18875,2
1,24,1659,2
14,31,51965,2
14,31,51975,2
1,24,1665,2
14,31,52007,2
14,31,52009,2
14,31,52025,2
14,31,52029,2
10,33,37217,2
1,24,1669,2
7,15,24143,2
14,32,52056,2
14,32,52060,2
1,24,1673,2
1,24,1675,2
14,32,52072,2
14,32,52078,2
14,32,52090,2
14,32,52094,2
14,33,52129,2
14,33,52135,2
14,33,52145,2
14,34,52150,2
14,34,52162,2
5,50,18885,2
1,24,1681,2
14,34,52192,2
14,34,52200,2
14,35,52203,2
14,35,52209,2
10,21,36241,2
10,28,36816,2
4,3,11636,2
14,35,52225,2
14,35,52251,2
14,35,52259,2
4,3,11640,2
10,28,36818,2
14,35,52269,2
10,42,37852,2
14,35,52273,2
4,4,11653,2
14,36,52306,2
14,36,52326,2
14,36,52328,2
14,36,52340,2
14,36,52350,2
14,36,52356,2
14,37,52375,2
5,51,18904,2
1,24,1717,2
14,37,52385,2
14,37,52389,2
14,37,52391,2
9,50,34391,2
14,37,52395,2
14,37,52397,2
14,37,52415,2
14,37,52417,2
14,37,52419,2
7,16,24168,2
14,37,52429,2
14,37,52431,2
14,37,52433,2
14,37,52435,2
9,28,32901,2
4,4,11669,2
14,38,52472,2
14,38,52486,2
14,38,52488,2
5,51,18914,2
9,2,30825,2
14,39,52518,2
9,2,30829,2
1,25,1742,2
14,39,52536,2
8,17,27992,2
14,39,52564,2
1,25,1746,2
1,25,1748,2
14,39,52570,2
9,2,30831,2
14,39,52574,2
7,16,24184,2
14,40,52585,2
14,40,52595,2
9,29,32904,2
14,40,52601,2
1,25,1758,2
7,16,24188,2
14,40,52623,2
5,51,18934,2
14,40,52635,2
14,40,52637,2
9,2,30835,2
14,40,52663,2
14,40,52671,2
14,40,52673,2
14,41,52676,2
14,41,52678,2
14,41,52682,2
14,41,52686,2
14,41,52692,2
14,41,52698,2
14,41,52712,2
14,42,52719,2
14,42,52729,2
14,42,52747,2
14,42,52751,2
1,25,1766,2
14,42,52757,2
14,42,52761,2
14,42,52767,2
14,43,52786,2
8,17,28000,2
14,43,52800,2
14,43,52802,2
9,2,30837,2
14,44,52837,2
14,44,52843,2
14,44,52845,2
4,4,11701,2
14,44,52859,2
1,25,1774,2
14,44,52873,2
14,45,52888,2
14,45,52892,2
14,45,52894,2
8,17,28004,2
7,16,24200,2
14,46,52945,2
14,46,52953,2
14,46,52969,2
4,4,11711,2
14,46,52975,2
14,46,52979,2
14,46,52989,2
14,47,52998,2
14,47,53008,2
1,25,1790,2
14,47,53012,2
14,47,53016,2
14,47,53018,2
14,47,53032,2
14,47,53038,2
14,47,53048,2
14,48,53063,2
14,48,53075,2
14,48,53077,2
14,48,53079,2
14,48,53091,2
14,48,53105,2
14,48,53119,2
14,48,53125,2
14,49,53162,2
14,49,53194,2
14,49,53196,2
14,49,53198,2
14,49,53202,2
14,49,53208,2
14,50,53235,2
14,50,53263,2
14,50,53281,2
14,51,53284,2
14,51,53286,2
5,52,18951,2
14,51,53300,2
14,51,53332,2
14,51,53334,2
14,51,53340,2
14,51,53356,2
14,51,53368,2
14,51,53370,2
7,16,24204,2
14,52,53399,2
5,52,18955,2
14,52,53429,2
14,53,53438,2
14,53,53440,2
14,53,53458,2
7,17,24211,2
14,53,53478,2
14,59,53508,2
14,59,53520,2
15,1,53534,2
15,1,53566,2
15,1,53576,2
15,1,53580,2
9,2,30845,2
15,1,53590,2
15,2,53619,2
1,25,1806,2
15,2,53623,2
15,2,53643,2
4,4,11727,2
15,2,53665,2
15,2,53667,2
15,2,53671,2
15,2,53681,2
15,3,53686,2
9,29,32910,2
15,3,53692,2
15,3,53710,2
15,3,53722,2
15,3,53724,2
7,17,24217,2
5,52,18969,2
9,29,32912,2
4,5,11740,2
7,17,24221,2
7,17,24223,2
15,4,53761,2
15,4,53763,2
15,4,53765,2
15,4,53771,2
15,4,53785,2
4,5,11746,2
15,4,53789,2
15,4,53801,2
15,4,53803,2
8,17,28020,2
15,4,53809,2
15,4,53813,2
15,4,53827,2
15,4,53833,2
15,4,53839,2
15,4,53843,2
15,5,53850,2
1,26,1841,2
15,5,53858,2
15,5,53862,2
7,17,24229,2
15,5,53876,2
15,5,53880,2
15,5,53884,2
1,26,1849,2
15,5,53894,2
15,5,53908,2
7,17,24233,2
4,5,11764,2
15,6,53928,2
15,6,53930,2
15,6,53940,2
15,6,53952,2
15,6,53954,2
7,17,24235,2
15,6,53958,2
4,5,11770,2
15,6,53962,2
15,6,53964,2
8,17,28028,2
15,6,53972,2
15,7,53983,2
15,7,53993,2
15,7,54011,2
1,27,1868,2
15,7,54021,2
15,7,54031,2
15,7,54033,2
15,8,54060,2
15,8,54064,2
15,8,54068,2
15,8,54070,2
15,8,54090,2
15,8,54094,2
4,5,11776,2
9,2,30859,2
15,8,54108,2
4,5,11780,2
15,9,54119,2
15,9,54131,2
15,9,54139,2
15,9,54141,2
15,9,54143,2
15,9,54167,2
15,10,54172,2
15,10,54180,2
15,10,54182,2
15,10,54184,2
15,10,54192,2
15,10,54194,2
15,10,54212,2
15,10,54220,2
15,10,54222,2
4,5,11786,2
15,10,54230,2
15,10,54234,2
15,11,54271,2
4,5,11788,2
15,11,54281,2
15,11,54287,2
10,22,36259,2
15,11,54299,2
15,11,54301,2
1,27,1888,2
15,12,54336,2
15,12,54340,2
9,29,32926,2
15,12,54348,2
15,12,54350,2
15,12,54352,2
8,17,28040,2
9,29,32928,2
15,12,54360,2
15,12,54370,2
8,18,28045,2
1,27,1906,2
9,29,32930,2
4,6,11805,2
15,13,54421,2
15,13,54439,2
5,53,19016,2
15,13,54463,2
15,13,54471,2
5,53,19020,2
8,18,28051,2
1,27,1922,2
15,14,54483,2
15,14,54493,2
15,14,54497,2
1,28,1927,2
1,28,1931,2
15,14,54505,2
15,14,54509,2
1,28,1939,2
1,28,1941,2
4,6,11815,2
8,18,28053,2
15,14,54525,2
15,15,54532,2
15,15,54540,2
15,15,54544,2
4,6,11821,2
15,15,54552,2
7,18,24266,2
15,15,54564,2
15,15,54568,2
15,15,54580,2
15,15,54582,2
15,15,54584,2
15,16,54599,2
15,16,54603,2
15,16,54615,2
1,28,1957,2
15,17,54634,2
9,29,32934,2
15,18,54672,2
15,18,54678,2
15,18,54680,2
15,18,54696,2
8,18,28057,2
15,18,54706,2
15,18,54710,2
15,19,54737,2
15,19,54747,2
15,19,54749,2
10,40,37706,2
5,53,19034,2
10,10,35467,2
15,19,54765,2
15,19,54767,2
15,19,54775,2
15,19,54783,2
15,19,54787,2
15,19,54789,2
15,19,54793,2
1,28,1973,2
15,19,54801,2
15,19,54803,2
9,29,32940,2
1,28,1977,2
15,19,54819,2
15,20,54828,2
15,20,54832,2
15,20,54834,2
9,2,30883,2
7,18,24286,2
15,20,54856,2
4,6,11853,2
4,6,11855,2
15,20,54884,2
15,20,54888,2
15,20,54902,2
15,20,54904,2
15,21,54920,2
15,21,54926,2
7,18,24288,2
7,18,24290,2
9,2,30885,2
4,6,11863,2
4,6,11865,2
15,22,54979,2
15,22,54981,2
15,22,54997,2
15,22,55007,2
15,22,55011,2
1,28,2007,2
7,18,24294,2
15,22,55027,2
15,23,55040,2
15,23,55044,2
1,29,2012,2
4,6,11869,2
1,29,2016,2
15,23,55062,2
15,23,55070,2
10,34,37228,2
15,23,55076,2
15,23,55078,2
5,53,19062,2
15,23,55088,2
15,23,55112,2
15,24,55121,2
15,24,55135,2
15,24,55137,2
15,24,55145,2
1,29,2028,2
7,18,24300,2
15,24,55191,2
1,29,2032,2
15,25,55220,2
15,25,55232,2
15,25,55272,2
15,25,55282,2
15,25,55286,2
15,25,55292,2
9,50,34415,2
15,26,55333,2
15,26,55341,2
1,29,2042,2
15,27,55346,2
9,2,30893,2
15,27,55388,2
8,18,28085,2
4,7,11892,2
8,18,28087,2
1,29,2054,2
7,19,24316,2
15,28,55464,2
15,28,55480,2
15,29,55493,2
15,29,55495,2
15,29,55503,2
15,29,55507,2
1,29,2058,2
1,29,2060,2
15,29,55531,2
15,29,55557,2
15,30,55562,2
15,30,55564,2
1,29,2064,2
15,30,55580,2
15,30,55596,2
15,30,55600,2
15,30,55602,2
15,30,55606,2
1,29,2066,2
15,30,55618,2
15,30,55620,2
15,30,55626,2
15,30,55636,2
15,31,55653,2
15,31,55655,2
7,19,24318,2
15,31,55675,2
15,31,55681,2
15,31,55683,2
15,31,55693,2
15,31,55697,2
15,31,55699,2
15,31,55701,2
15,31,55705,2
15,31,55713,2
1,29,2070,2
15,32,55738,2
15,32,55740,2
15,32,55762,2
1,29,2072,2
15,32,55778,2
15,32,55780,2
7,19,24320,2
15,32,55790,2
15,33,55810,2
15,33,55814,2
15,33,55818,2
10,22,36267,2
15,33,55826,2
15,33,55830,2
15,33,55832,2
1,29,2082,2
15,33,55842,2
15,33,55850,2
15,34,55861,2
4,7,11908,2
15,34,55879,2
4,7,11910,2
15,34,55897,2
9,2,30901,2
15,35,55916,2
15,35,55920,2
15,35,55922,2
15,35,55924,2
15,35,55930,2
1,30,2095,2
1,30,2097,2
15,35,55950,2
15,35,55978,2
5,56,19104,2
7,19,24336,2
15,36,55993,2
10,28,36838,2
15,36,56005,2
15,36,56007,2
10,28,36840,2
1,30,2121,2
15,36,56023,2
15,36,56025,2
4,7,11940,2
1,30,2125,2
9,3,30914,2
15,37,56076,2
15,37,56078,2
7,19,24348,2
1,30,2131,2
15,37,56086,2
15,37,56112,2
7,19,24350,2
1,30,2135,2
15,37,56122,2
15,37,56124,2
4,7,11948,2
15,38,56151,2
1,30,2141,2
15,38,56161,2
10,45,37971,2
15,38,56169,2
15,38,56179,2
15,38,56189,2
15,38,56193,2
15,38,56197,2
9,3,30918,2
1,30,2147,2
15,38,56209,2
15,38,56217,2
15,38,56223,2
15,39,56228,2
15,39,56234,2
8,19,28114,2
5,57,19135,2
15,39,56260,2
15,39,56262,2
15,39,56270,2
4,8,11965,2
8,19,28120,2
1,30,2163,2
15,39,56306,2
15,40,56329,2
15,40,56331,2
15,40,56357,2
15,40,56363,2
15,40,56365,2
15,40,56367,2
5,59,19140,2
15,40,56379,2
15,41,56396,2
15,41,56398,2
15,41,56418,2
15,41,56420,2
1,30,2169,2
9,3,30924,2
15,42,56453,2
15,42,56459,2
15,42,56465,2
15,42,56471,2
15,42,56473,2
15,42,56481,2
15,42,56489,2
15,43,56511,2
15,43,56515,2
15,43,56543,2
4,8,11975,2
15,43,56549,2
15,43,56553,2
15,44,56568,2
4,8,11977,2
10,10,35487,2
15,44,56586,2
15,44,56592,2
15,44,56598,2
15,44,56606,2
15,45,56614,2
15,45,56620,2
15,45,56626,2
15,45,56630,2
15,45,56632,2
15,45,56648,2
15,45,56656,2
15,45,56682,2
15,46,56693,2
15,46,56699,2
15,46,56717,2
8,19,28130,2
15,46,56733,2
15,46,56745,2
9,3,30930,2
9,3,30934,2
15,47,56768,2
15,47,56776,2
15,47,56792,2
7,19,24388,2
15,47,56812,2
15,48,56845,2
1,31,2202,2
9,3,30936,2
7,19,24392,2
6,1,19173,2
15,48,56883,2
15,49,56902,2
15,49,56904,2
4,8,12007,2
15,49,56920,2
15,49,56922,2
15,49,56938,2
15,49,56944,2
15,49,56950,2
9,3,30938,2
15,50,56988,2
15,50,56998,2
1,31,2216,2
15,50,57010,2
15,50,57022,2
7,19,24396,2
4,8,12013,2
15,50,57056,2
15,50,57074,2
15,50,57078,2
1,31,2222,2
15,51,57095,2
15,51,57103,2
15,51,57105,2
15,51,57107,2
15,51,57109,2
15,51,57117,2
15,51,57119,2
15,51,57125,2
15,52,57134,2
15,52,57142,2
15,52,57148,2
15,52,57190,2
15,52,57192,2
7,19,24398,2
1,31,2226,2
1,31,2228,2
15,53,57255,2
15,55,57315,2
16,1,57374,2
10,40,37710,2
16,1,57388,2
4,8,12019,2
16,1,57396,2
16,2,57421,2
7,19,24402,2
16,2,57433,2
16,2,57435,2
16,2,57447,2
16,2,57449,2
1,31,2238,2
16,2,57463,2
16,2,57473,2
16,2,57479,2
16,2,57483,2
16,3,57496,2
1,31,2240,2
4,8,12025,2
16,3,57518,2
16,3,57520,2
16,3,57534,2
8,19,28146,2
16,3,57544,2
16,3,57550,2
16,3,57554,2
9,3,30942,2
16,3,57564,2
9,3,30944,2
16,4,57568,2
16,4,57574,2
16,4,57576,2
1,31,2250,2
16,4,57594,2
16,4,57604,2
16,4,57608,2
16,4,57610,2
16,4,57612,2
16,4,57614,2
16,5,57627,2
6,1,19191,2
8,19,28152,2
16,5,57645,2
16,5,57649,2
16,5,57651,2
16,5,57659,2
16,5,57661,2
16,5,57671,2
16,5,57699,2
16,6,57712,2
16,6,57716,2
16,6,57718,2
16,6,57720,2
16,6,57722,2
9,29,32976,2
4,8,12041,2
16,6,57742,2
16,6,57752,2
16,6,57760,2
16,6,57772,2
8,19,28156,2
16,6,57796,2
8,19,28158,2
16,6,57804,2
16,7,57809,2
16,7,57813,2
16,7,57815,2
16,7,57821,2
16,7,57833,2
7,20,24421,2
7,20,24427,2
16,7,57841,2
16,7,57845,2
1,32,2283,2
16,7,57853,2
4,9,12062,2
16,8,57936,2
16,8,57940,2
16,9,57952,2
16,9,57960,2
16,9,57966,2
1,32,2289,2
16,9,57972,2
16,9,57984,2
4,9,12064,2
4,9,12066,2
16,9,57998,2
16,9,58000,2
16,9,58002,2
16,9,58006,2
16,9,58008,2
16,10,58032,2
1,32,2297,2
6,1,19217,2
16,10,58054,2
6,1,19219,2
16,10,58102,2
16,10,58104,2
4,9,12078,2
16,10,58110,2
16,10,58112,2
16,10,58114,2
16,10,58116,2
16,10,58124,2
8,19,28162,2
16,11,58136,2
16,11,58140,2
6,1,19223,2
16,11,58160,2
9,3,30948,2
16,11,58164,2
16,11,58166,2
16,11,58168,2
16,11,58170,2
16,12,58190,2
16,12,58194,2
16,12,58218,2
6,1,19229,2
16,12,58224,2
16,12,58228,2
16,12,58230,2
1,32,2327,2
16,12,58246,2
16,12,58252,2
8,19,28168,2
16,13,58315,2
16,13,58317,2
16,13,58339,2
1,32,2335,2
16,14,58353,2
4,9,12102,2
16,14,58357,2
16,14,58359,2
1,32,2341,2
16,14,58363,2
4,9,12104,2
1,32,2351,2
1,32,2353,2
16,14,58381,2
16,14,58383,2
16,14,58385,2
16,14,58387,2
16,14,58391,2
9,29,32978,2
16,14,58397,2
16,14,58399,2
16,14,58401,2
16,14,58403,2
16,15,58415,2
16,15,58429,2
16,15,58433,2
16,15,58435,2
1,33,2362,2
16,15,58459,2
16,15,58475,2
16,16,58488,2
16,16,58500,2
16,16,58504,2
4,9,12112,2
16,16,58508,2
16,16,58526,2
16,16,58528,2
10,49,38297,2
16,17,58553,2
16,17,58567,2
16,17,58569,2
8,19,28176,2
16,17,58573,2
16,17,58579,2
16,18,58607,2
16,18,58611,2
16,18,58619,2
9,51,34437,2
8,20,28181,2
16,19,58666,2
16,19,58670,2
16,19,58678,2
16,19,58680,2
16,19,58688,2
6,2,19250,2
10,11,35493,2
6,2,19254,2
16,19,58726,2
16,19,58728,2
16,20,58751,2
4,10,12131,2
1,33,2384,2
16,20,58769,2
1,33,2386,2
16,20,58779,2
16,20,58787,2
16,20,58791,2
16,20,58793,2
1,33,2390,2
16,20,58803,2
4,10,12135,2
9,51,34441,2
1,33,2396,2
16,20,58833,2
16,20,58835,2
16,20,58839,2
16,21,58846,2
4,10,12141,2
16,21,58862,2
16,21,58868,2
16,21,58872,2
6,2,19262,2
1,33,2406,2
16,21,58886,2
16,21,58888,2
16,21,58890,2
1,33,2408,2
16,22,58929,2
10,38,37516,2
9,3,30966,2
16,22,58935,2
16,22,58941,2
6,2,19268,2
16,22,58957,2
16,22,58963,2
16,23,59000,2
16,23,59006,2
16,23,59008,2
7,20,24469,2
8,20,28199,2
16,23,59028,2
16,23,59032,2
9,30,32996,2
16,23,59046,2
8,20,28203,2
16,23,59050,2
16,23,59054,2
10,34,37240,2
16,23,59064,2
16,23,59070,2
16,24,59083,2
16,24,59089,2
16,24,59093,2
9,3,30978,2
4,10,12171,2
16,24,59123,2
16,24,59127,2
16,24,59133,2
4,10,12177,2
16,24,59139,2
16,24,59141,2
16,24,59143,2
16,24,59151,2
6,2,19290,2
16,25,59172,2
4,10,12181,2
16,25,59176,2
16,25,59184,2
16,25,59188,2
16,25,59196,2
16,25,59216,2
16,25,59220,2
1,35,2456,2
16,25,59260,2
16,25,59262,2
16,26,59267,2
16,26,59271,2
16,26,59281,2
16,26,59285,2
16,26,59287,2
16,26,59289,2
1,35,2458,2
16,27,59302,2
16,27,59326,2
16,27,59330,2
7,21,24488,2
16,27,59338,2
16,28,59355,2
16,28,59357,2
16,28,59359,2
1,35,2464,2
1,35,2466,2
16,28,59389,2
16,28,59395,2
16,28,59403,2
4,10,12187,2
16,28,59409,2
16,28,59411,2
1,35,2470,2
16,29,59434,2
6,2,19296,2
4,10,12193,2
1,35,2478,2
16,29,59452,2
16,29,59460,2
4,10,12195,2
6,2,19300,2
16,30,59499,2
16,30,59501,2
16,30,59513,2
16,30,59519,2
16,30,59529,2
6,2,19302,2
16,30,59541,2
16,30,59545,2
9,3,30982,2
16,31,59557,2
16,31,59575,2
7,21,24492,2
16,31,59597,2
16,31,59601,2
1,35,2494,2
4,11,12207,2
16,31,59613,2
4,11,12213,2
16,31,59629,2
16,31,59631,2
16,31,59633,2
16,32,59644,2
4,11,12215,2
16,32,59676,2
16,32,59678,2
16,32,59692,2
16,32,59704,2
16,32,59718,2
1,35,2506,2
10,34,37242,2
16,33,59743,2
16,33,59749,2
16,33,59759,2
16,33,59767,2
16,34,59792,2
16,34,59796,2
16,34,59836,2
9,3,30988,2
10,22,36289,2
9,30,33006,2
16,35,59889,2
1,35,2528,2
10,34,37246,2
16,35,59901,2
6,3,19335,2
1,35,2538,2
1,35,2542,2
4,11,12245,2
16,35,59933,2
16,35,59939,2
1,36,2549,2
1,36,2553,2
16,36,59960,2
16,36,59962,2
16,36,59970,2
16,36,59984,2
16,36,59986,2
16,36,59990,2
16,36,59998,2
16,36,60002,2
16,36,60006,2
16,36,60014,2
16,36,60020,2
16,36,60030,2
16,37,60047,2
16,37,60049,2
1,36,2555,2
16,37,60059,2
6,3,19341,2
16,37,60073,2
16,37,60081,2
16,37,60083,2
9,3,30998,2
1,36,2561,2
1,36,2563,2
16,37,60109,2
4,11,12251,2
16,37,60113,2
1,36,2567,2
9,30,33012,2
16,38,60145,2
16,38,60163,2
16,38,60167,2
16,38,60173,2
16,38,60177,2
6,3,19349,2
16,38,60193,2
16,38,60195,2
16,38,60199,2
16,38,60207,2
7,21,24518,2
1,36,2577,2
16,39,60234,2
16,39,60242,2
16,39,60244,2
6,3,19353,2
8,20,28239,2
1,36,2589,2
1,36,2591,2
7,21,24524,2
16,40,60269,2
16,40,60271,2
16,40,60323,2
16,40,60339,2
16,41,60346,2
16,41,60354,2
16,41,60378,2
16,41,60390,2
10,11,35507,2
16,41,60398,2
1,36,2597,2
16,41,60404,2
16,41,60412,2
16,42,60425,2
16,42,60437,2
16,43,60476,2
16,43,60488,2
16,43,60504,2
16,44,60519,2
16,44,60525,2
6,3,19367,2
16,44,60547,2
6,3,19369,2
16,45,60564,2
16,45,60578,2
16,45,60580,2
16,45,60584,2
6,3,19371,2
16,46,60609,2
16,46,60611,2
16,46,60613,2
16,46,60615,2
6,3,19375,2
16,46,60633,2
16,46,60635,2
16,46,60641,2
16,46,60657,2
4,12,12287,2
1,37,2618,2
1,37,2620,2
16,47,60674,2
16,47,60690,2
16,47,60704,2
16,47,60708,2
16,47,60732,2
7,21,24532,2
16,48,60749,2
16,48,60751,2
16,48,60753,2
16,48,60779,2
1,37,2624,2
9,30,33018,2
16,48,60791,2
1,37,2632,2
16,49,60816,2
16,49,60822,2
16,49,60844,2
9,4,31009,2
16,50,60873,2
16,50,60927,2
16,50,60933,2
1,37,2636,2
9,30,33020,2
16,51,60964,2
16,51,60966,2
16,51,60972,2
16,51,60976,2
16,51,60998,2
16,52,61009,2
16,52,61023,2
16,52,61025,2
1,37,2642,2
10,11,35509,2
16,52,61059,2
1,37,2646,2
16,52,61067,2
16,52,61069,2
16,52,61071,2
16,52,61073,2
16,53,61080,2
4,12,12307,2
16,53,61106,2
7,22,24551,2
1,37,2658,2
16,53,61126,2
16,53,61134,2
16,55,61168,2
16,57,61192,2
17,1,61205,2
17,1,61225,2
17,1,61245,2
4,12,12311,2
10,22,36295,2
17,1,61263,2
17,1,61269,2
8,21,28261,2
17,2,61294,2
17,2,61308,2
17,2,61310,2
17,2,61312,2
17,2,61314,2
17,2,61316,2
17,2,61318,2
17,2,61334,2
17,2,61342,2
17,2,61360,2
17,2,61364,2
17,2,61366,2
17,2,61376,2
17,2,61380,2
1,37,2668,2
17,3,61391,2
17,3,61403,2
9,4,31019,2
17,3,61407,2
17,3,61425,2
17,3,61457,2
17,3,61461,2
17,3,61463,2
17,3,61465,2
17,3,61469,2
17,4,61482,2
17,4,61494,2
17,4,61502,2
17,4,61506,2
17,4,61512,2
4,12,12323,2
1,37,2680,2
17,4,61520,2
8,21,28267,2
17,4,61530,2
17,4,61534,2
17,4,61542,2
17,4,61546,2
17,5,61559,2
10,11,35513,2
17,5,61579,2
4,12,12333,2
17,5,61615,2
17,5,61617,2
17,5,61619,2
17,5,61621,2
17,6,61634,2
10,45,37977,2
17,6,61642,2
17,6,61646,2
17,6,61650,2
4,12,12337,2
17,6,61658,2
1,38,2695,2
17,6,61678,2
17,6,61686,2
17,6,61692,2
17,6,61698,2
17,6,61704,2
17,6,61706,2
1,38,2697,2
17,7,61741,2
17,7,61745,2
9,30,33034,2
17,7,61763,2
9,4,31031,2
9,30,33036,2
17,7,61769,2
17,7,61771,2
7,22,24583,2
17,7,61777,2
17,7,61781,2
17,7,61785,2
17,8,61800,2
10,29,36863,2
1,38,2723,2
9,30,33044,2
17,8,61830,2
17,8,61834,2
1,38,2727,2
17,8,61860,2
8,21,28291,2
17,9,61878,2
17,9,61882,2
17,9,61890,2
4,13,12362,2
4,13,12366,2
1,38,2741,2
17,9,61910,2
17,9,61914,2
4,13,12368,2
17,9,61928,2
17,9,61930,2
1,38,2749,2
17,10,61947,2
17,10,61951,2
7,22,24597,2
17,10,61969,2
17,10,61991,2
6,4,19446,2
17,10,61995,2
17,10,61997,2
17,10,62009,2
17,11,62018,2
9,51,34473,2
17,11,62026,2
17,11,62056,2
17,11,62062,2
17,11,62064,2
8,21,28299,2
17,11,62082,2
17,11,62084,2
1,38,2761,2
17,12,62093,2
17,12,62103,2
17,12,62111,2
1,38,2765,2
17,12,62121,2
17,12,62125,2
17,13,62154,2
17,13,62158,2
17,13,62160,2
17,13,62168,2
17,13,62178,2
17,13,62182,2
1,38,2769,2
17,13,62194,2
17,13,62218,2
8,21,28303,2
17,13,62230,2
17,13,62242,2
8,21,28305,2
17,14,62253,2
10,11,35525,2
17,14,62263,2
17,14,62275,2
8,21,28309,2
17,14,62281,2
17,14,62285,2
4,13,12396,2
9,4,31053,2
4,13,12402,2
17,14,62297,2
17,14,62299,2
1,39,2794,2
17,15,62320,2
17,15,62330,2
17,15,62334,2
17,15,62338,2
17,15,62344,2
17,15,62348,2
17,16,62357,2
17,16,62365,2
17,16,62371,2
1,39,2796,2
4,13,12406,2
4,13,12410,2
17,17,62388,2
17,17,62392,2
17,17,62404,2
17,17,62406,2
6,4,19470,2
17,17,62412,2
17,17,62416,2
1,39,2806,2
17,18,62428,2
17,18,62432,2
17,18,62436,2
17,18,62444,2
17,18,62464,2
9,4,31055,2
9,4,31057,2
1,39,2818,2
17,18,62484,2
17,18,62490,2
17,18,62498,2
17,18,62500,2
17,19,62507,2
17,19,62519,2
17,19,62529,2
17,19,62531,2
7,23,24630,2
17,19,62541,2
1,39,2824,2
1,39,2828,2
17,19,62587,2
17,19,62591,2
1,39,2832,2
8,22,28324,2
7,23,24638,2
17,20,62626,2
10,11,35527,2
1,39,2846,2
17,20,62646,2
1,39,2852,2
17,20,62662,2
4,14,12440,2
17,20,62686,2
17,21,62691,2
1,39,2858,2
17,21,62697,2
17,21,62705,2
17,21,62707,2
17,21,62727,2
17,21,62735,2
17,21,62739,2
17,21,62741,2
17,21,62743,2
8,22,28328,2
6,5,19497,2
17,22,62772,2
17,22,62780,2
17,22,62786,2
17,22,62790,2
17,22,62794,2
17,22,62798,2
6,5,19499,2
17,22,62808,2
17,22,62822,2
17,22,62826,2
1,40,2869,2
17,22,62840,2
17,22,62842,2
10,29,36867,2
17,22,62846,2
17,22,62848,2
7,23,24646,2
17,22,62854,2
17,22,62856,2
9,4,31065,2
8,22,28334,2
4,14,12462,2
17,23,62897,2
17,23,62901,2
6,5,19509,2
17,23,62911,2
17,23,62917,2
17,23,62927,2
1,40,2887,2
1,40,2889,2
17,23,62949,2
17,24,62958,2
7,23,24652,2
17,24,62988,2
17,24,62992,2
17,24,63020,2
17,24,63042,2
17,24,63056,2
17,24,63062,2
17,24,63070,2
17,25,63078,2
17,25,63094,2
17,25,63096,2
17,25,63098,2
17,25,63100,2
17,25,63118,2
17,25,63126,2
17,25,63134,2
10,34,37254,2
17,25,63164,2
17,25,63174,2
17,26,63184,2
17,26,63198,2
17,26,63226,2
17,26,63228,2
17,26,63238,2
17,26,63242,2
4,14,12472,2
9,4,31069,2
17,27,63281,2
17,27,63287,2
8,22,28340,2
17,27,63295,2
17,27,63313,2
17,28,63330,2
17,28,63338,2
17,28,63342,2
10,29,36871,2
17,28,63350,2
17,28,63366,2
17,28,63380,2
17,28,63382,2
4,14,12484,2
17,28,63404,2
17,29,63415,2
9,31,33063,2
7,23,24666,2
17,29,63437,2
9,4,31075,2
17,29,63461,2
7,23,24676,2
17,29,63479,2
1,40,2929,2
1,40,2931,2
17,30,63504,2
17,30,63526,2
17,30,63528,2
17,30,63530,2
9,52,34492,2
17,30,63540,2
9,4,31085,2
17,30,63546,2
17,31,63568,2
4,15,12513,2
17,31,63584,2
17,31,63586,2
7,23,24684,2
17,31,63618,2
17,31,63626,2
17,31,63628,2
17,31,63642,2
17,31,63650,2
17,31,63656,2
17,32,63666,2
17,32,63672,2
17,32,63676,2
17,32,63678,2
17,32,63682,2
4,15,12519,2
17,32,63744,2
17,32,63746,2
9,31,33073,2
17,32,63758,2
7,23,24688,2
17,32,63764,2
17,33,63783,2
10,48,38240,2
17,33,63807,2
17,33,63827,2
8,22,28364,2
6,5,19559,2
6,5,19561,2
1,41,2964,2
17,34,63858,2
6,5,19563,2
9,5,31096,2
17,34,63888,2
8,22,28372,2
4,15,12543,2
6,6,19572,2
17,35,63913,2
7,24,24707,2
17,35,63919,2
17,35,63927,2
17,35,63933,2
17,35,63939,2
17,35,63957,2
17,35,63963,2
6,6,19580,2
17,35,63967,2
17,36,64002,2
1,41,2992,2
17,36,64006,2
1,41,2996,2
10,22,36319,2
17,36,64014,2
17,36,64016,2
17,36,64018,2
17,36,64020,2
17,36,64022,2
17,36,64026,2
4,16,12562,2
17,36,64040,2
17,36,64042,2
17,36,64044,2
17,36,64046,2
6,6,19588,2
17,36,64050,2
6,6,19590,2
17,36,64060,2
17,36,64068,2
17,37,64075,2
17,37,64081,2
1,41,3010,2
1,41,3012,2
17,37,64089,2
17,37,64091,2
17,37,64101,2
17,37,64105,2
17,37,64109,2
17,37,64113,2
6,6,19596,2
17,37,64119,2
17,37,64121,2
17,37,64129,2
17,38,64138,2
17,38,64142,2
17,38,64146,2
9,5,31104,2
9,31,33085,2
17,38,64158,2
17,38,64166,2
7,24,24719,2
17,38,64182,2
8,22,28384,2
17,38,64190,2
17,38,64208,2
17,39,64217,2
17,39,64221,2
17,39,64223,2
17,39,64231,2
17,39,64241,2
17,39,64247,2
17,39,64249,2
17,39,64251,2
1,42,3027,2
1,42,3029,2
9,52,34502,2
17,39,64273,2
7,24,24727,2
17,40,64304,2
17,40,64312,2
4,16,12588,2
17,40,64362,2
17,40,64364,2
17,41,64375,2
1,42,3041,2
10,34,37260,2
4,17,12594,2
17,42,64410,2
17,43,64458,2
17,43,64460,2
4,17,12596,2
17,43,64468,2
10,22,36325,2
4,17,12600,2
8,23,28397,2
1,42,3057,2
17,44,64538,2
17,44,64542,2
17,44,64546,2
17,44,64554,2
17,44,64566,2
17,44,64570,2
17,44,64572,2
17,45,64591,2
17,45,64603,2
17,45,64607,2
6,6,19622,2
17,45,64627,2
17,46,64648,2
17,46,64656,2
8,23,28399,2
17,46,64676,2
17,46,64678,2
17,46,64684,2
17,46,64686,2
17,46,64702,2
17,46,64708,2
17,47,64716,2
17,47,64724,2
17,47,64738,2
4,17,12614,2
9,31,33095,2
17,47,64764,2
17,48,64789,2
17,48,64791,2
17,48,64795,2
17,48,64803,2
9,31,33097,2
17,48,64809,2
1,42,3075,2
9,31,33099,2
17,49,64840,2
17,49,64850,2
17,49,64854,2
7,24,24747,2
17,49,64862,2
17,49,64870,2
17,49,64886,2
17,50,64907,2
1,43,3083,2
17,50,64915,2
1,43,3087,2
17,50,64927,2
8,23,28413,2
17,51,64944,2
17,51,64952,2
17,51,64962,2
17,51,64978,2
7,24,24755,2
17,51,64992,2
17,51,65012,2
17,51,65014,2
17,51,65018,2
6,7,19647,2
17,52,65032,2
17,52,65040,2
17,52,65060,2
4,17,12634,2
17,52,65080,2
8,23,28417,2
4,17,12640,2
17,53,65141,2
1,43,3103,2
17,55,65167,2
17,55,65169,2
17,56,65173,2
7,24,24761,2
18,1,65224,2
10,42,37866,2
18,1,65232,2
9,52,34512,2
18,1,65244,2
18,1,65256,2
8,23,28423,2
8,23,28425,2
6,7,19663,2
18,2,65297,2
7,24,24773,2
18,2,65303,2
18,2,65313,2
18,2,65321,2
18,2,65323,2
4,18,12658,2
10,48,38242,2
18,2,65339,2
18,2,65345,2
18,2,65349,2
18,2,65365,2
8,23,28429,2
4,18,12668,2
6,7,19675,2
18,3,65390,2
18,3,65400,2
18,3,65414,2
4,18,12674,2
18,3,65418,2
18,3,65432,2
18,4,65443,2
10,29,36891,2
18,4,65449,2
1,44,3155,2
18,4,65457,2
18,4,65461,2
18,4,65465,2
1,44,3157,2
10,34,37268,2
18,4,65489,2
18,4,65497,2
18,5,65508,2
18,5,65514,2
18,5,65538,2
4,18,12686,2
18,5,65546,2
18,5,65560,2
4,18,12688,2
18,5,65566,2
10,29,36895,2
18,5,65584,2
6,7,19689,2
18,6,65603,2
18,6,65607,2
4,18,12696,2
1,44,3173,2
18,6,65623,2
18,6,65625,2
18,6,65629,2
4,18,12698,2
9,52,34526,2
18,7,65665,2
18,7,65669,2
18,7,65677,2
18,7,65679,2
9,31,33119,2
18,7,65691,2
18,7,65707,2
18,8,65710,2
18,8,65712,2
6,7,19695,2
18,8,65734,2
18,8,65740,2
6,7,19699,2
18,8,65758,2
18,8,65768,2
4,18,12712,2
18,8,65784,2
10,22,36341,2
7,25,24804,2
1,45,3198,2
18,9,65801,2
18,9,65803,2
18,9,65807,2
18,9,65809,2
8,23,28449,2
8,23,28451,2
18,9,65825,2
18,9,65831,2
18,9,65833,2
18,9,65857,2
18,10,65868,2
18,10,65872,2
18,10,65878,2
18,10,65904,2
9,31,33127,2
18,10,65918,2
18,10,65924,2
7,25,24816,2
6,7,19721,2
8,23,28457,2
18,11,65968,2
18,11,65976,2
1,45,3218,2
4,19,12736,2
18,11,66004,2
9,5,31154,2
4,19,12744,2
6,8,19728,2
18,12,66055,2
9,5,31156,2
18,12,66061,2
18,12,66065,2
18,12,66073,2
18,13,66080,2
18,13,66082,2
18,13,66092,2
18,13,66096,2
1,46,3241,2
18,13,66114,2
9,5,31158,2
18,13,66134,2
18,13,66142,2
4,19,12754,2
6,8,19734,2
1,46,3249,2
6,8,19736,2
18,14,66196,2
18,14,66200,2
4,19,12762,2
18,14,66214,2
9,52,34530,2
1,46,3259,2
18,14,66222,2
18,14,66224,2
18,15,66235,2
18,15,66239,2
18,15,66241,2
18,15,66243,2
10,34,37270,2
18,15,66257,2
18,15,66261,2
18,15,66269,2
18,16,66280,2
18,16,66282,2
18,16,66292,2
18,16,66296,2
18,16,66298,2
18,16,66314,2
18,16,66316,2
18,16,66324,2
18,17,66331,2
18,17,66333,2
1,46,3265,2
18,17,66337,2
18,17,66349,2
4,19,12772,2
18,17,66365,2
18,17,66375,2
18,17,66377,2
18,17,66381,2
8,23,28471,2
9,31,33133,2
6,8,19750,2
9,52,34534,2
18,18,66418,2
18,18,66424,2
1,46,3279,2
10,40,37728,2
18,18,66432,2
18,18,66446,2
18,18,66448,2
18,19,66455,2
18,19,66459,2
18,19,66461,2
10,34,37274,2
18,19,66469,2
18,19,66477,2
18,19,66497,2
18,19,66503,2
18,19,66507,2
9,5,31172,2
18,19,66513,2
6,8,19760,2
18,19,66517,2
18,19,66529,2
18,19,66531,2
1,46,3289,2
18,20,66540,2
18,20,66546,2
7,25,24844,2
10,23,36350,2
18,20,66568,2
1,46,3295,2
18,20,66576,2
6,8,19766,2
18,20,66582,2
18,20,66586,2
18,20,66588,2
18,20,66600,2
18,21,66607,2
4,19,12798,2
7,25,24850,2
4,20,12803,2
18,21,66647,2
4,20,12805,2
18,21,66659,2
18,21,66667,2
18,21,66671,2
18,22,66690,2
18,22,66692,2
6,8,19776,2
18,22,66708,2
10,29,36903,2
18,22,66740,2
18,22,66742,2
18,22,66744,2
18,22,66746,2
7,25,24858,2
18,22,66750,2
1,47,3328,2
18,22,66758,2
18,23,66775,2
4,20,12823,2
18,23,66781,2
18,23,66785,2
6,8,19782,2
18,23,66793,2
10,34,37276,2
18,23,66809,2
18,23,66815,2
18,23,66817,2
4,20,12829,2
6,8,19788,2
18,24,66848,2
10,12,35583,2
18,24,66856,2
18,24,66858,2
18,24,66872,2
18,24,66882,2
18,24,66902,2
10,48,38244,2
18,24,66908,2
18,24,66912,2
18,24,66924,2
18,24,66926,2
18,24,66936,2
18,25,66941,2
18,25,66951,2
1,47,3346,2
1,47,3348,2
18,25,66979,2
18,25,66995,2
1,47,3350,2
18,25,67009,2
9,6,31187,2
9,32,33154,2
18,26,67031,2
18,26,67037,2
18,26,67039,2
18,26,67041,2
18,26,67055,2
8,24,28500,2
18,27,67076,2
18,27,67078,2
1,48,3363,2
10,34,37280,2
1,48,3369,2
18,27,67102,2
7,25,24880,2
18,27,67110,2
4,20,12855,2
18,27,67120,2
18,28,67125,2
18,28,67127,2
18,28,67135,2
18,28,67137,2
18,28,67145,2
18,28,67151,2
1,48,3375,2
18,28,67157,2
18,28,67163,2
15,53,57253,2
18,28,67171,2
9,32,33158,2
18,28,67183,2
18,29,67206,2
4,20,12861,2
18,29,67216,2
18,29,67222,2
4,20,12865,2
9,32,33160,2
9,6,31197,2
18,30,67281,2
9,6,31199,2
18,30,67291,2
9,6,31201,2
7,26,24895,2
18,30,67317,2
9,6,31203,2
18,30,67323,2
18,30,67325,2
18,31,67340,2
4,21,12880,2
18,31,67346,2
4,21,12882,2
6,9,19830,2
18,31,67388,2
18,31,67392,2
18,31,67396,2
18,31,67410,2
4,21,12888,2
18,32,67427,2
18,32,67431,2
4,21,12890,2
18,32,67451,2
18,32,67455,2
18,32,67463,2
18,32,67469,2
18,32,67471,2
18,32,67473,2
18,32,67485,2
6,9,19832,2
18,32,67497,2
18,33,67504,2
10,12,35589,2
10,23,36362,2
18,33,67520,2
18,33,67524,2
6,9,19840,2
8,24,28526,2
18,34,67551,2
6,9,19846,2
18,34,67563,2
18,34,67579,2
18,34,67583,2
1,49,3432,2
18,35,67604,2
7,26,24909,2
18,35,67614,2
18,35,67626,2
18,35,67630,2
18,35,67642,2
18,35,67650,2
18,35,67652,2
4,21,12910,2
7,26,24911,2
18,35,67674,2
18,36,67685,2
18,36,67691,2
18,36,67693,2
6,10,19857,2
4,21,12920,2
1,49,3448,2
9,32,33172,2
18,36,67721,2
1,49,3460,2
18,36,67743,2
18,37,67754,2
10,34,37282,2
1,49,3466,2
18,37,67764,2
7,26,24921,2
18,37,67776,2
18,37,67782,2
18,37,67784,2
18,37,67794,2
18,37,67798,2
4,21,12936,2
18,37,67806,2
18,37,67812,2
18,38,67851,2
18,38,67853,2
18,38,67855,2
18,38,67859,2
18,38,67863,2
18,38,67867,2
6,10,19867,2
18,38,67873,2
6,10,19869,2
18,39,67902,2
18,39,67912,2
8,24,28536,2
18,39,67916,2
1,49,3478,2
18,39,67922,2
18,39,67928,2
18,39,67930,2
18,39,67932,2
1,49,3480,2
1,49,3482,2
18,39,67950,2
9,53,34562,2
18,39,67960,2
18,39,67966,2
18,39,67980,2
18,40,67983,2
6,10,19875,2
18,40,67991,2
18,40,67995,2
18,40,68005,2
1,49,3488,2
10,23,36366,2
18,41,68038,2
18,41,68042,2
18,41,68044,2
18,41,68050,2
10,38,37538,2
8,24,28544,2
8,24,28546,2
18,41,68068,2
6,10,19887,2
18,42,68092,2
18,42,68100,2
6,10,19889,2
18,42,68116,2
18,42,68120,2
8,24,28548,2
18,42,68136,2
18,42,68138,2
18,42,68146,2
9,6,31227,2
18,43,68181,2
8,24,28552,2
18,43,68195,2
18,43,68197,2
9,6,31231,2
6,10,19911,2
4,22,12987,2
18,44,68218,2
4,22,12989,2
6,10,19913,2
7,26,24953,2
4,22,12995,2
18,45,68241,2
18,45,68249,2
18,45,68253,2
18,45,68257,2
18,45,68275,2
6,10,19917,2
18,45,68289,2
18,45,68305,2
18,46,68314,2
18,46,68322,2
18,46,68342,2
4,22,12999,2
18,46,68366,2
18,47,68379,2
4,22,13001,2
18,47,68421,2
18,47,68423,2
18,47,68433,2
18,48,68438,2
18,48,68446,2
18,48,68448,2
18,48,68450,2
18,48,68452,2
18,48,68462,2
18,48,68464,2
18,48,68480,2
18,49,68499,2
18,49,68505,2
6,10,19919,2
18,49,68509,2
18,49,68537,2
4,22,13005,2
8,24,28566,2
18,50,68556,2
18,50,68576,2
18,50,68580,2
1,50,3557,2
18,51,68611,2
18,51,68625,2
18,51,68631,2
7,27,24958,2
6,10,19925,2
18,52,68646,2
18,52,68652,2
7,27,24960,2
18,52,68676,2
18,53,68695,2
18,55,68743,2
18,55,68757,2
18,57,68773,2
18,57,68777,2
18,57,68783,2
18,57,68791,2
18,57,68801,2
18,60,68836,2
18,60,68842,2
8,24,28568,2
19,1,68857,2
4,22,13017,2
19,1,68893,2
9,32,33188,2
1,50,3573,2
19,1,68905,2
1,50,3575,2
19,1,68911,2
19,1,68915,2
19,1,68917,2
1,51,3582,2
19,2,68942,2
1,51,3584,2
4,22,13027,2
19,2,68980,2
19,2,68990,2
19,2,68992,2
19,2,68998,2
19,2,69002,2
9,32,33192,2
19,2,69024,2
19,3,69037,2
19,3,69043,2
19,3,69049,2
19,3,69051,2
19,3,69053,2
19,3,69055,2
19,3,69057,2
19,3,69063,2
19,3,69065,2
19,3,69085,2
19,3,69093,2
19,3,69097,2
1,51,3592,2
19,3,69127,2
19,4,69130,2
9,6,31243,2
4,22,13033,2
19,4,69142,2
19,4,69152,2
19,4,69158,2
9,32,33194,2
1,51,3606,2
1,51,3608,2
19,4,69178,2
1,51,3610,2
19,4,69184,2
19,5,69205,2
19,5,69223,2
19,5,69225,2
19,5,69227,2
19,5,69233,2
9,32,33198,2
19,5,69269,2
4,23,13046,2
7,27,24984,2
4,23,13052,2
10,12,35605,2
1,51,3628,2
8,25,28595,2
19,6,69360,2
19,6,69366,2
19,6,69370,2
19,6,69372,2
4,23,13062,2
4,23,13064,2
19,6,69382,2
1,51,3640,2
19,7,69390,2
19,7,69406,2
19,7,69408,2
19,7,69410,2
19,7,69412,2
6,11,19964,2
19,7,69428,2
19,7,69430,2
6,11,19966,2
19,7,69434,2
19,7,69436,2
19,7,69440,2
4,23,13070,2
19,7,69446,2
19,7,69460,2
4,23,13078,2
19,8,69493,2
19,8,69497,2
19,8,69499,2
7,27,24998,2
9,32,33208,2
10,38,37544,2
19,8,69513,2
19,8,69521,2
19,8,69523,2
19,8,69533,2
1,52,3664,2
19,9,69538,2
7,27,25004,2
8,25,28605,2
19,9,69546,2
19,9,69564,2
7,27,25008,2
9,6,31265,2
10,35,37293,2
19,9,69576,2
19,9,69580,2
19,9,69590,2
19,9,69598,2
19,9,69600,2
7,27,25014,2
19,10,69626,2
19,10,69628,2
8,25,28611,2
19,10,69632,2
9,7,31270,2
19,10,69692,2
19,10,69696,2
19,10,69698,2
4,23,13104,2
19,11,69727,2
6,11,19998,2
19,11,69749,2
19,11,69753,2
19,11,69757,2
9,33,33215,2
7,27,25024,2
19,11,69771,2
19,12,69788,2
7,27,25026,2
19,12,69796,2
19,12,69800,2
19,12,69812,2
6,12,20009,2
4,23,13122,2
19,12,69834,2
8,25,28621,2
4,24,13127,2
19,13,69863,2
19,13,69875,2
19,13,69879,2
9,53,34580,2
19,13,69889,2
10,23,36380,2
9,7,31284,2
19,13,69905,2
8,25,28631,2
4,24,13139,2
9,53,34584,2
19,13,69941,2
19,13,69947,2
19,13,69953,2
19,14,69959,2
19,14,69967,2
1,52,3720,2
19,14,69973,2
10,48,38178,2
9,7,31290,2
19,14,69991,2
9,7,31292,2
6,12,20033,2
19,14,70001,2
6,12,20037,2
10,30,36928,2
9,33,33229,2
7,28,25057,2
19,14,70013,2
19,15,70023,2
19,15,70025,2
6,12,20049,2
19,15,70033,2
4,24,13167,2
19,15,70063,2
19,15,70065,2
19,15,70071,2
19,15,70077,2
19,15,70085,2
19,16,70102,2
19,16,70104,2
19,16,70110,2
19,16,70114,2
19,16,70116,2
9,33,33233,2
6,12,20053,2
6,12,20055,2
6,12,20057,2
19,16,70146,2
19,17,70149,2
19,17,70151,2
9,7,31302,2
19,17,70179,2
19,17,70187,2
19,17,70193,2
19,17,70197,2
19,18,70207,2
19,18,70209,2
1,53,3767,2
19,18,70213,2
1,53,3775,2
19,18,70225,2
19,18,70241,2
19,18,70251,2
19,18,70259,2
4,24,13191,2
4,24,13193,2
19,19,70282,2
19,19,70290,2
19,19,70292,2
1,53,3781,2
6,13,20072,2
8,25,28653,2
8,25,28655,2
1,53,3797,2
19,20,70337,2
4,24,13209,2
19,20,70347,2
19,20,70349,2
1,53,3801,2
19,20,70373,2
6,13,20082,2
19,20,70391,2
19,20,70409,2
19,21,70414,2
6,13,20086,2
19,21,70434,2
19,21,70442,2
19,21,70450,2
19,21,70452,2
19,21,70454,2
1,53,3811,2
8,25,28659,2
19,21,70472,2
8,25,28663,2
19,21,70488,2
19,21,70494,2
19,22,70499,2
19,22,70509,2
4,25,13226,2
19,22,70521,2
19,22,70527,2
19,22,70537,2
19,22,70575,2
19,22,70577,2
19,22,70579,2
6,13,20096,2
19,22,70587,2
19,22,70591,2
19,22,70593,2
19,23,70606,2
4,25,13230,2
6,13,20100,2
19,23,70620,2
4,25,13236,2
19,23,70624,2
19,23,70626,2
19,23,70638,2
19,23,70640,2
19,23,70642,2
19,23,70644,2
19,23,70646,2
6,13,20102,2
4,25,13242,2
6,13,20106,2
1,54,3844,2
19,24,70671,2
19,24,70675,2
19,24,70685,2
19,24,70687,2
10,23,36386,2
19,24,70691,2
19,24,70705,2
19,24,70717,2
10,38,37548,2
19,24,70749,2
4,25,13252,2
9,33,33241,2
19,25,70774,2
19,25,70776,2
6,13,20116,2
19,25,70784,2
19,25,70804,2
6,13,20120,2
19,25,70840,2
19,26,70843,2
8,25,28675,2
19,26,70851,2
19,26,70869,2
19,26,70883,2
6,13,20124,2
10,48,38180,2
7,28,25099,2
19,26,70903,2
19,27,70912,2
19,27,70924,2
19,27,70928,2
6,13,20130,2
19,27,70942,2
9,53,34600,2
4,25,13278,2
19,27,70956,2
19,27,70958,2
6,14,20136,2
19,27,70976,2
19,27,70978,2
19,27,70982,2
19,28,70991,2
19,28,70993,2
4,25,13284,2
4,25,13288,2
19,28,71007,2
2,1,3903,2
19,28,71015,2
19,28,71029,2
7,28,25109,2
2,1,3909,2
4,25,13302,2
19,28,71055,2
19,29,71074,2
6,14,20150,2
19,29,71080,2
19,29,71084,2
19,29,71090,2
8,26,28684,2
10,23,36394,2
9,33,33251,2
19,29,71130,2
19,29,71138,2
19,30,71141,2
19,30,71145,2
10,23,36396,2
19,30,71149,2
19,30,71151,2
19,30,71153,2
10,13,35634,2
2,1,3931,2
8,26,28694,2
19,30,71177,2
19,30,71179,2
19,30,71183,2
19,30,71201,2
8,26,28698,2
19,31,71226,2
19,31,71228,2
19,31,71232,2
19,31,71252,2
19,31,71254,2
19,31,71270,2
19,31,71278,2
6,14,20172,2
2,1,3943,2
19,32,71307,2
4,26,13331,2
19,32,71323,2
19,32,71333,2
19,32,71349,2
19,32,71351,2
19,32,71357,2
6,14,20176,2
2,1,3955,2
10,38,37552,2
2,1,3963,2
19,32,71387,2
19,33,71406,2
4,26,13343,2
19,33,71422,2
19,33,71426,2
6,14,20184,2
19,33,71430,2
19,33,71432,2
19,33,71450,2
19,34,71471,2
19,34,71485,2
19,34,71493,2
19,34,71503,2
19,34,71505,2
19,34,71515,2
19,34,71517,2
19,34,71521,2
19,34,71529,2
6,14,20188,2
19,35,71554,2
10,23,36400,2
19,35,71562,2
7,29,25136,2
19,35,71580,2
19,35,71596,2
7,29,25138,2
9,53,34614,2
19,36,71642,2
19,36,71644,2
19,36,71650,2
4,26,13363,2
19,36,71656,2
4,26,13365,2
6,14,20198,2
19,36,71664,2
19,36,71668,2
4,27,13369,2
2,1,3995,2
19,36,71692,2
19,36,71694,2
9,8,31343,2
19,36,71700,2
2,2,4002,2
19,36,71708,2
6,15,20207,2
19,37,71723,2
19,37,71725,2
19,37,71729,2
19,37,71731,2
2,2,4010,2
19,37,71737,2
4,27,13381,2
19,37,71743,2
19,37,71745,2
7,29,25146,2
4,27,13387,2
19,37,71763,2
19,37,71773,2
19,37,71777,2
6,15,20215,2
6,15,20217,2
19,38,71850,2
4,27,13401,2
19,38,71866,2
19,38,71868,2
19,38,71870,2
19,38,71874,2
4,27,13405,2
19,38,71880,2
19,38,71886,2
19,38,71888,2
19,39,71905,2
19,39,71917,2
19,39,71927,2
4,27,13407,2
19,39,71951,2
19,39,71953,2
19,39,71957,2
19,39,71967,2
19,40,71979,2
19,40,71983,2
19,40,71985,2
19,40,72003,2
19,40,72005,2
19,40,72009,2
19,40,72015,2
19,40,72017,2
8,26,28716,2
6,15,20227,2
19,41,72040,2
19,41,72056,2
6,15,20231,2
19,41,72082,2
19,42,72091,2
19,42,72101,2
19,42,72109,2
9,33,33267,2
19,42,72115,2
2,2,4054,2
4,27,13423,2
2,2,4060,2
19,43,72149,2
19,43,72177,2
19,43,72183,2
10,30,36938,2
19,43,72193,2
19,44,72220,2
19,44,72226,2
19,44,72230,2
8,26,28722,2
19,44,72254,2
19,44,72258,2
4,28,13436,2
19,44,72272,2
19,44,72280,2
19,45,72321,2
19,45,72323,2
19,46,72337,2
19,46,72351,2
19,46,72353,2
19,46,72359,2
19,46,72361,2
19,46,72369,2
4,28,13448,2
19,46,72379,2
19,46,72391,2
2,3,4087,2
6,15,20249,2
19,47,72435,2
19,47,72451,2
2,3,4095,2
19,47,72457,2
19,48,72462,2
19,48,72466,2
19,48,72468,2
2,3,4099,2
19,48,72480,2
19,48,72492,2
2,3,4101,2
2,3,4105,2
19,49,72515,2
19,49,72527,2
19,49,72529,2
19,49,72549,2
19,49,72569,2
19,50,72580,2
19,50,72582,2
19,50,72608,2
19,50,72612,2
19,50,72622,2
19,51,72663,2
19,51,72667,2
19,51,72671,2
19,51,72681,2
19,51,72691,2
19,51,72701,2
19,52,72712,2
4,28,13458,2
19,52,72754,2
19,52,72762,2
19,52,72764,2
19,52,72770,2
8,26,28732,2
19,53,72783,2
10,23,36406,2
19,53,72799,2
19,53,72805,2
19,53,72809,2
19,53,72821,2
19,56,72853,2
19,56,72859,2
20,1,72885,2
2,3,4121,2
20,1,72891,2
20,1,72895,2
2,3,4123,2
7,29,25184,2
9,8,31361,2
20,1,72917,2
20,1,72923,2
20,2,72948,2
20,2,72950,2
20,2,72954,2
20,2,72966,2
20,2,72972,2
20,2,72978,2
20,2,72980,2
7,29,25188,2
20,2,72988,2
20,2,73002,2
10,23,36408,2
4,28,13476,2
6,16,20274,2
10,47,38077,2
20,3,73029,2
2,3,4153,2
20,3,73041,2
20,3,73045,2
20,3,73067,2
4,28,13486,2
20,3,73073,2
20,4,73078,2
20,4,73080,2
4,28,13488,2
20,4,73090,2
7,30,25196,2
20,4,73098,2
20,4,73100,2
2,3,4161,2
20,4,73118,2
20,5,73163,2
20,5,73181,2
20,5,73187,2
4,28,13492,2
20,5,73191,2
20,5,73193,2
9,8,31367,2
2,4,4170,2
20,5,73205,2
20,5,73209,2
20,5,73211,2
20,5,73213,2
10,48,38182,2
20,6,73218,2
4,28,13502,2
7,30,25206,2
2,4,4184,2
20,6,73236,2
20,6,73242,2
20,6,73248,2
6,16,20296,2
20,6,73258,2
20,6,73262,2
20,6,73268,2
6,16,20298,2
20,6,73272,2
20,6,73282,2
20,6,73290,2
9,34,33290,2
20,7,73297,2
20,7,73309,2
20,7,73315,2
20,7,73321,2
2,4,4194,2
20,7,73341,2
20,7,73343,2
2,4,4196,2
20,8,73362,2
20,8,73366,2
2,4,4200,2
20,8,73370,2
9,8,31377,2
6,16,20304,2
20,8,73378,2
20,8,73388,2
20,8,73402,2
20,8,73414,2
7,30,25214,2
2,4,4208,2
20,8,73440,2
20,8,73442,2
20,8,73448,2
20,8,73450,2
20,8,73460,2
20,9,73471,2
2,4,4210,2
20,9,73475,2
20,9,73491,2
20,9,73507,2
20,9,73511,2
2,4,4212,2
20,10,73532,2
20,10,73538,2
20,10,73542,2
2,4,4214,2
20,10,73556,2
6,16,20308,2
10,23,36418,2
20,10,73566,2
4,29,13528,2
20,10,73596,2
20,10,73600,2
20,10,73622,2
20,11,73631,2
7,30,25218,2
20,11,73643,2
20,11,73657,2
20,11,73659,2
20,11,73661,2
20,11,73663,2
20,11,73665,2
20,11,73667,2
2,5,4227,2
7,30,25220,2
2,5,4237,2
20,12,73697,2
20,12,73721,2
7,30,25224,2
20,12,73729,2
20,12,73733,2
20,12,73751,2
20,13,73762,2
20,13,73764,2
20,13,73768,2
9,8,31381,2
7,30,25228,2
6,17,20325,2
2,5,4247,2
9,8,31383,2
20,14,73824,2
2,5,4251,2
20,14,73830,2
2,5,4253,2
20,14,73836,2
20,14,73846,2
4,29,13550,2
6,17,20331,2
20,14,73852,2
7,30,25236,2
20,14,73858,2
10,38,37558,2
8,27,28766,2
20,14,73864,2
4,29,13566,2
8,27,28768,2
20,15,73878,2
20,15,73884,2
20,15,73886,2
20,15,73902,2
20,15,73908,2
20,15,73910,2
9,34,33296,2
20,16,73945,2
2,5,4281,2
10,23,36422,2
20,16,73953,2
20,16,73955,2
20,17,73959,2
9,8,31391,2
20,17,73971,2
20,17,73981,2
20,17,73989,2
9,34,33300,2
20,17,73997,2
9,8,31395,2
4,29,13582,2
20,18,74035,2
20,18,74065,2
20,18,74069,2
9,8,31397,2
20,18,74077,2
10,13,35666,2
20,18,74085,2
20,18,74087,2
20,18,74099,2
2,5,4299,2
20,19,74126,2
10,23,36424,2
20,19,74142,2
20,19,74144,2
2,5,4303,2
2,6,4306,2
20,19,74170,2
20,20,74183,2
10,23,36426,2
20,20,74187,2
2,6,4314,2
2,6,4316,2
20,20,74211,2
20,20,74213,2
20,20,74217,2
20,20,74221,2
20,20,74229,2
20,20,74231,2
20,20,74233,2
20,21,74243,2
20,21,74263,2
7,31,25267,2
2,6,4326,2
7,31,25271,2
20,21,74273,2
20,21,74277,2
4,29,13604,2
20,21,74281,2
20,21,74283,2
20,21,74289,2
20,22,74314,2
4,29,13606,2
20,22,74326,2
20,22,74330,2
20,22,74338,2
7,31,25273,2
20,22,74348,2
20,22,74352,2
20,22,74356,2
20,22,74358,2
20,22,74366,2
7,31,25275,2
20,22,74374,2
8,27,28792,2
20,22,74380,2
20,22,74384,2
8,27,28794,2
20,22,74398,2
6,18,20384,2
20,23,74403,2
4,30,13619,2
2,6,4352,2
20,23,74409,2
20,23,74411,2
20,23,74413,2
20,23,74415,2
2,6,4354,2
20,23,74439,2
20,23,74443,2
20,23,74455,2
9,58,34655,2
20,23,74465,2
2,6,4362,2
20,23,74473,2
20,23,74475,2
20,24,74494,2
20,24,74496,2
20,24,74502,2
6,18,20394,2
4,30,13633,2
20,24,74538,2
2,6,4372,2
20,24,74544,2
20,24,74556,2
20,24,74578,2
9,8,31413,2
20,25,74597,2
20,25,74609,2
20,25,74613,2
20,25,74627,2
20,25,74635,2
20,25,74637,2
20,25,74645,2
20,25,74649,2
20,25,74657,2
8,27,28806,2
2,7,4379,2
20,26,74683,2
10,43,37885,2
8,27,28810,2
20,26,74703,2
20,26,74723,2
20,27,74734,2
20,27,74740,2
20,27,74762,2
20,27,74764,2
20,27,74766,2
20,27,74768,2
20,27,74770,2
20,27,74772,2
4,30,13643,2
20,27,74788,2
20,28,74814,2
4,30,13645,2
9,34,33318,2
20,28,74820,2
20,28,74824,2
20,28,74830,2
4,30,13649,2
6,18,20406,2
9,8,31419,2
9,34,33320,2
20,29,74887,2
2,7,4407,2
20,29,74907,2
6,18,20418,2
20,29,74913,2
9,8,31423,2
20,29,74947,2
20,29,74955,2
20,29,74957,2
20,30,74972,2
20,30,74978,2
20,30,74986,2
20,30,74988,2
20,30,74998,2
20,30,75002,2
8,28,28823,2
20,30,75022,2
7,31,25309,2
20,30,75028,2
9,34,33322,2
8,28,28827,2
20,31,75037,2
20,31,75039,2
20,31,75049,2
20,31,75051,2
4,31,13680,2
20,31,75097,2
2,7,4431,2
20,31,75107,2
20,31,75109,2
20,31,75111,2
20,32,75124,2
20,32,75132,2
20,32,75140,2
20,32,75142,2
20,32,75150,2
20,32,75156,2
20,32,75160,2
20,32,75162,2
2,7,4433,2
20,32,75184,2
20,32,75188,2
20,32,75194,2
20,32,75204,2
20,32,75210,2
20,33,75216,2
4,31,13682,2
20,33,75232,2
20,33,75234,2
20,33,75250,2
20,33,75258,2
20,34,75269,2
2,7,4437,2
20,34,75277,2
9,34,33324,2
8,28,28831,2
20,34,75289,2
20,34,75297,2
10,13,35678,2
4,31,13692,2
20,35,75316,2
20,35,75322,2
2,8,4450,2
20,35,75352,2
20,35,75358,2
20,35,75360,2
20,35,75372,2
4,31,13694,2
20,36,75401,2
2,8,4454,2
2,8,4456,2
20,36,75427,2
20,36,75433,2
20,36,75439,2
20,36,75441,2
20,36,75443,2
8,28,28837,2
2,8,4460,2
20,36,75453,2
20,36,75455,2
20,36,75471,2
20,37,75476,2
20,37,75480,2
2,8,4464,2
20,37,75488,2
20,37,75492,2
20,37,75494,2
4,31,13700,2
2,8,4472,2
10,30,36952,2
20,37,75508,2
4,31,13708,2
6,19,20451,2
20,37,75530,2
20,37,75532,2
20,37,75534,2
20,37,75538,2
20,37,75540,2
20,37,75544,2
20,37,75566,2
20,38,75571,2
20,38,75575,2
6,19,20453,2
20,38,75619,2
20,38,75627,2
20,38,75629,2
2,8,4484,2
20,39,75650,2
20,39,75656,2
4,31,13718,2
20,39,75664,2
20,39,75672,2
7,31,25335,2
20,39,75684,2
20,39,75688,2
2,8,4498,2
20,39,75714,2
6,19,20461,2
7,31,25337,2
6,19,20467,2
20,39,75734,2
20,40,75741,2
9,59,34670,2
9,35,33339,2
20,40,75755,2
2,9,4519,2
20,41,75778,2
20,41,75780,2
20,41,75784,2
20,41,75808,2
7,32,25346,2
20,41,75818,2
20,41,75824,2
20,41,75828,2
20,41,75832,2
20,41,75846,2
20,41,75856,2
20,41,75858,2
20,41,75860,2
20,42,75865,2
9,8,31447,2
20,42,75883,2
8,28,28861,2
2,9,4533,2
20,43,75934,2
20,43,75942,2
20,43,75946,2
20,43,75974,2
20,43,75994,2
7,32,25356,2
20,44,76025,2
20,44,76027,2
20,44,76029,2
20,44,76031,2
20,44,76033,2
20,44,76035,2
4,32,13759,2
20,44,76043,2
7,32,25358,2
2,9,4547,2
20,44,76057,2
2,9,4553,2
20,45,76116,2
20,45,76120,2
20,46,76128,2
20,46,76130,2
20,46,76140,2
20,46,76150,2
20,46,76152,2
20,46,76158,2
20,46,76164,2
4,32,13769,2
20,46,76176,2
20,46,76178,2
20,46,76180,2
20,46,76186,2
20,46,76190,2
20,46,76196,2
20,47,76201,2
20,47,76207,2
20,47,76211,2
20,47,76215,2
20,47,76231,2
2,9,4559,2
20,47,76249,2
20,47,76257,2
20,47,76261,2
7,32,25364,2
20,48,76293,2
7,32,25366,2
9,59,34672,2
20,48,76335,2
20,48,76355,2
20,49,76363,2
20,49,76365,2
20,49,76371,2
20,49,76377,2
20,49,76395,2
20,49,76403,2
20,49,76407,2
20,49,76413,2
20,50,76423,2
20,50,76435,2
20,50,76437,2
20,50,76439,2
9,35,33347,2
20,50,76453,2
7,32,25372,2
20,50,76465,2
6,19,20503,2
20,51,76494,2
9,8,31457,2
4,32,13791,2
20,51,76502,2
20,51,76512,2
20,51,76514,2
8,28,28869,2
20,51,76534,2
20,51,76540,2
20,51,76548,2
20,51,76552,2
20,52,76563,2
20,52,76575,2
2,10,4588,2
9,35,33349,2
20,52,76603,2
20,52,76609,2
20,52,76613,2
20,52,76615,2
20,52,76619,2
20,53,76640,2
10,23,36432,2
20,53,76654,2
2,10,4602,2
20,54,76699,2
6,19,20517,2
18,28,67167,2
4,35,13928,1
4,35,13930,1
4,35,13932,1
4,35,13938,1
4,35,13940,1
4,35,13946,1
4,35,13948,1
4,35,13950,1
4,35,13954,1
4,35,13956,1
4,35,13958,1
4,35,13960,1
4,35,13962,1
4,35,13964,1
4,35,13968,1
4,35,13974,1
4,35,13976,1
4,35,13980,1
4,35,13984,1
4,35,13986,1
4,35,13990,1
4,35,13992,1
4,35,13996,1
4,35,13998,1
4,35,14000,1
4,35,14002,1
4,35,14004,1
4,35,14008,1
4,35,14010,1
4,35,14012,1
4,36,14016,1
4,36,14020,1
4,36,14024,1
4,36,14026,1
4,36,14028,1
4,36,14030,1
4,36,14032,1
4,36,14034,1
4,36,14036,1
4,36,14038,1
4,36,14040,1
4,36,14042,1
4,36,14044,1
4,36,14048,1
4,36,14050,1
4,36,14052,1
4,36,14054,1
4,36,14056,1
4,36,14058,1
4,36,14062,1
4,36,14064,1
4,36,14074,1
4,36,14078,1
4,36,14082,1
4,36,14088,1
4,36,14090,1
4,36,14092,1
4,36,14094,1
4,36,14098,1
4,36,14100,1
4,37,14103,1
4,37,14107,1
4,37,14109,1
4,37,14111,1
4,37,14115,1
4,37,14117,1
4,37,14119,1
4,37,14125,1
4,37,14127,1
4,37,14131,1
4,37,14133,1
4,37,14143,1
4,37,14145,1
4,37,14147,1
4,37,14151,1
4,37,14153,1
4,37,14157,1
4,37,14163,1
4,37,14165,1
4,37,14175,1
4,37,14181,1
4,37,14183,1
4,38,14186,1
4,38,14190,1
4,38,14192,1
4,38,14194,1
4,38,14196,1
4,38,14198,1
4,38,14200,1
4,38,14202,1
4,38,14208,1
4,38,14212,1
4,38,14214,1
4,38,14220,1
4,38,14222,1
4,38,14224,1
4,38,14226,1
4,38,14228,1
4,38,14230,1
4,38,14232,1
4,38,14234,1
4,38,14236,1
4,38,14238,1
4,38,14242,1
4,38,14252,1
4,38,14254,1
4,38,14258,1
4,38,14260,1
4,38,14262,1
4,38,14264,1
4,39,14266,1
4,39,14270,1
4,39,14274,1
4,39,14276,1
4,39,14278,1
4,39,14280,1
4,39,14282,1
4,39,14284,1
4,39,14286,1
4,39,14288,1
4,39,14292,1
4,39,14298,1
4,39,14302,1
4,39,14306,1
4,39,14308,1
4,39,14310,1
4,39,14312,1
4,39,14314,1
4,39,14316,1
4,39,14322,1
4,39,14324,1
4,39,14332,1
4,39,14342,1
4,39,14344,1
4,39,14346,1
4,39,14348,1
4,39,14350,1
4,39,14352,1
4,40,14355,1
4,40,14357,1
4,40,14361,1
4,40,14363,1
4,40,14365,1
4,40,14369,1
4,40,14371,1
4,40,14373,1
4,40,14375,1
4,40,14379,1
4,40,14381,1
4,40,14383,1
4,40,14385,1
4,40,14387,1
4,40,14391,1
4,40,14393,1
4,40,14397,1
4,40,14399,1
4,41,14406,1
4,41,14410,1
4,41,14412,1
4,41,14414,1
4,41,14416,1
4,41,14418,1
4,41,14426,1
4,41,14428,1
4,41,14432,1
4,41,14434,1
4,41,14436,1
4,41,14438,1
4,41,14440,1
4,41,14444,1
4,41,14446,1
4,41,14448,1
4,41,14450,1
4,41,14452,1
4,41,14454,1
4,41,14456,1
4,41,14458,1
4,41,14460,1
4,41,14462,1
4,41,14464,1
4,42,14467,1
4,42,14469,1
4,42,14471,1
4,42,14473,1
4,42,14475,1
4,42,14477,1
4,42,14483,1
4,42,14485,1
4,42,14487,1
4,42,14489,1
4,42,14493,1
4,42,14497,1
4,42,14499,1
4,42,14501,1
4,42,14503,1
4,42,14505,1
4,42,14511,1
4,42,14513,1
4,42,14515,1
4,42,14517,1
4,42,14519,1
4,43,14524,1
4,43,14526,1
4,43,14528,1
4,43,14532,1
4,43,14534,1
4,43,14536,1
4,43,14538,1
4,43,14540,1
4,43,14544,1
4,43,14546,1
4,43,14548,1
4,43,14550,1
4,43,14552,1
4,43,14554,1
4,43,14556,1
4,43,14560,1
4,43,14562,1
4,43,14566,1
4,43,14570,1
4,43,14574,1
4,43,14578,1
4,43,14580,1
4,43,14582,1
4,43,14584,1
4,43,14586,1
4,43,14588,1
4,44,14593,1
4,44,14595,1
4,44,14599,1
4,44,14609,1
4,44,14611,1
4,44,14617,1
4,44,14619,1
4,44,14621,1
4,44,14623,1
4,44,14625,1
4,44,14627,1
4,44,14629,1
4,44,14633,1
4,44,14637,1
4,44,14639,1
4,44,14641,1
4,44,14645,1
4,45,14648,1
4,45,14650,1
4,45,14654,1
4,45,14658,1
4,45,14660,1
4,45,14664,1
4,45,14666,1
4,45,14672,1
4,45,14674,1
4,45,14676,1
4,45,14678,1
4,45,14680,1
4,45,14684,1
4,45,14694,1
4,45,14696,1
4,45,14698,1
4,45,14706,1
4,45,14708,1
4,45,14710,1
4,45,14716,1
4,46,14719,1
4,46,14721,1
4,46,14723,1
4,46,14725,1
4,46,14729,1
4,46,14731,1
4,46,14733,1
4,46,14735,1
4,46,14737,1
4,46,14741,1
4,46,14743,1
4,46,14745,1
4,46,14747,1
4,46,14749,1
4,46,14751,1
4,46,14753,1
4,46,14755,1
4,46,14757,1
4,46,14759,1
4,46,14761,1
4,46,14763,1
4,46,14765,1
4,46,14771,1
4,47,14774,1
4,47,14776,1
4,47,14778,1
4,47,14782,1
4,47,14784,1
4,47,14788,1
4,47,14792,1
4,47,14794,1
4,47,14796,1
4,47,14798,1
4,47,14800,1
4,47,14802,1
4,47,14804,1
4,47,14806,1
4,47,14808,1
4,47,14810,1
4,47,14812,1
4,47,14814,1
4,47,14816,1
4,47,14818,1
4,47,14820,1
4,47,14822,1
4,47,14824,1
4,47,14826,1
4,47,14830,1
4,47,14832,1
4,47,14836,1
4,47,14840,1
4,47,14844,1
4,47,14846,1
4,47,14848,1
4,47,14850,1
4,47,14852,1
4,47,14854,1
4,48,14857,1
4,48,14859,1
4,48,14861,1
4,48,14863,1
4,48,14865,1
4,48,14867,1
4,48,14871,1
4,48,14873,1
4,48,14875,1
4,48,14881,1
4,48,14883,1
4,48,14887,1
4,48,14889,1
4,48,14891,1
4,48,14893,1
4,48,14895,1
4,48,14897,1
4,48,14899,1
4,48,14901,1
4,48,14907,1
4,48,14919,1
4,49,14926,1
4,49,14928,1
4,49,14930,1
4,49,14932,1
4,49,14934,1
4,49,14936,1
4,49,14942,1
4,49,14944,1
4,49,14946,1
4,49,14948,1
4,49,14950,1
4,49,14952,1
4,49,14954,1
4,49,14956,1
4,49,14958,1
4,49,14962,1
4,49,14966,1
4,49,14972,1
4,49,14976,1
4,49,14978,1
4,49,14980,1
4,50,14987,1
4,50,14989,1
4,50,14997,1
4,50,15001,1
4,50,15003,1
4,50,15005,1
4,50,15007,1
4,50,15011,1
4,50,15013,1
4,50,15015,1
4,50,15017,1
4,50,15027,1
4,50,15031,1
4,50,15033,1
4,50,15037,1
4,50,15039,1
4,50,15041,1
4,50,15043,1
4,50,15045,1
4,50,15049,1
4,50,15051,1
4,50,15055,1
4,50,15059,1
4,51,15061,1
4,51,15065,1
4,51,15067,1
4,51,15073,1
4,51,15075,1
4,51,15077,1
4,51,15079,1
4,51,15081,1
4,51,15085,1
4,51,15091,1
4,51,15093,1
4,51,15097,1
4,51,15099,1
4,51,15103,1
4,51,15105,1
4,51,15109,1
4,51,15111,1
4,51,15113,1
4,51,15117,1
4,51,15119,1
4,52,15122,1
4,52,15126,1
4,52,15128,1
4,52,15130,1
4,52,15132,1
4,52,15136,1
4,52,15140,1
4,52,15144,1
4,52,15148,1
4,52,15150,1
4,52,15154,1
4,52,15156,1
4,52,15158,1
4,52,15160,1
4,52,15164,1
4,52,15166,1
4,52,15168,1
4,52,15170,1
4,52,15172,1
4,52,15174,1
4,52,15178,1
4,52,15180,1
4,52,15182,1
4,52,15184,1
4,52,15186,1
4,52,15188,1
4,52,15190,1
4,52,15192,1
4,52,15194,1
4,53,15197,1
4,53,15199,1
4,53,15203,1
4,53,15205,1
4,53,15207,1
4,53,15209,1
4,53,15215,1
4,53,15217,1
4,53,15221,1
4,53,15223,1
4,53,15225,1
4,53,15227,1
4,53,15229,1
4,53,15231,1
4,53,15233,1
4,53,15235,1
4,53,15237,1
4,53,15239,1
4,53,15241,1
4,53,15243,1
4,53,15245,1
4,53,15247,1
4,53,15249,1
4,53,15257,1
4,53,15259,1
4,53,15261,1
4,53,15267,1
4,53,15269,1
4,53,15271,1
4,53,15275,1
4,53,15277,1
4,53,15279,1
4,53,15281,1
4,53,15283,1
4,53,15287,1
4,56,15291,1
4,57,15293,1
4,59,15297,1
4,59,15299,1
5,1,15305,1
5,1,15307,1
5,1,15309,1
5,1,15311,1
5,1,15313,1
5,1,15315,1
5,1,15317,1
5,1,15319,1
5,1,15321,1
5,1,15323,1
5,1,15325,1
5,1,15329,1
5,1,15331,1
5,1,15333,1
5,1,15335,1
5,1,15337,1
5,1,15345,1
5,1,15347,1
5,1,15349,1
5,1,15351,1
5,2,15354,1
5,2,15356,1
5,2,15358,1
5,2,15360,1
5,2,15364,1
5,2,15366,1
5,2,15368,1
5,2,15372,1
5,2,15374,1
5,2,15376,1
5,2,15378,1
5,2,15382,1
5,2,15384,1
5,2,15388,1
5,2,15390,1
5,2,15392,1
5,2,15394,1
5,2,15396,1
5,2,15404,1
5,2,15406,1
5,2,15408,1
5,2,15410,1
5,2,15414,1
5,2,15416,1
5,2,15418,1
5,2,15420,1
5,2,15422,1
5,2,15424,1
5,3,15427,1
5,3,15429,1
5,3,15433,1
5,3,15435,1
5,3,15439,1
5,3,15445,1
5,3,15447,1
5,3,15449,1
5,3,15451,1
5,3,15453,1
5,3,15455,1
5,3,15457,1
5,3,15459,1
5,3,15461,1
5,3,15465,1
5,3,15473,1
5,3,15475,1
5,3,15479,1
5,3,15481,1
5,3,15485,1
5,3,15487,1
5,4,15494,1
5,4,15496,1
5,4,15498,1
5,4,15500,1
5,4,15502,1
5,4,15504,1
5,4,15508,1
5,4,15512,1
5,4,15514,1
5,4,15516,1
5,4,15518,1
5,4,15522,1
5,4,15528,1
5,4,15532,1
5,4,15534,1
5,4,15536,1
5,4,15540,1
5,4,15544,1
5,4,15546,1
5,4,15548,1
5,4,15552,1
5,5,15555,1
5,5,15559,1
5,5,15561,1
5,5,15563,1
5,5,15567,1
5,5,15577,1
5,5,15579,1
5,5,15581,1
5,5,15583,1
5,5,15585,1
5,5,15587,1
5,5,15589,1
5,5,15591,1
5,5,15593,1
5,5,15595,1
5,5,15597,1
5,5,15605,1
5,5,15607,1
5,5,15609,1
5,5,15611,1
5,5,15613,1
5,5,15615,1
5,5,15617,1
5,5,15623,1
5,5,15625,1
5,5,15627,1
5,6,15632,1
5,6,15634,1
5,6,15636,1
5,6,15638,1
5,6,15640,1
5,6,15644,1
5,6,15652,1
5,6,15654,1
5,6,15658,1
5,6,15662,1
5,6,15664,1
5,6,15668,1
5,6,15670,1
5,6,15672,1
5,6,15678,1
5,6,15680,1
5,6,15682,1
5,6,15684,1
5,6,15688,1
5,6,15690,1
5,6,15692,1
5,6,15696,1
5,6,15698,1
5,6,15700,1
5,6,15702,1
5,6,15704,1
5,6,15706,1
5,6,15708,1
5,7,15711,1
5,7,15713,1
5,7,15715,1
5,7,15721,1
5,7,15723,1
5,7,15725,1
5,7,15727,1
5,7,15741,1
5,7,15743,1
5,7,15745,1
5,7,15747,1
5,7,15749,1
5,7,15753,1
5,7,15755,1
5,8,15760,1
5,8,15766,1
5,8,15768,1
5,8,15772,1
5,8,15778,1
5,8,15780,1
5,8,15784,1
5,8,15786,1
5,8,15788,1
5,8,15790,1
5,8,15794,1
5,8,15796,1
5,8,15800,1
5,8,15802,1
5,8,15804,1
5,8,15808,1
5,8,15810,1
5,8,15812,1
5,8,15814,1
5,8,15816,1
5,8,15820,1
5,8,15824,1
5,8,15832,1
5,8,15834,1
5,8,15838,1
5,8,15840,1
5,8,15842,1
5,9,15845,1
5,9,15847,1
5,9,15853,1
5,9,15855,1
5,9,15857,1
5,9,15859,1
5,9,15861,1
5,9,15865,1
5,9,15867,1
5,9,15871,1
5,9,15873,1
5,9,15875,1
5,9,15879,1
5,9,15881,1
5,9,15885,1
5,9,15887,1
5,9,15891,1
5,9,15897,1
5,9,15899,1
5,9,15901,1
5,9,15903,1
5,9,15905,1
5,9,15907,1
5,9,15909,1
5,9,15915,1
5,9,15917,1
5,10,15920,1
5,10,15922,1
5,10,15924,1
5,10,15926,1
5,10,15930,1
5,10,15940,1
5,10,15942,1
5,10,15944,1
5,10,15946,1
5,10,15948,1
5,10,15950,1
5,10,15954,1
5,10,15956,1
5,10,15958,1
5,10,15960,1
5,10,15962,1
5,10,15964,1
5,10,15970,1
5,10,15974,1
5,10,15976,1
5,10,15978,1
5,10,15980,1
5,10,15982,1
5,10,15984,1
5,10,15986,1
5,10,15988,1
5,10,15990,1
5,11,15996,1
5,11,16000,1
5,11,16002,1
5,11,16004,1
5,11,16006,1
5,11,16008,1
5,11,16010,1
5,11,16012,1
5,11,16026,1
5,11,16028,1
5,11,16030,1
5,11,16034,1
5,11,16036,1
5,11,16040,1
5,11,16042,1
5,11,16044,1
5,12,16046,1
5,12,16050,1
5,12,16054,1
5,12,16056,1
5,12,16058,1
5,12,16060,1
5,12,16062,1
5,12,16064,1
5,12,16066,1
5,12,16068,1
5,12,16070,1
5,12,16072,1
5,12,16074,1
5,12,16076,1
5,12,16084,1
5,12,16086,1
5,12,16094,1
5,12,16096,1
5,12,16098,1
5,12,16102,1
5,12,16106,1
5,12,16108,1
5,12,16110,1
5,12,16112,1
5,12,16114,1
5,12,16116,1
5,12,16118,1
5,12,16120,1
5,12,16122,1
5,12,16124,1
5,12,16128,1
5,12,16130,1
5,12,16132,1
5,13,16135,1
5,13,16137,1
5,13,16141,1
5,13,16143,1
5,13,16145,1
5,13,16149,1
5,13,16153,1
5,13,16157,1
5,13,16159,1
5,13,16161,1
5,13,16163,1
5,13,16165,1
5,13,16171,1
5,13,16173,1
5,13,16177,1
5,13,16179,1
5,13,16183,1
5,13,16193,1
5,13,16195,1
5,13,16197,1
5,13,16199,1
5,13,16201,1
5,13,16203,1
5,13,16207,1
5,14,16213,1
5,14,16219,1
5,14,16223,1
5,14,16225,1
5,14,16229,1
5,14,16237,1
5,14,16241,1
5,14,16245,1
5,14,16249,1
5,14,16253,1
5,14,16257,1
5,14,16259,1
5,15,16264,1
5,15,16268,1
5,15,16272,1
5,15,16274,1
5,15,16276,1
5,15,16278,1
5,15,16280,1
5,15,16282,1
5,15,16284,1
5,15,16286,1
5,15,16288,1
5,15,16292,1
5,15,16294,1
5,15,16296,1
5,15,16300,1
5,15,16304,1
5,15,16306,1
5,15,16308,1
5,15,16310,1
5,15,16312,1
5,15,16314,1
5,16,16317,1
5,16,16319,1
5,16,16321,1
5,16,16323,1
5,16,16331,1
5,16,16339,1
5,16,16341,1
5,16,16343,1
5,16,16347,1
5,16,16349,1
5,16,16353,1
5,16,16357,1
5,16,16359,1
5,16,16363,1
5,16,16365,1
5,16,16367,1
5,16,16369,1
5,16,16371,1
5,16,16373,1
5,16,16375,1
5,17,16378,1
5,17,16380,1
5,17,16382,1
5,17,16384,1
5,17,16386,1
5,17,16390,1
5,17,16392,1
5,17,16396,1
5,17,16398,1
5,17,16410,1
5,17,16412,1
5,17,16414,1
5,17,16416,1
5,17,16418,1
5,17,16420,1
5,17,16422,1
5,18,16425,1
5,18,16429,1
5,18,16431,1
5,18,16433,1
5,18,16435,1
5,18,16437,1
5,18,16441,1
5,18,16443,1
5,18,16445,1
5,18,16447,1
5,18,16449,1
5,18,16451,1
5,18,16453,1
5,18,16455,1
5,18,16461,1
5,18,16463,1
5,18,16465,1
5,18,16467,1
5,18,16469,1
5,18,16471,1
5,18,16473,1
5,18,16475,1
5,18,16481,1
5,18,16485,1
5,18,16489,1
5,18,16493,1
5,18,16495,1
5,18,16497,1
5,18,16499,1
5,18,16505,1
5,19,16510,1
5,19,16512,1
5,19,16514,1
5,19,16516,1
5,19,16518,1
5,19,16524,1
5,19,16528,1
5,19,16532,1
5,19,16534,1
5,19,16536,1
5,19,16538,1
5,19,16544,1
5,19,16546,1
5,19,16548,1
5,19,16550,1
5,19,16556,1
5,19,16558,1
5,19,16560,1
5,19,16564,1
5,19,16568,1
5,19,16572,1
5,19,16574,1
5,19,16576,1
5,19,16578,1
5,19,16580,1
5,19,16584,1
5,20,16591,1
5,20,16595,1
5,20,16597,1
5,20,16599,1
5,20,16601,1
5,20,16603,1
5,20,16605,1
5,20,16607,1
5,20,16609,1
5,20,16611,1
5,20,16613,1
5,20,16615,1
5,20,16617,1
5,20,16623,1
5,20,16627,1
5,20,16629,1
5,20,16635,1
5,20,16637,1
5,20,16645,1
5,20,16647,1
5,20,16651,1
5,20,16653,1
5,20,16655,1
5,21,16660,1
5,21,16668,1
5,21,16672,1
5,21,16674,1
5,21,16676,1
5,21,16678,1
5,21,16682,1
5,21,16684,1
5,21,16686,1
5,21,16688,1
5,21,16690,1
5,21,16692,1
5,21,16698,1
5,21,16700,1
5,21,16702,1
5,21,16704,1
5,21,16706,1
5,21,16708,1
5,21,16712,1
5,21,16716,1
5,21,16718,1
5,21,16720,1
5,21,16724,1
5,21,16726,1
5,21,16728,1
5,21,16730,1
5,21,16732,1
5,21,16734,1
5,21,16736,1
5,22,16739,1
5,22,16741,1
5,22,16743,1
5,22,16745,1
5,22,16751,1
5,22,16753,1
5,22,16755,1
5,22,16757,1
5,22,16759,1
5,22,16761,1
5,22,16763,1
5,22,16765,1
5,22,16767,1
5,22,16769,1
5,22,16771,1
5,22,16773,1
5,22,16775,1
5,22,16781,1
5,22,16783,1
5,22,16785,1
5,22,16787,1
5,22,16789,1
5,22,16791,1
5,22,16793,1
5,22,16795,1
5,22,16797,1
5,22,16799,1
5,22,16803,1
5,22,16809,1
5,22,16811,1
5,22,16813,1
5,22,16815,1
5,23,16818,1
5,23,16822,1
5,23,16824,1
5,23,16826,1
5,23,16828,1
5,23,16838,1
5,23,16842,1
5,23,16846,1
5,23,16848,1
5,23,16850,1
5,23,16852,1
5,23,16854,1
5,23,16856,1
5,23,16858,1
5,23,16860,1
5,23,16862,1
5,23,16864,1
5,23,16868,1
5,23,16870,1
5,23,16872,1
5,23,16874,1
5,23,16880,1
5,23,16882,1
5,23,16884,1
5,23,16888,1
5,23,16890,1
5,23,16894,1
5,23,16898,1
5,23,16900,1
5,23,16902,1
5,24,16905,1
5,24,16911,1
5,24,16915,1
5,24,16917,1
5,24,16919,1
5,24,16921,1
5,24,16927,1
5,24,16929,1
5,24,16931,1
5,24,16933,1
5,24,16935,1
5,24,16937,1
5,24,16939,1
5,24,16941,1
5,24,16943,1
5,24,16945,1
5,24,16947,1
5,24,16949,1
5,24,16951,1
5,24,16953,1
5,24,16955,1
5,24,16957,1
5,24,16959,1
5,24,16963,1
5,24,16967,1
5,24,16969,1
5,24,16971,1
5,24,16973,1
5,24,16975,1
5,24,16977,1
5,24,16979,1
5,25,16981,1
5,25,16983,1
5,25,16985,1
5,25,16995,1
5,25,17001,1
5,25,17005,1
5,25,17011,1
5,25,17013,1
5,25,17015,1
5,25,17017,1
5,25,17019,1
5,25,17021,1
5,25,17023,1
5,25,17025,1
5,25,17027,1
5,25,17029,1
5,25,17031,1
5,25,17035,1
5,25,17037,1
5,25,17039,1
5,25,17041,1
5,25,17043,1
5,25,17045,1
5,25,17047,1
5,25,17049,1
5,25,17053,1
5,25,17055,1
5,25,17057,1
5,25,17059,1
5,25,17061,1
5,25,17063,1
5,25,17067,1
5,25,17069,1
5,25,17071,1
5,25,17073,1
5,26,17076,1
5,26,17078,1
5,26,17082,1
5,26,17086,1
5,26,17092,1
5,26,17096,1
5,26,17100,1
5,26,17102,1
5,26,17104,1
5,26,17108,1
5,26,17110,1
5,26,17112,1
5,26,17116,1
5,26,17118,1
5,26,17124,1
5,27,17129,1
5,27,17131,1
5,27,17133,1
5,27,17137,1
5,27,17139,1
5,27,17145,1
5,27,17147,1
5,27,17149,1
5,27,17151,1
5,27,17153,1
5,27,17157,1
5,27,17165,1
5,27,17167,1
5,27,17169,1
5,27,17171,1
5,27,17175,1
5,27,17179,1
5,27,17181,1
5,27,17183,1
5,27,17187,1
5,27,17195,1
5,27,17199,1
5,27,17201,1
5,27,17203,1
5,28,17208,1
5,28,17210,1
5,28,17214,1
5,28,17218,1
5,28,17222,1
5,28,17224,1
5,28,17226,1
5,28,17228,1
5,28,17230,1
5,28,17232,1
5,28,17234,1
5,28,17236,1
5,28,17238,1
5,28,17240,1
5,28,17244,1
5,28,17248,1
5,28,17250,1
5,28,17252,1
5,28,17256,1
5,28,17264,1
5,28,17266,1
5,28,17268,1
5,28,17272,1
5,28,17274,1
5,29,17279,1
5,29,17281,1
5,29,17287,1
5,29,17293,1
5,29,17295,1
5,29,17297,1
5,29,17299,1
5,29,17301,1
5,29,17303,1
5,29,17305,1
5,29,17311,1
5,29,17313,1
5,29,17315,1
5,29,17317,1
5,29,17319,1
5,29,17321,1
5,29,17323,1
5,29,17325,1
5,29,17329,1
5,29,17333,1
5,29,17335,1
5,30,17344,1
5,30,17346,1
5,30,17350,1
5,30,17352,1
5,30,17354,1
5,30,17356,1
5,30,17360,1
5,30,17362,1
5,30,17364,1
5,30,17366,1
5,30,17368,1
5,30,17370,1
5,30,17376,1
5,30,17378,1
5,30,17382,1
5,30,17388,1
5,30,17392,1
5,30,17394,1
5,30,17396,1
5,30,17398,1
5,30,17402,1
5,30,17404,1
5,30,17408,1
5,30,17410,1
5,30,17412,1
5,30,17414,1
5,30,17416,1
5,30,17422,1
5,30,17424,1
5,30,17426,1
5,30,17428,1
5,30,17432,1
5,30,17434,1
5,31,17437,1
5,31,17439,1
5,31,17441,1
5,31,17445,1
5,31,17447,1
5,31,17451,1
5,31,17455,1
5,31,17457,1
5,31,17459,1
5,31,17461,1
5,31,17463,1
5,31,17465,1
5,31,17467,1
5,31,17471,1
5,31,17473,1
5,31,17475,1
5,31,17477,1
5,31,17479,1
5,31,17481,1
5,31,17483,1
5,31,17485,1
5,31,17487,1
5,31,17489,1
5,31,17499,1
5,31,17501,1
5,31,17503,1
5,32,17508,1
5,32,17510,1
5,32,17514,1
5,32,17516,1
5,32,17520,1
5,32,17522,1
5,32,17526,1
5,32,17530,1
5,32,17534,1
5,32,17536,1
5,32,17538,1
5,32,17540,1
5,32,17542,1
5,32,17544,1
5,32,17546,1
5,32,17548,1
5,32,17552,1
5,32,17556,1
5,32,17558,1
5,32,17560,1
5,32,17564,1
5,32,17568,1
5,32,17570,1
5,32,17574,1
5,32,17576,1
5,32,17580,1
5,32,17584,1
5,32,17588,1
5,32,17590,1
5,33,17593,1
5,33,17595,1
5,33,17597,1
5,33,17599,1
5,33,17603,1
5,33,17605,1
5,33,17607,1
5,33,17609,1
5,33,17611,1
5,33,17615,1
5,33,17621,1
5,33,17625,1
5,33,17627,1
5,33,17631,1
5,33,17635,1
5,33,17639,1
5,34,17642,1
5,34,17644,1
5,34,17646,1
5,34,17648,1
5,34,17650,1
5,34,17656,1
5,34,17658,1
5,34,17660,1
5,34,17662,1
5,34,17664,1
5,34,17666,1
5,34,17668,1
5,34,17670,1
5,34,17672,1
5,34,17674,1
5,34,17676,1
5,34,17678,1
5,34,17680,1
5,34,17684,1
5,34,17686,1
5,34,17688,1
5,35,17691,1
5,35,17693,1
5,35,17697,1
5,35,17699,1
5,35,17701,1
5,35,17703,1
5,35,17705,1
5,35,17707,1
5,35,17709,1
5,35,17711,1
5,35,17719,1
5,35,17721,1
5,35,17727,1
5,35,17729,1
5,35,17735,1
5,35,17737,1
5,35,17745,1
5,35,17749,1
5,35,17753,1
5,35,17755,1
5,35,17757,1
5,35,17761,1
5,35,17763,1
5,35,17765,1
5,35,17767,1
5,35,17769,1
5,35,17771,1
5,35,17773,1
5,35,17775,1
5,35,17777,1
5,35,17779,1
5,35,17781,1
5,35,17783,1
5,35,17785,1
5,35,17787,1
5,35,17791,1
5,35,17793,1
5,35,17795,1
5,35,17801,1
5,35,17803,1
5,35,17805,1
5,35,17807,1
5,35,17809,1
5,35,17811,1
5,35,17813,1
5,35,17815,1
5,35,17817,1
5,35,17819,1
5,36,17822,1
5,36,17826,1
5,36,17828,1
5,36,17832,1
5,36,17834,1
5,36,17836,1
5,36,17838,1
5,36,17840,1
5,36,17844,1
5,36,17846,1
5,36,17848,1
5,36,17850,1
5,36,17852,1
5,36,17856,1
5,36,17860,1
5,36,17864,1
5,36,17866,1
5,36,17868,1
5,36,17870,1
5,36,17872,1
5,36,17876,1
5,36,17878,1
5,36,17882,1
5,36,17884,1
5,36,17888,1
5,36,17890,1
5,36,17896,1
5,36,17898,1
5,36,17900,1
5,37,17904,1
5,37,17906,1
5,37,17910,1
5,37,17912,1
5,37,17916,1
5,37,17920,1
5,37,17922,1
5,37,17924,1
5,37,17926,1
5,37,17928,1
5,37,17930,1
5,37,17932,1
5,37,17934,1
5,37,17936,1
5,37,17940,1
5,37,17942,1
5,37,17944,1
5,37,17952,1
5,37,17954,1
5,37,17958,1
5,37,17960,1
5,37,17964,1
5,38,17967,1
5,38,17969,1
5,38,17973,1
5,38,17975,1
5,38,17985,1
5,38,17989,1
5,38,17993,1
5,38,17997,1
5,38,17999,1
5,38,18001,1
5,38,18005,1
5,38,18011,1
5,38,18017,1
5,38,18019,1
5,38,18021,1
5,38,18023,1
5,38,18027,1
5,38,18029,1
5,38,18031,1
5,38,18033,1
5,38,18035,1
5,39,18038,1
5,39,18040,1
5,39,18042,1
5,39,18044,1
5,39,18048,1
5,39,18050,1
5,39,18052,1
5,39,18056,1
5,39,18058,1
5,39,18062,1
5,39,18064,1
5,39,18066,1
5,39,18068,1
5,39,18070,1
5,39,18072,1
5,39,18074,1
5,39,18078,1
5,39,18082,1
5,39,18088,1
5,39,18092,1
5,39,18094,1
5,39,18098,1
5,39,18100,1
5,39,18102,1
5,39,18104,1
5,39,18106,1
5,39,18108,1
5,39,18110,1
5,39,18112,1
5,39,18114,1
5,39,18116,1
5,39,18118,1
5,40,18121,1
5,40,18123,1
5,40,18125,1
5,40,18127,1
5,40,18129,1
5,40,18131,1
5,40,18133,1
5,40,18135,1
5,40,18137,1
5,40,18139,1
5,40,18141,1
5,40,18145,1
5,40,18147,1
5,40,18149,1
5,40,18151,1
5,40,18153,1
5,40,18157,1
5,40,18159,1
5,40,18161,1
5,40,18163,1
5,40,18165,1
5,40,18167,1
5,40,18169,1
5,40,18171,1
5,40,18175,1
5,40,18181,1
5,40,18183,1
5,40,18187,1
5,40,18191,1
5,40,18193,1
5,40,18195,1
5,40,18197,1
5,40,18199,1
5,40,18201,1
5,40,18205,1
5,40,18207,1
5,40,18211,1
5,40,18215,1
5,41,18222,1
5,41,18228,1
5,41,18232,1
5,41,18234,1
5,41,18236,1
5,41,18240,1
5,41,18242,1
5,41,18244,1
5,41,18246,1
5,41,18248,1
5,41,18254,1
5,41,18258,1
5,41,18262,1
5,41,18264,1
5,41,18266,1
5,41,18268,1
5,41,18270,1
5,41,18274,1
5,41,18276,1
5,42,18283,1
5,42,18285,1
5,42,18287,1
5,42,18289,1
5,42,18291,1
5,42,18293,1
5,42,18299,1
5,42,18301,1
5,42,18303,1
5,42,18305,1
5,42,18307,1
5,42,18309,1
5,42,18311,1
5,42,18313,1
5,42,18315,1
5,42,18317,1
5,42,18319,1
5,42,18321,1
5,42,18323,1
5,42,18325,1
5,42,18327,1
5,42,18329,1
5,42,18333,1
5,42,18337,1
5,42,18339,1
5,43,18341,1
5,43,18343,1
5,43,18345,1
5,43,18347,1
5,43,18349,1
5,43,18351,1
5,43,18353,1
5,43,18357,1
5,43,18359,1
5,43,18363,1
5,43,18365,1
5,43,18367,1
5,43,18369,1
5,43,18371,1
5,43,18373,1
5,43,18375,1
5,43,18379,1
5,43,18383,1
5,43,18385,1
5,43,18387,1
5,43,18389,1
5,43,18391,1
5,43,18393,1
5,43,18395,1
5,43,18397,1
5,43,18399,1
5,43,18401,1
5,44,18404,1
5,44,18408,1
5,44,18410,1
5,44,18412,1
5,44,18414,1
5,44,18416,1
5,44,18418,1
5,44,18422,1
5,44,18426,1
5,44,18428,1
5,44,18432,1
5,44,18434,1
5,44,18440,1
5,44,18442,1
5,44,18444,1
5,44,18446,1
5,45,18449,1
5,45,18451,1
5,45,18453,1
5,45,18455,1
5,45,18457,1
5,45,18459,1
5,45,18461,1
5,45,18463,1
5,45,18465,1
5,45,18467,1
5,45,18469,1
5,45,18471,1
5,45,18477,1
5,45,18479,1
5,45,18481,1
5,45,18483,1
5,45,18485,1
5,45,18487,1
5,45,18489,1
5,45,18491,1
5,45,18493,1
5,45,18495,1
5,45,18497,1
5,45,18499,1
5,45,18501,1
5,45,18503,1
5,45,18505,1
5,45,18511,1
5,45,18513,1
5,45,18515,1
5,45,18517,1
5,45,18519,1
5,45,18521,1
5,45,18523,1
5,45,18525,1
5,45,18527,1
5,45,18529,1
5,46,18534,1
5,46,18536,1
5,46,18538,1
5,46,18540,1
5,46,18542,1
5,46,18544,1
5,46,18550,1
5,46,18552,1
5,46,18554,1
5,46,18556,1
5,46,18558,1
5,46,18560,1
5,46,18562,1
5,46,18564,1
5,46,18568,1
5,46,18572,1
5,46,18574,1
5,46,18578,1
5,46,18580,1
5,46,18582,1
5,46,18584,1
5,46,18586,1
5,46,18588,1
5,47,18591,1
5,47,18593,1
5,47,18597,1
5,47,18603,1
5,47,18605,1
5,47,18607,1
5,47,18611,1
5,47,18615,1
5,47,18617,1
5,47,18619,1
5,47,18621,1
5,47,18623,1
5,47,18625,1
5,47,18627,1
5,47,18631,1
5,47,18633,1
5,47,18637,1
5,47,18641,1
5,47,18645,1
5,47,18647,1
5,47,18653,1
5,48,18660,1
5,48,18662,1
5,48,18664,1
5,48,18666,1
5,48,18668,1
5,48,18670,1
5,48,18672,1
5,48,18674,1
5,48,18676,1
5,48,18678,1
5,48,18680,1
5,48,18682,1
5,48,18684,1
5,48,18686,1
5,48,18690,1
5,48,18692,1
5,48,18694,1
5,48,18696,1
5,48,18698,1
5,48,18700,1
5,48,18704,1
5,48,18710,1
5,48,18712,1
5,48,18716,1
5,48,18720,1
5,48,18722,1
5,48,18726,1
5,49,18730,1
5,49,18732,1
5,49,18734,1
5,49,18736,1
5,49,18738,1
5,49,18740,1
5,49,18742,1
5,49,18744,1
5,49,18746,1
5,49,18748,1
5,49,18750,1
5,49,18752,1
5,49,18754,1
5,49,18756,1
5,49,18758,1
5,49,18764,1
5,49,18766,1
5,49,18768,1
5,49,18772,1
5,49,18774,1
5,49,18776,1
5,49,18780,1
5,49,18782,1
5,49,18786,1
5,49,18788,1
5,49,18790,1
5,49,18794,1
5,49,18800,1
5,49,18806,1
5,49,18810,1
5,50,18813,1
5,50,18815,1
5,50,18817,1
5,50,18819,1
5,50,18821,1
5,50,18823,1
5,50,18825,1
5,50,18827,1
5,50,18829,1
5,50,18831,1
5,50,18837,1
5,50,18839,1
5,50,18841,1
5,50,18845,1
5,50,18849,1
5,50,18851,1
5,50,18855,1
5,50,18857,1
5,50,18859,1
5,50,18861,1
5,50,18863,1
5,50,18867,1
5,50,18869,1
5,50,18871,1
5,50,18873,1
5,50,18877,1
5,50,18879,1
5,50,18881,1
5,50,18883,1
5,50,18887,1
5,50,18889,1
5,50,18891,1
5,50,18893,1
5,50,18895,1
5,51,18898,1
5,51,18900,1
5,51,18902,1
5,51,18906,1
5,51,18908,1
5,51,18910,1
5,51,18912,1
5,51,18916,1
5,51,18918,1
5,51,18920,1
5,51,18922,1
5,51,18924,1
5,51,18926,1
5,51,18928,1
5,51,18930,1
5,51,18932,1
5,51,18936,1
5,51,18938,1
5,51,18940,1
5,51,18942,1
5,51,18944,1
5,52,18947,1
5,52,18949,1
5,52,18953,1
5,52,18957,1
5,52,18959,1
5,52,18961,1
5,52,18963,1
5,52,18965,1
5,52,18967,1
5,52,18971,1
5,52,18973,1
5,52,18975,1
5,52,18977,1
5,52,18979,1
5,52,18983,1
5,52,18985,1
5,52,18987,1
5,52,18991,1
5,52,18993,1
5,52,18995,1
5,52,18997,1
5,52,18999,1
5,52,19001,1
5,52,19003,1
5,52,19005,1
5,52,19007,1
5,52,19009,1
5,52,19011,1
5,53,19014,1
5,53,19018,1
5,53,19022,1
5,53,19024,1
5,53,19026,1
5,53,19028,1
5,53,19030,1
5,53,19032,1
5,53,19036,1
5,53,19038,1
5,53,19040,1
5,53,19042,1
5,53,19044,1
5,53,19046,1
5,53,19048,1
5,53,19052,1
5,53,19054,1
5,53,19056,1
5,53,19058,1
5,53,19060,1
5,53,19064,1
5,53,19066,1
5,53,19068,1
5,53,19070,1
5,53,19072,1
5,53,19074,1
5,53,19076,1
5,53,19078,1
5,53,19080,1
5,53,19082,1
5,53,19086,1
5,53,19088,1
5,53,19090,1
5,53,19092,1
5,53,19094,1
5,53,19096,1
5,56,19100,1
5,56,19102,1
5,56,19106,1
5,56,19108,1
5,56,19110,1
5,56,19112,1
5,56,19114,1
5,56,19116,1
5,56,19118,1
5,56,19120,1
5,57,19123,1
5,57,19125,1
5,57,19127,1
5,57,19129,1
5,57,19131,1
5,57,19133,1
5,57,19137,1
5,59,19142,1
5,59,19144,1
5,59,19146,1
5,59,19148,1
5,60,19150,1
5,60,19152,1
5,60,19154,1
5,60,19156,1
5,60,19158,1
5,60,19160,1
5,60,19162,1
5,60,19164,1
5,60,19166,1
6,1,19169,1
6,1,19171,1
6,1,19175,1
6,1,19177,1
6,1,19179,1
6,1,19181,1
6,1,19183,1
6,1,19185,1
6,1,19187,1
6,1,19189,1
6,1,19193,1
6,1,19197,1
6,1,19201,1
6,1,19203,1
6,1,19205,1
6,1,19207,1
6,1,19209,1
6,1,19211,1
6,1,19215,1
6,1,19221,1
6,1,19225,1
6,1,19227,1
6,1,19231,1
6,1,19233,1
6,2,19236,1
6,2,19238,1
6,2,19240,1
6,2,19242,1
6,2,19244,1
6,2,19246,1
6,2,19248,1
6,2,19252,1
6,2,19256,1
6,2,19258,1
6,2,19260,1
6,2,19264,1
6,2,19266,1
6,2,19270,1
6,2,19272,1
6,2,19274,1
6,2,19276,1
6,2,19278,1
6,2,19280,1
6,2,19282,1
6,2,19284,1
6,2,19286,1
6,2,19288,1
6,2,19292,1
6,2,19294,1
6,2,19304,1
6,2,19308,1
6,2,19312,1
6,3,19315,1
6,3,19317,1
6,3,19321,1
6,3,19323,1
6,3,19325,1
6,3,19327,1
6,3,19333,1
6,3,19337,1
6,3,19339,1
6,3,19343,1
6,3,19347,1
6,3,19351,1
6,3,19355,1
6,3,19357,1
6,3,19359,1
6,3,19361,1
6,3,19363,1
6,3,19365,1
6,3,19377,1
6,3,19379,1
6,3,19381,1
6,3,19383,1
6,3,19385,1
6,3,19387,1
6,3,19389,1
6,3,19391,1
6,3,19393,1
6,3,19395,1
6,3,19397,1
6,3,19399,1
6,4,19402,1
6,4,19404,1
6,4,19406,1
6,4,19408,1
6,4,19410,1
6,4,19412,1
6,4,19414,1
6,4,19416,1
6,4,19418,1
6,4,19420,1
6,4,19422,1
6,4,19424,1
6,4,19426,1
6,4,19428,1
6,4,19430,1
6,4,19432,1
6,4,19434,1
6,4,19436,1
6,4,19438,1
6,4,19440,1
6,4,19442,1
6,4,19444,1
6,4,19448,1
6,4,19450,1
6,4,19452,1
6,4,19454,1
6,4,19456,1
6,4,19458,1
6,4,19460,1
6,4,19462,1
6,4,19464,1
6,4,19466,1
6,4,19468,1
6,4,19472,1
6,4,19474,1
6,4,19476,1
6,4,19478,1
6,4,19480,1
6,5,19483,1
6,5,19485,1
6,5,19487,1
6,5,19489,1
6,5,19495,1
6,5,19501,1
6,5,19503,1
6,5,19505,1
6,5,19507,1
6,5,19511,1
6,5,19513,1
6,5,19515,1
6,5,19517,1
6,5,19519,1
6,5,19521,1
6,5,19523,1
6,5,19525,1
6,5,19527,1
6,5,19531,1
6,5,19533,1
6,5,19535,1
6,5,19537,1
6,5,19539,1
6,5,19541,1
6,5,19543,1
6,5,19547,1
6,5,19549,1
6,5,19551,1
6,5,19553,1
6,5,19555,1
6,5,19557,1
6,5,19565,1
6,6,19568,1
6,6,19570,1
6,6,19574,1
6,6,19576,1
6,6,19578,1
6,6,19582,1
6,6,19586,1
6,6,19594,1
6,6,19598,1
6,6,19600,1
6,6,19602,1
6,6,19604,1
6,6,19606,1
6,6,19608,1
6,6,19610,1
6,6,19612,1
6,6,19614,1
6,6,19616,1
6,6,19618,1
6,6,19626,1
6,6,19628,1
6,6,19630,1
6,6,19632,1
6,6,19634,1
6,6,19636,1
6,6,19638,1
6,7,19641,1
6,7,19643,1
6,7,19645,1
6,7,19649,1
6,7,19651,1
6,7,19653,1
6,7,19655,1
6,7,19657,1
6,7,19659,1
6,7,19661,1
6,7,19665,1
6,7,19667,1
6,7,19669,1
6,7,19671,1
6,7,19673,1
6,7,19677,1
6,7,19679,1
6,7,19681,1
6,7,19683,1
6,7,19685,1
6,7,19691,1
6,7,19693,1
6,7,19697,1
6,7,19701,1
6,7,19703,1
6,7,19705,1
6,7,19707,1
6,7,19709,1
6,7,19711,1
6,7,19713,1
6,7,19715,1
6,7,19717,1
6,7,19719,1
6,7,19723,1
6,8,19726,1
6,8,19730,1
6,8,19732,1
6,8,19740,1
6,8,19742,1
6,8,19744,1
6,8,19746,1
6,8,19748,1
6,8,19752,1
6,8,19754,1
6,8,19756,1
6,8,19758,1
6,8,19762,1
6,8,19764,1
6,8,19768,1
6,8,19770,1
6,8,19772,1
6,8,19774,1
6,8,19778,1
6,8,19780,1
6,8,19784,1
6,8,19786,1
6,8,19790,1
6,8,19792,1
6,8,19794,1
6,8,19796,1
6,9,19798,1
6,9,19800,1
6,9,19802,1
6,9,19804,1
6,9,19808,1
6,9,19810,1
6,9,19812,1
6,9,19814,1
6,9,19816,1
6,9,19818,1
6,9,19820,1
6,9,19822,1
6,9,19824,1
6,9,19826,1
6,9,19834,1
6,9,19836,1
6,9,19838,1
6,9,19844,1
6,10,19849,1
6,10,19853,1
6,10,19855,1
6,10,19859,1
6,10,19861,1
6,10,19863,1
6,10,19865,1
6,10,19871,1
6,10,19873,1
6,10,19877,1
6,10,19879,1
6,10,19883,1
6,10,19885,1
6,10,19891,1
6,10,19893,1
6,10,19895,1
6,10,19897,1
6,10,19899,1
6,10,19901,1
6,10,19903,1
6,10,19905,1
6,10,19909,1
6,10,19915,1
6,10,19921,1
6,10,19923,1
6,10,19927,1
6,10,19929,1
6,10,19931,1
6,10,19933,1
6,10,19935,1
6,10,19937,1
6,10,19939,1
6,10,19941,1
6,10,19943,1
6,10,19945,1
6,10,19947,1
6,10,19949,1
6,10,19951,1
6,10,19953,1
6,11,19956,1
6,11,19958,1
6,11,19962,1
6,11,19968,1
6,11,19970,1
6,11,19976,1
6,11,19978,1
6,11,19980,1
6,11,19982,1
6,11,19984,1
6,11,19986,1
6,11,19988,1
6,11,19990,1
6,11,19992,1
6,11,19994,1
6,11,19996,1
6,11,20000,1
6,12,20003,1
6,12,20005,1
6,12,20007,1
6,12,20011,1
6,12,20013,1
6,12,20015,1
6,12,20017,1
6,12,20019,1
6,12,20021,1
6,12,20023,1
6,12,20025,1
6,12,20027,1
6,12,20029,1
6,12,20031,1
6,12,20035,1
6,12,20039,1
6,12,20041,1
6,12,20043,1
6,12,20047,1
6,12,20051,1
6,12,20059,1
6,13,20062,1
6,13,20064,1
6,13,20068,1
6,13,20074,1
6,13,20078,1
6,13,20080,1
6,13,20088,1
6,13,20090,1
6,13,20092,1
6,13,20094,1
6,13,20104,1
6,13,20108,1
6,13,20110,1
6,13,20114,1
6,13,20118,1
6,13,20122,1
6,13,20126,1
6,13,20128,1
6,13,20132,1
6,13,20134,1
6,14,20138,1
6,14,20142,1
6,14,20144,1
6,14,20146,1
6,14,20154,1
6,14,20156,1
6,14,20160,1
6,14,20162,1
6,14,20164,1
6,14,20166,1
6,14,20168,1
6,14,20170,1
6,14,20180,1
6,14,20186,1
6,14,20190,1
6,14,20192,1
6,14,20194,1
6,14,20196,1
6,15,20203,1
6,15,20205,1
6,15,20209,1
6,15,20211,1
6,15,20219,1
6,15,20221,1
6,15,20223,1
6,15,20233,1
6,15,20235,1
6,15,20237,1
6,15,20239,1
6,15,20241,1
6,15,20243,1
6,15,20245,1
6,15,20247,1
6,15,20251,1
6,16,20254,1
6,16,20256,1
6,16,20258,1
6,16,20260,1
6,16,20262,1
6,16,20264,1
6,16,20266,1
6,16,20270,1
6,16,20272,1
6,16,20276,1
6,16,20278,1
6,16,20280,1
6,16,20282,1
6,16,20284,1
6,16,20286,1
6,16,20288,1
6,16,20290,1
6,16,20292,1
6,16,20300,1
6,16,20302,1
6,16,20306,1
6,16,20310,1
6,16,20312,1
6,16,20314,1
6,16,20316,1
6,16,20318,1
6,17,20321,1
6,17,20323,1
6,17,20327,1
6,17,20329,1
6,17,20333,1
6,17,20335,1
6,17,20337,1
6,17,20339,1
6,17,20343,1
6,17,20345,1
6,17,20347,1
6,17,20349,1
6,17,20351,1
6,17,20353,1
6,17,20355,1
6,17,20357,1
6,17,20359,1
6,17,20361,1
6,17,20363,1
6,17,20365,1
6,17,20367,1
6,17,20369,1
6,17,20371,1
6,17,20373,1
6,17,20375,1
6,18,20378,1
6,18,20380,1
6,18,20382,1
6,18,20386,1
6,18,20390,1
6,18,20392,1
6,18,20396,1
6,18,20398,1
6,18,20400,1
6,18,20402,1
6,18,20404,1
6,18,20408,1
6,18,20410,1
6,18,20416,1
6,18,20420,1
6,18,20422,1
6,18,20424,1
6,18,20426,1
6,18,20428,1
6,18,20430,1
6,18,20432,1
6,18,20434,1
6,18,20436,1
6,19,20439,1
6,19,20441,1
6,19,20443,1
6,19,20445,1
6,19,20447,1
6,19,20449,1
6,19,20455,1
6,19,20465,1
6,19,20469,1
6,19,20471,1
6,19,20473,1
6,19,20475,1
6,19,20477,1
6,19,20479,1
6,19,20481,1
6,19,20483,1
6,19,20485,1
6,19,20487,1
6,19,20489,1
6,19,20491,1
6,19,20493,1
6,19,20495,1
6,19,20497,1
6,19,20499,1
6,19,20501,1
6,19,20507,1
6,19,20511,1
6,19,20513,1
6,19,20515,1
6,19,20519,1
6,19,20521,1
6,19,20523,1
6,19,20525,1
6,19,20527,1
6,20,20530,1
6,20,20532,1
6,20,20534,1
6,20,20536,1
6,20,20538,1
6,20,20540,1
6,20,20556,1
6,20,20558,1
6,20,20562,1
6,20,20566,1
6,20,20568,1
6,20,20570,1
6,20,20572,1
6,20,20576,1
6,20,20584,1
6,20,20586,1
6,20,20588,1
6,20,20592,1
6,20,20602,1
6,20,20604,1
6,21,20612,1
6,21,20614,1
6,21,20616,1
6,21,20622,1
6,21,20626,1
6,21,20628,1
6,21,20630,1
6,21,20634,1
6,21,20640,1
6,21,20642,1
6,21,20644,1
6,21,20646,1
6,21,20648,1
6,21,20660,1
6,21,20662,1
6,21,20664,1
6,21,20668,1
6,21,20670,1
6,22,20675,1
6,22,20677,1
6,22,20679,1
6,22,20681,1
6,22,20687,1
6,22,20691,1
6,22,20693,1
6,22,20695,1
6,22,20697,1
6,22,20699,1
6,22,20705,1
6,22,20709,1
6,22,20711,1
6,22,20713,1
6,22,20715,1
6,22,20717,1
6,22,20719,1
6,22,20721,1
6,22,20723,1
6,22,20725,1
6,22,20727,1
6,22,20729,1
6,22,20731,1
6,22,20733,1
6,22,20735,1
6,22,20737,1
6,22,20743,1
6,22,20745,1
6,22,20749,1
6,22,20751,1
6,22,20755,1
6,22,20757,1
6,22,20759,1
6,22,20761,1
6,23,20766,1
6,23,20768,1
6,23,20770,1
6,23,20774,1
6,23,20776,1
6,23,20792,1
6,23,20794,1
6,23,20796,1
6,23,20798,1
6,23,20800,1
6,23,20802,1
6,23,20804,1
6,23,20806,1
6,23,20810,1
6,23,20812,1
6,23,20814,1
6,23,20816,1
6,23,20818,1
6,23,20822,1
6,23,20824,1
6,23,20826,1
6,23,20828,1
6,23,20830,1
6,23,20832,1
6,23,20834,1
6,23,20836,1
6,23,20838,1
6,23,20840,1
6,24,20845,1
6,24,20847,1
6,24,20849,1
6,24,20851,1
6,24,20855,1
6,24,20857,1
6,24,20861,1
6,24,20863,1
6,24,20867,1
6,24,20871,1
6,24,20873,1
6,24,20875,1
6,24,20879,1
6,24,20881,1
6,24,20883,1
6,24,20885,1
6,24,20887,1
6,24,20889,1
6,24,20895,1
6,24,20897,1
6,24,20899,1
6,24,20901,1
6,24,20903,1
6,24,20905,1
6,24,20907,1
6,24,20909,1
6,24,20911,1
6,24,20913,1
6,24,20917,1
6,24,20925,1
6,24,20927,1
6,24,20931,1
6,24,20935,1
6,24,20939,1
6,24,20941,1
6,25,20944,1
6,25,20946,1
6,25,20948,1
6,25,20950,1
6,25,20952,1
6,25,20954,1
6,25,20960,1
6,25,20962,1
6,25,20964,1
6,25,20966,1
6,25,20968,1
6,25,20970,1
6,25,20972,1
6,25,20974,1
6,25,20976,1
6,25,20978,1
6,25,20980,1
6,25,20982,1
6,25,20986,1
6,25,20988,1
6,25,20990,1
6,25,20994,1
6,25,20996,1
6,25,21000,1
6,25,21002,1
6,25,21004,1
6,25,21012,1
6,25,21014,1
6,25,21016,1
6,25,21020,1
6,26,21022,1
6,26,21024,1
6,26,21026,1
6,26,21028,1
6,26,21032,1
6,26,21034,1
6,26,21036,1
6,26,21038,1
6,26,21040,1
6,26,21042,1
6,26,21044,1
6,26,21046,1
6,26,21048,1
6,26,21050,1
6,26,21052,1
6,26,21054,1
6,26,21056,1
6,26,21058,1
6,26,21060,1
6,26,21062,1
6,26,21064,1
6,26,21070,1
6,27,21075,1
6,27,21079,1
6,27,21081,1
6,27,21083,1
6,27,21085,1
6,27,21087,1
6,27,21089,1
6,27,21093,1
6,27,21095,1
6,27,21097,1
6,27,21103,1
6,27,21105,1
6,27,21107,1
6,27,21111,1
6,27,21113,1
6,27,21117,1
6,27,21119,1
6,27,21123,1
6,27,21125,1
6,27,21127,1
6,28,21130,1
6,28,21134,1
6,28,21136,1
6,28,21142,1
6,28,21148,1
6,28,21150,1
6,28,21156,1
6,28,21158,1
6,28,21160,1
6,28,21162,1
6,28,21164,1
6,28,21166,1
6,28,21170,1
6,28,21172,1
6,28,21174,1
6,28,21176,1
6,28,21182,1
6,28,21184,1
6,28,21188,1
6,28,21190,1
6,28,21192,1
6,28,21194,1
6,28,21196,1
6,29,21199,1
6,29,21209,1
6,29,21213,1
6,29,21221,1
6,29,21223,1
6,29,21225,1
6,29,21231,1
6,29,21233,1
6,29,21237,1
6,29,21239,1
6,29,21243,1
6,29,21247,1
6,29,21251,1
6,29,21255,1
6,29,21257,1
6,29,21261,1
6,29,21267,1
6,29,21271,1
6,29,21273,1
6,30,21276,1
6,30,21280,1
6,30,21282,1
6,30,21286,1
6,30,21292,1
6,30,21294,1
6,30,21296,1
6,30,21298,1
6,30,21304,1
6,30,21306,1
6,30,21308,1
6,30,21312,1
6,30,21314,1
6,30,21316,1
6,30,21324,1
6,30,21328,1
6,30,21330,1
6,30,21332,1
6,30,21334,1
6,30,21336,1
6,30,21338,1
6,30,21340,1
6,30,21342,1
6,30,21344,1
6,30,21346,1
6,30,21348,1
6,30,21350,1
6,31,21355,1
6,31,21357,1
6,31,21359,1
6,31,21361,1
6,31,21369,1
6,31,21371,1
6,31,21373,1
6,31,21379,1
6,31,21381,1
6,31,21383,1
6,31,21393,1
6,31,21395,1
6,31,21397,1
6,31,21399,1
6,31,21401,1
6,31,21403,1
6,31,21407,1
6,31,21409,1
6,31,21413,1
6,31,21415,1
6,31,21417,1
6,31,21419,1
6,31,21421,1
6,31,21425,1
6,31,21427,1
6,31,21431,1
6,31,21433,1
6,31,21437,1
6,32,21440,1
6,32,21442,1
6,32,21444,1
6,32,21456,1
6,32,21462,1
6,32,21464,1
6,32,21466,1
6,32,21470,1
6,32,21474,1
6,32,21476,1
6,32,21478,1
6,32,21480,1
6,32,21482,1
6,32,21484,1
6,32,21486,1
6,32,21488,1
6,32,21492,1
6,32,21494,1
6,32,21496,1
6,32,21500,1
6,32,21502,1
6,32,21506,1
6,32,21508,1
6,32,21510,1
6,32,21512,1
6,32,21514,1
6,32,21516,1
6,32,21518,1
6,32,21520,1
6,32,21522,1
6,32,21524,1
6,32,21528,1
6,33,21533,1
6,33,21537,1
6,33,21539,1
6,33,21541,1
6,33,21543,1
6,33,21545,1
6,33,21547,1
6,33,21551,1
6,33,21557,1
6,33,21559,1
6,33,21561,1
6,33,21565,1
6,33,21567,1
6,33,21571,1
6,33,21577,1
6,33,21581,1
6,33,21585,1
6,33,21587,1
6,33,21589,1
6,33,21591,1
6,33,21593,1
6,34,21596,1
6,34,21600,1
6,34,21602,1
6,34,21604,1
6,34,21608,1
6,34,21610,1
6,34,21612,1
6,34,21616,1
6,34,21618,1
6,34,21620,1
6,34,21622,1
6,34,21626,1
6,34,21628,1
6,34,21630,1
6,34,21632,1
6,34,21634,1
6,34,21636,1
6,34,21638,1
6,34,21642,1
6,34,21644,1
6,34,21648,1
6,35,21651,1
6,35,21653,1
6,35,21655,1
6,35,21661,1
6,35,21663,1
6,35,21667,1
6,35,21669,1
6,35,21671,1
6,35,21675,1
6,35,21677,1
6,35,21679,1
6,35,21681,1
6,35,21683,1
6,35,21687,1
6,35,21691,1
6,35,21693,1
6,35,21695,1
6,35,21697,1
6,35,21699,1
6,35,21701,1
6,35,21703,1
6,35,21705,1
6,35,21707,1
6,35,21709,1
6,35,21711,1
6,35,21713,1
6,35,21715,1
6,35,21717,1
6,35,21719,1
6,35,21727,1
6,35,21733,1
6,35,21735,1
6,35,21737,1
6,35,21753,1
6,35,21755,1
6,35,21759,1
6,35,21761,1
6,35,21763,1
6,35,21765,1
6,35,21767,1
6,35,21769,1
6,36,21772,1
6,36,21774,1
6,36,21776,1
6,36,21778,1
6,36,21780,1
6,36,21782,1
6,36,21784,1
6,36,21792,1
6,36,21798,1
6,36,21800,1
6,36,21804,1
6,36,21806,1
6,36,21808,1
6,36,21810,1
6,36,21814,1
6,36,21816,1
6,36,21820,1
6,36,21828,1
6,36,21832,1
6,36,21838,1
6,36,21840,1
6,36,21842,1
6,36,21844,1
6,36,21846,1
6,36,21848,1
6,36,21850,1
6,36,21852,1
6,36,21854,1
6,37,21857,1
6,37,21861,1
6,37,21863,1
6,37,21865,1
6,37,21873,1
6,37,21879,1
6,37,21881,1
6,37,21887,1
6,37,21889,1
6,37,21891,1
6,37,21893,1
6,37,21895,1
6,37,21899,1
6,37,21901,1
6,37,21905,1
6,37,21907,1
6,37,21909,1
6,37,21911,1
6,37,21913,1
6,37,21915,1
6,37,21917,1
6,37,21923,1
6,37,21925,1
6,37,21927,1
6,37,21931,1
6,37,21933,1
6,37,21935,1
6,37,21937,1
6,37,21939,1
6,38,21942,1
6,38,21944,1
6,38,21948,1
6,38,21954,1
6,38,21958,1
6,38,21966,1
6,38,21968,1
6,38,21970,1
6,38,21974,1
6,38,21976,1
6,38,21978,1
6,38,21980,1
6,38,21982,1
6,38,21984,1
6,38,21986,1
6,38,21988,1
6,38,21994,1
6,38,21996,1
6,38,21998,1
6,38,22000,1
6,38,22002,1
6,38,22010,1
6,38,22012,1
6,38,22014,1
6,38,22016,1
6,39,22023,1
6,39,22025,1
6,39,22027,1
6,39,22029,1
6,39,22035,1
6,39,22037,1
6,39,22041,1
6,39,22043,1
6,39,22045,1
6,39,22047,1
6,39,22053,1
6,39,22055,1
6,39,22057,1
6,39,22061,1
6,39,22067,1
6,39,22069,1
6,39,22071,1
6,39,22075,1
6,39,22081,1
6,39,22083,1
6,39,22089,1
6,40,22092,1
6,40,22094,1
6,40,22100,1
6,40,22104,1
6,40,22106,1
6,40,22108,1
6,40,22112,1
6,40,22114,1
6,40,22116,1
6,40,22118,1
6,40,22120,1
6,40,22122,1
6,40,22124,1
6,40,22126,1
6,40,22128,1
6,40,22130,1
6,40,22132,1
6,40,22134,1
6,40,22136,1
6,40,22138,1
6,40,22140,1
6,40,22144,1
6,40,22146,1
6,40,22148,1
6,40,22152,1
6,40,22154,1
6,40,22158,1
6,40,22160,1
6,40,22162,1
6,40,22164,1
6,40,22166,1
6,40,22168,1
6,40,22170,1
6,41,22177,1
6,41,22179,1
6,41,22181,1
6,41,22183,1
6,41,22185,1
6,41,22187,1
6,41,22189,1
6,41,22197,1
6,41,22199,1
6,41,22201,1
6,41,22203,1
6,41,22205,1
6,41,22207,1
6,41,22209,1
6,41,22211,1
6,41,22213,1
6,41,22215,1
6,41,22217,1
6,41,22219,1
6,41,22221,1
6,41,22223,1
6,41,22225,1
6,41,22227,1
6,41,22229,1
6,41,22235,1
6,41,22237,1
6,41,22239,1
6,41,22243,1
6,41,22245,1
6,41,22247,1
6,41,22249,1
6,41,22251,1
6,41,22253,1
6,42,22260,1
6,42,22262,1
6,42,22264,1
6,42,22266,1
6,42,22270,1
6,42,22272,1
6,42,22274,1
6,42,22276,1
6,42,22280,1
6,42,22282,1
6,42,22288,1
6,42,22292,1
6,42,22294,1
6,42,22296,1
6,42,22298,1
6,42,22302,1
6,42,22304,1
6,42,22306,1
6,42,22308,1
6,42,22310,1
6,43,22313,1
6,43,22315,1
6,43,22317,1
6,43,22319,1
6,43,22321,1
6,43,22327,1
6,43,22329,1
6,43,22331,1
6,43,22333,1
6,43,22335,1
6,43,22337,1
6,43,22341,1
6,43,22343,1
6,43,22345,1
6,43,22347,1
6,43,22353,1
6,43,22355,1
6,43,22357,1
6,43,22359,1
6,43,22361,1
6,43,22365,1
6,43,22367,1
6,43,22371,1
6,43,22375,1
6,43,22377,1
6,43,22379,1
6,43,22381,1
6,44,22384,1
6,44,22388,1
6,44,22390,1
6,44,22392,1
6,44,22394,1
6,44,22396,1
6,44,22398,1
6,44,22400,1
6,44,22402,1
6,44,22410,1
6,44,22416,1
6,44,22420,1
6,44,22424,1
6,44,22428,1
6,44,22430,1
6,44,22436,1
6,45,22439,1
6,45,22443,1
6,45,22445,1
6,45,22447,1
6,45,22453,1
6,45,22457,1
6,45,22459,1
6,45,22461,1
6,45,22465,1
6,45,22467,1
6,45,22473,1
6,45,22475,1
6,45,22477,1
6,45,22479,1
6,45,22481,1
6,45,22483,1
6,45,22485,1
6,45,22487,1
6,45,22489,1
6,45,22491,1
6,45,22493,1
6,45,22495,1
6,45,22497,1
6,45,22499,1
6,45,22501,1
6,45,22503,1
6,45,22505,1
6,45,22507,1
6,45,22509,1
6,45,22511,1
6,45,22515,1
6,45,22517,1
6,45,22519,1
6,46,22522,1
6,46,22524,1
6,46,22526,1
6,46,22528,1
6,46,22530,1
6,46,22532,1
6,46,22534,1
6,46,22536,1
6,46,22540,1
6,46,22542,1
6,46,22544,1
6,46,22546,1
6,46,22548,1
6,46,22552,1
6,46,22558,1
6,46,22560,1
6,46,22562,1
6,46,22566,1
6,46,22568,1
6,46,22574,1
6,46,22580,1
6,46,22584,1
6,46,22586,1
6,46,22588,1
6,47,22591,1
6,47,22595,1
6,47,22597,1
6,47,22599,1
6,47,22601,1
6,47,22603,1
6,47,22607,1
6,47,22609,1
6,47,22611,1
6,47,22613,1
6,47,22615,1
6,47,22617,1
6,47,22619,1
6,47,22629,1
6,47,22631,1
6,47,22633,1
6,47,22635,1
6,47,22637,1
6,47,22639,1
6,47,22641,1
6,47,22643,1
6,47,22645,1
6,47,22647,1
6,47,22649,1
6,48,22652,1
6,48,22654,1
6,48,22656,1
6,48,22658,1
6,48,22660,1
6,48,22666,1
6,48,22668,1
6,48,22672,1
6,48,22674,1
6,48,22676,1
6,48,22678,1
6,48,22682,1
6,48,22684,1
6,48,22692,1
6,48,22694,1
6,48,22696,1
6,48,22698,1
6,48,22702,1
6,48,22704,1
6,48,22706,1
6,49,22713,1
6,49,22715,1
6,49,22717,1
6,49,22719,1
6,49,22727,1
6,49,22729,1
6,49,22731,1
6,49,22733,1
6,49,22735,1
6,49,22737,1
6,49,22739,1
6,49,22741,1
6,49,22743,1
6,49,22745,1
6,49,22747,1
6,49,22755,1
6,49,22759,1
6,49,22765,1
6,49,22769,1
6,49,22771,1
6,49,22773,1
6,49,22775,1
6,49,22777,1
6,49,22779,1
6,49,22781,1
6,49,22783,1
6,49,22787,1
6,49,22789,1
6,50,22798,1
6,50,22804,1
6,50,22806,1
6,50,22808,1
6,50,22810,1
6,50,22812,1
6,50,22814,1
6,50,22816,1
6,50,22818,1
6,50,22820,1
6,50,22824,1
6,50,22828,1
6,50,22832,1
6,50,22834,1
6,50,22836,1
6,50,22838,1
6,50,22840,1
6,50,22842,1
6,50,22846,1
6,50,22848,1
6,50,22850,1
6,50,22852,1
6,50,22854,1
6,50,22858,1
6,50,22860,1
6,50,22862,1
6,51,22867,1
6,51,22869,1
6,51,22871,1
6,51,22875,1
6,51,22877,1
6,51,22879,1
6,51,22881,1
6,51,22883,1
6,51,22887,1
6,51,22889,1
6,51,22891,1
6,51,22895,1
6,51,22897,1
6,51,22899,1
6,51,22901,1
6,51,22903,1
6,51,22905,1
6,51,22907,1
6,51,22909,1
6,51,22911,1
6,51,22913,1
6,51,22917,1
6,51,22919,1
6,51,22921,1
6,51,22923,1
6,52,22925,1
6,52,22927,1
6,52,22929,1
6,52,22931,1
6,52,22933,1
6,52,22935,1
6,52,22937,1
6,52,22939,1
6,52,22941,1
6,52,22943,1
6,52,22949,1
6,52,22951,1
6,52,22953,1
6,52,22955,1
6,53,22958,1
6,53,22960,1
6,53,22962,1
6,53,22966,1
6,53,22968,1
6,53,22970,1
6,53,22972,1
6,53,22974,1
6,53,22976,1
6,53,22978,1
6,53,22982,1
6,53,22984,1
6,53,22986,1
6,53,22988,1
6,53,22990,1
6,53,22992,1
6,53,22996,1
6,53,22998,1
6,53,23002,1
6,53,23006,1
6,58,23015,1
6,58,23017,1
6,58,23019,1
6,58,23021,1
6,58,23025,1
6,58,23029,1
6,58,23031,1
6,59,23034,1
6,59,23036,1
6,59,23038,1
6,59,23040,1
6,59,23042,1
6,59,23044,1
6,59,23046,1
6,59,23048,1
6,59,23050,1
6,59,23052,1
6,59,23054,1
6,59,23056,1
6,60,23059,1
7,1,23063,1
7,1,23065,1
7,1,23067,1
7,1,23069,1
7,1,23071,1
7,1,23075,1
7,1,23077,1
7,1,23079,1
7,1,23081,1
7,1,23083,1
7,1,23085,1
7,1,23087,1
7,1,23089,1
7,1,23091,1
7,1,23093,1
7,1,23095,1
7,1,23099,1
7,1,23103,1
7,1,23107,1
7,1,23109,1
7,1,23111,1
7,1,23113,1
7,1,23115,1
7,1,23121,1
7,1,23125,1
7,2,23128,1
7,2,23130,1
7,2,23138,1
7,2,23140,1
7,2,23144,1
7,2,23146,1
7,2,23148,1
7,2,23150,1
7,2,23154,1
7,2,23158,1
7,2,23160,1
7,2,23162,1
7,2,23164,1
7,2,23166,1
7,2,23168,1
7,2,23170,1
7,2,23172,1
7,2,23174,1
7,2,23178,1
7,2,23180,1
7,2,23182,1
7,2,23184,1
7,2,23186,1
7,2,23188,1
7,2,23190,1
7,2,23192,1
7,2,23196,1
7,2,23200,1
7,2,23202,1
7,2,23204,1
7,2,23208,1
7,2,23210,1
7,2,23214,1
7,2,23216,1
7,2,23218,1
7,3,23221,1
7,3,23223,1
7,3,23225,1
7,3,23229,1
7,3,23237,1
7,3,23241,1
7,3,23243,1
7,3,23245,1
7,3,23247,1
7,3,23249,1
7,3,23251,1
7,3,23253,1
7,3,23255,1
7,3,23257,1
7,3,23259,1
7,3,23261,1
7,3,23263,1
7,3,23265,1
7,3,23267,1
7,3,23269,1
7,3,23273,1
7,3,23277,1
7,3,23279,1
7,3,23283,1
7,3,23285,1
7,3,23287,1
7,3,23289,1
7,3,23291,1
7,3,23293,1
7,3,23295,1
7,3,23297,1
7,3,23299,1
7,4,23309,1
7,4,23311,1
7,4,23313,1
7,4,23315,1
7,4,23317,1
7,4,23319,1
7,4,23321,1
7,4,23325,1
7,4,23327,1
7,4,23335,1
7,4,23339,1
7,4,23341,1
7,4,23343,1
7,4,23347,1
7,4,23349,1
7,4,23351,1
7,5,23360,1
7,5,23362,1
7,5,23366,1
7,5,23370,1
7,5,23374,1
7,5,23376,1
7,5,23380,1
7,5,23382,1
7,5,23384,1
7,5,23388,1
7,5,23390,1
7,5,23392,1
7,5,23394,1
7,5,23396,1
7,5,23404,1
7,5,23406,1
7,5,23412,1
7,5,23416,1
7,5,23418,1
7,5,23420,1
7,5,23422,1
7,5,23424,1
7,5,23426,1
7,5,23428,1
7,5,23430,1
7,5,23432,1
7,5,23434,1
7,6,23437,1
7,6,23439,1
7,6,23449,1
7,6,23451,1
7,6,23453,1
7,6,23455,1
7,6,23457,1
7,6,23459,1
7,6,23461,1
7,6,23463,1
7,6,23465,1
7,6,23467,1
7,6,23471,1
7,6,23477,1
7,6,23485,1
7,7,23488,1
7,7,23490,1
7,7,23494,1
7,7,23496,1
7,7,23498,1
7,7,23500,1
7,7,23504,1
7,7,23506,1
7,7,23510,1
7,7,23512,1
7,7,23514,1
7,7,23516,1
7,7,23518,1
7,7,23524,1
7,7,23526,1
7,7,23530,1
7,7,23534,1
7,7,23536,1
7,7,23538,1
7,7,23540,1
7,7,23542,1
7,7,23544,1
7,7,23546,1
7,7,23548,1
7,7,23550,1
7,7,23552,1
7,7,23554,1
7,7,23558,1
7,7,23560,1
7,7,23562,1
7,8,23565,1
7,8,23567,1
7,8,23569,1
7,8,23575,1
7,8,23577,1
7,8,23579,1
7,8,23581,1
7,8,23583,1
7,8,23587,1
7,8,23589,1
7,8,23593,1
7,8,23595,1
7,8,23597,1
7,8,23603,1
7,8,23605,1
7,8,23611,1
7,8,23613,1
7,8,23615,1
7,8,23617,1
7,8,23619,1
7,8,23621,1
7,8,23623,1
7,9,23627,1
7,9,23629,1
7,9,23631,1
7,9,23633,1
7,9,23637,1
7,9,23639,1
7,9,23641,1
7,9,23643,1
7,9,23645,1
7,9,23647,1
7,9,23651,1
7,9,23653,1
7,9,23655,1
7,9,23657,1
7,9,23659,1
7,9,23661,1
7,9,23663,1
7,9,23665,1
7,9,23669,1
7,9,23681,1
7,9,23683,1
7,9,23687,1
7,9,23691,1
7,10,23696,1
7,10,23698,1
7,10,23700,1
7,10,23702,1
7,10,23704,1
7,10,23714,1
7,10,23716,1
7,10,23720,1
7,10,23722,1
7,10,23724,1
7,10,23726,1
7,10,23728,1
7,10,23730,1
7,10,23732,1
7,10,23734,1
7,10,23736,1
7,10,23738,1
7,10,23740,1
7,10,23742,1
7,10,23744,1
7,10,23748,1
7,10,23754,1
7,10,23756,1
7,10,23764,1
7,10,23766,1
7,10,23770,1
7,10,23772,1
7,10,23774,1
7,10,23778,1
7,10,23780,1
7,10,23782,1
7,10,23788,1
7,10,23790,1
7,10,23792,1
7,10,23794,1
7,10,23796,1
7,10,23798,1
7,10,23800,1
7,10,23802,1
7,11,23805,1
7,11,23807,1
7,11,23809,1
7,11,23811,1
7,11,23813,1
7,11,23817,1
7,11,23819,1
7,11,23821,1
7,11,23823,1
7,11,23827,1
7,11,23829,1
7,11,23831,1
7,11,23839,1
7,11,23841,1
7,11,23843,1
7,11,23845,1
7,11,23847,1
7,11,23849,1
7,11,23851,1
7,11,23853,1
7,11,23855,1
7,11,23857,1
7,11,23859,1
7,11,23861,1
7,11,23865,1
7,11,23867,1
7,11,23869,1
7,11,23871,1
7,11,23875,1
7,11,23877,1
7,11,23879,1
7,11,23881,1
7,11,23883,1
7,11,23885,1
7,12,23888,1
7,12,23894,1
7,12,23896,1
7,12,23900,1
7,12,23902,1
7,12,23904,1
7,12,23906,1
7,12,23908,1
7,12,23914,1
7,12,23918,1
7,12,23922,1
7,12,23924,1
7,12,23928,1
7,12,23930,1
7,12,23932,1
7,12,23936,1
7,12,23942,1
7,12,23944,1
7,13,23947,1
7,13,23949,1
7,13,23951,1
7,13,23953,1
7,13,23957,1
7,13,23959,1
7,13,23961,1
7,13,23963,1
7,13,23965,1
7,13,23967,1
7,13,23969,1
7,13,23971,1
7,13,23977,1
7,13,23981,1
7,13,23983,1
7,13,23985,1
7,13,23987,1
7,13,23989,1
7,13,23991,1
7,13,23995,1
7,13,23997,1
7,13,23999,1
7,13,24001,1
7,13,24005,1
7,13,24009,1
7,13,24013,1
7,13,24019,1
7,13,24023,1
7,13,24025,1
7,13,24027,1
7,13,24031,1
7,13,24033,1
7,13,24035,1
7,14,24039,1
7,14,24047,1
7,14,24049,1
7,14,24051,1
7,14,24053,1
7,14,24055,1
7,14,24057,1
7,14,24069,1
7,14,24071,1
7,14,24075,1
7,14,24079,1
7,14,24083,1
7,14,24085,1
7,14,24087,1
7,14,24089,1
7,14,24091,1
7,14,24093,1
7,15,24095,1
7,15,24097,1
7,15,24099,1
7,15,24105,1
7,15,24107,1
7,15,24109,1
7,15,24111,1
7,15,24117,1
7,15,24119,1
7,15,24121,1
7,15,24123,1
7,15,24125,1
7,15,24127,1
7,15,24129,1
7,15,24135,1
7,15,24141,1
7,15,24145,1
7,15,24147,1
7,15,24149,1
7,15,24151,1
7,15,24153,1
7,15,24155,1
7,15,24157,1
7,16,24160,1
7,16,24162,1
7,16,24164,1
7,16,24170,1
7,16,24172,1
7,16,24174,1
7,16,24178,1
7,16,24180,1
7,16,24182,1
7,16,24186,1
7,16,24190,1
7,16,24192,1
7,16,24194,1
7,16,24196,1
7,16,24198,1
7,16,24202,1
7,17,24207,1
7,17,24209,1
7,17,24213,1
7,17,24215,1
7,17,24219,1
7,17,24225,1
7,17,24227,1
7,17,24231,1
7,17,24237,1
7,17,24239,1
7,17,24241,1
7,17,24243,1
7,17,24245,1
7,18,24248,1
7,18,24250,1
7,18,24252,1
7,18,24254,1
7,18,24256,1
7,18,24258,1
7,18,24260,1
7,18,24262,1
7,18,24264,1
7,18,24268,1
7,18,24270,1
7,18,24272,1
7,18,24274,1
7,18,24280,1
7,18,24282,1
7,18,24284,1
7,18,24292,1
7,18,24296,1
7,18,24298,1
7,18,24302,1
7,18,24304,1
7,18,24306,1
7,18,24308,1
7,18,24310,1
7,18,24312,1
7,19,24314,1
7,19,24322,1
7,19,24324,1
7,19,24326,1
7,19,24328,1
7,19,24334,1
7,19,24338,1
7,19,24340,1
7,19,24342,1
7,19,24344,1
7,19,24346,1
7,19,24352,1
7,19,24354,1
7,19,24356,1
7,19,24358,1
7,19,24360,1
7,19,24362,1
7,19,24364,1
7,19,24366,1
7,19,24368,1
7,19,24370,1
7,19,24372,1
7,19,24376,1
7,19,24380,1
7,19,24382,1
7,19,24386,1
7,19,24390,1
7,19,24394,1
7,19,24400,1
7,19,24404,1
7,19,24406,1
7,19,24408,1
7,19,24410,1
7,19,24412,1
7,19,24414,1
7,20,24417,1
7,20,24419,1
7,20,24429,1
7,20,24431,1
7,20,24433,1
7,20,24435,1
7,20,24441,1
7,20,24443,1
7,20,24445,1
7,20,24447,1
7,20,24449,1
7,20,24451,1
7,20,24453,1
7,20,24455,1
7,20,24457,1
7,20,24461,1
7,20,24463,1
7,20,24465,1
7,20,24467,1
7,20,24471,1
7,20,24473,1
7,20,24475,1
7,20,24477,1
7,20,24479,1
7,20,24481,1
7,20,24483,1
7,20,24485,1
7,21,24490,1
7,21,24496,1
7,21,24498,1
7,21,24500,1
7,21,24502,1
7,21,24504,1
7,21,24506,1
7,21,24508,1
7,21,24510,1
7,21,24512,1
7,21,24514,1
7,21,24516,1
7,21,24520,1
7,21,24522,1
7,21,24526,1
7,21,24534,1
7,21,24536,1
7,21,24540,1
7,22,24543,1
7,22,24545,1
7,22,24547,1
7,22,24549,1
7,22,24553,1
7,22,24555,1
7,22,24557,1
7,22,24559,1
7,22,24561,1
7,22,24563,1
7,22,24565,1
7,22,24567,1
7,22,24569,1
7,22,24571,1
7,22,24573,1
7,22,24575,1
7,22,24577,1
7,22,24579,1
7,22,24581,1
7,22,24585,1
7,22,24589,1
7,22,24591,1
7,22,24595,1
7,22,24599,1
7,22,24601,1
7,22,24603,1
7,22,24607,1
7,22,24609,1
7,22,24611,1
7,22,24613,1
7,23,24616,1
7,23,24618,1
7,23,24620,1
7,23,24624,1
7,23,24626,1
7,23,24632,1
7,23,24634,1
7,23,24636,1
7,23,24640,1
7,23,24642,1
7,23,24644,1
7,23,24648,1
7,23,24650,1
7,23,24656,1
7,23,24658,1
7,23,24660,1
7,23,24662,1
7,23,24664,1
7,23,24668,1
7,23,24670,1
7,23,24672,1
7,23,24674,1
7,23,24678,1
7,23,24680,1
7,23,24682,1
7,23,24686,1
7,24,24691,1
7,24,24693,1
7,24,24695,1
7,24,24697,1
7,24,24699,1
7,24,24701,1
7,24,24703,1
7,24,24711,1
7,24,24713,1
7,24,24715,1
7,24,24717,1
7,24,24721,1
7,24,24723,1
7,24,24725,1
7,24,24729,1
7,24,24731,1
7,24,24733,1
7,24,24735,1
7,24,24737,1
7,24,24739,1
7,24,24741,1
7,24,24743,1
7,24,24745,1
7,24,24749,1
7,24,24751,1
7,24,24753,1
7,24,24757,1
7,24,24759,1
7,24,24763,1
7,24,24765,1
7,24,24767,1
7,24,24769,1
7,24,24777,1
7,24,24779,1
7,24,24781,1
7,25,24784,1
7,25,24786,1
7,25,24788,1
7,25,24790,1
7,25,24792,1
7,25,24794,1
7,25,24800,1
7,25,24802,1
7,25,24808,1
7,25,24810,1
7,25,24812,1
7,25,24814,1
7,25,24818,1
7,25,24820,1
7,25,24822,1
7,25,24824,1
7,25,24826,1
7,25,24828,1
7,25,24830,1
7,25,24832,1
7,25,24834,1
7,25,24836,1
7,25,24838,1
7,25,24840,1
7,25,24842,1
7,25,24846,1
7,25,24856,1
7,25,24860,1
7,25,24862,1
7,25,24864,1
7,25,24866,1
7,25,24872,1
7,25,24874,1
7,25,24876,1
7,25,24878,1
7,25,24882,1
7,25,24884,1
7,25,24886,1
7,25,24888,1
7,25,24890,1
7,26,24893,1
7,26,24897,1
7,26,24899,1
7,26,24901,1
7,26,24903,1
7,26,24905,1
7,26,24907,1
7,26,24913,1
7,26,24915,1
7,26,24917,1
7,26,24919,1
7,26,24923,1
7,26,24925,1
7,26,24927,1
7,26,24929,1
7,26,24931,1
7,26,24933,1
7,26,24935,1
7,26,24937,1
7,26,24939,1
7,26,24941,1
7,26,24943,1
7,26,24945,1
7,26,24947,1
7,26,24949,1
7,26,24951,1
7,26,24955,1
7,27,24962,1
7,27,24964,1
7,27,24966,1
7,27,24968,1
7,27,24970,1
7,27,24972,1
7,27,24976,1
7,27,24978,1
7,27,24980,1
7,27,24982,1
7,27,24986,1
7,27,24988,1
7,27,24990,1
7,27,24992,1
7,27,24994,1
7,27,24996,1
7,27,25000,1
7,27,25002,1
7,27,25006,1
7,27,25010,1
7,27,25012,1
7,27,25016,1
7,27,25018,1
7,27,25020,1
7,27,25022,1
7,27,25028,1
7,27,25030,1
7,27,25032,1
7,27,25034,1
7,28,25037,1
7,28,25039,1
7,28,25041,1
7,28,25043,1
7,28,25045,1
7,28,25047,1
7,28,25049,1
7,28,25053,1
7,28,25055,1
7,28,25059,1
7,28,25061,1
7,28,25067,1
7,28,25069,1
7,28,25071,1
7,28,25075,1
7,28,25077,1
7,28,25079,1
7,28,25081,1
7,28,25083,1
7,28,25085,1
7,28,25087,1
7,28,25089,1
7,28,25091,1
7,28,25093,1
7,28,25095,1
7,28,25097,1
7,28,25101,1
7,28,25111,1
7,28,25113,1
7,28,25115,1
7,29,25118,1
7,29,25120,1
7,29,25122,1
7,29,25124,1
7,29,25126,1
7,29,25128,1
7,29,25130,1
7,29,25132,1
7,29,25134,1
7,29,25140,1
7,29,25142,1
7,29,25144,1
7,29,25148,1
7,29,25152,1
7,29,25154,1
7,29,25156,1
7,29,25158,1
7,29,25162,1
7,29,25164,1
7,29,25168,1
7,29,25170,1
7,29,25172,1
7,29,25178,1
7,29,25180,1
7,29,25182,1
7,29,25186,1
7,29,25190,1
7,29,25192,1
7,30,25198,1
7,30,25200,1
7,30,25202,1
7,30,25204,1
7,30,25210,1
7,30,25212,1
7,30,25216,1
7,30,25222,1
7,30,25226,1
7,30,25230,1
7,30,25238,1
7,30,25240,1
7,30,25242,1
7,30,25244,1
7,31,25247,1
7,31,25249,1
7,31,25251,1
7,31,25253,1
7,31,25255,1
7,31,25257,1
7,31,25259,1
7,31,25261,1
7,31,25263,1
7,31,25269,1
7,31,25277,1
7,31,25279,1
7,31,25281,1
7,31,25283,1
7,31,25285,1
7,31,25287,1
7,31,25289,1
7,31,25291,1
7,31,25293,1
7,31,25295,1
7,31,25297,1
7,31,25299,1
7,31,25301,1
7,31,25303,1
7,31,25305,1
7,31,25307,1
7,31,25311,1
7,31,25313,1
7,31,25315,1
7,31,25317,1
7,31,25319,1
7,31,25321,1
7,31,25323,1
7,31,25325,1
7,31,25327,1
7,31,25329,1
7,31,25331,1
7,31,25333,1
7,31,25339,1
7,31,25341,1
7,31,25343,1
7,32,25348,1
7,32,25350,1
7,32,25352,1
7,32,25354,1
7,32,25368,1
7,32,25370,1
7,32,25374,1
7,32,25376,1
7,32,25378,1
7,32,25380,1
7,32,25382,1
7,32,25384,1
7,32,25386,1
7,32,25388,1
7,32,25392,1
7,32,25394,1
7,32,25396,1
7,32,25402,1
7,32,25404,1
7,32,25412,1
7,32,25414,1
7,32,25416,1
7,33,25419,1
7,33,25427,1
7,33,25431,1
7,33,25433,1
7,33,25435,1
7,33,25439,1
7,33,25441,1
7,33,25443,1
7,33,25445,1
7,33,25447,1
7,33,25449,1
7,33,25453,1
7,33,25455,1
7,33,25457,1
7,33,25459,1
7,33,25461,1
7,33,25463,1
7,33,25465,1
7,33,25467,1
7,33,25469,1
7,33,25471,1
7,33,25473,1
7,33,25475,1
7,33,25477,1
7,33,25479,1
7,34,25486,1
7,34,25488,1
7,34,25490,1
7,34,25492,1
7,34,25494,1
7,34,25500,1
7,34,25502,1
7,34,25504,1
7,34,25506,1
7,34,25508,1
7,34,25510,1
7,34,25514,1
7,34,25516,1
7,34,25518,1
7,34,25520,1
7,34,25524,1
7,34,25526,1
7,34,25530,1
7,34,25534,1
7,34,25540,1
7,35,25543,1
7,35,25545,1
7,35,25547,1
7,35,25551,1
7,35,25553,1
7,35,25559,1
7,35,25561,1
7,35,25563,1
7,35,25565,1
7,35,25567,1
7,35,25569,1
7,35,25573,1
7,35,25575,1
7,35,25577,1
7,35,25579,1
7,35,25585,1
7,35,25587,1
7,35,25589,1
7,35,25591,1
7,35,25597,1
7,35,25599,1
7,35,25601,1
7,35,25603,1
7,35,25605,1
7,35,25607,1
7,35,25609,1
7,35,25611,1
7,35,25613,1
7,35,25617,1
7,35,25619,1
7,35,25621,1
7,35,25623,1
7,35,25625,1
7,35,25627,1
7,35,25629,1
7,36,25632,1
7,36,25634,1
7,36,25640,1
7,36,25644,1
7,36,25646,1
7,36,25650,1
7,36,25654,1
7,36,25656,1
7,36,25660,1
7,36,25662,1
7,36,25666,1
7,36,25668,1
7,36,25674,1
7,36,25676,1
7,36,25678,1
7,36,25688,1
7,36,25690,1
7,36,25692,1
7,36,25694,1
7,36,25700,1
7,36,25702,1
7,36,25704,1
7,36,25706,1
7,37,25709,1
7,37,25713,1
7,37,25719,1
7,37,25723,1
7,37,25725,1
7,37,25727,1
7,37,25729,1
7,37,25731,1
7,37,25733,1
7,37,25735,1
7,37,25737,1
7,37,25739,1
7,37,25741,1
7,37,25743,1
7,37,25745,1
7,37,25747,1
7,37,25749,1
7,37,25751,1
7,37,25755,1
7,37,25757,1
7,37,25763,1
7,37,25773,1
7,38,25778,1
7,38,25784,1
7,38,25788,1
7,38,25790,1
7,38,25796,1
7,38,25798,1
7,38,25800,1
7,38,25802,1
7,38,25804,1
7,38,25806,1
7,38,25808,1
7,38,25810,1
7,38,25812,1
7,38,25814,1
7,38,25816,1
7,38,25818,1
7,38,25822,1
7,38,25824,1
7,38,25826,1
7,38,25828,1
7,38,25830,1
7,38,25832,1
7,38,25836,1
7,38,25838,1
7,38,25840,1
7,38,25842,1
7,38,25844,1
7,38,25846,1
7,38,25854,1
7,38,25858,1
7,38,25860,1
7,38,25864,1
7,38,25866,1
7,39,25869,1
7,39,25871,1
7,39,25873,1
7,39,25875,1
7,39,25879,1
7,39,25881,1
7,39,25883,1
7,39,25885,1
7,39,25887,1
7,39,25895,1
7,39,25897,1
7,39,25899,1
7,39,25901,1
7,39,25903,1
7,39,25911,1
7,39,25915,1
7,39,25917,1
7,39,25921,1
7,39,25925,1
7,39,25929,1
7,39,25931,1
7,39,25933,1
7,39,25935,1
7,39,25937,1
7,39,25939,1
7,39,25943,1
7,39,25945,1
7,40,25948,1
7,40,25950,1
7,40,25952,1
7,40,25954,1
7,40,25956,1
7,40,25958,1
7,40,25960,1
7,40,25962,1
7,40,25964,1
7,40,25966,1
7,40,25972,1
7,40,25974,1
7,40,25978,1
7,40,25986,1
7,40,25988,1
7,40,25990,1
7,40,25992,1
7,40,25994,1
7,40,25996,1
7,40,25998,1
7,40,26000,1
7,40,26004,1
7,40,26006,1
7,40,26008,1
7,40,26010,1
7,40,26012,1
7,41,26015,1
7,41,26017,1
7,41,26019,1
7,41,26023,1
7,41,26025,1
7,41,26027,1
7,41,26029,1
7,41,26031,1
7,41,26033,1
7,41,26037,1
7,41,26041,1
7,41,26045,1
7,41,26049,1
7,41,26051,1
7,41,26053,1
7,41,26055,1
7,41,26057,1
7,41,26059,1
7,41,26061,1
7,42,26066,1
7,42,26068,1
7,42,26070,1
7,42,26072,1
7,42,26074,1
7,42,26080,1
7,42,26082,1
7,42,26086,1
7,42,26088,1
7,42,26090,1
7,42,26096,1
7,42,26098,1
7,43,26101,1
7,43,26109,1
7,43,26111,1
7,43,26115,1
7,43,26119,1
7,43,26121,1
7,43,26125,1
7,43,26127,1
7,43,26131,1
7,43,26133,1
7,43,26135,1
7,43,26137,1
7,43,26141,1
7,43,26143,1
7,43,26145,1
7,43,26147,1
7,44,26151,1
7,44,26153,1
7,44,26161,1
7,44,26165,1
7,44,26169,1
7,44,26171,1
7,44,26173,1
7,44,26175,1
7,44,26177,1
7,44,26179,1
7,44,26181,1
7,44,26183,1
7,45,26190,1
7,45,26192,1
7,45,26194,1
7,45,26196,1
7,45,26198,1
7,45,26200,1
7,45,26202,1
7,45,26204,1
7,45,26206,1
7,45,26208,1
7,45,26210,1
7,45,26212,1
7,45,26214,1
7,45,26218,1
7,45,26220,1
7,45,26222,1
7,45,26224,1
7,45,26226,1
7,45,26228,1
7,45,26230,1
7,45,26232,1
7,45,26234,1
7,45,26236,1
7,45,26240,1
7,45,26242,1
7,45,26244,1
7,46,26246,1
7,46,26248,1
7,46,26250,1
7,46,26252,1
7,46,26254,1
7,46,26256,1
7,46,26258,1
7,46,26260,1
7,46,26262,1
7,46,26264,1
7,46,26266,1
7,46,26268,1
7,46,26270,1
7,46,26278,1
7,46,26282,1
7,46,26284,1
7,46,26286,1
7,46,26288,1
7,46,26290,1
7,46,26292,1
7,46,26294,1
7,46,26296,1
7,46,26298,1
7,46,26306,1
7,46,26308,1
7,46,26310,1
7,46,26314,1
7,47,26321,1
7,47,26325,1
7,47,26327,1
7,47,26333,1
7,47,26335,1
7,47,26337,1
7,47,26341,1
7,47,26343,1
7,47,26345,1
7,47,26349,1
7,47,26351,1
7,47,26353,1
7,47,26355,1
7,47,26359,1
7,47,26361,1
7,47,26363,1
7,47,26365,1
7,47,26367,1
7,47,26369,1
7,47,26371,1
7,47,26373,1
7,47,26375,1
7,48,26378,1
7,48,26382,1
7,48,26384,1
7,48,26386,1
7,48,26390,1
7,48,26392,1
7,48,26394,1
7,48,26396,1
7,48,26398,1
7,48,26400,1
7,48,26402,1
7,48,26404,1
7,48,26406,1
7,48,26408,1
7,48,26410,1
7,48,26412,1
7,48,26414,1
7,48,26416,1
7,48,26418,1
7,48,26420,1
7,48,26424,1
7,48,26426,1
7,48,26428,1
7,48,26430,1
7,48,26434,1
7,48,26438,1
7,48,26442,1
7,48,26444,1
7,48,26446,1
7,48,26450,1
7,48,26452,1
7,48,26454,1
7,48,26456,1
7,48,26458,1
7,48,26460,1
7,48,26462,1
7,49,26467,1
7,49,26471,1
7,49,26473,1
7,49,26477,1
7,49,26479,1
7,49,26481,1
7,49,26483,1
7,49,26485,1
7,49,26487,1
7,49,26489,1
7,49,26491,1
7,49,26493,1
7,49,26495,1
7,49,26497,1
7,49,26499,1
7,49,26501,1
7,49,26505,1
7,49,26507,1
7,49,26509,1
7,49,26513,1
7,49,26515,1
7,49,26517,1
7,49,26519,1
7,49,26521,1
7,49,26523,1
7,49,26525,1
7,49,26527,1
7,49,26529,1
7,49,26531,1
7,49,26535,1
7,49,26537,1
7,49,26539,1
7,50,26543,1
7,50,26545,1
7,50,26547,1
7,50,26549,1
7,50,26551,1
7,50,26553,1
7,50,26555,1
7,50,26557,1
7,50,26559,1
7,50,26561,1
7,50,26563,1
7,50,26565,1
7,50,26567,1
7,50,26569,1
7,50,26573,1
7,50,26579,1
7,50,26581,1
7,50,26583,1
7,50,26585,1
7,50,26587,1
7,51,26592,1
7,51,26596,1
7,51,26600,1
7,51,26602,1
7,51,26606,1
7,51,26608,1
7,51,26610,1
7,51,26612,1
7,51,26614,1
7,51,26618,1
7,51,26620,1
7,51,26622,1
7,51,26624,1
7,51,26626,1
7,51,26628,1
7,51,26630,1
7,51,26632,1
7,51,26634,1
7,51,26638,1
7,51,26640,1
7,51,26642,1
7,51,26644,1
7,51,26646,1
7,51,26648,1
7,51,26652,1
7,51,26654,1
7,51,26656,1
7,51,26658,1
7,51,26660,1
7,51,26662,1
7,51,26664,1
7,51,26668,1
7,51,26670,1
7,51,26674,1
7,51,26676,1
7,52,26679,1
7,52,26681,1
7,52,26683,1
7,52,26687,1
7,52,26689,1
7,52,26691,1
7,52,26695,1
7,52,26697,1
7,52,26699,1
7,52,26701,1
7,52,26703,1
7,52,26705,1
7,52,26707,1
7,52,26709,1
7,52,26711,1
7,52,26715,1
7,52,26717,1
7,52,26719,1
7,52,26721,1
7,52,26723,1
7,52,26725,1
7,52,26727,1
7,52,26729,1
7,53,26732,1
7,53,26736,1
7,53,26738,1
7,53,26740,1
7,53,26742,1
7,53,26744,1
7,53,26746,1
7,53,26748,1
7,53,26752,1
7,53,26754,1
7,53,26756,1
7,53,26758,1
7,53,26760,1
7,53,26762,1
7,53,26764,1
7,53,26766,1
7,53,26768,1
7,53,26772,1
7,53,26774,1
7,53,26776,1
7,53,26780,1
7,56,26785,1
7,56,26787,1
7,56,26791,1
7,56,26793,1
7,57,26796,1
7,57,26798,1
7,57,26800,1
7,58,26803,1
7,58,26805,1
7,58,26807,1
7,58,26809,1
7,58,26811,1
7,60,26815,1
8,1,26817,1
8,1,26823,1
8,1,26825,1
8,1,26827,1
8,1,26829,1
8,1,26831,1
8,1,26833,1
8,1,26835,1
8,1,26837,1
8,1,26839,1
8,1,26841,1
8,1,26843,1
8,1,26845,1
8,1,26849,1
8,1,26853,1
8,1,26855,1
8,1,26859,1
8,1,26861,1
8,1,26863,1
8,1,26865,1
8,1,26867,1
8,1,26869,1
8,1,26871,1
8,1,26873,1
8,1,26875,1
8,1,26877,1
8,1,26879,1
8,1,26881,1
8,2,26884,1
8,2,26886,1
8,2,26888,1
8,2,26890,1
8,2,26892,1
8,2,26894,1
8,2,26898,1
8,2,26900,1
8,2,26904,1
8,2,26906,1
8,2,26908,1
8,2,26910,1
8,2,26912,1
8,2,26918,1
8,2,26922,1
8,2,26926,1
8,2,26928,1
8,2,26930,1
8,2,26932,1
8,2,26934,1
8,2,26936,1
8,2,26938,1
8,2,26940,1
8,2,26948,1
8,2,26950,1
8,2,26952,1
8,2,26958,1
8,2,26960,1
8,2,26962,1
8,2,26964,1
8,2,26966,1
8,3,26969,1
8,3,26971,1
8,3,26973,1
8,3,26977,1
8,3,26979,1
8,3,26983,1
8,3,26985,1
8,3,26987,1
8,3,26989,1
8,3,26993,1
8,3,26995,1
8,3,26997,1
8,3,26999,1
8,3,27003,1
8,3,27005,1
8,3,27007,1
8,3,27009,1
8,3,27013,1
8,3,27015,1
8,3,27023,1
8,3,27027,1
8,3,27029,1
8,3,27031,1
8,3,27033,1
8,3,27035,1
8,3,27037,1
8,3,27039,1
8,3,27041,1
8,3,27043,1
8,4,27045,1
8,4,27047,1
8,4,27049,1
8,4,27055,1
8,4,27057,1
8,4,27059,1
8,4,27061,1
8,4,27063,1
8,4,27065,1
8,4,27067,1
8,4,27069,1
8,4,27071,1
8,4,27075,1
8,4,27081,1
8,4,27087,1
8,4,27091,1
8,4,27093,1
8,4,27099,1
8,4,27101,1
8,4,27103,1
8,4,27105,1
8,4,27107,1
8,4,27109,1
8,4,27111,1
8,5,27113,1
8,5,27115,1
8,5,27117,1
8,5,27121,1
8,5,27123,1
8,5,27125,1
8,5,27131,1
8,5,27133,1
8,5,27137,1
8,5,27139,1
8,5,27141,1
8,5,27143,1
8,5,27145,1
8,5,27147,1
8,5,27149,1
8,5,27151,1
8,5,27153,1
8,5,27159,1
8,5,27161,1
8,5,27167,1
8,5,27169,1
8,5,27175,1
8,5,27177,1
8,5,27179,1
8,5,27183,1
8,5,27185,1
8,5,27187,1
8,5,27189,1
8,5,27191,1
8,5,27193,1
8,5,27197,1
8,6,27200,1
8,6,27202,1
8,6,27204,1
8,6,27206,1
8,6,27210,1
8,6,27212,1
8,6,27214,1
8,6,27216,1
8,6,27224,1
8,6,27226,1
8,6,27228,1
8,6,27234,1
8,6,27236,1
8,6,27238,1
8,6,27240,1
8,6,27242,1
8,6,27246,1
8,6,27248,1
8,6,27250,1
8,6,27252,1
8,6,27258,1
8,6,27262,1
8,6,27266,1
8,6,27270,1
8,6,27272,1
8,7,27275,1
8,7,27277,1
8,7,27279,1
8,7,27281,1
8,7,27283,1
8,7,27285,1
8,7,27289,1
8,7,27291,1
8,7,27293,1
8,7,27295,1
8,7,27297,1
8,7,27301,1
8,7,27303,1
8,7,27305,1
8,7,27313,1
8,7,27315,1
8,7,27317,1
8,7,27323,1
8,7,27325,1
8,7,27327,1
8,7,27329,1
8,7,27331,1
8,7,27333,1
8,7,27335,1
8,7,27339,1
8,7,27341,1
8,7,27345,1
8,7,27347,1
8,7,27349,1
8,8,27352,1
8,8,27354,1
8,8,27356,1
8,8,27358,1
8,8,27360,1
8,8,27362,1
8,8,27366,1
8,8,27368,1
8,8,27370,1
8,8,27374,1
8,8,27376,1
8,8,27378,1
8,8,27380,1
8,8,27382,1
8,8,27384,1
8,8,27386,1
8,8,27388,1
8,8,27392,1
8,8,27398,1
8,8,27404,1
8,8,27406,1
8,8,27408,1
8,8,27410,1
8,8,27412,1
8,9,27415,1
8,9,27417,1
8,9,27419,1
8,9,27421,1
8,9,27423,1
8,9,27425,1
8,9,27427,1
8,9,27429,1
8,9,27431,1
8,9,27433,1
8,9,27435,1
8,9,27437,1
8,9,27439,1
8,9,27441,1
8,9,27443,1
8,9,27445,1
8,9,27447,1
8,9,27449,1
8,9,27455,1
8,9,27457,1
8,9,27459,1
8,9,27461,1
8,9,27477,1
8,9,27479,1
8,9,27481,1
8,9,27483,1
8,9,27485,1
8,9,27487,1
8,9,27489,1
8,9,27491,1
8,9,27493,1
8,10,27496,1
8,10,27498,1
8,10,27500,1
8,10,27504,1
8,10,27508,1
8,10,27510,1
8,10,27512,1
8,10,27514,1
8,10,27518,1
8,10,27524,1
8,10,27526,1
8,10,27530,1
8,10,27532,1
8,10,27534,1
8,10,27538,1
8,10,27540,1
8,10,27542,1
8,10,27544,1
8,10,27546,1
8,10,27548,1
8,10,27550,1
8,10,27552,1
8,10,27554,1
8,10,27556,1
8,10,27558,1
8,10,27562,1
8,10,27566,1
8,10,27568,1
8,10,27570,1
8,10,27576,1
8,10,27578,1
8,10,27582,1
8,10,27584,1
8,10,27586,1
8,10,27588,1
8,10,27590,1
8,11,27593,1
8,11,27595,1
8,11,27597,1
8,11,27599,1
8,11,27601,1
8,11,27605,1
8,11,27609,1
8,11,27611,1
8,11,27613,1
8,11,27615,1
8,11,27617,1
8,11,27619,1
8,11,27621,1
8,11,27623,1
8,11,27625,1
8,11,27631,1
8,11,27637,1
8,11,27639,1
8,11,27641,1
8,12,27646,1
8,12,27648,1
8,12,27652,1
8,12,27656,1
8,12,27658,1
8,12,27660,1
8,12,27662,1
8,12,27664,1
8,12,27666,1
8,12,27668,1
8,12,27670,1
8,12,27672,1
8,12,27678,1
8,12,27680,1
8,12,27682,1
8,12,27690,1
8,12,27692,1
8,12,27694,1
8,12,27696,1
8,12,27698,1
8,12,27700,1
8,12,27702,1
8,12,27704,1
8,13,27707,1
8,13,27709,1
8,13,27711,1
8,13,27713,1
8,13,27715,1
8,13,27717,1
8,13,27721,1
8,13,27725,1
8,13,27727,1
8,13,27729,1
8,13,27735,1
8,13,27737,1
8,13,27741,1
8,13,27743,1
8,13,27749,1
8,13,27753,1
8,13,27755,1
8,13,27757,1
8,13,27759,1
8,13,27763,1
8,13,27765,1
8,13,27767,1
8,13,27769,1
8,13,27771,1
8,13,27773,1
8,13,27775,1
8,13,27785,1
8,13,27791,1
8,13,27793,1
8,14,27801,1
8,14,27807,1
8,14,27815,1
8,14,27831,1
8,14,27833,1
8,14,27835,1
8,14,27839,1
8,14,27841,1
8,14,27843,1
8,15,27846,1
8,15,27852,1
8,15,27854,1
8,15,27858,1
8,15,27860,1
8,15,27862,1
8,15,27866,1
8,15,27868,1
8,15,27872,1
8,15,27876,1
8,15,27878,1
8,15,27880,1
8,15,27882,1
8,15,27884,1
8,15,27888,1
8,15,27890,1
8,15,27892,1
8,15,27896,1
8,15,27898,1
8,15,27900,1
8,15,27904,1
8,15,27906,1
8,15,27908,1
8,15,27910,1
8,15,27912,1
8,15,27914,1
8,15,27916,1
8,16,27919,1
8,16,27921,1
8,16,27923,1
8,16,27925,1
8,16,27927,1
8,16,27931,1
8,16,27933,1
8,16,27935,1
8,16,27937,1
8,16,27939,1
8,16,27941,1
8,16,27943,1
8,16,27945,1
8,16,27947,1
8,16,27951,1
8,16,27955,1
8,16,27957,1
8,16,27959,1
8,16,27961,1
8,16,27963,1
8,16,27965,1
8,16,27967,1
8,16,27969,1
8,17,27974,1
8,17,27978,1
8,17,27980,1
8,17,27982,1
8,17,27984,1
8,17,27986,1
8,17,27988,1
8,17,27990,1
8,17,27994,1
8,17,27996,1
8,17,27998,1
8,17,28002,1
8,17,28008,1
8,17,28010,1
8,17,28012,1
8,17,28014,1
8,17,28016,1
8,17,28018,1
8,17,28022,1
8,17,28024,1
8,17,28026,1
8,17,28030,1
8,17,28032,1
8,17,28034,1
8,17,28036,1
8,17,28038,1
8,17,28042,1
8,18,28047,1
8,18,28049,1
8,18,28055,1
8,18,28059,1
8,18,28061,1
8,18,28063,1
8,18,28065,1
8,18,28067,1
8,18,28069,1
8,18,28071,1
8,18,28073,1
8,18,28079,1
8,18,28081,1
8,18,28083,1
8,18,28089,1
8,18,28091,1
8,18,28093,1
8,18,28097,1
8,18,28099,1
8,18,28101,1
8,18,28103,1
8,18,28105,1
8,19,28108,1
8,19,28110,1
8,19,28112,1
8,19,28116,1
8,19,28122,1
8,19,28124,1
8,19,28126,1
8,19,28128,1
8,19,28132,1
8,19,28136,1
8,19,28138,1
8,19,28140,1
8,19,28142,1
8,19,28144,1
8,19,28148,1
8,19,28150,1
8,19,28154,1
8,19,28166,1
8,19,28170,1
8,19,28172,1
8,19,28174,1
8,19,28178,1
8,20,28183,1
8,20,28185,1
8,20,28187,1
8,20,28189,1
8,20,28191,1
8,20,28193,1
8,20,28195,1
8,20,28197,1
8,20,28201,1
8,20,28205,1
8,20,28207,1
8,20,28211,1
8,20,28213,1
8,20,28215,1
8,20,28217,1
8,20,28219,1
8,20,28221,1
8,20,28223,1
8,20,28225,1
8,20,28227,1
8,20,28233,1
8,20,28235,1
8,20,28241,1
8,20,28243,1
8,20,28245,1
8,20,28247,1
8,20,28249,1
8,20,28251,1
8,20,28257,1
8,20,28259,1
8,21,28263,1
8,21,28269,1
8,21,28271,1
8,21,28273,1
8,21,28275,1
8,21,28277,1
8,21,28279,1
8,21,28281,1
8,21,28283,1
8,21,28285,1
8,21,28287,1
8,21,28289,1
8,21,28295,1
8,21,28297,1
8,21,28301,1
8,21,28307,1
8,21,28311,1
8,21,28313,1
8,21,28315,1
8,22,28318,1
8,22,28320,1
8,22,28326,1
8,22,28330,1
8,22,28332,1
8,22,28336,1
8,22,28338,1
8,22,28342,1
8,22,28344,1
8,22,28348,1
8,22,28350,1
8,22,28352,1
8,22,28354,1
8,22,28356,1
8,22,28358,1
8,22,28360,1
8,22,28362,1
8,22,28366,1
8,22,28368,1
8,22,28370,1
8,22,28374,1
8,22,28376,1
8,22,28378,1
8,22,28380,1
8,22,28382,1
8,22,28386,1
8,22,28388,1
8,22,28390,1
8,22,28392,1
8,23,28395,1
8,23,28401,1
8,23,28403,1
8,23,28405,1
8,23,28407,1
8,23,28419,1
8,23,28421,1
8,23,28427,1
8,23,28431,1
8,23,28433,1
8,23,28435,1
8,23,28437,1
8,23,28439,1
8,23,28441,1
8,23,28443,1
8,23,28445,1
8,23,28447,1
8,23,28453,1
8,23,28455,1
8,23,28459,1
8,23,28461,1
8,23,28463,1
8,23,28465,1
8,23,28467,1
8,23,28473,1
8,23,28475,1
8,23,28477,1
8,23,28479,1
8,23,28481,1
8,23,28483,1
8,23,28485,1
8,24,28488,1
8,24,28490,1
8,24,28492,1
8,24,28494,1
8,24,28496,1
8,24,28498,1
8,24,28502,1
8,24,28506,1
8,24,28508,1
8,24,28510,1
8,24,28512,1
8,24,28514,1
8,24,28516,1
8,24,28518,1
8,24,28520,1
8,24,28522,1
8,24,28524,1
8,24,28528,1
8,24,28530,1
8,24,28532,1
8,24,28534,1
8,24,28538,1
8,24,28540,1
8,24,28542,1
8,24,28550,1
8,24,28554,1
8,24,28558,1
8,24,28560,1
8,24,28562,1
8,24,28572,1
8,24,28574,1
8,24,28576,1
8,24,28578,1
8,24,28580,1
8,24,28582,1
8,24,28584,1
8,24,28586,1
8,25,28591,1
8,25,28593,1
8,25,28597,1
8,25,28599,1
8,25,28601,1
8,25,28603,1
8,25,28607,1
8,25,28609,1
8,25,28613,1
8,25,28615,1
8,25,28617,1
8,25,28619,1
8,25,28623,1
8,25,28625,1
8,25,28627,1
8,25,28629,1
8,25,28633,1
8,25,28635,1
8,25,28637,1
8,25,28639,1
8,25,28641,1
8,25,28643,1
8,25,28645,1
8,25,28647,1
8,25,28649,1
8,25,28651,1
8,25,28657,1
8,25,28665,1
8,25,28667,1
8,25,28669,1
8,25,28671,1
8,25,28673,1
8,25,28677,1
8,25,28679,1
8,26,28682,1
8,26,28686,1
8,26,28688,1
8,26,28690,1
8,26,28692,1
8,26,28696,1
8,26,28700,1
8,26,28702,1
8,26,28704,1
8,26,28706,1
8,26,28708,1
8,26,28710,1
8,26,28718,1
8,26,28720,1
8,26,28724,1
8,26,28726,1
8,26,28728,1
8,26,28734,1
8,26,28736,1
8,26,28738,1
8,26,28740,1
8,26,28742,1
8,26,28744,1
8,26,28746,1
8,26,28748,1
8,26,28750,1
8,26,28752,1
8,27,28754,1
8,27,28756,1
8,27,28760,1
8,27,28762,1
8,27,28764,1
8,27,28770,1
8,27,28772,1
8,27,28774,1
8,27,28776,1
8,27,28778,1
8,27,28780,1
8,27,28782,1
8,27,28784,1
8,27,28786,1
8,27,28788,1
8,27,28798,1
8,27,28800,1
8,27,28802,1
8,27,28804,1
8,27,28808,1
8,27,28812,1
8,27,28816,1
8,28,28819,1
8,28,28821,1
8,28,28825,1
8,28,28829,1
8,28,28833,1
8,28,28835,1
8,28,28839,1
8,28,28843,1
8,28,28845,1
8,28,28847,1
8,28,28849,1
8,28,28851,1
8,28,28853,1
8,28,28855,1
8,28,28857,1
8,28,28859,1
8,28,28863,1
8,28,28865,1
8,28,28867,1
8,28,28871,1
8,28,28873,1
8,28,28875,1
8,28,28881,1
8,28,28885,1
8,28,28887,1
8,28,28889,1
8,28,28891,1
8,28,28893,1
8,28,28895,1
8,28,28897,1
8,28,28899,1
8,28,28901,1
8,29,28904,1
8,29,28906,1
8,29,28908,1
8,29,28916,1
8,29,28918,1
8,29,28924,1
8,29,28926,1
8,29,28928,1
8,29,28936,1
8,29,28938,1
8,29,28940,1
8,29,28942,1
8,29,28944,1
8,29,28946,1
8,29,28948,1
8,29,28950,1
8,29,28952,1
8,29,28954,1
8,29,28958,1
8,29,28960,1
8,29,28962,1
8,29,28964,1
8,29,28966,1
8,29,28968,1
8,29,28970,1
8,29,28974,1
8,29,28976,1
8,29,28978,1
8,29,28986,1
8,29,28988,1
8,30,28993,1
8,30,28995,1
8,30,28999,1
8,30,29001,1
8,30,29005,1
8,30,29007,1
8,30,29009,1
8,30,29011,1
8,30,29013,1
8,30,29015,1
8,30,29019,1
8,30,29021,1
8,30,29023,1
8,30,29025,1
8,30,29031,1
8,30,29033,1
8,30,29035,1
8,30,29037,1
8,30,29039,1
8,30,29041,1
8,30,29043,1
8,30,29045,1
8,30,29047,1
8,30,29049,1
8,30,29051,1
8,31,29056,1
8,31,29058,1
8,31,29060,1
8,31,29064,1
8,31,29070,1
8,31,29072,1
8,31,29076,1
8,31,29078,1
8,31,29080,1
8,31,29082,1
8,31,29084,1
8,31,29086,1
8,31,29088,1
8,31,29092,1
8,31,29094,1
8,31,29096,1
8,31,29098,1
8,31,29102,1
8,31,29104,1
8,31,29108,1
8,31,29112,1
8,31,29114,1
8,31,29116,1
8,31,29122,1
8,31,29124,1
8,31,29126,1
8,31,29128,1
8,31,29130,1
8,32,29133,1
8,32,29135,1
8,32,29139,1
8,32,29141,1
8,32,29145,1
8,32,29147,1
8,32,29157,1
8,32,29159,1
8,32,29161,1
8,32,29163,1
8,32,29165,1
8,32,29169,1
8,32,29173,1
8,32,29175,1
8,32,29177,1
8,32,29181,1
8,32,29183,1
8,32,29195,1
8,32,29201,1
8,32,29203,1
8,32,29205,1
8,32,29207,1
8,32,29209,1
8,32,29211,1
8,32,29213,1
8,33,29216,1
8,33,29218,1
8,33,29220,1
8,33,29226,1
8,33,29228,1
8,33,29230,1
8,33,29232,1
8,33,29234,1
8,33,29238,1
8,33,29240,1
8,33,29242,1
8,33,29244,1
8,33,29246,1
8,33,29248,1
8,33,29250,1
8,33,29258,1
8,33,29260,1
8,33,29268,1
8,34,29271,1
8,34,29273,1
8,34,29275,1
8,34,29277,1
8,34,29279,1
8,34,29281,1
8,34,29285,1
8,34,29287,1
8,34,29289,1
8,34,29293,1
8,34,29295,1
8,34,29297,1
8,34,29299,1
8,34,29301,1
8,34,29303,1
8,34,29305,1
8,34,29307,1
8,34,29309,1
8,34,29311,1
8,35,29316,1
8,35,29320,1
8,35,29322,1
8,35,29328,1
8,35,29336,1
8,35,29342,1
8,35,29344,1
8,35,29346,1
8,35,29348,1
8,35,29352,1
8,35,29354,1
8,35,29358,1
8,35,29360,1
8,35,29364,1
8,35,29366,1
8,35,29368,1
8,35,29370,1
8,35,29372,1
8,35,29378,1
8,35,29380,1
8,35,29384,1
8,35,29386,1
8,35,29388,1
8,35,29392,1
8,35,29394,1
8,35,29396,1
8,35,29398,1
8,35,29400,1
8,35,29402,1
8,35,29404,1
8,36,29407,1
8,36,29409,1
8,36,29411,1
8,36,29413,1
8,36,29415,1
8,36,29425,1
8,36,29429,1
8,36,29431,1
8,36,29441,1
8,36,29443,1
8,36,29445,1
8,36,29447,1
8,36,29449,1
8,36,29451,1
8,36,29453,1
8,36,29455,1
8,36,29457,1
8,36,29461,1
8,36,29463,1
8,36,29467,1
8,36,29471,1
8,36,29473,1
8,36,29475,1
8,36,29477,1
8,36,29481,1
8,36,29483,1
8,36,29485,1
8,36,29487,1
8,36,29489,1
8,36,29491,1
8,36,29495,1
8,36,29499,1
8,36,29501,1
8,36,29503,1
8,36,29505,1
8,37,29508,1
8,37,29510,1
8,37,29512,1
8,37,29514,1
8,37,29516,1
8,37,29518,1
8,37,29520,1
8,37,29532,1
8,37,29538,1
8,37,29540,1
8,37,29542,1
8,37,29544,1
8,37,29546,1
8,37,29550,1
8,37,29552,1
8,37,29554,1
8,37,29556,1
8,37,29558,1
8,37,29570,1
8,37,29574,1
8,37,29576,1
8,37,29578,1
8,37,29580,1
8,37,29582,1
8,38,29585,1
8,38,29587,1
8,38,29589,1
8,38,29595,1
8,38,29599,1
8,38,29605,1
8,38,29607,1
8,38,29611,1
8,38,29613,1
8,38,29615,1
8,38,29617,1
8,38,29619,1
8,38,29621,1
8,38,29623,1
8,38,29627,1
8,38,29641,1
8,38,29643,1
8,38,29645,1
8,38,29647,1
8,38,29649,1
8,38,29653,1
8,38,29655,1
8,39,29658,1
8,39,29660,1
8,39,29662,1
8,39,29664,1
8,39,29666,1
8,39,29680,1
8,39,29682,1
8,39,29684,1
8,39,29686,1
8,39,29688,1
8,39,29690,1
8,39,29694,1
8,39,29696,1
8,39,29698,1
8,39,29700,1
8,39,29702,1
8,39,29710,1
8,39,29712,1
8,39,29718,1
8,39,29720,1
8,39,29722,1
8,39,29724,1
8,39,29728,1
8,40,29731,1
8,40,29733,1
8,40,29735,1
8,40,29737,1
8,40,29741,1
8,40,29745,1
8,40,29747,1
8,40,29749,1
8,40,29751,1
8,40,29753,1
8,40,29755,1
8,40,29757,1
8,40,29759,1
8,40,29761,1
8,40,29763,1
8,40,29769,1
8,41,29774,1
8,41,29776,1
8,41,29780,1
8,41,29782,1
8,41,29784,1
8,41,29786,1
8,41,29788,1
8,41,29790,1
8,41,29792,1
8,41,29794,1
8,41,29796,1
8,41,29798,1
8,41,29800,1
8,41,29802,1
8,41,29804,1
8,41,29808,1
8,41,29810,1
8,41,29814,1
8,41,29816,1
8,41,29818,1
8,41,29820,1
8,41,29822,1
8,41,29824,1
8,41,29826,1
8,41,29828,1
8,41,29830,1
8,41,29832,1
8,41,29836,1
8,41,29838,1
8,41,29840,1
8,41,29842,1
8,42,29845,1
8,42,29849,1
8,42,29851,1
8,42,29853,1
8,42,29855,1
8,42,29857,1
8,42,29859,1
8,42,29861,1
8,42,29863,1
8,42,29865,1
8,42,29869,1
8,42,29871,1
8,42,29873,1
8,42,29875,1
8,42,29877,1
8,42,29883,1
8,42,29885,1
8,42,29887,1
8,42,29889,1
8,42,29891,1
8,43,29896,1
8,43,29900,1
8,43,29902,1
8,43,29904,1
8,43,29906,1
8,43,29908,1
8,43,29910,1
8,43,29912,1
8,43,29914,1
8,43,29916,1
8,43,29918,1
8,43,29920,1
8,43,29922,1
8,43,29924,1
8,43,29926,1
8,43,29930,1
8,43,29932,1
8,43,29934,1
8,43,29938,1
8,43,29940,1
8,43,29942,1
8,43,29944,1
8,43,29946,1
8,43,29948,1
8,43,29950,1
8,43,29952,1
8,43,29954,1
8,43,29956,1
8,43,29958,1
8,43,29960,1
8,43,29962,1
8,43,29964,1
8,44,29969,1
8,44,29971,1
8,44,29973,1
8,44,29979,1
8,44,29981,1
8,44,29983,1
8,44,29985,1
8,44,29987,1
8,44,29991,1
8,44,29997,1
8,44,29999,1
8,44,30001,1
8,44,30003,1
8,44,30005,1
8,44,30009,1
8,45,30012,1
8,45,30016,1
8,45,30018,1
8,45,30022,1
8,45,30024,1
8,45,30026,1
8,45,30028,1
8,45,30030,1
8,45,30034,1
8,45,30036,1
8,45,30038,1
8,45,30040,1
8,45,30042,1
8,45,30046,1
8,45,30048,1
8,45,30052,1
8,45,30054,1
8,45,30056,1
8,45,30060,1
8,45,30062,1
8,45,30064,1
8,45,30066,1
8,46,30073,1
8,46,30075,1
8,46,30079,1
8,46,30083,1
8,46,30085,1
8,46,30089,1
8,46,30091,1
8,46,30093,1
8,46,30097,1
8,46,30101,1
8,46,30105,1
8,46,30107,1
8,46,30109,1
8,46,30111,1
8,46,30113,1
8,46,30117,1
8,46,30119,1
8,46,30121,1
8,46,30123,1
8,46,30129,1
8,46,30131,1
8,46,30133,1
8,46,30135,1
8,46,30137,1
8,46,30139,1
8,47,30145,1
8,47,30147,1
8,47,30149,1
8,47,30153,1
8,47,30157,1
8,47,30159,1
8,47,30161,1
8,47,30163,1
8,47,30165,1
8,47,30167,1
8,47,30169,1
8,47,30171,1
8,47,30173,1
8,47,30175,1
8,47,30179,1
8,47,30181,1
8,47,30183,1
8,47,30185,1
8,47,30187,1
8,47,30189,1
8,48,30194,1
8,48,30196,1
8,48,30200,1
8,48,30202,1
8,48,30204,1
8,48,30206,1
8,48,30208,1
8,48,30210,1
8,48,30212,1
8,48,30214,1
8,48,30218,1
8,48,30220,1
8,48,30222,1
8,48,30224,1
8,48,30228,1
8,48,30230,1
8,48,30232,1
8,48,30234,1
8,48,30236,1
8,48,30238,1
8,48,30240,1
8,48,30242,1
8,48,30246,1
8,48,30248,1
8,48,30254,1
8,48,30256,1
8,48,30258,1
8,48,30260,1
8,48,30262,1
8,48,30264,1
8,48,30266,1
8,48,30268,1
8,48,30270,1
8,48,30272,1
8,48,30274,1
8,48,30276,1
8,48,30278,1
8,48,30280,1
8,48,30282,1
8,49,30287,1
8,49,30289,1
8,49,30291,1
8,49,30293,1
8,49,30295,1
8,49,30297,1
8,49,30299,1
8,49,30303,1
8,49,30305,1
8,49,30307,1
8,49,30309,1
8,49,30311,1
8,49,30313,1
8,49,30315,1
8,49,30317,1
8,49,30319,1
8,49,30321,1
8,49,30323,1
8,49,30325,1
8,49,30327,1
8,49,30333,1
8,49,30337,1
8,49,30341,1
8,49,30343,1
8,49,30345,1
8,49,30349,1
8,49,30351,1
8,49,30353,1
8,49,30359,1
8,49,30361,1
8,50,30366,1
8,50,30368,1
8,50,30372,1
8,50,30374,1
8,50,30376,1
8,50,30378,1
8,50,30384,1
8,50,30388,1
8,50,30390,1
8,50,30392,1
8,50,30394,1
8,50,30396,1
8,50,30398,1
8,50,30400,1
8,50,30402,1
8,50,30404,1
8,50,30406,1
8,50,30408,1
8,50,30410,1
8,50,30412,1
8,50,30418,1
8,50,30420,1
8,50,30422,1
8,50,30426,1
8,50,30428,1
8,50,30430,1
8,50,30432,1
8,50,30434,1
8,51,30437,1
8,51,30441,1
8,51,30443,1
8,51,30445,1
8,51,30447,1
8,51,30451,1
8,51,30453,1
8,51,30455,1
8,51,30459,1
8,51,30461,1
8,51,30463,1
8,51,30465,1
8,51,30467,1
8,51,30469,1
8,51,30473,1
8,51,30475,1
8,51,30477,1
8,51,30481,1
8,51,30483,1
8,51,30487,1
8,51,30489,1
8,51,30491,1
8,51,30493,1
8,51,30499,1
8,52,30503,1
8,52,30505,1
8,52,30509,1
8,52,30511,1
8,52,30515,1
8,52,30517,1
8,52,30521,1
8,52,30523,1
8,52,30525,1
8,52,30527,1
8,52,30529,1
8,52,30531,1
8,52,30533,1
8,52,30535,1
8,52,30537,1
8,52,30539,1
8,52,30541,1
8,52,30545,1
8,52,30547,1
8,52,30551,1
8,52,30553,1
8,52,30555,1
8,52,30557,1
8,52,30559,1
8,52,30561,1
8,52,30563,1
8,52,30565,1
8,52,30567,1
8,52,30569,1
8,52,30571,1
8,52,30573,1
8,52,30575,1
8,52,30581,1
8,52,30583,1
8,52,30587,1
8,52,30591,1
8,52,30597,1
8,52,30599,1
8,52,30601,1
8,53,30604,1
8,53,30606,1
8,53,30608,1
8,53,30610,1
8,53,30612,1
8,53,30614,1
8,53,30622,1
8,53,30624,1
8,53,30626,1
8,53,30628,1
8,53,30630,1
8,53,30638,1
8,53,30640,1
8,53,30642,1
8,53,30646,1
8,53,30648,1
8,53,30652,1
8,53,30654,1
8,53,30656,1
8,54,30659,1
8,54,30663,1
8,54,30665,1
8,54,30667,1
8,54,30669,1
8,54,30671,1
8,54,30673,1
8,54,30677,1
8,54,30679,1
8,54,30681,1
8,55,30686,1
8,56,30689,1
8,56,30691,1
8,56,30693,1
8,56,30695,1
8,57,30700,1
8,58,30703,1
8,58,30705,1
8,58,30707,1
8,58,30709,1
8,58,30711,1
8,58,30713,1
8,58,30715,1
8,58,30717,1
8,58,30719,1
8,58,30721,1
8,58,30723,1
8,58,30725,1
8,58,30727,1
8,60,30731,1
9,1,30740,1
9,1,30742,1
9,1,30744,1
9,1,30746,1
9,1,30748,1
9,1,30750,1
9,1,30752,1
9,1,30754,1
9,1,30756,1
9,1,30758,1
9,1,30762,1
9,1,30764,1
9,1,30766,1
9,1,30774,1
9,1,30780,1
9,1,30784,1
9,1,30788,1
9,1,30790,1
9,1,30796,1
9,1,30798,1
9,1,30800,1
9,1,30804,1
9,1,30806,1
9,1,30808,1
9,1,30810,1
9,2,30813,1
9,2,30815,1
9,2,30817,1
9,2,30819,1
9,2,30821,1
9,2,30823,1
9,2,30833,1
9,2,30839,1
9,2,30843,1
9,2,30847,1
9,2,30849,1
9,2,30851,1
9,2,30853,1
9,2,30855,1
9,2,30857,1
9,2,30861,1
9,2,30863,1
9,2,30865,1
9,2,30867,1
9,2,30869,1
9,2,30871,1
9,2,30873,1
9,2,30875,1
9,2,30877,1
9,2,30879,1
9,2,30881,1
9,2,30887,1
9,2,30891,1
9,2,30895,1
9,2,30897,1
9,2,30899,1
9,2,30903,1
9,2,30905,1
9,2,30907,1
9,2,30909,1
9,3,30912,1
9,3,30916,1
9,3,30920,1
9,3,30922,1
9,3,30926,1
9,3,30928,1
9,3,30940,1
9,3,30946,1
9,3,30950,1
9,3,30952,1
9,3,30954,1
9,3,30956,1
9,3,30958,1
9,3,30960,1
9,3,30962,1
9,3,30964,1
9,3,30968,1
9,3,30974,1
9,3,30976,1
9,3,30980,1
9,3,30984,1
9,3,30990,1
9,3,30992,1
9,3,30994,1
9,3,30996,1
9,3,31000,1
9,3,31002,1
9,3,31004,1
9,4,31007,1
9,4,31011,1
9,4,31013,1
9,4,31015,1
9,4,31017,1
9,4,31021,1
9,4,31023,1
9,4,31025,1
9,4,31027,1
9,4,31033,1
9,4,31035,1
9,4,31037,1
9,4,31039,1
9,4,31041,1
9,4,31043,1
9,4,31045,1
9,4,31047,1
9,4,31049,1
9,4,31061,1
9,4,31063,1
9,4,31067,1
9,4,31071,1
9,4,31073,1
9,4,31077,1
9,4,31079,1
9,4,31081,1
9,4,31083,1
9,4,31087,1
9,4,31089,1
9,5,31094,1
9,5,31098,1
9,5,31100,1
9,5,31102,1
9,5,31106,1
9,5,31108,1
9,5,31110,1
9,5,31112,1
9,5,31116,1
9,5,31120,1
9,5,31122,1
9,5,31124,1
9,5,31126,1
9,5,31128,1
9,5,31130,1
9,5,31132,1
9,5,31134,1
9,5,31136,1
9,5,31138,1
9,5,31140,1
9,5,31142,1
9,5,31144,1
9,5,31146,1
9,5,31148,1
9,5,31150,1
9,5,31152,1
9,5,31160,1
9,5,31162,1
9,5,31164,1
9,5,31166,1
9,5,31168,1
9,5,31170,1
9,5,31174,1
9,5,31176,1
9,5,31178,1
9,5,31180,1
9,5,31182,1
9,5,31184,1
9,6,31189,1
9,6,31191,1
9,6,31193,1
9,6,31195,1
9,6,31205,1
9,6,31209,1
9,6,31211,1
9,6,31213,1
9,6,31215,1
9,6,31217,1
9,6,31219,1
9,6,31221,1
9,6,31223,1
9,6,31225,1
9,6,31229,1
9,6,31233,1
9,6,31235,1
9,6,31237,1
9,6,31239,1
9,6,31241,1
9,6,31245,1
9,6,31247,1
9,6,31249,1
9,6,31253,1
9,6,31255,1
9,6,31257,1
9,6,31259,1
9,6,31261,1
9,6,31263,1
9,6,31267,1
9,7,31272,1
9,7,31276,1
9,7,31278,1
9,7,31282,1
9,7,31286,1
9,7,31288,1
9,7,31294,1
9,7,31296,1
9,7,31298,1
9,7,31300,1
9,7,31306,1
9,7,31310,1
9,7,31312,1
9,7,31314,1
9,7,31316,1
9,7,31318,1
9,7,31320,1
9,7,31324,1
9,7,31326,1
9,7,31328,1
9,7,31330,1
9,7,31332,1
9,7,31334,1
9,7,31338,1
9,8,31341,1
9,8,31345,1
9,8,31347,1
9,8,31349,1
9,8,31351,1
9,8,31353,1
9,8,31355,1
9,8,31359,1
9,8,31363,1
9,8,31365,1
9,8,31369,1
9,8,31371,1
9,8,31373,1
9,8,31375,1
9,8,31379,1
9,8,31385,1
9,8,31387,1
9,8,31389,1
9,8,31393,1
9,8,31399,1
9,8,31401,1
9,8,31403,1
9,8,31405,1
9,8,31407,1
9,8,31409,1
9,8,31411,1
9,8,31415,1
9,8,31417,1
9,8,31421,1
9,8,31425,1
9,8,31427,1
9,8,31429,1
9,8,31431,1
9,8,31433,1
9,8,31435,1
9,8,31437,1
9,8,31441,1
9,8,31445,1
9,8,31449,1
9,8,31451,1
9,8,31453,1
9,8,31455,1
9,9,31460,1
9,9,31462,1
9,9,31464,1
9,9,31466,1
9,9,31468,1
9,9,31470,1
9,9,31472,1
9,9,31474,1
9,9,31476,1
9,9,31478,1
9,9,31482,1
9,9,31484,1
9,9,31486,1
9,9,31488,1
9,9,31490,1
9,9,31494,1
9,9,31498,1
9,9,31500,1
9,9,31502,1
9,9,31504,1
9,9,31506,1
9,9,31508,1
9,9,31514,1
9,9,31516,1
9,9,31520,1
9,9,31524,1
9,9,31526,1
9,9,31532,1
9,9,31536,1
9,9,31538,1
9,9,31542,1
9,9,31544,1
9,10,31547,1
9,10,31549,1
9,10,31551,1
9,10,31553,1
9,10,31555,1
9,10,31557,1
9,10,31559,1
9,10,31561,1
9,10,31567,1
9,10,31569,1
9,10,31571,1
9,10,31575,1
9,10,31577,1
9,10,31579,1
9,10,31581,1
9,10,31583,1
9,10,31585,1
9,10,31587,1
9,10,31589,1
9,10,31591,1
9,10,31593,1
9,10,31595,1
9,10,31599,1
9,10,31605,1
9,10,31607,1
9,10,31609,1
9,10,31611,1
9,10,31613,1
9,10,31617,1
9,10,31619,1
9,10,31623,1
9,10,31629,1
9,10,31631,1
9,10,31635,1
9,10,31637,1
9,10,31639,1
9,10,31641,1
9,11,31646,1
9,11,31648,1
9,11,31650,1
9,11,31652,1
9,11,31656,1
9,11,31658,1
9,11,31660,1
9,11,31662,1
9,11,31664,1
9,11,31666,1
9,11,31668,1
9,11,31674,1
9,11,31678,1
9,11,31680,1
9,11,31686,1
9,11,31690,1
9,11,31694,1
9,11,31696,1
9,11,31700,1
9,11,31702,1
9,12,31705,1
9,12,31707,1
9,12,31709,1
9,12,31711,1
9,12,31713,1
9,12,31715,1
9,12,31719,1
9,12,31721,1
9,12,31723,1
9,12,31725,1
9,12,31727,1
9,12,31731,1
9,12,31735,1
9,12,31737,1
9,12,31741,1
9,12,31747,1
9,12,31749,1
9,12,31751,1
9,12,31757,1
9,12,31759,1
9,12,31761,1
9,12,31763,1
9,12,31765,1
9,12,31767,1
9,13,31770,1
9,13,31772,1
9,13,31774,1
9,13,31776,1
9,13,31778,1
9,13,31780,1
9,13,31786,1
9,13,31788,1
9,13,31790,1
9,13,31792,1
9,13,31794,1
9,13,31798,1
9,13,31800,1
9,13,31802,1
9,13,31804,1
9,13,31808,1
9,13,31810,1
9,13,31812,1
9,13,31814,1
9,13,31818,1
9,13,31820,1
9,13,31822,1
9,13,31824,1
9,13,31828,1
9,13,31830,1
9,13,31832,1
9,13,31836,1
9,13,31838,1
9,13,31842,1
9,13,31846,1
9,13,31848,1
9,13,31850,1
9,13,31852,1
9,14,31859,1
9,14,31861,1
9,14,31863,1
9,14,31869,1
9,14,31871,1
9,14,31873,1
9,14,31875,1
9,14,31881,1
9,14,31891,1
9,14,31895,1
9,14,31905,1
9,14,31907,1
9,14,31909,1
9,15,31916,1
9,15,31924,1
9,15,31926,1
9,15,31928,1
9,15,31930,1
9,15,31932,1
9,15,31934,1
9,15,31938,1
9,15,31940,1
9,15,31942,1
9,15,31944,1
9,15,31946,1
9,15,31948,1
9,15,31950,1
9,16,31959,1
9,16,31961,1
9,16,31963,1
9,16,31967,1
9,16,31969,1
9,16,31973,1
9,16,31975,1
9,16,31977,1
9,16,31981,1
9,16,31983,1
9,16,31985,1
9,16,31987,1
9,16,31991,1
9,16,31993,1
9,17,31996,1
9,17,31998,1
9,17,32002,1
9,17,32008,1
9,17,32010,1
9,17,32012,1
9,17,32014,1
9,17,32016,1
9,17,32020,1
9,17,32022,1
9,17,32024,1
9,17,32026,1
9,17,32028,1
9,17,32032,1
9,17,32034,1
9,17,32036,1
9,17,32040,1
9,17,32042,1
9,17,32046,1
9,17,32050,1
9,17,32054,1
9,18,32057,1
9,18,32061,1
9,18,32067,1
9,18,32071,1
9,18,32077,1
9,18,32081,1
9,18,32083,1
9,18,32085,1
9,18,32087,1
9,18,32089,1
9,18,32091,1
9,18,32095,1
9,18,32097,1
9,18,32101,1
9,18,32105,1
9,18,32109,1
9,18,32111,1
9,18,32117,1
9,18,32119,1
9,18,32121,1
9,18,32125,1
9,19,32128,1
9,19,32130,1
9,19,32132,1
9,19,32140,1
9,19,32142,1
9,19,32144,1
9,19,32148,1
9,19,32150,1
9,19,32152,1
9,19,32154,1
9,19,32156,1
9,19,32160,1
9,19,32164,1
9,19,32166,1
9,19,32168,1
9,19,32170,1
9,19,32172,1
9,19,32178,1
9,19,32180,1
9,19,32184,1
9,19,32186,1
9,19,32188,1
9,19,32190,1
9,19,32192,1
9,19,32194,1
9,19,32196,1
9,19,32198,1
9,19,32200,1
9,19,32202,1
9,19,32204,1
9,20,32207,1
9,20,32209,1
9,20,32215,1
9,20,32217,1
9,20,32227,1
9,20,32231,1
9,20,32233,1
9,20,32235,1
9,20,32237,1
9,20,32241,1
9,20,32243,1
9,20,32245,1
9,20,32247,1
9,20,32249,1
9,20,32251,1
9,20,32253,1
9,20,32255,1
9,20,32257,1
9,20,32261,1
9,20,32263,1
9,20,32267,1
9,20,32269,1
9,20,32271,1
9,20,32275,1
9,20,32277,1
9,20,32281,1
9,20,32283,1
9,20,32285,1
9,20,32287,1
9,21,32290,1
9,21,32292,1
9,21,32300,1
9,21,32302,1
9,21,32304,1
9,21,32306,1
9,21,32308,1
9,21,32314,1
9,21,32318,1
9,21,32320,1
9,21,32324,1
9,21,32326,1
9,21,32328,1
9,21,32330,1
9,21,32332,1
9,21,32334,1
9,21,32340,1
9,21,32342,1
9,21,32344,1
9,21,32346,1
9,22,32349,1
9,22,32351,1
9,22,32353,1
9,22,32355,1
9,22,32357,1
9,22,32359,1
9,22,32361,1
9,22,32363,1
9,22,32367,1
9,22,32369,1
9,22,32371,1
9,22,32373,1
9,22,32375,1
9,22,32379,1
9,22,32381,1
9,22,32383,1
9,22,32387,1
9,22,32389,1
9,22,32391,1
9,22,32393,1
9,22,32395,1
9,22,32397,1
9,22,32399,1
9,22,32403,1
9,22,32407,1
9,22,32409,1
9,22,32413,1
9,22,32415,1
9,22,32423,1
9,22,32425,1
9,22,32427,1
9,22,32429,1
9,22,32431,1
9,22,32433,1
9,22,32437,1
9,22,32439,1
9,23,32442,1
9,23,32444,1
9,23,32448,1
9,23,32450,1
9,23,32454,1
9,23,32456,1
9,23,32464,1
9,23,32466,1
9,23,32468,1
9,23,32470,1
9,23,32472,1
9,23,32474,1
9,23,32486,1
9,23,32488,1
9,23,32490,1
9,23,32492,1
9,23,32494,1
9,23,32496,1
9,23,32498,1
9,23,32500,1
9,24,32507,1
9,24,32509,1
9,24,32511,1
9,24,32513,1
9,24,32517,1
9,24,32521,1
9,24,32523,1
9,24,32525,1
9,24,32527,1
9,24,32529,1
9,24,32531,1
9,24,32535,1
9,24,32537,1
9,24,32539,1
9,24,32541,1
9,24,32543,1
9,24,32545,1
9,24,32547,1
9,24,32549,1
9,24,32551,1
9,24,32553,1
9,24,32555,1
9,24,32557,1
9,24,32559,1
9,24,32561,1
9,24,32563,1
9,24,32565,1
9,24,32569,1
9,24,32571,1
9,24,32575,1
9,24,32577,1
9,24,32579,1
9,24,32581,1
9,24,32583,1
9,24,32587,1
9,24,32589,1
9,24,32591,1
9,24,32593,1
9,24,32597,1
9,25,32600,1
9,25,32602,1
9,25,32604,1
9,25,32606,1
9,25,32608,1
9,25,32610,1
9,25,32612,1
9,25,32614,1
9,25,32616,1
9,25,32620,1
9,25,32622,1
9,25,32624,1
9,25,32626,1
9,25,32628,1
9,25,32632,1
9,25,32636,1
9,25,32640,1
9,25,32644,1
9,25,32646,1
9,25,32648,1
9,25,32652,1
9,25,32654,1
9,25,32656,1
9,25,32658,1
9,25,32662,1
9,25,32670,1
9,25,32672,1
9,25,32674,1
9,25,32676,1
9,25,32678,1
9,25,32680,1
9,26,32682,1
9,26,32684,1
9,26,32686,1
9,26,32688,1
9,26,32694,1
9,26,32696,1
9,26,32698,1
9,26,32700,1
9,26,32704,1
9,26,32708,1
9,26,32710,1
9,26,32716,1
9,26,32718,1
9,26,32720,1
9,26,32726,1
9,26,32728,1
9,26,32730,1
9,26,32732,1
9,26,32734,1
9,26,32736,1
9,26,32740,1
9,26,32742,1
9,26,32744,1
9,27,32753,1
9,27,32755,1
9,27,32757,1
9,27,32759,1
9,27,32761,1
9,27,32763,1
9,27,32765,1
9,27,32767,1
9,27,32769,1
9,27,32771,1
9,27,32773,1
9,27,32775,1
9,27,32777,1
9,27,32779,1
9,27,32789,1
9,27,32793,1
9,27,32795,1
9,27,32797,1
9,27,32799,1
9,27,32801,1
9,27,32803,1
9,27,32805,1
9,27,32807,1
9,28,32809,1
9,28,32811,1
9,28,32813,1
9,28,32817,1
9,28,32819,1
9,28,32821,1
9,28,32823,1
9,28,32825,1
9,28,32827,1
9,28,32833,1
9,28,32837,1
9,28,32839,1
9,28,32841,1
9,28,32843,1
9,28,32845,1
9,28,32847,1
9,28,32849,1
9,28,32851,1
9,28,32853,1
9,28,32855,1
9,28,32857,1
9,28,32863,1
9,28,32867,1
9,28,32871,1
9,28,32877,1
9,28,32881,1
9,28,32883,1
9,28,32885,1
9,28,32887,1
9,28,32889,1
9,28,32891,1
9,28,32893,1
9,28,32895,1
9,28,32897,1
9,28,32899,1
9,29,32906,1
9,29,32908,1
9,29,32914,1
9,29,32920,1
9,29,32922,1
9,29,32924,1
9,29,32932,1
9,29,32936,1
9,29,32938,1
9,29,32942,1
9,29,32944,1
9,29,32946,1
9,29,32948,1
9,29,32950,1
9,29,32952,1
9,29,32954,1
9,29,32956,1
9,29,32960,1
9,29,32964,1
9,29,32970,1
9,29,32974,1
9,29,32982,1
9,29,32984,1
9,30,32986,1
9,30,32988,1
9,30,32992,1
9,30,32998,1
9,30,33000,1
9,30,33002,1
9,30,33004,1
9,30,33008,1
9,30,33010,1
9,30,33014,1
9,30,33022,1
9,30,33024,1
9,30,33028,1
9,30,33030,1
9,30,33032,1
9,30,33040,1
9,30,33042,1
9,30,33048,1
9,31,33051,1
9,31,33053,1
9,31,33055,1
9,31,33057,1
9,31,33059,1
9,31,33061,1
9,31,33065,1
9,31,33067,1
9,31,33069,1
9,31,33075,1
9,31,33077,1
9,31,33081,1
9,31,33083,1
9,31,33087,1
9,31,33089,1
9,31,33091,1
9,31,33093,1
9,31,33101,1
9,31,33103,1
9,31,33105,1
9,31,33107,1
9,31,33109,1
9,31,33111,1
9,31,33113,1
9,31,33115,1
9,31,33117,1
9,31,33121,1
9,31,33129,1
9,31,33131,1
9,31,33135,1
9,31,33137,1
9,31,33139,1
9,32,33142,1
9,32,33144,1
9,32,33146,1
9,32,33148,1
9,32,33150,1
9,32,33152,1
9,32,33156,1
9,32,33164,1
9,32,33166,1
9,32,33168,1
9,32,33174,1
9,32,33176,1
9,32,33178,1
9,32,33180,1
9,32,33182,1
9,32,33196,1
9,32,33200,1
9,32,33210,1
9,32,33212,1
9,33,33217,1
9,33,33219,1
9,33,33221,1
9,33,33223,1
9,33,33225,1
9,33,33227,1
9,33,33235,1
9,33,33237,1
9,33,33239,1
9,33,33243,1
9,33,33245,1
9,33,33247,1
9,33,33249,1
9,33,33253,1
9,33,33255,1
9,33,33257,1
9,33,33259,1
9,33,33261,1
9,33,33263,1
9,33,33269,1
9,33,33271,1
9,33,33273,1
9,33,33275,1
9,34,33278,1
9,34,33280,1
9,34,33282,1
9,34,33284,1
9,34,33286,1
9,34,33288,1
9,34,33292,1
9,34,33294,1
9,34,33298,1
9,34,33302,1
9,34,33304,1
9,34,33306,1
9,34,33308,1
9,34,33310,1
9,34,33314,1
9,34,33316,1
9,34,33328,1
9,34,33330,1
9,35,33333,1
9,35,33335,1
9,35,33337,1
9,35,33345,1
9,35,33351,1
9,35,33355,1
9,35,33357,1
9,35,33361,1
9,35,33363,1
9,35,33365,1
9,35,33367,1
9,35,33369,1
9,35,33381,1
9,35,33385,1
9,35,33389,1
9,35,33391,1
9,35,33395,1
9,35,33397,1
9,35,33399,1
9,35,33401,1
9,35,33403,1
9,36,33405,1
9,36,33407,1
9,36,33409,1
9,36,33419,1
9,36,33421,1
9,36,33423,1
9,36,33425,1
9,36,33427,1
9,36,33429,1
9,36,33431,1
9,36,33433,1
9,36,33435,1
9,36,33437,1
9,36,33439,1
9,36,33441,1
9,36,33451,1
9,36,33453,1
9,36,33455,1
9,36,33459,1
9,36,33461,1
9,36,33463,1
9,36,33465,1
9,37,33470,1
9,37,33472,1
9,37,33478,1
9,37,33480,1
9,37,33482,1
9,37,33486,1
9,37,33488,1
9,37,33496,1
9,37,33498,1
9,37,33500,1
9,37,33502,1
9,37,33504,1
9,37,33506,1
9,37,33512,1
9,37,33514,1
9,37,33516,1
9,37,33530,1
9,37,33532,1
9,37,33538,1
9,37,33540,1
9,37,33544,1
9,37,33546,1
9,37,33548,1
9,37,33550,1
9,38,33553,1
9,38,33555,1
9,38,33557,1
9,38,33561,1
9,38,33563,1
9,38,33573,1
9,38,33575,1
9,38,33581,1
9,38,33583,1
9,38,33585,1
9,38,33587,1
9,38,33589,1
9,38,33591,1
9,38,33593,1
9,38,33595,1
9,38,33597,1
9,38,33601,1
9,38,33603,1
9,38,33611,1
9,38,33613,1
9,38,33615,1
9,38,33621,1
9,38,33623,1
9,38,33629,1
9,38,33633,1
9,38,33635,1
9,39,33646,1
9,39,33656,1
9,39,33658,1
9,39,33660,1
9,39,33662,1
9,39,33664,1
9,39,33666,1
9,39,33668,1
9,39,33670,1
9,39,33672,1
9,39,33674,1
9,39,33676,1
9,39,33678,1
9,39,33682,1
9,39,33684,1
9,39,33686,1
9,39,33688,1
9,39,33690,1
9,39,33696,1
9,39,33698,1
9,39,33700,1
9,39,33702,1
9,39,33704,1
9,39,33706,1
9,39,33708,1
9,39,33710,1
9,39,33714,1
9,39,33716,1
9,39,33722,1
9,39,33724,1
9,39,33726,1
9,39,33728,1
9,39,33730,1
9,39,33732,1
9,40,33735,1
9,40,33737,1
9,40,33739,1
9,40,33741,1
9,40,33743,1
9,40,33745,1
9,40,33747,1
9,40,33749,1
9,40,33751,1
9,40,33755,1
9,40,33757,1
9,40,33761,1
9,40,33763,1
9,40,33765,1
9,40,33767,1
9,40,33769,1
9,40,33771,1
9,40,33773,1
9,40,33775,1
9,40,33779,1
9,40,33781,1
9,40,33783,1
9,40,33785,1
9,41,33790,1
9,41,33792,1
9,41,33794,1
9,41,33802,1
9,41,33806,1
9,41,33808,1
9,41,33810,1
9,41,33812,1
9,41,33814,1
9,41,33816,1
9,41,33820,1
9,41,33822,1
9,41,33830,1
9,41,33832,1
9,41,33834,1
9,41,33836,1
9,41,33838,1
9,41,33842,1
9,41,33844,1
9,41,33846,1
9,41,33850,1
9,41,33852,1
9,41,33854,1
9,42,33857,1
9,42,33861,1
9,42,33863,1
9,42,33869,1
9,42,33873,1
9,42,33875,1
9,42,33877,1
9,42,33879,1
9,42,33881,1
9,42,33883,1
9,42,33885,1
9,42,33887,1
9,42,33889,1
9,42,33891,1
9,42,33893,1
9,42,33895,1
9,42,33897,1
9,42,33899,1
9,42,33901,1
9,42,33903,1
9,42,33905,1
9,42,33907,1
9,42,33909,1
9,42,33911,1
9,43,33914,1
9,43,33916,1
9,43,33918,1
9,43,33920,1
9,43,33922,1
9,43,33926,1
9,43,33932,1
9,43,33934,1
9,43,33936,1
9,44,33939,1
9,44,33941,1
9,44,33945,1
9,44,33947,1
9,44,33951,1
9,44,33955,1
9,44,33957,1
9,44,33959,1
9,44,33961,1
9,44,33965,1
9,44,33967,1
9,44,33969,1
9,44,33971,1
9,44,33973,1
9,44,33975,1
9,44,33977,1
9,44,33979,1
9,44,33981,1
9,44,33983,1
9,44,33985,1
9,44,33987,1
9,44,33989,1
9,44,33991,1
9,45,33996,1
9,45,34000,1
9,45,34004,1
9,45,34006,1
9,45,34008,1
9,45,34010,1
9,45,34012,1
9,45,34014,1
9,45,34016,1
9,45,34018,1
9,45,34020,1
9,45,34022,1
9,45,34024,1
9,45,34026,1
9,45,34028,1
9,45,34030,1
9,45,34032,1
9,45,34034,1
9,45,34036,1
9,45,34040,1
9,45,34042,1
9,45,34044,1
9,45,34048,1
9,45,34052,1
9,45,34054,1
9,45,34056,1
9,45,34062,1
9,45,34064,1
9,45,34066,1
9,45,34068,1
9,45,34070,1
9,45,34072,1
9,45,34074,1
9,45,34076,1
9,45,34078,1
9,45,34080,1
9,45,34082,1
9,45,34084,1
9,46,34089,1
9,46,34093,1
9,46,34095,1
9,46,34099,1
9,46,34101,1
9,46,34103,1
9,46,34105,1
9,46,34107,1
9,46,34109,1
9,46,34111,1
9,46,34113,1
9,46,34117,1
9,46,34119,1
9,46,34121,1
9,46,34123,1
9,46,34127,1
9,46,34129,1
9,46,34131,1
9,46,34133,1
9,46,34135,1
9,46,34137,1
9,46,34139,1
9,46,34141,1
9,46,34143,1
9,46,34147,1
9,46,34151,1
9,46,34153,1
9,46,34155,1
9,46,34157,1
9,46,34159,1
9,46,34161,1
9,46,34165,1
9,46,34167,1
9,46,34169,1
9,46,34171,1
9,47,34176,1
9,47,34178,1
9,47,34180,1
9,47,34184,1
9,47,34186,1
9,47,34188,1
9,47,34190,1
9,47,34192,1
9,47,34194,1
9,47,34198,1
9,47,34200,1
9,47,34202,1
9,47,34206,1
9,47,34208,1
9,47,34210,1
9,47,34212,1
9,48,34215,1
9,48,34217,1
9,48,34219,1
9,48,34221,1
9,48,34223,1
9,48,34225,1
9,48,34227,1
9,48,34231,1
9,48,34233,1
9,48,34235,1
9,48,34239,1
9,48,34241,1
9,48,34243,1
9,48,34247,1
9,48,34249,1
9,48,34251,1
9,48,34255,1
9,48,34259,1
9,48,34263,1
9,48,34265,1
9,48,34267,1
9,48,34271,1
9,48,34273,1
9,48,34275,1
9,48,34277,1
9,48,34279,1
9,48,34281,1
9,48,34283,1
9,48,34287,1
9,48,34291,1
9,48,34293,1
9,49,34296,1
9,49,34298,1
9,49,34300,1
9,49,34304,1
9,49,34308,1
9,49,34310,1
9,49,34312,1
9,49,34314,1
9,49,34316,1
9,49,34320,1
9,49,34322,1
9,49,34324,1
9,49,34326,1
9,49,34328,1
9,49,34330,1
9,49,34332,1
9,49,34334,1
9,49,34336,1
9,49,34338,1
9,49,34340,1
9,49,34342,1
9,49,34346,1
9,49,34348,1
9,49,34350,1
9,49,34354,1
9,49,34356,1
9,49,34358,1
9,49,34360,1
9,49,34362,1
9,50,34367,1
9,50,34369,1
9,50,34371,1
9,50,34375,1
9,50,34377,1
9,50,34379,1
9,50,34381,1
9,50,34383,1
9,50,34385,1
9,50,34387,1
9,50,34389,1
9,50,34395,1
9,50,34397,1
9,50,34399,1
9,50,34401,1
9,50,34403,1
9,50,34405,1
9,50,34407,1
9,50,34409,1
9,50,34411,1
9,50,34413,1
9,50,34417,1
9,50,34419,1
9,50,34421,1
9,51,34423,1
9,51,34425,1
9,51,34427,1
9,51,34429,1
9,51,34431,1
9,51,34433,1
9,51,34435,1
9,51,34439,1
9,51,34443,1
9,51,34445,1
9,51,34449,1
9,51,34451,1
9,51,34453,1
9,51,34455,1
9,51,34457,1
9,51,34459,1
9,51,34461,1
9,51,34463,1
9,51,34465,1
9,51,34467,1
9,51,34469,1
9,51,34471,1
9,51,34475,1
9,51,34477,1
9,51,34479,1
9,51,34481,1
9,51,34483,1
9,51,34485,1
9,51,34487,1
9,51,34489,1
9,52,34494,1
9,52,34496,1
9,52,34498,1
9,52,34500,1
9,52,34504,1
9,52,34506,1
9,52,34508,1
9,52,34510,1
9,52,34514,1
9,52,34516,1
9,52,34518,1
9,52,34520,1
9,52,34522,1
9,52,34524,1
9,52,34528,1
9,52,34532,1
9,52,34536,1
9,52,34538,1
9,52,34540,1
9,52,34542,1
9,52,34544,1
9,52,34546,1
9,52,34548,1
9,52,34550,1
9,52,34552,1
9,52,34554,1
9,52,34556,1
9,53,34558,1
9,53,34560,1
9,53,34564,1
9,53,34566,1
9,53,34568,1
9,53,34570,1
9,53,34572,1
9,53,34574,1
9,53,34576,1
9,53,34578,1
9,53,34582,1
9,53,34586,1
9,53,34588,1
9,53,34590,1
9,53,34592,1
9,53,34594,1
9,53,34596,1
9,53,34598,1
9,53,34602,1
9,53,34604,1
9,53,34606,1
9,53,34608,1
9,53,34610,1
9,53,34612,1
9,53,34616,1
9,53,34618,1
9,53,34620,1
9,54,34625,1
9,55,34628,1
9,57,34632,1
9,57,34634,1
9,57,34636,1
9,57,34638,1
9,57,34640,1
9,58,34643,1
9,58,34645,1
9,58,34647,1
9,58,34649,1
9,58,34651,1
9,58,34653,1
9,58,34657,1
9,58,34659,1
9,58,34661,1
9,59,34664,1
9,59,34666,1
9,59,34668,1
9,59,34674,1
9,59,34676,1
9,59,34678,1
9,59,34682,1
9,59,34684,1
9,59,34686,1
9,59,34688,1
9,59,34690,1
9,60,34693,1
9,60,34695,1
9,60,34697,1
9,60,34699,1
9,60,34701,1
9,60,34703,1
9,60,34705,1
9,60,34707,1
9,60,34709,1
9,60,34711,1
9,60,34713,1
9,60,34717,1
9,60,34719,1
9,60,34721,1
9,60,34723,1
10,1,34726,1
10,1,34728,1
10,1,34730,1
10,1,34736,1
10,1,34738,1
10,1,34740,1
10,1,34742,1
10,1,34744,1
10,1,34746,1
10,1,34748,1
10,1,34752,1
10,1,34754,1
10,1,34756,1
10,1,34758,1
10,1,34760,1
10,1,34762,1
10,1,34766,1
10,1,34768,1
10,1,34770,1
10,1,34772,1
10,1,34774,1
10,1,34776,1
10,1,34782,1
10,1,34784,1
10,1,34786,1
10,1,34788,1
10,1,34792,1
10,1,34796,1
10,1,34798,1
10,1,34800,1
10,1,34804,1
10,1,34806,1
10,2,34809,1
10,2,34811,1
10,2,34813,1
10,2,34815,1
10,2,34817,1
10,2,34821,1
10,2,34823,1
10,2,34829,1
10,2,34831,1
10,2,34833,1
10,2,34835,1
10,2,34837,1
10,2,34839,1
10,2,34841,1
10,2,34843,1
10,2,34845,1
10,2,34847,1
10,2,34849,1
10,2,34851,1
10,2,34853,1
10,2,34855,1
10,2,34857,1
10,2,34861,1
10,2,34863,1
10,2,34865,1
10,2,34867,1
10,2,34869,1
10,2,34873,1
10,2,34875,1
10,2,34877,1
10,2,34879,1
10,2,34885,1
10,2,34887,1
10,3,34890,1
10,3,34892,1
10,3,34894,1
10,3,34898,1
10,3,34900,1
10,3,34908,1
10,3,34910,1
10,3,34912,1
10,3,34914,1
10,3,34916,1
10,3,34918,1
10,3,34922,1
10,3,34924,1
10,3,34926,1
10,3,34928,1
10,3,34930,1
10,3,34934,1
10,3,34936,1
10,3,34940,1
10,3,34944,1
10,3,34950,1
10,3,34952,1
10,3,34956,1
10,3,34960,1
10,3,34962,1
10,3,34964,1
10,4,34967,1
10,4,34969,1
10,4,34971,1
10,4,34975,1
10,4,34977,1
10,4,34983,1
10,4,34985,1
10,4,34987,1
10,4,34989,1
10,4,34993,1
10,4,34999,1
10,4,35001,1
10,4,35003,1
10,4,35009,1
10,4,35011,1
10,4,35013,1
10,4,35015,1
10,4,35017,1
10,4,35019,1
10,4,35025,1
10,4,35027,1
10,4,35029,1
10,4,35031,1
10,4,35033,1
10,4,35035,1
10,4,35039,1
10,4,35041,1
10,4,35043,1
10,4,35045,1
10,4,35047,1
10,5,35050,1
10,5,35052,1
10,5,35054,1
10,5,35056,1
10,5,35060,1
10,5,35066,1
10,5,35068,1
10,5,35070,1
10,5,35072,1
10,5,35074,1
10,5,35076,1
10,5,35078,1
10,5,35080,1
10,5,35082,1
10,5,35086,1
10,5,35088,1
10,5,35092,1
10,5,35094,1
10,5,35098,1
10,5,35100,1
10,6,35103,1
10,6,35105,1
10,6,35107,1
10,6,35111,1
10,6,35115,1
10,6,35119,1
10,6,35123,1
10,6,35125,1
10,6,35127,1
10,6,35129,1
10,6,35131,1
10,6,35133,1
10,6,35135,1
10,6,35137,1
10,6,35139,1
10,6,35141,1
10,6,35143,1
10,6,35145,1
10,6,35149,1
10,6,35153,1
10,6,35163,1
10,6,35165,1
10,6,35167,1
10,6,35169,1
10,6,35171,1
10,6,35173,1
10,6,35175,1
10,6,35177,1
10,6,35179,1
10,7,35184,1
10,7,35186,1
10,7,35192,1
10,7,35194,1
10,7,35196,1
10,7,35200,1
10,7,35202,1
10,7,35204,1
10,7,35206,1
10,7,35208,1
10,7,35210,1
10,7,35212,1
10,7,35214,1
10,7,35222,1
10,7,35226,1
10,7,35230,1
10,7,35232,1
10,7,35240,1
10,7,35244,1
10,7,35246,1
10,8,35248,1
10,8,35250,1
10,8,35254,1
10,8,35262,1
10,8,35266,1
10,8,35268,1
10,8,35270,1
10,8,35272,1
10,8,35276,1
10,8,35278,1
10,8,35280,1
10,8,35292,1
10,8,35294,1
10,8,35296,1
10,8,35298,1
10,8,35306,1
10,8,35308,1
10,8,35310,1
10,8,35312,1
10,8,35314,1
10,8,35316,1
10,8,35318,1
10,8,35320,1
10,8,35322,1
10,8,35324,1
10,8,35326,1
10,8,35328,1
10,8,35332,1
10,8,35334,1
10,8,35336,1
10,9,35342,1
10,9,35344,1
10,9,35348,1
10,9,35354,1
10,9,35356,1
10,9,35360,1
10,9,35362,1
10,9,35364,1
10,9,35376,1
10,9,35380,1
10,9,35382,1
10,9,35384,1
10,9,35386,1
10,9,35388,1
10,9,35390,1
10,9,35392,1
10,9,35396,1
10,9,35398,1
10,10,35401,1
10,10,35403,1
10,10,35405,1
10,10,35409,1
10,10,35413,1
10,10,35415,1
10,10,35423,1
10,10,35425,1
10,10,35427,1
10,10,35429,1
10,10,35431,1
10,10,35433,1
10,10,35435,1
10,10,35437,1
10,10,35439,1
10,10,35441,1
10,10,35443,1
10,10,35445,1
10,10,35447,1
10,10,35449,1
10,10,35451,1
10,10,35455,1
10,10,35457,1
10,10,35459,1
10,10,35461,1
10,10,35465,1
10,10,35471,1
10,10,35473,1
10,10,35475,1
10,10,35477,1
10,10,35479,1
10,10,35481,1
10,10,35483,1
10,10,35485,1
10,11,35489,1
10,11,35491,1
10,11,35495,1
10,11,35497,1
10,11,35499,1
10,11,35501,1
10,11,35503,1
10,11,35505,1
10,11,35511,1
10,11,35515,1
10,11,35517,1
10,11,35521,1
10,11,35523,1
10,11,35529,1
10,11,35531,1
10,11,35533,1
10,11,35535,1
10,11,35537,1
10,11,35539,1
10,11,35541,1
10,11,35543,1
10,11,35545,1
10,12,35549,1
10,12,35551,1
10,12,35553,1
10,12,35555,1
10,12,35557,1
10,12,35559,1
10,12,35561,1
10,12,35563,1
10,12,35565,1
10,12,35567,1
10,12,35569,1
10,12,35571,1
10,12,35573,1
10,12,35575,1
10,12,35577,1
10,12,35579,1
10,12,35581,1
10,12,35585,1
10,12,35587,1
10,12,35591,1
10,12,35595,1
10,12,35597,1
10,12,35599,1
10,12,35601,1
10,12,35603,1
10,12,35607,1
10,12,35609,1
10,12,35611,1
10,12,35613,1
10,12,35615,1
10,12,35617,1
10,13,35622,1
10,13,35624,1
10,13,35626,1
10,13,35628,1
10,13,35630,1
10,13,35632,1
10,13,35638,1
10,13,35640,1
10,13,35642,1
10,13,35646,1
10,13,35648,1
10,13,35650,1
10,13,35652,1
10,13,35654,1
10,13,35656,1
10,13,35658,1
10,13,35660,1
10,13,35662,1
10,13,35664,1
10,13,35670,1
10,13,35672,1
10,13,35676,1
10,13,35684,1
10,13,35686,1
10,13,35688,1
10,13,35690,1
10,13,35692,1
10,13,35694,1
10,13,35696,1
10,13,35698,1
10,13,35702,1
10,13,35708,1
10,13,35710,1
10,13,35712,1
10,14,35715,1
10,14,35717,1
10,14,35719,1
10,14,35723,1
10,14,35729,1
10,14,35733,1
10,14,35735,1
10,14,35737,1
10,14,35747,1
10,14,35753,1
10,14,35755,1
10,14,35757,1
10,14,35759,1
10,14,35761,1
10,15,35763,1
10,15,35765,1
10,15,35767,1
10,15,35769,1
10,15,35771,1
10,15,35775,1
10,15,35777,1
10,15,35779,1
10,15,35781,1
10,15,35783,1
10,15,35787,1
10,15,35789,1
10,15,35793,1
10,15,35797,1
10,15,35799,1
10,15,35801,1
10,15,35805,1
10,15,35809,1
10,15,35811,1
10,15,35817,1
10,15,35819,1
10,15,35821,1
10,16,35826,1
10,16,35828,1
10,16,35830,1
10,16,35832,1
10,16,35836,1
10,16,35838,1
10,16,35840,1
10,16,35842,1
10,16,35844,1
10,16,35846,1
10,16,35848,1
10,16,35860,1
10,16,35862,1
10,16,35864,1
10,16,35866,1
10,16,35868,1
10,16,35870,1
10,16,35872,1
10,16,35874,1
10,16,35876,1
10,16,35882,1
10,16,35884,1
10,17,35887,1
10,17,35891,1
10,17,35893,1
10,17,35895,1
10,17,35897,1
10,17,35899,1
10,17,35901,1
10,17,35903,1
10,17,35907,1
10,17,35909,1
10,17,35911,1
10,17,35913,1
10,17,35915,1
10,17,35917,1
10,17,35919,1
10,17,35921,1
10,17,35923,1
10,17,35925,1
10,17,35927,1
10,17,35933,1
10,17,35935,1
10,17,35937,1
10,17,35941,1
10,17,35945,1
10,17,35947,1
10,17,35949,1
10,17,35951,1
10,18,35953,1
10,18,35955,1
10,18,35959,1
10,18,35963,1
10,18,35965,1
10,18,35969,1
10,18,35971,1
10,18,35975,1
10,18,35977,1
10,18,35979,1
10,18,35981,1
10,18,35983,1
10,18,35987,1
10,18,35989,1
10,18,35995,1
10,18,35997,1
10,18,35999,1
10,18,36001,1
10,18,36005,1
10,18,36007,1
10,18,36009,1
10,18,36011,1
10,18,36013,1
10,19,36017,1
10,19,36025,1
10,19,36027,1
10,19,36031,1
10,19,36033,1
10,19,36035,1
10,19,36045,1
10,19,36047,1
10,19,36049,1
10,19,36051,1
10,19,36053,1
10,19,36055,1
10,19,36059,1
10,19,36061,1
10,19,36063,1
10,19,36065,1
10,19,36067,1
10,19,36069,1
10,19,36073,1
10,19,36075,1
10,19,36081,1
10,19,36083,1
10,19,36085,1
10,19,36089,1
10,19,36091,1
10,19,36093,1
10,19,36097,1
10,19,36099,1
10,19,36101,1
10,20,36104,1
10,20,36108,1
10,20,36112,1
10,20,36114,1
10,20,36116,1
10,20,36126,1
10,20,36132,1
10,20,36134,1
10,20,36136,1
10,20,36138,1
10,20,36140,1
10,20,36142,1
10,20,36144,1
10,20,36146,1
10,20,36148,1
10,20,36152,1
10,20,36154,1
10,20,36156,1
10,20,36158,1
10,20,36164,1
10,20,36166,1
10,20,36168,1
10,20,36172,1
10,21,36175,1
10,21,36177,1
10,21,36179,1
10,21,36181,1
10,21,36189,1
10,21,36197,1
10,21,36201,1
10,21,36203,1
10,21,36209,1
10,21,36211,1
10,21,36213,1
10,21,36215,1
10,21,36219,1
10,21,36221,1
10,21,36225,1
10,21,36233,1
10,21,36235,1
10,21,36237,1
10,21,36239,1
10,21,36243,1
10,21,36247,1
10,21,36249,1
10,22,36251,1
10,22,36253,1
10,22,36255,1
10,22,36257,1
10,22,36261,1
10,22,36263,1
10,22,36265,1
10,22,36269,1
10,22,36273,1
10,22,36275,1
10,22,36277,1
10,22,36279,1
10,22,36281,1
10,22,36283,1
10,22,36285,1
10,22,36287,1
10,22,36291,1
10,22,36293,1
10,22,36297,1
10,22,36299,1
10,22,36301,1
10,22,36303,1
10,22,36305,1
10,22,36307,1
10,22,36309,1
10,22,36313,1
10,22,36315,1
10,22,36317,1
10,22,36321,1
10,22,36323,1
10,22,36327,1
10,22,36329,1
10,22,36331,1
10,22,36333,1
10,22,36335,1
10,22,36337,1
10,22,36339,1
10,22,36343,1
10,22,36345,1
10,22,36347,1
10,23,36352,1
10,23,36354,1
10,23,36356,1
10,23,36358,1
10,23,36360,1
10,23,36364,1
10,23,36368,1
10,23,36370,1
10,23,36372,1
10,23,36374,1
10,23,36376,1
10,23,36382,1
10,23,36384,1
10,23,36388,1
10,23,36390,1
10,23,36392,1
10,23,36398,1
10,23,36402,1
10,23,36404,1
10,23,36410,1
10,23,36412,1
10,23,36414,1
10,23,36420,1
10,23,36428,1
10,23,36430,1
10,23,36434,1
10,23,36436,1
10,23,36438,1
10,23,36440,1
10,23,36442,1
10,24,36445,1
10,24,36447,1
10,24,36449,1
10,24,36451,1
10,24,36455,1
10,24,36459,1
10,24,36463,1
10,24,36471,1
10,24,36473,1
10,24,36475,1
10,24,36477,1
10,24,36479,1
10,24,36481,1
10,24,36485,1
10,24,36487,1
10,24,36491,1
10,24,36493,1
10,24,36495,1
10,24,36497,1
10,24,36499,1
10,24,36501,1
10,24,36505,1
10,24,36509,1
10,24,36511,1
10,24,36515,1
10,24,36517,1
10,24,36519,1
10,24,36521,1
10,24,36523,1
10,24,36525,1
10,24,36529,1
10,24,36531,1
10,24,36535,1
10,24,36537,1
10,24,36539,1
10,24,36541,1
10,24,36545,1
10,24,36549,1
10,24,36551,1
10,24,36553,1
10,25,36560,1
10,25,36566,1
10,25,36568,1
10,25,36570,1
10,25,36572,1
10,25,36578,1
10,25,36580,1
10,25,36582,1
10,25,36584,1
10,25,36586,1
10,25,36588,1
10,25,36590,1
10,25,36592,1
10,25,36594,1
10,25,36600,1
10,25,36604,1
10,25,36606,1
10,25,36610,1
10,25,36614,1
10,25,36616,1
10,25,36618,1
10,26,36621,1
10,26,36623,1
10,26,36625,1
10,26,36627,1
10,26,36629,1
10,26,36635,1
10,26,36637,1
10,26,36639,1
10,26,36643,1
10,26,36647,1
10,26,36649,1
10,26,36651,1
10,26,36655,1
10,26,36657,1
10,26,36659,1
10,26,36661,1
10,26,36663,1
10,26,36665,1
10,26,36667,1
10,26,36669,1
10,26,36671,1
10,26,36673,1
10,26,36675,1
10,26,36679,1
10,26,36681,1
10,26,36683,1
10,26,36685,1
10,26,36687,1
10,26,36689,1
10,26,36691,1
10,27,36693,1
10,27,36701,1
10,27,36703,1
10,27,36707,1
10,27,36709,1
10,27,36711,1
10,27,36713,1
10,27,36715,1
10,27,36719,1
10,27,36723,1
10,27,36725,1
10,27,36729,1
10,27,36733,1
10,27,36735,1
10,27,36737,1
10,27,36739,1
10,27,36747,1
10,27,36749,1
10,27,36751,1
10,27,36753,1
10,28,36762,1
10,28,36766,1
10,28,36768,1
10,28,36774,1
10,28,36776,1
10,28,36778,1
10,28,36784,1
10,28,36786,1
10,28,36790,1
10,28,36792,1
10,28,36798,1
10,28,36802,1
10,28,36806,1
10,28,36810,1
10,28,36812,1
10,28,36814,1
10,28,36820,1
10,28,36824,1
10,28,36830,1
10,28,36832,1
10,28,36834,1
10,28,36842,1
10,28,36844,1
10,29,36847,1
10,29,36849,1
10,29,36851,1
10,29,36853,1
10,29,36855,1
10,29,36857,1
10,29,36859,1
10,29,36861,1
10,29,36865,1
10,29,36869,1
10,29,36875,1
10,29,36877,1
10,29,36881,1
10,29,36883,1
10,29,36885,1
10,29,36889,1
10,29,36893,1
10,29,36897,1
10,29,36899,1
10,29,36901,1
10,29,36905,1
10,29,36909,1
10,29,36911,1
10,29,36913,1
10,29,36915,1
10,29,36917,1
10,29,36919,1
10,29,36921,1
10,29,36923,1
10,29,36925,1
10,30,36930,1
10,30,36934,1
10,30,36936,1
10,30,36940,1
10,30,36942,1
10,30,36946,1
10,30,36948,1
10,30,36950,1
10,30,36954,1
10,30,36956,1
10,30,36958,1
10,30,36960,1
10,30,36964,1
10,30,36966,1
10,30,36970,1
10,30,36972,1
10,30,36978,1
10,30,36980,1
10,30,36984,1
10,30,36988,1
10,31,36991,1
10,31,36993,1
10,31,36997,1
10,31,37001,1
10,31,37007,1
10,31,37009,1
10,31,37011,1
10,31,37013,1
10,31,37015,1
10,31,37017,1
10,31,37019,1
10,31,37021,1
10,31,37023,1
10,31,37025,1
10,31,37027,1
10,31,37029,1
10,31,37031,1
10,31,37035,1
10,31,37037,1
10,31,37039,1
10,31,37045,1
10,31,37047,1
10,31,37049,1
10,31,37051,1
10,31,37053,1
10,31,37055,1
10,31,37061,1
10,31,37063,1
10,31,37065,1
10,31,37067,1
10,32,37070,1
10,32,37074,1
10,32,37076,1
10,32,37078,1
10,32,37088,1
10,32,37092,1
10,32,37096,1
10,32,37098,1
10,32,37102,1
10,32,37104,1
10,32,37110,1
10,32,37112,1
10,32,37114,1
10,32,37116,1
10,32,37118,1
10,32,37120,1
10,32,37122,1
10,32,37128,1
10,32,37132,1
10,32,37134,1
10,32,37138,1
10,32,37144,1
10,32,37146,1
10,32,37148,1
10,32,37150,1
10,32,37152,1
10,32,37154,1
10,33,37157,1
10,33,37159,1
10,33,37167,1
10,33,37171,1
10,33,37173,1
10,33,37175,1
10,33,37177,1
10,33,37179,1
10,33,37181,1
10,33,37183,1
10,33,37185,1
10,33,37189,1
10,33,37191,1
10,33,37195,1
10,33,37199,1
10,33,37201,1
10,33,37203,1
10,33,37205,1
10,33,37207,1
10,33,37209,1
10,33,37211,1
10,33,37213,1
10,33,37215,1
10,33,37219,1
10,33,37221,1
10,33,37223,1
10,34,37226,1
10,34,37230,1
10,34,37232,1
10,34,37234,1
10,34,37236,1
10,34,37238,1
10,34,37244,1
10,34,37248,1
10,34,37250,1
10,34,37256,1
10,34,37258,1
10,34,37262,1
10,34,37264,1
10,34,37266,1
10,34,37272,1
10,34,37278,1
10,34,37284,1
10,34,37286,1
10,34,37288,1
10,35,37291,1
10,35,37295,1
10,35,37297,1
10,35,37299,1
10,35,37301,1
10,35,37305,1
10,35,37307,1
10,35,37309,1
10,35,37311,1
10,35,37313,1
10,35,37315,1
10,35,37317,1
10,35,37319,1
10,35,37321,1
10,35,37323,1
10,35,37325,1
10,35,37327,1
10,35,37329,1
10,35,37333,1
10,35,37335,1
10,35,37337,1
10,35,37341,1
10,35,37343,1
10,35,37345,1
10,36,37348,1
10,36,37352,1
10,36,37354,1
10,36,37356,1
10,36,37358,1
10,36,37362,1
10,36,37368,1
10,36,37372,1
10,36,37376,1
10,36,37380,1
10,36,37384,1
10,36,37386,1
10,36,37388,1
10,36,37390,1
10,36,37392,1
10,36,37396,1
10,36,37398,1
10,36,37400,1
10,36,37402,1
10,36,37404,1
10,36,37406,1
10,36,37408,1
10,36,37410,1
10,36,37412,1
10,36,37414,1
10,36,37416,1
10,36,37422,1
10,36,37424,1
10,36,37426,1
10,37,37431,1
10,37,37433,1
10,37,37437,1
10,37,37439,1
10,37,37443,1
10,37,37445,1
10,37,37447,1
10,37,37453,1
10,37,37455,1
10,37,37457,1
10,37,37459,1
10,37,37461,1
10,37,37463,1
10,37,37465,1
10,37,37467,1
10,37,37469,1
10,37,37473,1
10,37,37481,1
10,37,37483,1
10,37,37487,1
10,37,37489,1
10,37,37491,1
10,38,37496,1
10,38,37498,1
10,38,37500,1
10,38,37502,1
10,38,37504,1
10,38,37506,1
10,38,37510,1
10,38,37512,1
10,38,37514,1
10,38,37518,1
10,38,37522,1
10,38,37524,1
10,38,37526,1
10,38,37528,1
10,38,37530,1
10,38,37532,1
10,38,37534,1
10,38,37536,1
10,38,37540,1
10,38,37542,1
10,38,37546,1
10,38,37550,1
10,38,37554,1
10,38,37556,1
10,38,37560,1
10,38,37564,1
10,38,37568,1
10,38,37572,1
10,38,37574,1
10,38,37576,1
10,38,37578,1
10,38,37580,1
10,38,37582,1
10,38,37584,1
10,39,37587,1
10,39,37589,1
10,39,37591,1
10,39,37593,1
10,39,37597,1
10,39,37599,1
10,39,37603,1
10,39,37605,1
10,39,37607,1
10,39,37609,1
10,39,37615,1
10,39,37619,1
10,39,37621,1
10,39,37623,1
10,39,37625,1
10,39,37629,1
10,39,37631,1
10,39,37635,1
10,39,37637,1
10,39,37639,1
10,39,37643,1
10,39,37647,1
10,39,37651,1
10,39,37653,1
10,39,37655,1
10,39,37657,1
10,39,37661,1
10,39,37663,1
10,39,37665,1
10,39,37667,1
10,39,37669,1
10,39,37671,1
10,39,37673,1
10,39,37675,1
10,40,37678,1
10,40,37680,1
10,40,37682,1
10,40,37684,1
10,40,37688,1
10,40,37690,1
10,40,37694,1
10,40,37696,1
10,40,37700,1
10,40,37702,1
10,40,37704,1
10,40,37708,1
10,40,37712,1
10,40,37714,1
10,40,37716,1
10,40,37718,1
10,40,37722,1
10,40,37724,1
10,40,37726,1
10,40,37730,1
10,40,37732,1
10,40,37736,1
10,40,37738,1
10,40,37740,1
10,40,37742,1
10,40,37744,1
10,41,37749,1
10,41,37751,1
10,41,37753,1
10,41,37755,1
10,41,37757,1
10,41,37759,1
10,41,37761,1
10,41,37763,1
10,41,37765,1
10,41,37767,1
10,41,37769,1
10,41,37771,1
10,41,37773,1
10,41,37777,1
10,41,37781,1
10,41,37783,1
10,41,37785,1
10,41,37787,1
10,41,37789,1
10,41,37793,1
10,42,37800,1
10,42,37802,1
10,42,37804,1
10,42,37808,1
10,42,37810,1
10,42,37812,1
10,42,37814,1
10,42,37816,1
10,42,37818,1
10,42,37824,1
10,42,37826,1
10,42,37828,1
10,42,37830,1
10,42,37832,1
10,42,37834,1
10,42,37840,1
10,42,37842,1
10,42,37844,1
10,42,37846,1
10,42,37848,1
10,42,37850,1
10,42,37856,1
10,42,37858,1
10,42,37860,1
10,42,37862,1
10,42,37864,1
10,43,37869,1
10,43,37871,1
10,43,37873,1
10,43,37875,1
10,43,37877,1
10,43,37879,1
10,43,37881,1
10,43,37883,1
10,43,37887,1
10,43,37889,1
10,43,37893,1
10,43,37895,1
10,43,37897,1
10,43,37901,1
10,43,37903,1
10,43,37905,1
10,43,37907,1
10,43,37909,1
10,43,37913,1
10,43,37915,1
10,43,37921,1
10,43,37923,1
10,43,37925,1
10,43,37927,1
10,43,37929,1
10,43,37931,1
10,43,37933,1
10,44,37936,1
10,44,37940,1
10,44,37942,1
10,44,37944,1
10,44,37946,1
10,44,37948,1
10,44,37950,1
10,44,37952,1
10,44,37954,1
10,45,37959,1
10,45,37961,1
10,45,37963,1
10,45,37967,1
10,45,37973,1
10,45,37975,1
10,45,37979,1
10,45,37981,1
10,45,37983,1
10,45,37985,1
10,45,37989,1
10,45,37991,1
10,45,37993,1
10,45,37995,1
10,45,37997,1
10,45,37999,1
10,46,38003,1
10,46,38005,1
10,46,38007,1
10,46,38009,1
10,46,38015,1
10,46,38019,1
10,46,38021,1
10,46,38023,1
10,46,38027,1
10,46,38029,1
10,46,38031,1
10,46,38033,1
10,46,38037,1
10,46,38039,1
10,46,38045,1
10,46,38047,1
10,46,38055,1
10,46,38057,1
10,46,38059,1
10,46,38061,1
10,46,38065,1
10,46,38067,1
10,46,38071,1
10,46,38073,1
10,47,38075,1
10,47,38079,1
10,47,38081,1
10,47,38083,1
10,47,38085,1
10,47,38095,1
10,47,38097,1
10,47,38099,1
10,47,38101,1
10,47,38103,1
10,47,38105,1
10,47,38107,1
10,47,38109,1
10,47,38111,1
10,47,38113,1
10,47,38115,1
10,47,38117,1
10,47,38121,1
10,47,38123,1
10,47,38125,1
10,47,38127,1
10,47,38129,1
10,47,38131,1
10,47,38133,1
10,47,38135,1
10,47,38137,1
10,47,38139,1
10,47,38143,1
10,47,38145,1
10,47,38147,1
10,47,38149,1
10,47,38151,1
10,47,38155,1
10,47,38157,1
10,47,38159,1
10,47,38161,1
10,48,38164,1
10,48,38166,1
10,48,38170,1
10,48,38172,1
10,48,38174,1
10,48,38176,1
10,48,38184,1
10,48,38186,1
10,48,38188,1
10,48,38190,1
10,48,38192,1
10,48,38194,1
10,48,38196,1
10,48,38198,1
10,48,38200,1
10,48,38206,1
10,48,38210,1
10,48,38212,1
10,48,38214,1
10,48,38216,1
10,48,38218,1
10,48,38220,1
10,48,38222,1
10,48,38224,1
10,48,38228,1
10,48,38230,1
10,48,38232,1
10,48,38234,1
10,48,38236,1
10,48,38238,1
10,48,38246,1
10,48,38248,1
10,48,38250,1
10,49,38253,1
10,49,38259,1
10,49,38261,1
10,49,38263,1
10,49,38265,1
10,49,38267,1
10,49,38269,1
10,49,38271,1
10,49,38273,1
10,49,38275,1
10,49,38277,1
10,49,38279,1
10,49,38281,1
10,49,38283,1
10,49,38285,1
10,49,38287,1
10,49,38289,1
10,49,38291,1
10,49,38293,1
10,49,38295,1
10,49,38299,1
10,49,38303,1
10,50,38306,1
10,50,38308,1
10,50,38310,1
10,50,38312,1
10,50,38314,1
10,50,38316,1
10,50,38318,1
10,50,38320,1
10,50,38326,1
10,50,38328,1
10,50,38332,1
10,50,38334,1
10,50,38338,1
10,50,38340,1
10,50,38342,1
10,50,38344,1
10,50,38346,1
10,51,38349,1
10,51,38353,1
10,51,38355,1
10,51,38357,1
10,51,38359,1
10,51,38361,1
10,51,38363,1
10,51,38365,1
10,51,38367,1
10,51,38371,1
10,51,38373,1
10,51,38375,1
10,51,38377,1
10,51,38379,1
10,51,38381,1
10,51,38383,1
10,51,38385,1
10,51,38387,1
10,51,38389,1
10,51,38391,1
10,51,38393,1
1,1,36,1
10,51,38397,1
1,1,2,1
10,51,38401,1
10,51,38403,1
10,51,38405,1
10,51,38407,1
10,51,38409,1
10,51,38411,1
10,51,38413,1
10,51,38415,1
10,51,38417,1
10,51,38419,1
10,51,38421,1
10,51,38423,1
10,51,38425,1
10,51,38427,1
1,1,8,1
1,1,10,1
10,51,38433,1
10,51,38435,1
10,51,38437,1
1,1,16,1
10,52,38441,1
1,1,18,1
10,52,38445,1
10,52,38447,1
10,52,38449,1
10,52,38451,1
10,52,38453,1
10,52,38455,1
1,1,22,1
10,52,38459,1
10,52,38461,1
10,52,38463,1
10,52,38465,1
10,52,38467,1
10,52,38469,1
10,52,38471,1
10,52,38473,1
10,52,38475,1
10,52,38477,1
10,52,38479,1
1,1,24,1
10,52,38483,1
10,52,38485,1
10,52,38487,1
10,52,38489,1
10,52,38491,1
10,52,38493,1
10,52,38495,1
10,53,38498,1
10,53,38500,1
10,53,38502,1
10,53,38504,1
10,53,38506,1
10,53,38508,1
10,53,38510,1
10,53,38512,1
10,53,38514,1
10,53,38516,1
10,53,38518,1
10,53,38520,1
10,53,38522,1
1,1,28,1
1,1,30,1
10,53,38528,1
20,55,76734,1
1,1,38,1
10,53,38534,1
10,53,38536,1
1,1,40,1
1,1,42,1
10,53,38542,1
10,53,38544,1
10,53,38546,1
10,53,38548,1
10,53,38550,1
10,53,38552,1
10,53,38554,1
10,53,38556,1
10,54,38559,1
10,54,38561,1
10,54,38563,1
1,1,46,1
10,55,38567,1
1,1,48,1
10,55,38571,1
10,55,38573,1
10,55,38575,1
10,55,38577,1
10,55,38579,1
10,55,38581,1
10,55,38583,1
10,55,38585,1
10,56,38588,1
10,56,38590,1
10,56,38592,1
10,56,38594,1
10,56,38596,1
1,1,50,1
10,56,38600,1
10,57,38603,1
1,1,52,1
10,57,38607,1
10,57,38609,1
10,59,38613,1
10,59,38615,1
10,59,38617,1
10,59,38619,1
10,59,38621,1
10,59,38623,1
10,59,38625,1
10,59,38627,1
10,59,38629,1
10,59,38631,1
10,59,38633,1
10,60,38636,1
1,1,54,1
11,1,38641,1
1,1,56,1
1,1,62,1
11,1,38647,1
11,1,38649,1
11,1,38651,1
11,1,38653,1
1,1,64,1
11,1,38657,1
11,1,38659,1
11,1,38661,1
11,1,38663,1
1,1,66,1
1,1,68,1
1,1,70,1
1,1,72,1
1,1,74,1
11,1,38675,1
11,1,38677,1
11,1,38679,1
1,1,76,1
1,1,78,1
11,1,38685,1
1,2,80,1
11,1,38689,1
11,1,38691,1
11,1,38693,1
1,2,82,1
11,1,38697,1
11,2,38700,1
11,2,38702,1
1,2,84,1
1,2,86,1
1,2,88,1
11,2,38710,1
1,2,90,1
11,2,38714,1
11,2,38716,1
11,2,38718,1
11,2,38720,1
1,2,92,1
1,2,94,1
11,2,38726,1
11,2,38728,1
1,2,96,1
11,2,38732,1
1,2,106,1
11,2,38736,1
11,2,38738,1
11,2,38740,1
11,2,38742,1
11,2,38744,1
1,2,110,1
1,2,114,1
11,2,38750,1
11,2,38752,1
1,2,118,1
11,2,38756,1
11,2,38758,1
11,2,38760,1
11,2,38762,1
11,2,38764,1
11,2,38766,1
11,2,38768,1
1,2,120,1
11,2,38772,1
11,2,38774,1
1,2,126,1
1,2,128,1
11,2,38780,1
1,2,134,1
1,2,136,1
11,2,38786,1
1,2,138,1
11,2,38790,1
11,2,38792,1
11,2,38794,1
11,2,38796,1
11,2,38798,1
11,2,38800,1
11,2,38802,1
11,2,38804,1
11,2,38806,1
11,2,38808,1
11,2,38810,1
11,2,38812,1
11,3,38815,1
11,3,38817,1
11,3,38819,1
1,2,144,1
1,3,153,1
11,3,38825,1
1,3,157,1
11,3,38829,1
1,3,159,1
1,3,161,1
11,3,38835,1
1,3,163,1
11,3,38839,1
1,3,165,1
11,3,38843,1
11,3,38845,1
11,3,38847,1
11,3,38849,1
1,3,167,1
11,3,38853,1
11,3,38855,1
11,3,38857,1
1,3,169,1
11,3,38861,1
11,3,38863,1
1,3,173,1
1,3,177,1
1,3,179,1
11,3,38871,1
11,3,38873,1
11,3,38875,1
11,3,38877,1
11,3,38879,1
11,3,38881,1
11,3,38883,1
11,3,38885,1
1,3,181,1
11,4,38889,1
11,4,38891,1
1,3,183,1
11,4,38895,1
1,3,185,1
11,4,38899,1
1,3,187,1
11,4,38903,1
11,4,38905,1
1,3,189,1
1,3,191,1
11,4,38911,1
11,4,38913,1
11,4,38915,1
1,3,193,1
11,4,38919,1
11,4,38921,1
11,4,38923,1
11,4,38925,1
11,4,38927,1
11,4,38929,1
11,4,38931,1
1,3,195,1
1,3,201,1
1,3,205,1
11,4,38939,1
11,4,38941,1
11,4,38943,1
11,4,38945,1
11,4,38947,1
11,4,38949,1
11,4,38951,1
1,3,207,1
11,5,38956,1
11,5,38958,1
11,5,38960,1
11,5,38962,1
11,5,38964,1
11,5,38966,1
1,3,209,1
1,3,211,1
11,5,38972,1
11,5,38974,1
1,3,213,1
11,5,38978,1
11,5,38980,1
1,3,215,1
1,3,217,1
1,3,219,1
11,5,38988,1
11,5,38990,1
11,5,38992,1
11,5,38994,1
11,5,38996,1
11,5,38998,1
11,5,39000,1
11,5,39002,1
1,3,223,1
11,5,39006,1
1,3,227,1
11,5,39010,1
11,5,39012,1
11,5,39014,1
11,5,39016,1
11,5,39018,1
1,3,229,1
11,5,39022,1
11,5,39024,1
1,3,231,1
11,5,39028,1
11,5,39030,1
1,4,234,1
11,6,39035,1
11,6,39037,1
11,6,39039,1
11,6,39041,1
11,6,39043,1
1,4,236,1
1,4,238,1
1,4,240,1
11,6,39051,1
1,4,246,1
11,6,39055,1
11,6,39057,1
11,6,39059,1
1,4,248,1
1,4,250,1
11,6,39065,1
1,4,252,1
1,4,260,1
11,6,39071,1
1,4,262,1
1,4,264,1
11,6,39077,1
1,4,266,1
1,4,268,1
11,6,39083,1
11,6,39085,1
11,6,39087,1
11,6,39089,1
11,6,39091,1
11,6,39093,1
11,6,39095,1
11,6,39097,1
11,6,39099,1
1,4,272,1
1,4,274,1
11,7,39106,1
11,7,39108,1
11,7,39110,1
11,7,39112,1
11,7,39114,1
11,7,39116,1
11,7,39118,1
1,4,282,1
11,7,39122,1
11,7,39124,1
11,7,39126,1
1,4,284,1
11,7,39130,1
11,7,39132,1
1,4,286,1
1,4,288,1
11,7,39138,1
11,7,39140,1
11,7,39142,1
11,7,39144,1
1,4,290,1
11,7,39148,1
11,7,39150,1
11,7,39152,1
11,7,39154,1
11,7,39156,1
11,7,39158,1
11,7,39160,1
11,8,39163,1
11,8,39165,1
11,8,39167,1
11,8,39169,1
11,8,39171,1
1,5,295,1
11,8,39175,1
11,8,39177,1
1,5,297,1
11,8,39181,1
1,5,299,1
11,8,39185,1
1,5,303,1
1,5,305,1
1,5,309,1
1,5,311,1
11,8,39195,1
11,8,39197,1
1,5,315,1
11,8,39201,1
11,8,39203,1
11,8,39205,1
11,8,39207,1
11,8,39209,1
11,8,39211,1
11,8,39213,1
11,8,39215,1
1,5,319,1
11,8,39219,1
11,8,39221,1
11,8,39223,1
11,8,39225,1
11,8,39227,1
11,8,39229,1
11,8,39231,1
11,8,39233,1
11,8,39235,1
11,8,39237,1
11,8,39239,1
11,9,39242,1
1,5,323,1
1,5,329,1
11,9,39248,1
1,5,331,1
11,9,39252,1
11,9,39254,1
1,5,333,1
11,9,39258,1
11,9,39260,1
1,5,335,1
1,5,337,1
11,9,39266,1
11,9,39268,1
11,9,39270,1
11,9,39272,1
11,9,39274,1
1,5,339,1
11,9,39278,1
1,5,341,1
11,9,39282,1
11,9,39284,1
1,5,343,1
1,5,347,1
11,9,39290,1
11,9,39292,1
11,9,39294,1
11,9,39296,1
11,9,39298,1
11,9,39300,1
11,9,39302,1
11,9,39304,1
11,9,39306,1
11,9,39308,1
11,10,39311,1
11,10,39313,1
11,10,39315,1
11,10,39317,1
11,10,39319,1
11,10,39321,1
1,5,349,1
11,10,39325,1
11,10,39327,1
1,5,351,1
11,10,39331,1
11,10,39333,1
11,10,39335,1
11,10,39337,1
11,10,39339,1
11,10,39341,1
1,5,355,1
11,10,39345,1
11,10,39347,1
11,10,39349,1
1,5,367,1
11,10,39353,1
11,10,39355,1
1,5,369,1
1,5,373,1
11,10,39361,1
1,5,375,1
11,10,39365,1
11,10,39367,1
1,5,377,1
1,5,381,1
11,10,39373,1
11,10,39375,1
11,10,39377,1
11,10,39379,1
11,10,39381,1
11,10,39383,1
11,10,39385,1
11,10,39387,1
11,10,39389,1
11,10,39391,1
11,10,39393,1
11,10,39395,1
11,10,39397,1
11,10,39399,1
11,10,39401,1
1,5,383,1
11,10,39405,1
11,10,39407,1
1,5,385,1
1,5,389,1
11,11,39414,1
11,11,39416,1
1,5,391,1
11,11,39420,1
11,11,39422,1
11,11,39424,1
11,11,39426,1
11,11,39428,1
1,6,394,1
11,11,39432,1
11,11,39434,1
11,11,39436,1
11,11,39438,1
1,6,398,1
11,11,39442,1
1,6,400,1
11,11,39446,1
11,11,39448,1
11,11,39450,1
1,6,402,1
1,6,406,1
11,11,39456,1
11,11,39458,1
1,6,408,1
11,11,39462,1
1,6,410,1
11,11,39466,1
11,11,39468,1
11,11,39470,1
1,6,412,1
11,11,39474,1
1,6,416,1
11,11,39478,1
11,11,39480,1
11,11,39482,1
1,6,418,1
11,12,39487,1
11,12,39489,1
11,12,39491,1
1,6,426,1
11,12,39495,1
11,12,39497,1
11,12,39499,1
11,12,39501,1
1,6,428,1
11,12,39505,1
11,12,39507,1
11,12,39509,1
11,12,39511,1
11,12,39513,1
11,12,39515,1
1,6,430,1
11,12,39519,1
11,12,39521,1
1,6,434,1
11,12,39525,1
1,6,438,1
11,12,39529,1
1,6,440,1
11,12,39533,1
11,12,39535,1
11,12,39537,1
11,12,39539,1
1,6,442,1
11,12,39543,1
1,6,448,1
1,6,450,1
11,13,39550,1
11,13,39552,1
11,13,39554,1
11,13,39556,1
11,13,39558,1
1,6,452,1
1,6,454,1
1,6,458,1
11,13,39566,1
11,13,39568,1
11,13,39570,1
1,6,460,1
1,6,462,1
1,6,464,1
1,7,469,1
11,13,39580,1
11,13,39582,1
11,13,39584,1
11,13,39586,1
1,7,471,1
11,13,39590,1
1,7,475,1
11,13,39594,1
11,13,39596,1
11,13,39598,1
11,13,39600,1
11,13,39602,1
11,13,39604,1
1,7,477,1
1,7,481,1
1,7,485,1
11,13,39612,1
11,13,39614,1
1,7,487,1
1,7,489,1
1,7,491,1
1,7,495,1
11,13,39624,1
1,7,499,1
11,13,39628,1
11,13,39630,1
11,13,39632,1
1,7,503,1
11,13,39636,1
11,13,39638,1
11,13,39640,1
11,13,39642,1
1,7,509,1
11,13,39646,1
1,7,511,1
11,13,39650,1
11,13,39652,1
11,13,39654,1
1,7,513,1
11,13,39658,1
11,14,39659,1
1,7,515,1
1,7,517,1
11,14,39665,1
1,7,519,1
11,14,39669,1
11,14,39671,1
1,7,521,1
11,14,39675,1
11,14,39677,1
11,14,39679,1
1,7,523,1
11,14,39683,1
1,7,525,1
1,7,527,1
1,7,529,1
1,8,534,1
1,8,536,1
11,14,39695,1
1,8,538,1
1,8,540,1
11,14,39701,1
11,15,39704,1
1,8,546,1
1,8,550,1
11,15,39710,1
11,15,39712,1
1,8,554,1
11,15,39716,1
11,15,39718,1
11,15,39720,1
11,15,39722,1
11,15,39724,1
11,15,39726,1
11,15,39728,1
11,15,39730,1
11,15,39732,1
11,15,39734,1
1,8,556,1
1,8,558,1
1,8,560,1
11,15,39742,1
11,15,39744,1
11,15,39746,1
11,15,39748,1
11,15,39750,1
11,15,39752,1
1,8,564,1
11,15,39756,1
11,15,39758,1
11,15,39760,1
11,15,39762,1
11,15,39764,1
11,15,39766,1
11,15,39768,1
11,15,39770,1
1,8,574,1
1,8,576,1
11,15,39776,1
1,8,578,1
11,16,39781,1
11,16,39783,1
11,16,39785,1
11,16,39787,1
11,16,39789,1
11,16,39791,1
1,8,580,1
11,16,39795,1
11,16,39797,1
1,8,582,1
11,16,39801,1
1,8,584,1
11,16,39805,1
11,16,39807,1
1,8,586,1
11,16,39811,1
11,16,39813,1
11,16,39815,1
1,8,588,1
1,8,590,1
11,16,39821,1
11,16,39823,1
11,16,39825,1
1,8,592,1
11,17,39830,1
1,8,596,1
11,17,39834,1
11,17,39836,1
11,17,39838,1
11,17,39840,1
11,17,39842,1
11,17,39844,1
11,17,39846,1
11,17,39848,1
11,17,39850,1
11,17,39852,1
11,17,39854,1
11,17,39856,1
1,9,599,1
11,17,39860,1
11,17,39862,1
11,17,39864,1
1,9,603,1
11,17,39868,1
11,17,39870,1
1,9,605,1
11,17,39874,1
11,17,39876,1
11,17,39878,1
11,17,39880,1
11,17,39882,1
11,17,39884,1
11,17,39886,1
11,17,39888,1
11,18,39891,1
11,18,39893,1
11,18,39895,1
1,9,607,1
11,18,39899,1
11,18,39901,1
1,9,609,1
11,18,39905,1
11,18,39907,1
11,18,39909,1
11,18,39911,1
11,18,39913,1
11,18,39915,1
1,9,611,1
1,9,613,1
1,9,615,1
1,9,617,1
11,18,39925,1
11,18,39927,1
11,18,39929,1
11,18,39931,1
1,9,619,1
1,9,621,1
11,18,39937,1
1,9,623,1
11,18,39941,1
1,9,625,1
11,18,39945,1
11,18,39947,1
11,18,39949,1
11,18,39951,1
11,18,39953,1
1,9,627,1
11,19,39958,1
11,19,39960,1
11,19,39962,1
11,19,39964,1
11,19,39966,1
11,19,39968,1
1,9,631,1
11,19,39972,1
11,19,39974,1
11,19,39976,1
11,19,39978,1
11,19,39980,1
1,9,633,1
11,19,39984,1
11,19,39986,1
11,19,39988,1
1,9,635,1
1,9,637,1
11,19,39994,1
11,19,39996,1
1,9,639,1
1,9,643,1
11,19,40002,1
1,9,645,1
11,19,40006,1
1,9,649,1
11,19,40010,1
11,19,40012,1
11,19,40014,1
11,19,40016,1
11,19,40018,1
11,19,40020,1
11,19,40022,1
11,19,40024,1
11,19,40026,1
11,19,40028,1
1,9,651,1
11,20,40033,1
11,20,40035,1
11,20,40037,1
1,9,653,1
1,9,657,1
1,9,659,1
1,9,661,1
1,10,666,1
11,20,40049,1
1,10,674,1
11,20,40053,1
11,20,40055,1
11,20,40057,1
1,10,680,1
1,10,682,1
11,20,40063,1
11,20,40065,1
11,20,40067,1
1,10,684,1
1,10,686,1
11,20,40073,1
11,20,40075,1
11,20,40077,1
11,20,40079,1
11,20,40081,1
11,20,40083,1
11,20,40085,1
11,21,40087,1
11,21,40089,1
1,10,690,1
1,10,692,1
1,10,694,1
1,10,696,1
11,21,40099,1
1,10,700,1
11,21,40103,1
11,21,40105,1
11,21,40107,1
11,21,40109,1
11,21,40111,1
11,21,40113,1
1,10,702,1
11,21,40117,1
11,21,40119,1
11,21,40121,1
1,10,704,1
11,21,40125,1
1,10,706,1
11,21,40129,1
1,10,708,1
11,21,40133,1
11,21,40135,1
11,21,40137,1
11,21,40139,1
11,21,40141,1
11,21,40143,1
11,21,40145,1
1,10,710,1
11,21,40149,1
11,21,40151,1
11,21,40153,1
11,22,40156,1
11,22,40158,1
11,22,40160,1
11,22,40162,1
11,22,40164,1
11,22,40166,1
1,10,712,1
11,22,40170,1
1,10,714,1
11,22,40174,1
11,22,40176,1
11,22,40178,1
1,10,716,1
1,10,722,1
11,22,40184,1
11,22,40186,1
11,22,40188,1
11,22,40190,1
11,22,40192,1
11,22,40194,1
11,22,40196,1
1,10,724,1
11,22,40200,1
11,22,40202,1
1,10,726,1
11,22,40206,1
11,22,40208,1
11,22,40210,1
11,22,40212,1
11,22,40214,1
11,22,40216,1
11,22,40218,1
11,23,40221,1
11,23,40223,1
11,23,40225,1
11,23,40227,1
11,23,40229,1
11,23,40231,1
11,23,40233,1
1,10,728,1
1,10,730,1
1,10,732,1
11,23,40241,1
11,23,40243,1
11,23,40245,1
1,10,734,1
11,23,40249,1
11,23,40251,1
11,23,40253,1
11,23,40255,1
11,23,40257,1
11,23,40259,1
11,23,40261,1
11,23,40263,1
11,23,40265,1
11,23,40267,1
11,23,40269,1
11,23,40271,1
1,10,736,1
11,23,40275,1
11,23,40277,1
1,10,738,1
11,23,40281,1
11,23,40283,1
1,10,740,1
11,23,40287,1
1,10,744,1
1,10,746,1
11,23,40293,1
1,10,748,1
11,23,40297,1
11,23,40299,1
11,23,40301,1
1,10,750,1
1,11,752,1
1,11,754,1
1,11,756,1
1,11,758,1
11,23,40313,1
11,23,40315,1
11,23,40317,1
11,23,40319,1
11,24,40322,1
11,24,40324,1
11,24,40326,1
11,24,40328,1
11,24,40330,1
11,24,40332,1
11,24,40334,1
1,11,762,1
11,24,40338,1
11,24,40340,1
11,24,40342,1
11,24,40344,1
1,11,764,1
11,24,40348,1
11,24,40350,1
11,24,40352,1
11,24,40354,1
1,11,766,1
1,11,770,1
1,11,772,1
11,24,40362,1
11,24,40364,1
11,24,40366,1
11,24,40368,1
11,24,40370,1
11,24,40372,1
11,24,40374,1
11,24,40376,1
11,24,40378,1
1,11,774,1
11,24,40382,1
11,24,40384,1
11,24,40386,1
1,11,776,1
1,11,778,1
11,24,40392,1
11,24,40394,1
11,24,40396,1
11,24,40398,1
11,24,40400,1
11,24,40402,1
11,24,40404,1
11,24,40406,1
1,11,782,1
11,24,40410,1
11,25,40413,1
11,25,40415,1
11,25,40417,1
11,25,40419,1
11,25,40421,1
11,25,40423,1
1,11,784,1
1,11,786,1
1,11,788,1
1,11,790,1
11,25,40433,1
1,11,792,1
1,11,794,1
11,25,40439,1
1,11,798,1
11,25,40443,1
11,25,40445,1
11,25,40447,1
11,25,40449,1
1,11,804,1
11,25,40453,1
11,25,40455,1
11,25,40457,1
11,25,40459,1
11,25,40461,1
11,25,40463,1
11,25,40465,1
1,11,806,1
11,25,40469,1
11,25,40471,1
11,25,40473,1
1,11,808,1
11,25,40477,1
1,11,810,1
11,25,40481,1
11,25,40483,1
11,25,40485,1
11,25,40487,1
11,25,40489,1
11,25,40491,1
11,25,40493,1
1,11,812,1
11,25,40497,1
11,25,40499,1
1,11,814,1
11,25,40503,1
11,25,40505,1
11,25,40507,1
1,11,816,1
11,25,40511,1
11,26,40514,1
11,26,40516,1
11,26,40518,1
11,26,40520,1
1,11,818,1
1,12,821,1
1,12,823,1
11,26,40528,1
11,26,40530,1
1,12,825,1
11,26,40534,1
1,12,827,1
1,12,829,1
11,26,40540,1
11,26,40542,1
11,26,40544,1
11,26,40546,1
11,26,40548,1
11,26,40550,1
11,26,40552,1
11,26,40554,1
1,12,831,1
11,26,40558,1
11,26,40560,1
11,26,40562,1
11,26,40564,1
1,12,833,1
11,27,40569,1
11,27,40571,1
11,27,40573,1
1,12,835,1
11,27,40577,1
11,27,40579,1
11,27,40581,1
11,27,40583,1
11,27,40585,1
1,12,837,1
11,27,40589,1
11,27,40591,1
11,27,40593,1
1,12,843,1
11,27,40597,1
1,12,847,1
1,12,853,1
1,12,855,1
11,27,40605,1
11,27,40607,1
11,27,40609,1
1,12,859,1
11,27,40613,1
1,12,863,1
11,27,40617,1
11,27,40619,1
11,28,40622,1
11,28,40624,1
1,12,865,1
1,12,869,1
11,28,40630,1
11,28,40632,1
11,28,40634,1
1,12,871,1
1,12,873,1
11,28,40640,1
1,12,875,1
1,13,878,1
11,28,40646,1
11,28,40648,1
1,13,880,1
11,28,40652,1
11,28,40654,1
11,28,40656,1
11,28,40658,1
11,28,40660,1
11,28,40662,1
11,28,40664,1
11,28,40666,1
11,28,40668,1
11,28,40670,1
11,28,40672,1
11,28,40674,1
11,28,40676,1
1,13,882,1
1,13,884,1
11,28,40682,1
1,13,886,1
11,28,40686,1
11,28,40688,1
11,28,40690,1
11,28,40692,1
11,28,40694,1
11,28,40696,1
11,28,40698,1
1,13,890,1
11,28,40702,1
1,13,896,1
11,28,40706,1
11,28,40708,1
11,29,40711,1
1,13,898,1
1,13,904,1
11,29,40717,1
1,13,908,1
11,29,40721,1
11,29,40723,1
11,29,40725,1
11,29,40727,1
11,29,40729,1
11,29,40731,1
11,29,40733,1
11,29,40735,1
11,29,40737,1
11,29,40739,1
11,29,40741,1
11,29,40743,1
1,13,910,1
11,29,40747,1
11,29,40749,1
11,29,40751,1
11,29,40753,1
1,13,912,1
11,29,40757,1
1,13,916,1
1,13,918,1
11,29,40763,1
1,13,920,1
11,29,40767,1
11,29,40769,1
11,29,40771,1
11,29,40773,1
1,13,922,1
1,13,924,1
11,30,40780,1
1,13,926,1
1,13,928,1
1,13,930,1
11,30,40788,1
1,13,932,1
11,30,40792,1
11,30,40794,1
1,13,936,1
11,30,40798,1
11,30,40800,1
11,30,40802,1
11,30,40804,1
1,13,940,1
11,30,40808,1
1,13,944,1
1,13,946,1
11,30,40814,1
1,13,948,1
11,30,40818,1
11,30,40820,1
11,30,40822,1
1,13,950,1
11,30,40826,1
11,30,40828,1
1,13,952,1
11,30,40832,1
11,30,40834,1
11,30,40836,1
1,13,954,1
11,30,40840,1
1,13,956,1
11,31,40845,1
11,31,40847,1
11,31,40849,1
11,31,40851,1
11,31,40853,1
11,31,40855,1
11,31,40857,1
11,31,40859,1
11,31,40861,1
11,31,40863,1
1,13,958,1
11,31,40867,1
11,31,40869,1
1,13,960,1
1,13,962,1
11,31,40875,1
11,31,40877,1
11,31,40879,1
11,31,40881,1
11,31,40883,1
11,31,40885,1
11,31,40887,1
1,14,969,1
1,14,977,1
11,31,40893,1
11,31,40895,1
11,31,40897,1
1,14,979,1
11,31,40901,1
11,31,40903,1
11,31,40905,1
1,14,981,1
1,14,983,1
11,31,40911,1
1,14,985,1
11,31,40915,1
11,31,40917,1
11,31,40919,1
11,31,40921,1
1,14,987,1
11,31,40925,1
11,31,40927,1
11,31,40929,1
1,14,989,1
11,31,40933,1
11,31,40935,1
11,32,40938,1
11,32,40940,1
11,32,40942,1
11,32,40944,1
1,14,991,1
1,14,993,1
1,14,995,1
1,14,999,1
1,14,1005,1
11,32,40956,1
1,14,1015,1
11,32,40960,1
11,32,40962,1
11,32,40964,1
11,32,40966,1
11,32,40968,1
11,32,40970,1
11,32,40972,1
11,32,40974,1
11,32,40976,1
11,32,40978,1
11,32,40980,1
11,32,40982,1
11,32,40984,1
1,14,1021,1
11,32,40988,1
1,14,1023,1
11,32,40992,1
11,32,40994,1
11,32,40996,1
11,32,40998,1
11,32,41000,1
11,32,41002,1
11,32,41004,1
11,33,41007,1
11,33,41009,1
11,33,41011,1
11,33,41013,1
11,33,41015,1
11,33,41017,1
11,33,41019,1
11,33,41021,1
1,14,1027,1
11,33,41025,1
11,33,41027,1
11,33,41029,1
11,33,41031,1
11,33,41033,1
11,33,41035,1
11,33,41037,1
11,33,41039,1
11,33,41041,1
1,14,1029,1
11,33,41045,1
11,33,41047,1
11,34,41050,1
11,34,41052,1
1,14,1031,1
11,34,41056,1
11,34,41058,1
1,15,1033,1
11,34,41062,1
11,34,41064,1
11,34,41066,1
11,34,41068,1
11,34,41070,1
1,15,1035,1
1,15,1039,1
11,34,41076,1
11,34,41078,1
11,34,41080,1
11,34,41082,1
11,34,41084,1
11,34,41086,1
11,34,41088,1
11,34,41090,1
1,15,1041,1
11,34,41094,1
1,15,1045,1
1,15,1047,1
11,34,41100,1
1,15,1049,1
1,15,1051,1
11,35,41107,1
11,35,41109,1
11,35,41111,1
11,35,41113,1
11,35,41115,1
1,15,1053,1
11,35,41119,1
1,15,1057,1
1,15,1059,1
1,15,1061,1
11,35,41127,1
1,15,1063,1
1,15,1065,1
11,35,41133,1
1,15,1067,1
11,35,41137,1
11,35,41139,1
11,35,41141,1
11,35,41143,1
1,15,1069,1
11,35,41147,1
1,15,1071,1
11,35,41151,1
11,35,41153,1
11,35,41155,1
11,35,41157,1
11,35,41159,1
1,15,1073,1
1,15,1077,1
1,15,1079,1
11,35,41167,1
11,35,41169,1
11,35,41171,1
1,15,1081,1
11,35,41175,1
11,35,41177,1
11,35,41179,1
11,35,41181,1
11,35,41183,1
11,35,41185,1
11,35,41187,1
11,36,41190,1
11,36,41192,1
11,36,41194,1
1,16,1088,1
11,36,41198,1
11,36,41200,1
11,36,41202,1
1,16,1090,1
1,16,1092,1
11,36,41208,1
11,36,41210,1
1,16,1094,1
11,36,41214,1
11,36,41216,1
11,36,41218,1
1,16,1102,1
1,16,1104,1
11,36,41224,1
11,36,41226,1
11,36,41228,1
11,36,41230,1
1,16,1106,1
1,16,1108,1
11,36,41236,1
11,36,41238,1
1,16,1110,1
11,36,41242,1
11,36,41244,1
11,36,41246,1
1,16,1112,1
11,36,41250,1
1,16,1114,1
11,36,41254,1
11,36,41256,1
11,36,41258,1
11,36,41260,1
11,36,41262,1
11,36,41264,1
11,36,41266,1
1,16,1120,1
1,16,1122,1
11,37,41273,1
11,37,41275,1
1,16,1124,1
1,16,1126,1
11,37,41281,1
1,17,1129,1
11,37,41285,1
1,17,1131,1
11,37,41289,1
11,37,41291,1
11,37,41293,1
1,17,1133,1
11,37,41297,1
11,37,41299,1
11,37,41301,1
1,17,1135,1
11,37,41305,1
11,37,41307,1
1,17,1139,1
11,37,41311,1
1,17,1141,1
1,17,1145,1
11,37,41317,1
11,37,41319,1
1,17,1147,1
11,37,41323,1
11,37,41325,1
11,37,41327,1
11,38,41330,1
11,38,41332,1
11,38,41334,1
11,38,41336,1
1,17,1149,1
11,38,41340,1
11,38,41342,1
11,38,41344,1
11,38,41346,1
1,17,1151,1
11,38,41350,1
11,38,41352,1
1,17,1155,1
1,17,1157,1
11,38,41358,1
1,17,1159,1
11,38,41362,1
1,17,1163,1
1,17,1167,1
11,38,41368,1
11,38,41370,1
11,38,41372,1
1,17,1169,1
11,38,41376,1
11,38,41378,1
11,38,41380,1
11,38,41382,1
1,17,1173,1
11,38,41386,1
11,38,41388,1
1,17,1177,1
11,38,41392,1
1,17,1179,1
1,17,1181,1
1,17,1183,1
11,38,41400,1
11,38,41402,1
1,17,1185,1
1,17,1187,1
11,38,41408,1
11,38,41410,1
11,39,41413,1
11,39,41415,1
1,17,1189,1
1,18,1194,1
1,18,1198,1
1,18,1200,1
11,39,41425,1
11,39,41427,1
1,18,1204,1
11,39,41431,1
11,39,41433,1
11,39,41435,1
11,39,41437,1
11,39,41439,1
11,39,41441,1
1,18,1206,1
11,39,41445,1
11,39,41447,1
11,39,41449,1
11,39,41451,1
11,39,41453,1
11,39,41455,1
11,39,41457,1
1,18,1210,1
1,18,1212,1
1,18,1214,1
1,18,1216,1
1,18,1218,1
11,39,41469,1
11,39,41471,1
11,39,41473,1
11,39,41475,1
11,39,41477,1
11,39,41479,1
11,39,41481,1
11,39,41483,1
11,40,41485,1
11,40,41487,1
1,18,1220,1
11,40,41491,1
11,40,41493,1
11,40,41495,1
11,40,41497,1
1,18,1222,1
11,40,41501,1
11,40,41503,1
11,40,41505,1
1,18,1224,1
11,40,41509,1
11,40,41511,1
1,18,1226,1
1,18,1232,1
11,40,41517,1
1,18,1236,1
11,40,41521,1
11,40,41523,1
11,40,41525,1
11,40,41527,1
11,40,41529,1
11,40,41531,1
11,40,41533,1
11,40,41535,1
11,40,41537,1
11,40,41539,1
11,40,41541,1
1,18,1238,1
11,40,41545,1
11,41,41548,1
11,41,41550,1
11,41,41552,1
11,41,41554,1
11,41,41556,1
1,18,1242,1
11,41,41560,1
11,41,41562,1
11,41,41564,1
1,18,1246,1
11,41,41568,1
11,41,41570,1
1,18,1248,1
11,41,41574,1
11,41,41576,1
11,41,41578,1
11,41,41580,1
11,41,41582,1
1,18,1250,1
1,18,1252,1
1,18,1254,1
11,41,41590,1
11,41,41592,1
1,19,1257,1
11,41,41596,1
11,41,41598,1
11,41,41600,1
11,41,41602,1
11,41,41604,1
11,41,41606,1
11,41,41608,1
11,41,41610,1
11,42,41613,1
11,42,41615,1
11,42,41617,1
11,42,41619,1
1,19,1259,1
11,42,41623,1
11,42,41625,1
1,19,1261,1
1,19,1263,1
11,42,41631,1
11,42,41633,1
11,42,41635,1
1,19,1265,1
11,42,41639,1
11,42,41641,1
1,19,1267,1
11,42,41645,1
11,42,41647,1
1,19,1269,1
11,42,41651,1
11,42,41653,1
11,42,41655,1
1,19,1277,1
11,42,41659,1
11,42,41661,1
11,42,41663,1
11,42,41665,1
11,42,41667,1
11,42,41669,1
11,42,41671,1
11,42,41673,1
11,42,41675,1
11,42,41677,1
11,42,41679,1
1,19,1279,1
11,42,41683,1
1,19,1283,1
1,19,1285,1
11,43,41690,1
11,43,41692,1
11,43,41694,1
11,43,41696,1
11,43,41698,1
11,43,41700,1
11,43,41702,1
11,43,41704,1
1,19,1287,1
11,43,41708,1
1,19,1289,1
1,19,1291,1
11,43,41714,1
1,19,1293,1
11,43,41718,1
11,43,41720,1
11,44,41723,1
11,44,41725,1
1,19,1295,1
11,44,41729,1
1,19,1297,1
1,19,1299,1
11,44,41735,1
11,44,41737,1
1,19,1301,1
11,44,41741,1
11,44,41743,1
11,44,41745,1
11,44,41747,1
11,44,41749,1
11,44,41751,1
1,19,1303,1
11,44,41755,1
11,44,41757,1
1,19,1305,1
11,44,41761,1
11,44,41763,1
11,44,41765,1
11,44,41767,1
1,19,1309,1
11,44,41771,1
11,44,41773,1
11,44,41775,1
1,19,1311,1
11,45,41779,1
11,45,41781,1
11,45,41783,1
11,45,41785,1
1,19,1313,1
11,45,41789,1
11,45,41791,1
11,45,41793,1
11,45,41795,1
11,45,41797,1
1,19,1317,1
11,45,41801,1
11,45,41803,1
11,45,41805,1
11,45,41807,1
11,45,41809,1
11,45,41811,1
11,45,41813,1
11,45,41815,1
11,45,41817,1
11,45,41819,1
11,45,41821,1
11,45,41823,1
11,45,41825,1
11,45,41827,1
11,45,41829,1
11,45,41831,1
11,45,41833,1
11,45,41835,1
11,45,41837,1
11,45,41839,1
11,45,41841,1
1,19,1325,1
11,45,41845,1
11,46,41848,1
11,46,41850,1
11,46,41852,1
1,19,1329,1
11,46,41856,1
1,19,1331,1
11,46,41860,1
11,46,41862,1
11,46,41864,1
11,46,41866,1
11,46,41868,1
11,46,41870,1
1,19,1337,1
11,46,41874,1
11,46,41876,1
11,46,41878,1
11,46,41880,1
11,46,41882,1
1,19,1339,1
11,46,41886,1
11,46,41888,1
11,46,41890,1
11,46,41892,1
1,19,1343,1
11,46,41896,1
11,46,41898,1
11,46,41900,1
1,19,1345,1
11,47,41904,1
11,47,41906,1
1,20,1350,1
11,47,41910,1
11,47,41912,1
11,47,41914,1
11,47,41916,1
11,47,41918,1
11,47,41920,1
11,47,41922,1
11,47,41924,1
11,47,41926,1
11,47,41928,1
11,47,41930,1
11,47,41932,1
11,47,41934,1
11,47,41936,1
11,47,41938,1
11,47,41940,1
1,20,1354,1
1,20,1356,1
1,20,1358,1
1,20,1364,1
11,47,41950,1
1,20,1366,1
11,47,41954,1
11,47,41956,1
11,47,41958,1
11,47,41960,1
11,47,41962,1
11,47,41964,1
11,48,41967,1
11,48,41969,1
11,48,41971,1
11,48,41973,1
11,48,41975,1
11,48,41977,1
11,48,41979,1
11,48,41981,1
11,48,41983,1
11,48,41985,1
11,48,41987,1
1,20,1368,1
11,48,41991,1
11,48,41993,1
11,48,41995,1
11,48,41997,1
11,48,41999,1
11,48,42001,1
1,20,1370,1
1,20,1372,1
1,20,1376,1
1,20,1378,1
1,20,1380,1
1,20,1382,1
11,48,42015,1
11,48,42017,1
1,20,1384,1
11,48,42021,1
1,20,1388,1
11,48,42025,1
1,20,1390,1
11,48,42029,1
11,48,42031,1
1,20,1394,1
11,48,42035,1
11,49,42037,1
1,20,1402,1
11,49,42041,1
11,49,42043,1
11,49,42045,1
11,49,42047,1
1,20,1406,1
11,49,42051,1
11,49,42053,1
11,49,42055,1
11,49,42057,1
11,49,42059,1
11,49,42061,1
1,20,1412,1
1,20,1414,1
11,49,42067,1
11,49,42069,1
11,49,42071,1
1,20,1416,1
11,49,42075,1
11,49,42077,1
11,49,42079,1
11,49,42081,1
11,49,42083,1
11,49,42085,1
11,50,42088,1
1,20,1418,1
1,21,1423,1
11,50,42094,1
11,50,42096,1
11,50,42098,1
11,50,42100,1
1,21,1427,1
11,50,42104,1
1,21,1429,1
11,50,42108,1
11,50,42110,1
1,21,1431,1
1,21,1433,1
11,50,42116,1
11,50,42118,1
11,50,42120,1
11,50,42122,1
11,50,42124,1
11,50,42126,1
11,50,42128,1
11,50,42130,1
11,50,42132,1
11,50,42134,1
11,50,42136,1
11,50,42138,1
11,50,42140,1
1,21,1435,1
1,21,1437,1
1,21,1439,1
1,21,1443,1
1,21,1445,1
11,50,42152,1
11,50,42154,1
11,50,42156,1
11,50,42158,1
11,50,42160,1
11,50,42162,1
11,50,42164,1
1,21,1449,1
11,50,42168,1
11,50,42170,1
11,50,42172,1
11,51,42174,1
11,51,42176,1
11,51,42178,1
11,51,42180,1
11,51,42182,1
11,51,42184,1
11,51,42186,1
11,51,42188,1
11,51,42190,1
1,21,1451,1
1,21,1453,1
11,51,42196,1
11,51,42198,1
11,51,42200,1
11,51,42202,1
1,21,1455,1
11,51,42206,1
11,51,42208,1
11,51,42210,1
11,51,42212,1
1,21,1457,1
1,21,1459,1
11,51,42218,1
11,51,42220,1
11,51,42222,1
1,21,1461,1
1,21,1463,1
11,51,42228,1
11,51,42230,1
1,21,1465,1
11,52,42235,1
11,52,42237,1
11,52,42239,1
1,21,1467,1
11,52,42243,1
11,52,42245,1
11,52,42247,1
11,52,42249,1
11,52,42251,1
11,52,42253,1
11,52,42255,1
11,52,42257,1
11,52,42259,1
1,21,1469,1
11,52,42263,1
11,52,42265,1
1,21,1471,1
11,52,42269,1
1,21,1475,1
11,52,42273,1
11,52,42275,1
11,52,42277,1
11,52,42279,1
11,52,42281,1
1,21,1477,1
11,52,42285,1
11,52,42287,1
1,22,1479,1
11,52,42291,1
11,53,42294,1
11,53,42296,1
11,53,42298,1
1,22,1481,1
11,53,42302,1
1,22,1483,1
11,53,42306,1
11,53,42308,1
1,22,1485,1
11,53,42312,1
1,22,1487,1
11,53,42316,1
1,22,1489,1
11,53,42320,1
11,53,42322,1
11,53,42324,1
11,53,42326,1
11,53,42328,1
11,53,42330,1
11,53,42332,1
11,53,42334,1
11,53,42336,1
11,53,42338,1
11,53,42340,1
11,53,42342,1
11,53,42344,1
11,53,42346,1
11,53,42348,1
11,53,42350,1
11,53,42352,1
11,53,42354,1
1,22,1491,1
11,53,42358,1
11,53,42360,1
11,53,42362,1
11,54,42365,1
11,54,42367,1
11,56,42371,1
11,57,42374,1
11,57,42376,1
11,57,42378,1
11,57,42380,1
11,57,42382,1
11,57,42384,1
11,57,42386,1
11,57,42388,1
11,57,42390,1
1,22,1495,1
12,1,42397,1
1,22,1497,1
1,22,1499,1
1,22,1501,1
1,22,1503,1
12,1,42407,1
12,1,42409,1
12,1,42411,1
12,1,42413,1
12,1,42415,1
12,1,42417,1
12,1,42419,1
1,22,1505,1
12,1,42423,1
12,1,42425,1
12,1,42427,1
1,22,1507,1
1,22,1509,1
12,1,42433,1
1,22,1513,1
12,1,42437,1
12,1,42439,1
12,1,42441,1
1,22,1515,1
1,22,1517,1
12,1,42447,1
1,22,1519,1
12,1,42451,1
12,1,42453,1
1,22,1521,1
12,1,42457,1
12,1,42459,1
1,22,1523,1
12,2,42463,1
1,22,1527,1
1,22,1529,1
12,2,42469,1
12,2,42471,1
12,2,42473,1
12,2,42475,1
12,2,42477,1
1,22,1531,1
12,2,42481,1
12,2,42483,1
12,2,42485,1
1,22,1535,1
1,22,1537,1
12,2,42491,1
12,2,42493,1
12,2,42495,1
12,2,42497,1
12,2,42499,1
12,2,42501,1
12,2,42503,1
12,2,42505,1
12,2,42507,1
12,2,42509,1
12,2,42511,1
12,2,42513,1
12,2,42515,1
12,2,42517,1
12,2,42519,1
12,2,42521,1
1,22,1541,1
12,2,42525,1
1,22,1543,1
12,2,42529,1
12,2,42531,1
12,2,42533,1
12,2,42535,1
1,22,1545,1
12,2,42539,1
12,3,42542,1
1,22,1547,1
12,3,42546,1
1,22,1549,1
12,3,42550,1
12,3,42552,1
12,3,42554,1
12,3,42556,1
1,22,1551,1
12,3,42560,1
12,3,42562,1
12,3,42564,1
12,3,42566,1
12,3,42568,1
12,3,42570,1
1,22,1553,1
12,3,42574,1
12,3,42576,1
12,3,42578,1
12,3,42580,1
1,22,1559,1
12,3,42584,1
12,3,42586,1
12,3,42588,1
12,3,42590,1
12,3,42592,1
1,22,1561,1
12,3,42596,1
12,3,42598,1
12,3,42600,1
1,22,1563,1
12,3,42604,1
1,22,1565,1
1,22,1571,1
1,22,1575,1
12,3,42612,1
12,3,42614,1
12,3,42616,1
12,3,42618,1
1,23,1578,1
12,3,42622,1
12,3,42624,1
12,3,42626,1
12,3,42628,1
12,3,42630,1
12,3,42632,1
12,3,42634,1
1,23,1580,1
1,23,1582,1
12,4,42641,1
1,23,1586,1
12,4,42645,1
12,4,42647,1
12,4,42649,1
12,4,42651,1
12,4,42653,1
12,4,42655,1
12,4,42657,1
1,23,1594,1
12,4,42661,1
12,4,42663,1
12,4,42665,1
1,23,1598,1
12,4,42669,1
1,23,1600,1
1,23,1602,1
1,23,1604,1
12,4,42677,1
1,23,1606,1
12,4,42681,1
1,23,1612,1
12,4,42685,1
12,4,42687,1
12,4,42689,1
12,4,42691,1
12,4,42693,1
12,4,42695,1
12,4,42697,1
12,5,42700,1
12,5,42702,1
1,23,1614,1
1,23,1618,1
12,5,42708,1
1,23,1620,1
12,5,42712,1
12,5,42714,1
12,5,42716,1
12,5,42718,1
12,5,42720,1
12,5,42722,1
12,5,42724,1
12,5,42726,1
12,5,42728,1
12,5,42730,1
1,23,1622,1
12,5,42734,1
12,5,42736,1
12,5,42738,1
12,5,42740,1
12,5,42742,1
12,5,42744,1
1,23,1624,1
12,5,42748,1
12,5,42750,1
12,5,42752,1
12,5,42754,1
1,23,1628,1
1,23,1632,1
12,5,42760,1
12,5,42762,1
12,5,42764,1
12,5,42766,1
1,23,1636,1
12,5,42770,1
12,5,42772,1
1,23,1638,1
12,6,42777,1
12,6,42779,1
1,23,1640,1
12,6,42783,1
1,23,1642,1
12,6,42787,1
1,23,1644,1
12,6,42791,1
1,23,1648,1
12,6,42795,1
12,6,42797,1
12,6,42799,1
1,23,1650,1
12,6,42803,1
12,6,42805,1
1,24,1653,1
12,6,42809,1
1,24,1655,1
12,6,42813,1
1,24,1657,1
1,24,1661,1
1,24,1663,1
12,6,42821,1
12,6,42823,1
12,6,42825,1
1,24,1667,1
12,6,42829,1
1,24,1671,1
12,6,42833,1
12,6,42835,1
1,24,1677,1
1,24,1679,1
12,7,42842,1
12,7,42844,1
12,7,42846,1
12,7,42848,1
12,7,42850,1
12,7,42852,1
12,7,42854,1
12,7,42856,1
12,7,42858,1
12,7,42860,1
12,7,42862,1
12,7,42864,1
1,24,1683,1
12,7,42868,1
12,7,42870,1
12,7,42872,1
1,24,1685,1
12,7,42876,1
12,7,42878,1
12,7,42880,1
12,7,42882,1
12,7,42884,1
12,7,42886,1
12,7,42888,1
12,7,42890,1
12,8,42893,1
1,24,1687,1
12,8,42897,1
12,8,42899,1
12,8,42901,1
12,8,42903,1
1,24,1689,1
12,8,42907,1
1,24,1691,1
12,8,42911,1
12,8,42913,1
1,24,1693,1
12,8,42917,1
12,8,42919,1
12,8,42921,1
12,8,42923,1
12,8,42925,1
1,24,1695,1
12,8,42929,1
12,8,42931,1
1,24,1697,1
12,8,42935,1
12,8,42937,1
12,8,42939,1
12,8,42941,1
1,24,1699,1
12,8,42945,1
12,8,42947,1
12,8,42949,1
12,8,42951,1
12,8,42953,1
12,8,42955,1
12,8,42957,1
12,8,42959,1
12,8,42961,1
12,8,42963,1
12,8,42965,1
12,8,42967,1
12,8,42969,1
1,24,1701,1
1,24,1703,1
12,8,42975,1
12,8,42977,1
12,8,42979,1
12,8,42981,1
12,8,42983,1
12,8,42985,1
12,8,42987,1
1,24,1705,1
12,8,42991,1
1,24,1713,1
12,9,42996,1
12,9,42998,1
12,9,43000,1
1,24,1715,1
12,9,43004,1
12,9,43006,1
12,9,43008,1
12,9,43010,1
12,9,43012,1
12,9,43014,1
12,9,43016,1
12,9,43018,1
1,24,1719,1
12,9,43022,1
12,9,43024,1
12,9,43026,1
1,24,1721,1
1,24,1723,1
12,9,43032,1
12,9,43034,1
12,9,43036,1
1,24,1725,1
12,9,43040,1
12,9,43042,1
12,9,43044,1
12,9,43046,1
1,24,1727,1
12,9,43050,1
1,24,1731,1
12,9,43054,1
1,25,1734,1
12,9,43058,1
12,10,43061,1
1,25,1736,1
12,10,43065,1
12,10,43067,1
1,25,1738,1
1,25,1740,1
12,10,43073,1
1,25,1744,1
12,10,43077,1
12,10,43079,1
1,25,1750,1
12,10,43083,1
12,10,43085,1
12,10,43087,1
1,25,1752,1
1,25,1754,1
12,10,43093,1
12,10,43095,1
1,25,1756,1
12,10,43099,1
12,10,43101,1
12,10,43103,1
12,10,43105,1
12,10,43107,1
12,10,43109,1
12,10,43111,1
12,10,43113,1
12,10,43115,1
1,25,1760,1
12,10,43119,1
12,10,43121,1
1,25,1762,1
12,11,43125,1
12,11,43127,1
12,11,43129,1
12,11,43131,1
12,11,43133,1
12,11,43135,1
12,11,43137,1
1,25,1764,1
12,11,43141,1
12,11,43143,1
12,11,43145,1
12,11,43147,1
12,11,43149,1
12,11,43151,1
12,11,43153,1
12,11,43155,1
12,11,43157,1
1,25,1768,1
1,25,1770,1
1,25,1772,1
12,11,43165,1
1,25,1776,1
12,11,43169,1
12,11,43171,1
12,11,43173,1
12,11,43175,1
12,11,43177,1
12,11,43179,1
12,11,43181,1
1,25,1778,1
1,25,1780,1
12,12,43188,1
1,25,1786,1
1,25,1788,1
12,12,43194,1
12,12,43196,1
12,12,43198,1
12,12,43200,1
12,12,43202,1
12,12,43204,1
12,12,43206,1
12,12,43208,1
1,25,1792,1
1,25,1794,1
1,25,1796,1
12,12,43216,1
12,12,43218,1
12,12,43220,1
12,12,43222,1
12,12,43224,1
1,25,1798,1
1,25,1800,1
12,12,43230,1
1,25,1802,1
1,25,1804,1
12,12,43236,1
1,25,1808,1
12,12,43240,1
12,12,43242,1
12,12,43244,1
12,12,43246,1
12,12,43248,1
12,12,43250,1
1,25,1810,1
12,12,43254,1
12,12,43256,1
12,12,43258,1
12,12,43260,1
12,12,43262,1
12,13,43265,1
12,13,43267,1
12,13,43269,1
12,13,43271,1
1,26,1815,1
1,26,1817,1
12,13,43277,1
12,13,43279,1
12,13,43281,1
1,26,1819,1
12,13,43285,1
12,13,43287,1
12,13,43289,1
12,13,43291,1
1,26,1821,1
12,13,43295,1
12,13,43297,1
12,13,43299,1
12,13,43301,1
12,13,43303,1
12,13,43305,1
1,26,1825,1
12,13,43309,1
12,13,43311,1
12,13,43313,1
1,26,1827,1
1,26,1829,1
12,13,43319,1
12,13,43321,1
12,13,43323,1
1,26,1831,1
12,13,43327,1
1,26,1833,1
1,26,1835,1
1,26,1837,1
1,26,1843,1
1,26,1845,1
1,26,1847,1
12,14,43342,1
1,26,1851,1
12,14,43346,1
12,14,43348,1
1,26,1853,1
12,14,43352,1
12,14,43354,1
12,14,43356,1
1,26,1855,1
1,26,1857,1
12,14,43362,1
12,14,43364,1
1,26,1859,1
1,26,1861,1
1,26,1863,1
12,14,43372,1
1,27,1866,1
1,27,1872,1
12,14,43378,1
12,14,43380,1
1,27,1874,1
1,27,1876,1
12,14,43386,1
12,14,43388,1
12,14,43390,1
12,14,43392,1
12,15,43395,1
12,15,43397,1
12,15,43399,1
12,15,43401,1
12,15,43403,1
12,15,43405,1
12,15,43407,1
12,15,43409,1
12,15,43411,1
1,27,1878,1
12,15,43415,1
12,15,43417,1
12,15,43419,1
12,15,43421,1
12,15,43423,1
12,15,43425,1
12,15,43427,1
1,27,1880,1
12,15,43431,1
12,15,43433,1
12,15,43435,1
12,15,43437,1
12,15,43439,1
12,15,43441,1
12,15,43443,1
12,15,43445,1
1,27,1882,1
1,27,1884,1
1,27,1886,1
12,15,43453,1
12,15,43455,1
1,27,1890,1
12,15,43459,1
1,27,1892,1
12,15,43463,1
12,16,43466,1
1,27,1894,1
1,27,1900,1
12,16,43472,1
12,16,43474,1
12,16,43476,1
12,16,43478,1
12,16,43480,1
1,27,1902,1
12,16,43484,1
12,16,43486,1
12,16,43488,1
12,16,43490,1
1,27,1908,1
1,27,1912,1
12,16,43496,1
12,16,43498,1
12,16,43500,1
12,16,43502,1
12,16,43504,1
12,16,43506,1
12,16,43508,1
12,16,43510,1
1,27,1914,1
1,27,1916,1
12,16,43516,1
12,17,43518,1
12,17,43520,1
12,17,43522,1
12,17,43524,1
1,27,1918,1
12,17,43528,1
12,17,43530,1
12,17,43532,1
12,17,43534,1
1,27,1920,1
12,17,43538,1
1,28,1943,1
12,17,43542,1
1,28,1945,1
12,17,43546,1
1,28,1947,1
1,28,1949,1
1,28,1951,1
12,17,43554,1
1,28,1953,1
12,17,43558,1
12,17,43560,1
12,17,43562,1
1,28,1959,1
12,17,43566,1
12,17,43568,1
12,18,43570,1
12,18,43572,1
12,18,43574,1
12,18,43576,1
12,18,43578,1
12,18,43580,1
12,18,43582,1
12,18,43584,1
12,18,43586,1
12,18,43588,1
12,18,43590,1
12,18,43592,1
12,18,43594,1
12,18,43596,1
12,18,43598,1
1,28,1961,1
12,18,43602,1
1,28,1963,1
12,18,43606,1
12,18,43608,1
12,18,43610,1
1,28,1965,1
12,18,43614,1
1,28,1967,1
12,18,43618,1
12,18,43620,1
1,28,1969,1
12,18,43624,1
12,18,43626,1
1,28,1971,1
1,28,1975,1
1,28,1979,1
12,18,43634,1
12,18,43636,1
1,28,1981,1
12,18,43640,1
1,28,1983,1
1,28,1985,1
12,19,43647,1
1,28,1989,1
1,28,1991,1
12,19,43653,1
1,28,1993,1
12,19,43657,1
1,28,1997,1
12,19,43661,1
12,19,43663,1
1,28,1999,1
12,19,43667,1
12,19,43669,1
12,19,43671,1
12,19,43673,1
12,19,43675,1
12,19,43677,1
12,19,43679,1
12,19,43681,1
12,19,43683,1
12,19,43685,1
12,19,43687,1
12,19,43689,1
12,19,43691,1
12,19,43693,1
12,19,43695,1
12,19,43697,1
12,19,43699,1
1,28,2001,1
1,28,2003,1
1,28,2005,1
12,19,43707,1
12,19,43709,1
12,19,43711,1
12,19,43713,1
12,19,43715,1
12,19,43717,1
12,20,43720,1
12,20,43722,1
12,20,43724,1
12,20,43726,1
1,28,2009,1
12,20,43730,1
12,20,43732,1
12,20,43734,1
12,20,43736,1
12,20,43738,1
12,20,43740,1
12,20,43742,1
1,29,2014,1
1,29,2020,1
1,29,2024,1
12,20,43750,1
12,20,43752,1
12,20,43754,1
12,20,43756,1
12,20,43758,1
1,29,2026,1
1,29,2030,1
1,29,2034,1
12,20,43766,1
1,29,2038,1
12,20,43770,1
12,20,43772,1
12,20,43774,1
12,20,43776,1
12,20,43778,1
1,29,2040,1
12,20,43782,1
12,20,43784,1
12,20,43786,1
12,20,43788,1
1,29,2044,1
12,20,43792,1
12,20,43794,1
1,29,2046,1
12,20,43798,1
12,20,43800,1
1,29,2048,1
12,20,43804,1
12,20,43806,1
12,20,43808,1
12,20,43810,1
12,20,43812,1
12,20,43814,1
1,29,2050,1
12,21,43819,1
1,29,2052,1
12,21,43823,1
12,21,43825,1
12,21,43827,1
1,29,2056,1
12,21,43831,1
1,29,2062,1
1,29,2068,1
1,29,2074,1
12,21,43839,1
1,29,2076,1
12,21,43843,1
1,29,2080,1
1,29,2084,1
12,21,43849,1
1,29,2086,1
12,21,43853,1
12,21,43855,1
12,21,43857,1
12,21,43859,1
1,29,2088,1
1,29,2090,1
12,21,43865,1
12,21,43867,1
1,29,2092,1
1,30,2099,1
12,21,43873,1
12,21,43875,1
12,21,43877,1
12,21,43879,1
12,21,43881,1
1,30,2101,1
1,30,2103,1
12,22,43888,1
12,22,43890,1
12,22,43892,1
12,22,43894,1
12,22,43896,1
12,22,43898,1
12,22,43900,1
12,22,43902,1
1,30,2105,1
12,22,43906,1
1,30,2107,1
1,30,2109,1
1,30,2111,1
1,30,2113,1
1,30,2115,1
1,30,2117,1
12,22,43920,1
12,22,43922,1
12,22,43924,1
1,30,2119,1
12,22,43928,1
1,30,2123,1
1,30,2127,1
12,22,43934,1
1,30,2129,1
1,30,2133,1
1,30,2137,1
12,22,43942,1
12,22,43944,1
12,22,43946,1
1,30,2143,1
12,22,43950,1
12,22,43952,1
12,22,43954,1
12,22,43956,1
12,22,43958,1
12,22,43960,1
12,22,43962,1
1,30,2145,1
1,30,2149,1
12,23,43969,1
12,23,43971,1
12,23,43973,1
12,23,43975,1
12,23,43977,1
12,23,43979,1
12,23,43981,1
1,30,2151,1
1,30,2153,1
12,23,43987,1
12,23,43989,1
1,30,2155,1
12,23,43993,1
12,23,43995,1
1,30,2157,1
1,30,2159,1
12,23,44001,1
1,30,2161,1
12,23,44005,1
1,30,2165,1
12,23,44009,1
12,23,44011,1
1,30,2167,1
1,30,2171,1
12,23,44017,1
12,23,44019,1
12,23,44021,1
12,23,44023,1
12,23,44025,1
12,23,44027,1
12,23,44029,1
12,23,44031,1
1,30,2173,1
1,30,2175,1
12,23,44037,1
12,24,44040,1
1,31,2178,1
1,31,2180,1
12,24,44046,1
12,24,44048,1
12,24,44050,1
12,24,44052,1
12,24,44054,1
12,24,44056,1
12,24,44058,1
1,31,2182,1
12,24,44062,1
1,31,2184,1
1,31,2186,1
12,24,44068,1
1,31,2188,1
12,24,44072,1
12,24,44074,1
12,24,44076,1
1,31,2190,1
12,24,44080,1
12,24,44082,1
12,24,44084,1
12,24,44086,1
12,24,44088,1
12,24,44090,1
1,31,2192,1
12,24,44094,1
12,24,44096,1
1,31,2196,1
12,24,44100,1
12,24,44102,1
12,24,44104,1
1,31,2198,1
12,24,44108,1
1,31,2200,1
12,24,44112,1
1,31,2204,1
12,24,44116,1
12,24,44118,1
1,31,2206,1
12,24,44122,1
12,24,44124,1
12,24,44126,1
12,25,44129,1
12,25,44131,1
12,25,44133,1
1,31,2208,1
1,31,2212,1
1,31,2214,1
12,25,44141,1
12,25,44143,1
12,25,44145,1
12,25,44147,1
12,25,44149,1
12,25,44151,1
12,25,44153,1
12,25,44155,1
1,31,2218,1
12,25,44159,1
12,25,44161,1
12,25,44163,1
12,25,44165,1
1,31,2220,1
12,25,44169,1
12,25,44171,1
12,25,44173,1
1,31,2224,1
12,25,44177,1
1,31,2230,1
1,31,2232,1
12,25,44183,1
12,25,44185,1
12,25,44187,1
12,25,44189,1
12,25,44191,1
1,31,2234,1
1,31,2236,1
1,31,2242,1
1,31,2244,1
1,31,2246,1
12,26,44203,1
12,26,44205,1
12,26,44207,1
12,26,44209,1
12,26,44211,1
1,31,2248,1
12,26,44215,1
12,26,44217,1
12,26,44219,1
1,31,2252,1
12,26,44223,1
12,26,44225,1
1,31,2254,1
1,31,2256,1
12,26,44231,1
12,26,44233,1
12,26,44235,1
1,31,2258,1
1,31,2260,1
12,26,44241,1
12,26,44243,1
12,26,44245,1
12,26,44247,1
1,31,2262,1
1,31,2264,1
1,32,2267,1
1,32,2269,1
1,32,2271,1
1,32,2273,1
1,32,2275,1
12,27,44263,1
1,32,2279,1
12,27,44267,1
12,27,44269,1
12,27,44271,1
1,32,2281,1
12,27,44275,1
12,27,44277,1
12,27,44279,1
1,32,2285,1
12,27,44283,1
12,27,44285,1
1,32,2291,1
12,27,44289,1
1,32,2293,1
1,32,2295,1
12,27,44295,1
12,27,44297,1
12,27,44299,1
1,32,2299,1
12,27,44303,1
1,32,2301,1
1,32,2303,1
12,28,44310,1
12,28,44312,1
12,28,44314,1
12,28,44316,1
1,32,2305,1
1,32,2307,1
12,28,44322,1
12,28,44324,1
12,28,44326,1
12,28,44328,1
1,32,2309,1
12,28,44332,1
12,28,44334,1
12,28,44336,1
12,28,44338,1
12,28,44340,1
12,28,44342,1
12,28,44344,1
12,28,44346,1
12,28,44348,1
1,32,2313,1
12,28,44352,1
1,32,2315,1
12,28,44356,1
1,32,2317,1
1,32,2321,1
12,28,44362,1
12,28,44364,1
12,28,44366,1
12,28,44368,1
12,28,44370,1
12,28,44372,1
12,28,44374,1
1,32,2323,1
12,29,44379,1
12,29,44381,1
12,29,44383,1
12,29,44385,1
12,29,44387,1
12,29,44389,1
12,29,44391,1
1,32,2325,1
1,32,2329,1
12,29,44397,1
1,32,2331,1
12,29,44401,1
1,32,2333,1
1,32,2337,1
12,29,44407,1
12,29,44409,1
12,29,44411,1
12,29,44413,1
12,29,44415,1
12,29,44417,1
12,29,44419,1
12,29,44421,1
12,29,44423,1
12,29,44425,1
1,32,2339,1
12,29,44429,1
1,32,2343,1
12,29,44433,1
1,32,2355,1
12,29,44437,1
1,32,2357,1
12,29,44441,1
12,29,44443,1
1,32,2359,1
12,29,44447,1
12,29,44449,1
1,33,2364,1
12,29,44453,1
12,29,44455,1
1,33,2366,1
1,33,2368,1
1,33,2370,1
12,30,44464,1
1,33,2372,1
1,33,2374,1
12,30,44470,1
12,30,44472,1
12,30,44474,1
1,33,2376,1
12,30,44478,1
12,30,44480,1
12,30,44482,1
12,30,44484,1
1,33,2378,1
12,30,44488,1
1,33,2380,1
12,30,44492,1
1,33,2382,1
12,30,44496,1
12,30,44498,1
12,30,44500,1
1,33,2388,1
12,30,44504,1
12,30,44506,1
12,30,44508,1
12,31,44511,1
12,31,44513,1
1,33,2392,1
12,31,44517,1
12,31,44519,1
1,33,2394,1
1,33,2398,1
12,31,44525,1
12,31,44527,1
12,31,44529,1
1,33,2400,1
12,31,44533,1
12,31,44535,1
12,31,44537,1
12,31,44539,1
12,31,44541,1
1,33,2402,1
12,31,44545,1
12,31,44547,1
12,31,44549,1
12,31,44551,1
12,31,44553,1
12,31,44555,1
1,33,2404,1
12,31,44559,1
12,31,44561,1
1,33,2410,1
12,31,44565,1
12,31,44567,1
12,31,44569,1
12,31,44571,1
12,31,44573,1
12,31,44575,1
12,31,44577,1
12,31,44579,1
12,31,44581,1
12,31,44583,1
12,31,44585,1
12,31,44587,1
12,31,44589,1
12,31,44591,1
12,31,44593,1
12,32,44596,1
12,32,44598,1
12,32,44600,1
1,33,2412,1
1,33,2414,1
1,33,2416,1
12,32,44608,1
1,34,2421,1
12,32,44612,1
12,32,44614,1
12,32,44616,1
12,32,44618,1
1,34,2425,1
1,34,2427,1
12,32,44624,1
12,32,44626,1
1,34,2431,1
12,32,44630,1
12,32,44632,1
12,32,44634,1
1,34,2433,1
12,32,44638,1
12,32,44640,1
12,32,44642,1
12,32,44644,1
1,34,2437,1
12,32,44648,1
12,32,44650,1
12,32,44652,1
1,34,2439,1
12,32,44656,1
12,32,44658,1
12,32,44660,1
1,34,2441,1
12,32,44664,1
12,32,44666,1
12,32,44668,1
12,32,44670,1
12,33,44672,1
1,34,2443,1
1,34,2445,1
12,33,44678,1
12,33,44680,1
12,33,44682,1
12,33,44684,1
12,33,44686,1
1,34,2447,1
12,33,44690,1
12,33,44692,1
12,33,44694,1
12,33,44696,1
12,33,44698,1
12,33,44700,1
12,33,44702,1
12,33,44704,1
12,33,44706,1
12,33,44708,1
12,33,44710,1
12,33,44712,1
12,33,44714,1
12,33,44716,1
12,33,44718,1
12,33,44720,1
12,33,44722,1
1,34,2449,1
12,33,44726,1
12,33,44728,1
12,33,44730,1
12,34,44732,1
12,34,44734,1
12,34,44736,1
12,34,44738,1
12,34,44740,1
12,34,44742,1
12,34,44744,1
1,34,2451,1
12,34,44748,1
12,34,44750,1
12,34,44752,1
12,34,44754,1
1,35,2454,1
1,35,2460,1
12,34,44760,1
12,34,44762,1
12,34,44764,1
12,34,44766,1
1,35,2462,1
1,35,2468,1
1,35,2472,1
1,35,2474,1
1,35,2476,1
1,35,2480,1
12,34,44780,1
1,35,2482,1
1,35,2484,1
12,34,44786,1
12,34,44788,1
1,35,2486,1
12,34,44792,1
12,35,44795,1
12,35,44797,1
1,35,2490,1
12,35,44801,1
1,35,2492,1
1,35,2496,1
12,35,44807,1
1,35,2498,1
12,35,44811,1
1,35,2500,1
1,35,2502,1
12,35,44817,1
12,35,44819,1
1,35,2504,1
1,35,2508,1
12,35,44825,1
12,35,44827,1
12,35,44829,1
1,35,2510,1
12,35,44833,1
12,35,44835,1
12,35,44837,1
1,35,2514,1
12,35,44841,1
1,35,2516,1
12,35,44845,1
12,35,44847,1
12,35,44849,1
12,35,44851,1
12,35,44853,1
1,35,2518,1
12,35,44857,1
1,35,2520,1
12,35,44861,1
1,35,2522,1
12,35,44865,1
1,35,2524,1
12,35,44869,1
12,35,44871,1
1,35,2526,1
1,35,2530,1
1,35,2532,1
1,35,2534,1
12,35,44881,1
12,35,44883,1
12,35,44885,1
12,36,44888,1
12,36,44890,1
1,35,2536,1
1,35,2540,1
12,36,44896,1
1,36,2547,1
1,36,2557,1
12,36,44902,1
1,36,2559,1
1,36,2565,1
12,36,44908,1
12,36,44910,1
12,36,44912,1
12,36,44914,1
12,36,44916,1
12,36,44918,1
12,36,44920,1
12,36,44922,1
12,36,44924,1
12,36,44926,1
12,36,44928,1
12,36,44930,1
12,36,44932,1
1,36,2569,1
12,36,44936,1
12,36,44938,1
1,36,2571,1
12,36,44942,1
1,36,2573,1
1,36,2575,1
1,36,2579,1
12,36,44950,1
12,36,44952,1
1,36,2581,1
12,36,44956,1
12,36,44958,1
12,36,44960,1
12,36,44962,1
1,36,2583,1
12,37,44967,1
12,37,44969,1
12,37,44971,1
1,36,2587,1
1,36,2593,1
12,37,44977,1
12,37,44979,1
1,36,2595,1
12,37,44983,1
12,37,44985,1
12,37,44987,1
1,36,2599,1
12,37,44991,1
12,37,44993,1
1,36,2601,1
12,37,44997,1
12,37,44999,1
12,37,45001,1
12,37,45003,1
12,37,45005,1
12,37,45007,1
1,36,2603,1
12,37,45011,1
12,37,45013,1
12,37,45015,1
12,37,45017,1
12,37,45019,1
1,36,2605,1
12,37,45023,1
12,37,45025,1
1,36,2607,1
12,37,45029,1
12,37,45031,1
1,37,2610,1
12,37,45035,1
1,37,2614,1
12,37,45039,1
12,37,45041,1
1,37,2616,1
12,37,45045,1
1,37,2622,1
12,38,45050,1
12,38,45052,1
12,38,45054,1
1,37,2626,1
1,37,2628,1
1,37,2630,1
12,38,45062,1
1,37,2634,1
1,37,2640,1
1,37,2644,1
1,37,2648,1
1,37,2650,1
12,38,45074,1
12,38,45076,1
12,38,45078,1
12,38,45080,1
1,37,2652,1
12,38,45084,1
12,38,45086,1
12,38,45088,1
12,38,45090,1
12,38,45092,1
1,37,2656,1
12,38,45096,1
12,38,45098,1
12,38,45100,1
12,38,45102,1
12,38,45104,1
12,38,45106,1
1,37,2660,1
1,37,2662,1
1,37,2664,1
12,38,45114,1
1,37,2666,1
12,38,45118,1
12,38,45120,1
12,38,45122,1
1,37,2670,1
12,38,45126,1
12,38,45128,1
12,38,45130,1
12,38,45132,1
12,38,45134,1
12,38,45136,1
12,39,45139,1
12,39,45141,1
12,39,45143,1
12,39,45145,1
12,39,45147,1
12,39,45149,1
12,39,45151,1
1,37,2672,1
12,39,45155,1
12,39,45157,1
12,39,45159,1
12,39,45161,1
12,39,45163,1
1,37,2676,1
12,39,45167,1
12,39,45169,1
1,37,2678,1
12,39,45173,1
12,39,45175,1
1,37,2682,1
12,39,45179,1
1,37,2684,1
12,39,45183,1
12,39,45185,1
12,39,45187,1
12,39,45189,1
12,39,45191,1
1,37,2686,1
1,37,2688,1
1,37,2690,1
1,38,2693,1
12,39,45201,1
12,39,45203,1
12,39,45205,1
1,38,2699,1
1,38,2701,1
12,39,45211,1
12,39,45213,1
12,39,45215,1
1,38,2703,1
12,39,45219,1
12,39,45221,1
12,39,45223,1
12,39,45225,1
1,38,2705,1
12,39,45229,1
1,38,2707,1
12,40,45234,1
12,40,45236,1
12,40,45238,1
1,38,2709,1
12,40,45242,1
12,40,45244,1
12,40,45246,1
12,40,45248,1
12,40,45250,1
12,40,45252,1
1,38,2711,1
12,40,45256,1
12,40,45258,1
12,40,45260,1
12,40,45262,1
12,40,45264,1
12,40,45266,1
12,40,45268,1
1,38,2713,1
12,40,45272,1
12,41,45275,1
12,41,45277,1
12,41,45279,1
12,41,45281,1
12,41,45283,1
12,41,45285,1
12,41,45287,1
1,38,2719,1
12,41,45291,1
12,41,45293,1
1,38,2725,1
12,41,45297,1
1,38,2729,1
1,38,2731,1
1,38,2735,1
1,38,2739,1
12,41,45307,1
12,41,45309,1
1,38,2743,1
12,41,45313,1
12,41,45315,1
12,41,45317,1
1,38,2745,1
12,41,45321,1
1,38,2747,1
12,41,45325,1
12,41,45327,1
12,41,45329,1
12,41,45331,1
1,38,2751,1
12,42,45336,1
12,42,45338,1
1,38,2753,1
12,42,45342,1
12,42,45344,1
12,42,45346,1
1,38,2755,1
1,38,2757,1
12,42,45352,1
12,42,45354,1
1,38,2759,1
12,42,45358,1
12,42,45360,1
12,42,45362,1
1,38,2763,1
1,38,2771,1
12,42,45368,1
12,42,45370,1
12,42,45372,1
12,42,45374,1
1,38,2775,1
12,42,45378,1
1,38,2777,1
12,42,45382,1
12,42,45384,1
12,42,45386,1
12,42,45388,1
12,42,45390,1
1,38,2779,1
1,38,2781,1
12,42,45396,1
12,42,45398,1
12,42,45400,1
12,42,45402,1
12,42,45404,1
12,43,45407,1
1,38,2783,1
12,43,45411,1
12,43,45413,1
1,38,2785,1
12,43,45417,1
12,43,45419,1
12,43,45421,1
1,38,2787,1
12,43,45425,1
12,43,45427,1
1,39,2790,1
12,43,45431,1
12,43,45433,1
12,43,45435,1
12,43,45437,1
12,43,45439,1
12,43,45441,1
1,39,2792,1
1,39,2798,1
12,43,45447,1
1,39,2800,1
12,43,45451,1
12,43,45453,1
1,39,2802,1
12,43,45457,1
12,43,45459,1
12,43,45461,1
1,39,2804,1
12,44,45466,1
12,44,45468,1
1,39,2808,1
12,44,45472,1
1,39,2812,1
12,44,45476,1
12,44,45478,1
12,44,45480,1
12,44,45482,1
12,44,45484,1
12,44,45486,1
12,44,45488,1
12,44,45490,1
12,44,45492,1
1,39,2814,1
12,44,45496,1
12,44,45498,1
12,44,45500,1
12,44,45502,1
12,44,45504,1
12,44,45506,1
12,44,45508,1
1,39,2820,1
12,44,45512,1
12,45,45515,1
12,45,45517,1
12,45,45519,1
12,45,45521,1
12,45,45523,1
1,39,2826,1
12,45,45527,1
1,39,2830,1
12,45,45531,1
12,45,45533,1
1,39,2834,1
12,45,45537,1
12,45,45539,1
1,39,2836,1
12,45,45543,1
12,45,45545,1
12,45,45547,1
12,45,45549,1
12,45,45551,1
12,45,45553,1
12,45,45555,1
12,45,45557,1
12,45,45559,1
1,39,2838,1
12,45,45563,1
12,45,45565,1
12,45,45567,1
1,39,2842,1
12,46,45572,1
12,46,45574,1
12,46,45576,1
12,46,45578,1
12,46,45580,1
1,39,2844,1
12,46,45584,1
12,46,45586,1
12,46,45588,1
12,46,45590,1
12,46,45592,1
12,46,45594,1
12,46,45596,1
1,39,2848,1
1,39,2854,1
12,46,45602,1
12,46,45604,1
12,46,45606,1
12,46,45608,1
1,39,2856,1
12,46,45612,1
12,46,45614,1
12,46,45616,1
12,46,45618,1
12,46,45620,1
1,39,2860,1
12,46,45624,1
12,46,45626,1
12,46,45628,1
1,39,2862,1
1,39,2864,1
12,46,45634,1
12,46,45636,1
12,46,45638,1
1,40,2867,1
12,46,45642,1
12,46,45644,1
1,40,2871,1
12,47,45649,1
1,40,2873,1
12,47,45653,1
12,47,45655,1
1,40,2875,1
12,47,45659,1
12,47,45661,1
12,47,45663,1
12,47,45665,1
12,47,45667,1
12,47,45669,1
12,47,45671,1
12,47,45673,1
1,40,2877,1
12,48,45678,1
12,48,45680,1
12,48,45682,1
12,48,45684,1
12,48,45686,1
12,48,45688,1
12,48,45690,1
12,48,45692,1
1,40,2879,1
12,48,45696,1
12,48,45698,1
12,48,45700,1
12,48,45702,1
1,40,2881,1
1,40,2883,1
12,48,45708,1
1,40,2885,1
12,48,45712,1
12,48,45714,1
12,48,45716,1
12,48,45718,1
12,48,45720,1
1,40,2891,1
12,48,45724,1
1,40,2893,1
12,48,45728,1
12,48,45730,1
12,48,45732,1
12,48,45734,1
12,49,45737,1
12,49,45739,1
12,49,45741,1
12,49,45743,1
12,49,45745,1
12,49,45747,1
1,40,2895,1
12,49,45751,1
12,49,45753,1
1,40,2897,1
1,40,2899,1
1,40,2901,1
1,40,2903,1
12,49,45763,1
1,40,2905,1
1,40,2907,1
12,49,45769,1
1,40,2909,1
12,49,45773,1
12,49,45775,1
12,49,45777,1
12,49,45779,1
12,49,45781,1
12,49,45783,1
1,40,2911,1
12,49,45787,1
12,49,45789,1
12,49,45791,1
12,49,45793,1
12,49,45795,1
12,49,45797,1
12,49,45799,1
12,49,45801,1
1,40,2913,1
12,49,45805,1
12,49,45807,1
12,49,45809,1
12,49,45811,1
12,49,45813,1
1,40,2915,1
12,50,45817,1
12,50,45819,1
12,50,45821,1
12,50,45823,1
12,50,45825,1
1,40,2917,1
12,50,45829,1
12,50,45831,1
12,50,45833,1
12,50,45835,1
12,50,45837,1
1,40,2919,1
12,50,45841,1
12,50,45843,1
12,50,45845,1
12,50,45847,1
1,40,2921,1
12,50,45851,1
12,50,45853,1
12,50,45855,1
12,50,45857,1
12,50,45859,1
12,50,45861,1
12,50,45863,1
12,50,45865,1
12,50,45867,1
1,40,2923,1
12,50,45871,1
12,50,45873,1
1,40,2925,1
1,40,2927,1
12,50,45879,1
12,50,45881,1
12,50,45883,1
12,50,45885,1
12,50,45887,1
12,50,45889,1
12,50,45891,1
12,50,45893,1
12,51,45896,1
1,40,2933,1
12,51,45900,1
12,51,45902,1
12,51,45904,1
12,51,45906,1
1,40,2935,1
12,51,45910,1
12,51,45912,1
12,51,45914,1
12,51,45916,1
1,40,2937,1
12,51,45920,1
12,51,45922,1
1,40,2939,1
1,40,2941,1
1,41,2944,1
1,41,2946,1
12,51,45932,1
12,51,45934,1
1,41,2948,1
12,51,45938,1
12,51,45940,1
1,41,2950,1
12,51,45944,1
12,51,45946,1
12,51,45948,1
1,41,2952,1
12,51,45952,1
12,51,45954,1
12,51,45956,1
12,51,45958,1
12,51,45960,1
12,51,45962,1
12,51,45964,1
12,51,45966,1
12,51,45968,1
12,51,45970,1
12,51,45972,1
12,51,45974,1
1,41,2954,1
12,51,45978,1
12,51,45980,1
12,51,45982,1
12,52,45985,1
12,52,45987,1
12,52,45989,1
12,52,45991,1
12,52,45993,1
12,52,45995,1
12,52,45997,1
1,41,2956,1
1,41,2958,1
1,41,2960,1
12,52,46005,1
12,52,46007,1
1,41,2962,1
12,52,46011,1
12,52,46013,1
12,52,46015,1
12,52,46017,1
12,52,46019,1
12,52,46021,1
12,52,46023,1
12,52,46025,1
1,41,2966,1
1,41,2968,1
1,41,2972,1
12,52,46033,1
1,41,2974,1
12,52,46037,1
1,41,2976,1
12,52,46041,1
12,52,46043,1
1,41,2980,1
12,52,46047,1
12,52,46049,1
1,41,2982,1
12,52,46053,1
12,53,46056,1
1,41,2984,1
12,53,46060,1
12,53,46062,1
12,53,46064,1
12,53,46066,1
12,53,46068,1
12,53,46070,1
12,53,46072,1
1,41,2986,1
12,53,46076,1
12,53,46078,1
1,41,2988,1
12,53,46082,1
12,53,46084,1
12,53,46086,1
12,53,46088,1
12,53,46090,1
12,53,46092,1
12,53,46094,1
1,41,2990,1
12,53,46098,1
12,53,46100,1
12,53,46102,1
12,53,46104,1
1,41,2998,1
12,53,46108,1
12,53,46110,1
12,53,46112,1
12,53,46114,1
12,53,46116,1
12,53,46118,1
12,53,46120,1
12,53,46122,1
12,53,46124,1
12,53,46126,1
12,53,46128,1
12,53,46130,1
12,53,46132,1
12,53,46134,1
12,53,46136,1
1,41,3000,1
12,53,46140,1
12,53,46142,1
12,55,46146,1
12,55,46148,1
12,55,46150,1
12,55,46152,1
12,55,46154,1
12,55,46156,1
12,55,46158,1
12,55,46160,1
12,55,46162,1
12,55,46164,1
12,57,46167,1
12,57,46169,1
12,58,46171,1
12,58,46173,1
12,58,46175,1
12,58,46177,1
12,60,46180,1
12,60,46182,1
12,60,46184,1
12,60,46186,1
12,60,46188,1
12,60,46190,1
12,60,46192,1
12,60,46194,1
12,60,46196,1
1,41,3002,1
12,60,46200,1
12,60,46202,1
12,60,46204,1
1,41,3004,1
13,1,46209,1
13,1,46211,1
1,41,3006,1
1,41,3008,1
13,1,46217,1
13,1,46219,1
1,41,3014,1
13,1,46223,1
1,41,3016,1
13,1,46227,1
13,1,46229,1
1,42,3019,1
13,1,46233,1
1,42,3021,1
13,1,46237,1
1,42,3023,1
13,1,46241,1
13,1,46243,1
1,42,3025,1
13,1,46247,1
13,1,46249,1
13,1,46251,1
13,1,46253,1
13,1,46255,1
1,42,3033,1
13,1,46259,1
1,42,3035,1
13,1,46263,1
1,42,3037,1
13,1,46267,1
13,1,46269,1
13,1,46271,1
13,1,46273,1
13,2,46276,1
13,2,46278,1
1,42,3039,1
13,2,46282,1
1,42,3043,1
13,2,46286,1
13,2,46288,1
13,2,46290,1
13,2,46292,1
13,2,46294,1
13,2,46296,1
13,2,46298,1
13,2,46300,1
13,2,46302,1
1,42,3045,1
13,2,46306,1
13,2,46308,1
1,42,3047,1
1,42,3049,1
13,2,46314,1
13,2,46316,1
1,42,3051,1
13,2,46320,1
1,42,3053,1
1,42,3055,1
13,2,46326,1
13,2,46328,1
1,42,3059,1
13,2,46332,1
13,2,46334,1
13,2,46336,1
13,2,46338,1
13,2,46340,1
13,2,46342,1
13,2,46344,1
13,2,46346,1
13,3,46349,1
13,3,46351,1
13,3,46353,1
1,42,3061,1
13,3,46357,1
1,42,3063,1
13,3,46361,1
1,42,3065,1
1,42,3067,1
13,3,46367,1
13,3,46369,1
13,3,46371,1
13,3,46373,1
13,3,46375,1
13,3,46377,1
13,3,46379,1
13,3,46381,1
13,3,46383,1
13,3,46385,1
13,3,46387,1
1,42,3069,1
13,3,46391,1
13,3,46393,1
13,3,46395,1
13,3,46397,1
1,42,3071,1
1,42,3073,1
13,3,46403,1
13,3,46405,1
1,42,3077,1
13,3,46409,1
13,3,46411,1
13,3,46413,1
13,3,46415,1
1,43,3079,1
13,3,46419,1
13,3,46421,1
13,3,46423,1
1,43,3081,1
13,3,46427,1
1,43,3085,1
1,43,3089,1
1,43,3091,1
13,4,46436,1
1,43,3093,1
1,43,3095,1
13,4,46442,1
1,43,3097,1
13,4,46446,1
13,4,46448,1
13,4,46450,1
1,43,3099,1
13,4,46454,1
13,4,46456,1
13,4,46458,1
13,4,46460,1
1,43,3101,1
1,43,3105,1
13,4,46466,1
1,43,3107,1
1,43,3109,1
13,4,46472,1
13,4,46474,1
13,4,46476,1
1,43,3113,1
13,4,46480,1
13,4,46482,1
13,4,46484,1
13,5,46487,1
13,5,46489,1
13,5,46491,1
1,43,3115,1
13,5,46495,1
13,5,46497,1
13,5,46499,1
13,5,46501,1
13,5,46503,1
13,5,46505,1
13,5,46507,1
13,5,46509,1
13,5,46511,1
1,43,3117,1
13,5,46515,1
13,5,46517,1
13,5,46519,1
13,5,46521,1
13,5,46523,1
13,5,46525,1
13,5,46527,1
13,5,46529,1
1,43,3119,1
13,5,46533,1
13,5,46535,1
13,5,46537,1
13,5,46539,1
13,5,46541,1
1,43,3121,1
13,5,46545,1
13,5,46547,1
1,44,3123,1
13,5,46551,1
1,44,3125,1
13,5,46555,1
13,5,46557,1
13,5,46559,1
13,5,46561,1
13,5,46563,1
1,44,3129,1
13,5,46567,1
13,5,46569,1
1,44,3131,1
13,5,46573,1
13,5,46575,1
1,44,3133,1
13,5,46579,1
13,5,46581,1
13,6,46584,1
13,6,46586,1
13,6,46588,1
13,6,46590,1
13,6,46592,1
13,6,46594,1
13,6,46596,1
13,6,46598,1
13,6,46600,1
1,44,3135,1
13,6,46604,1
13,6,46606,1
13,6,46608,1
13,6,46610,1
13,6,46612,1
13,6,46614,1
13,6,46616,1
13,6,46618,1
13,6,46620,1
13,6,46622,1
13,6,46624,1
13,6,46626,1
13,6,46628,1
13,6,46630,1
13,6,46632,1
13,6,46634,1
13,6,46636,1
13,6,46638,1
13,6,46640,1
13,6,46642,1
1,44,3137,1
1,44,3139,1
13,6,46648,1
13,6,46650,1
1,44,3141,1
13,6,46654,1
13,6,46656,1
13,6,46658,1
13,6,46660,1
13,6,46662,1
13,7,46665,1
13,7,46667,1
13,7,46669,1
13,7,46671,1
13,7,46673,1
13,7,46675,1
13,7,46677,1
13,7,46679,1
13,7,46681,1
13,7,46683,1
1,44,3143,1
13,7,46687,1
1,44,3145,1
1,44,3147,1
13,7,46693,1
13,7,46695,1
13,7,46697,1
1,44,3149,1
1,44,3159,1
13,7,46703,1
1,44,3161,1
13,7,46707,1
1,44,3163,1
1,44,3165,1
13,7,46713,1
13,7,46715,1
13,7,46717,1
13,7,46719,1
13,7,46721,1
13,7,46723,1
13,7,46725,1
13,8,46728,1
13,8,46730,1
1,44,3167,1
13,8,46734,1
1,44,3169,1
13,8,46738,1
1,44,3171,1
1,44,3175,1
13,8,46744,1
13,8,46746,1
13,8,46748,1
13,8,46750,1
13,8,46752,1
13,8,46754,1
13,8,46756,1
13,8,46758,1
13,8,46760,1
13,8,46762,1
1,44,3177,1
13,8,46766,1
13,8,46768,1
1,44,3179,1
13,8,46772,1
1,45,3182,1
13,8,46776,1
13,8,46778,1
1,45,3184,1
13,8,46782,1
1,45,3186,1
1,45,3188,1
13,8,46788,1
13,8,46790,1
1,45,3190,1
1,45,3192,1
1,45,3194,1
13,8,46798,1
13,8,46800,1
13,8,46802,1
13,8,46804,1
13,8,46806,1
13,8,46808,1
13,9,46811,1
13,9,46813,1
1,45,3196,1
13,9,46817,1
1,45,3200,1
1,45,3202,1
13,9,46823,1
13,9,46825,1
13,9,46827,1
1,45,3204,1
13,9,46831,1
13,9,46833,1
13,9,46835,1
13,9,46837,1
1,45,3206,1
1,45,3208,1
13,9,46843,1
13,9,46845,1
13,9,46847,1
13,9,46849,1
1,45,3210,1
13,9,46853,1
13,9,46855,1
13,9,46857,1
13,9,46859,1
13,9,46861,1
1,45,3212,1
13,9,46865,1
13,9,46867,1
13,10,46870,1
1,45,3214,1
13,10,46874,1
1,45,3224,1
13,10,46878,1
1,45,3226,1
13,10,46882,1
1,45,3228,1
1,45,3230,1
1,45,3232,1
13,10,46890,1
1,45,3234,1
1,45,3236,1
13,10,46896,1
13,10,46898,1
13,10,46900,1
13,10,46902,1
13,10,46904,1
13,10,46906,1
13,10,46908,1
13,10,46910,1
1,46,3239,1
13,10,46914,1
13,10,46916,1
13,10,46918,1
13,10,46920,1
1,46,3243,1
13,10,46924,1
1,46,3245,1
13,10,46928,1
1,46,3247,1
13,10,46932,1
1,46,3251,1
13,10,46936,1
1,46,3253,1
13,10,46940,1
13,10,46942,1
13,10,46944,1
13,10,46946,1
1,46,3255,1
1,46,3257,1
1,46,3261,1
13,11,46955,1
1,46,3263,1
13,11,46959,1
13,11,46961,1
1,46,3267,1
13,11,46965,1
1,46,3269,1
13,11,46969,1
1,46,3271,1
1,46,3273,1
1,46,3275,1
13,11,46977,1
1,46,3277,1
1,46,3281,1
13,11,46983,1
1,46,3283,1
1,46,3285,1
13,11,46989,1
1,46,3287,1
13,11,46993,1
13,11,46995,1
13,11,46997,1
13,11,46999,1
13,11,47001,1
13,11,47003,1
13,11,47005,1
1,46,3291,1
13,12,47010,1
13,12,47012,1
1,46,3293,1
1,46,3297,1
13,12,47018,1
1,46,3299,1
13,12,47022,1
13,12,47024,1
13,12,47026,1
13,12,47028,1
1,46,3301,1
13,12,47032,1
13,12,47034,1
13,12,47036,1
13,12,47038,1
1,46,3303,1
13,12,47042,1
1,46,3305,1
1,46,3309,1
1,46,3311,1
1,46,3313,1
1,46,3315,1
13,12,47054,1
13,12,47056,1
13,12,47058,1
1,46,3317,1
1,46,3319,1
13,12,47064,1
1,46,3321,1
13,12,47068,1
13,12,47070,1
1,47,3324,1
13,12,47074,1
13,12,47076,1
13,12,47078,1
13,12,47080,1
1,47,3326,1
13,12,47084,1
13,12,47086,1
13,12,47088,1
1,47,3330,1
1,47,3332,1
13,13,47095,1
1,47,3334,1
13,13,47099,1
13,13,47101,1
1,47,3336,1
13,13,47105,1
1,47,3338,1
1,47,3340,1
1,47,3342,1
13,13,47113,1
13,13,47115,1
13,13,47117,1
13,13,47119,1
13,13,47121,1
13,13,47123,1
1,47,3344,1
13,13,47127,1
13,13,47129,1
13,13,47131,1
1,47,3352,1
13,13,47135,1
13,13,47137,1
13,13,47139,1
1,47,3354,1
13,13,47143,1
1,47,3356,1
13,13,47147,1
13,13,47149,1
13,13,47151,1
13,13,47153,1
13,13,47155,1
13,13,47157,1
1,47,3358,1
13,13,47161,1
13,13,47163,1
1,48,3361,1
13,13,47167,1
13,13,47169,1
13,13,47171,1
1,48,3365,1
13,13,47175,1
13,13,47177,1
13,13,47179,1
13,13,47181,1
1,48,3367,1
1,48,3371,1
1,48,3373,1
13,14,47190,1
1,48,3377,1
1,48,3379,1
13,14,47196,1
13,14,47198,1
13,14,47200,1
13,14,47202,1
13,14,47204,1
13,14,47206,1
13,14,47208,1
1,48,3381,1
1,48,3383,1
13,14,47214,1
1,48,3385,1
1,48,3387,1
13,14,47220,1
1,48,3389,1
13,14,47224,1
13,14,47226,1
1,48,3391,1
1,48,3393,1
13,14,47232,1
1,48,3395,1
1,48,3397,1
13,14,47238,1
13,14,47240,1
13,14,47242,1
1,48,3399,1
1,48,3401,1
13,15,47249,1
13,15,47251,1
13,15,47253,1
13,15,47255,1
13,15,47257,1
13,15,47259,1
1,48,3403,1
13,15,47263,1
13,15,47265,1
13,15,47267,1
1,48,3405,1
13,15,47271,1
1,48,3407,1
13,15,47275,1
13,15,47277,1
1,48,3409,1
13,15,47281,1
13,15,47283,1
13,15,47285,1
13,16,47288,1
13,16,47290,1
13,16,47292,1
13,16,47294,1
13,16,47296,1
1,48,3411,1
1,48,3415,1
13,16,47302,1
13,16,47304,1
13,16,47306,1
13,16,47308,1
1,48,3417,1
13,16,47312,1
13,16,47314,1
13,16,47316,1
13,16,47318,1
13,16,47320,1
1,48,3419,1
1,48,3421,1
13,17,47327,1
13,17,47329,1
13,17,47331,1
13,17,47333,1
1,48,3423,1
13,17,47337,1
13,17,47339,1
13,17,47341,1
13,17,47343,1
13,17,47345,1
1,48,3425,1
13,17,47349,1
1,48,3427,1
1,49,3430,1
13,17,47355,1
13,17,47357,1
13,17,47359,1
13,17,47361,1
1,49,3434,1
1,49,3436,1
1,49,3438,1
13,17,47369,1
13,17,47371,1
13,17,47373,1
13,17,47375,1
13,17,47377,1
13,17,47379,1
13,17,47381,1
13,17,47383,1
13,17,47385,1
13,18,47388,1
1,49,3440,1
13,18,47392,1
13,18,47394,1
1,49,3442,1
1,49,3444,1
1,49,3446,1
13,18,47402,1
1,49,3450,1
13,18,47406,1
1,49,3452,1
13,18,47410,1
1,49,3454,1
13,18,47414,1
1,49,3458,1
13,18,47418,1
13,18,47420,1
13,18,47422,1
13,18,47424,1
1,49,3462,1
13,18,47428,1
13,18,47430,1
1,49,3464,1
13,18,47434,1
13,18,47436,1
13,18,47438,1
13,18,47440,1
1,49,3468,1
13,18,47444,1
1,49,3470,1
1,49,3472,1
13,18,47450,1
13,18,47452,1
13,18,47454,1
1,49,3474,1
13,19,47459,1
13,19,47461,1
13,19,47463,1
13,19,47465,1
13,19,47467,1
1,49,3476,1
1,49,3484,1
1,49,3486,1
13,19,47475,1
1,50,3491,1
13,19,47479,1
13,19,47481,1
13,19,47483,1
1,50,3493,1
13,19,47487,1
1,50,3495,1
1,50,3497,1
13,19,47493,1
13,19,47495,1
13,19,47497,1
13,19,47499,1
13,19,47501,1
13,19,47503,1
13,19,47505,1
13,19,47507,1
13,19,47509,1
13,19,47511,1
13,19,47513,1
13,19,47515,1
13,19,47517,1
13,19,47519,1
13,19,47521,1
13,19,47523,1
13,19,47525,1
13,19,47527,1
13,19,47529,1
1,50,3501,1
13,19,47533,1
13,19,47535,1
13,19,47537,1
13,20,47540,1
13,20,47542,1
1,50,3503,1
13,20,47546,1
13,20,47548,1
1,50,3505,1
13,20,47552,1
13,20,47554,1
1,50,3507,1
1,50,3509,1
13,20,47560,1
13,20,47562,1
13,20,47564,1
13,20,47566,1
13,20,47568,1
13,20,47570,1
13,20,47572,1
13,20,47574,1
1,50,3511,1
1,50,3513,1
13,20,47580,1
13,20,47582,1
1,50,3515,1
13,20,47586,1
13,20,47588,1
13,20,47590,1
13,20,47592,1
13,20,47594,1
13,20,47596,1
13,20,47598,1
13,20,47600,1
13,20,47602,1
13,20,47604,1
1,50,3519,1
13,21,47609,1
13,21,47611,1
13,21,47613,1
1,50,3521,1
1,50,3523,1
1,50,3525,1
1,50,3527,1
13,21,47623,1
13,21,47625,1
1,50,3529,1
13,21,47629,1
13,21,47631,1
13,21,47633,1
13,21,47635,1
13,21,47637,1
1,50,3531,1
13,21,47641,1
1,50,3533,1
13,21,47645,1
13,21,47647,1
13,21,47649,1
13,21,47651,1
1,50,3535,1
1,50,3537,1
1,50,3541,1
1,50,3543,1
13,21,47661,1
13,21,47663,1
1,50,3545,1
13,21,47667,1
13,21,47669,1
1,50,3547,1
13,21,47673,1
13,21,47675,1
13,21,47677,1
13,22,47680,1
13,22,47682,1
13,22,47684,1
13,22,47686,1
13,22,47688,1
13,22,47690,1
13,22,47692,1
1,50,3549,1
13,22,47696,1
1,50,3551,1
13,22,47700,1
1,50,3553,1
1,50,3555,1
13,22,47706,1
1,50,3559,1
13,22,47710,1
13,22,47712,1
13,22,47714,1
13,22,47716,1
13,22,47718,1
13,22,47720,1
1,50,3561,1
13,22,47724,1
1,50,3563,1
13,22,47728,1
13,22,47730,1
13,22,47732,1
13,22,47734,1
13,22,47736,1
13,22,47738,1
13,22,47740,1
13,22,47742,1
1,50,3565,1
13,22,47746,1
13,22,47748,1
13,22,47750,1
1,50,3567,1
13,22,47754,1
13,22,47756,1
13,22,47758,1
1,50,3569,1
1,50,3571,1
13,23,47765,1
13,23,47767,1
1,51,3580,1
1,51,3586,1
1,51,3588,1
1,51,3590,1
13,23,47777,1
13,23,47779,1
1,51,3594,1
13,23,47783,1
13,23,47785,1
13,23,47787,1
1,51,3596,1
1,51,3598,1
13,23,47793,1
13,23,47795,1
13,23,47797,1
13,23,47799,1
1,51,3600,1
1,51,3602,1
1,51,3612,1
13,23,47807,1
1,51,3614,1
13,23,47811,1
13,23,47813,1
1,51,3616,1
13,23,47817,1
13,23,47819,1
13,23,47821,1
13,23,47823,1
13,23,47825,1
13,24,47828,1
1,51,3618,1
13,24,47832,1
13,24,47834,1
13,24,47836,1
13,24,47838,1
13,24,47840,1
13,24,47842,1
13,24,47844,1
1,51,3620,1
13,24,47848,1
13,24,47850,1
1,51,3622,1
13,24,47854,1
13,24,47856,1
13,24,47858,1
13,24,47860,1
13,24,47862,1
1,51,3624,1
13,24,47866,1
13,24,47868,1
13,24,47870,1
13,24,47872,1
13,24,47874,1
13,24,47876,1
13,24,47878,1
13,24,47880,1
13,24,47882,1
1,51,3626,1
13,24,47886,1
1,51,3632,1
13,24,47890,1
13,24,47892,1
1,51,3634,1
1,51,3636,1
13,24,47898,1
13,24,47900,1
13,24,47902,1
13,24,47904,1
13,24,47906,1
13,24,47908,1
1,51,3638,1
13,24,47912,1
13,24,47914,1
13,24,47916,1
13,24,47918,1
13,25,47921,1
1,51,3642,1
13,25,47925,1
13,25,47927,1
13,25,47929,1
13,25,47931,1
13,25,47933,1
13,25,47935,1
13,25,47937,1
13,25,47939,1
13,25,47941,1
13,25,47943,1
13,25,47945,1
1,51,3644,1
13,25,47949,1
13,25,47951,1
13,25,47953,1
13,25,47955,1
13,25,47957,1
1,51,3646,1
13,25,47961,1
13,25,47963,1
1,51,3648,1
13,25,47967,1
13,25,47969,1
13,25,47971,1
13,25,47973,1
13,25,47975,1
13,25,47977,1
1,51,3650,1
1,51,3652,1
13,25,47983,1
13,25,47985,1
13,25,47987,1
1,51,3654,1
1,51,3656,1
1,51,3658,1
13,25,47995,1
13,25,47997,1
13,25,47999,1
1,51,3660,1
13,25,48003,1
13,25,48005,1
13,25,48007,1
13,25,48009,1
13,26,48012,1
13,26,48014,1
1,51,3662,1
1,52,3666,1
13,26,48020,1
13,26,48022,1
1,52,3668,1
13,26,48026,1
13,26,48028,1
13,26,48030,1
1,52,3670,1
13,26,48034,1
1,52,3672,1
1,52,3674,1
13,26,48040,1
1,52,3676,1
13,26,48044,1
13,26,48046,1
13,26,48048,1
13,26,48050,1
13,26,48052,1
13,26,48054,1
1,52,3678,1
1,52,3680,1
13,26,48060,1
13,26,48062,1
1,52,3682,1
13,27,48067,1
13,27,48069,1
13,27,48071,1
1,52,3684,1
13,27,48075,1
13,27,48077,1
1,52,3686,1
13,27,48081,1
13,27,48083,1
13,27,48085,1
1,52,3688,1
13,27,48089,1
1,52,3690,1
13,27,48093,1
13,27,48095,1
1,52,3692,1
13,27,48099,1
13,27,48101,1
13,27,48103,1
1,52,3694,1
13,27,48107,1
13,27,48109,1
13,27,48111,1
13,27,48113,1
13,27,48115,1
13,27,48117,1
1,52,3696,1
13,27,48121,1
13,27,48123,1
13,27,48125,1
13,27,48127,1
13,28,48130,1
1,52,3698,1
13,28,48134,1
13,28,48136,1
1,52,3700,1
13,28,48140,1
13,28,48142,1
13,28,48144,1
13,28,48146,1
13,28,48148,1
1,52,3702,1
1,52,3704,1
1,52,3706,1
13,28,48156,1
1,52,3708,1
13,28,48160,1
1,52,3710,1
1,52,3712,1
13,28,48166,1
13,28,48168,1
13,28,48170,1
13,28,48172,1
13,28,48174,1
13,28,48176,1
13,28,48178,1
1,52,3714,1
1,52,3716,1
1,52,3718,1
13,28,48186,1
13,28,48188,1
13,28,48190,1
13,28,48192,1
13,28,48194,1
13,28,48196,1
13,28,48198,1
13,28,48200,1
1,52,3722,1
13,28,48204,1
13,28,48206,1
13,28,48208,1
13,28,48210,1
13,28,48212,1
13,28,48214,1
13,28,48216,1
13,28,48218,1
13,28,48220,1
13,28,48222,1
1,52,3724,1
13,28,48226,1
13,28,48228,1
13,28,48230,1
1,52,3726,1
13,28,48234,1
13,29,48237,1
13,29,48239,1
1,52,3728,1
13,29,48243,1
13,29,48245,1
1,52,3730,1
1,52,3732,1
13,29,48251,1
1,52,3734,1
13,29,48255,1
13,29,48257,1
1,52,3736,1
1,52,3738,1
1,52,3740,1
1,52,3742,1
13,29,48267,1
13,29,48269,1
13,29,48271,1
13,29,48273,1
13,29,48275,1
1,52,3744,1
1,52,3746,1
1,53,3749,1
1,53,3751,1
13,29,48285,1
1,53,3753,1
13,29,48289,1
13,29,48291,1
1,53,3755,1
1,53,3757,1
1,53,3759,1
13,29,48299,1
13,30,48302,1
1,53,3761,1
13,30,48306,1
13,30,48308,1
1,53,3763,1
13,30,48312,1
13,30,48314,1
1,53,3765,1
13,30,48318,1
13,30,48320,1
13,30,48322,1
13,30,48324,1
13,30,48326,1
13,30,48328,1
1,53,3769,1
13,30,48332,1
1,53,3773,1
13,30,48336,1
13,30,48338,1
1,53,3777,1
13,30,48342,1
13,30,48344,1
1,53,3779,1
13,30,48348,1
13,30,48350,1
13,30,48352,1
13,30,48354,1
13,30,48356,1
1,53,3783,1
13,30,48360,1
13,30,48362,1
13,30,48364,1
13,30,48366,1
1,53,3785,1
13,31,48371,1
13,31,48373,1
13,31,48375,1
13,31,48377,1
13,31,48379,1
13,31,48381,1
13,31,48383,1
1,53,3787,1
13,31,48387,1
1,53,3789,1
1,53,3791,1
1,53,3793,1
13,31,48395,1
13,31,48397,1
13,31,48399,1
13,31,48401,1
13,31,48403,1
13,31,48405,1
13,31,48407,1
1,53,3795,1
13,31,48411,1
13,31,48413,1
13,31,48415,1
13,31,48417,1
13,31,48419,1
13,31,48421,1
1,53,3799,1
1,53,3803,1
13,31,48427,1
13,31,48429,1
13,31,48431,1
13,31,48433,1
13,31,48435,1
13,31,48437,1
1,53,3805,1
13,31,48441,1
13,31,48443,1
13,31,48445,1
13,31,48447,1
1,53,3807,1
13,31,48451,1
13,31,48453,1
1,53,3809,1
13,32,48458,1
13,32,48460,1
1,53,3813,1
13,32,48464,1
13,32,48466,1
1,53,3819,1
1,54,3822,1
13,32,48472,1
13,32,48474,1
13,32,48476,1
1,54,3824,1
13,32,48480,1
13,32,48482,1
13,32,48484,1
13,32,48486,1
1,54,3826,1
13,32,48490,1
13,32,48492,1
13,32,48494,1
13,32,48496,1
13,32,48498,1
13,32,48500,1
13,32,48502,1
13,32,48504,1
1,54,3828,1
1,54,3830,1
13,32,48510,1
1,54,3832,1
13,32,48514,1
13,32,48516,1
13,32,48518,1
13,32,48520,1
1,54,3834,1
13,32,48524,1
13,32,48526,1
13,32,48528,1
13,32,48530,1
13,32,48532,1
1,54,3836,1
1,54,3838,1
13,33,48539,1
13,33,48541,1
1,54,3840,1
13,33,48545,1
13,33,48547,1
1,54,3842,1
1,54,3846,1
13,33,48553,1
1,55,3849,1
13,33,48557,1
13,33,48559,1
13,33,48561,1
13,33,48563,1
13,33,48565,1
1,55,3851,1
13,33,48569,1
13,33,48571,1
13,33,48573,1
1,55,3853,1
13,33,48577,1
13,34,48580,1
13,34,48582,1
13,34,48584,1
13,34,48586,1
1,55,3855,1
13,34,48590,1
1,55,3857,1
13,34,48594,1
13,34,48596,1
13,34,48598,1
13,34,48600,1
13,34,48602,1
13,34,48604,1
1,55,3859,1
13,34,48608,1
1,57,3863,1
13,34,48612,1
13,34,48614,1
13,34,48616,1
13,34,48618,1
1,57,3865,1
13,34,48622,1
13,34,48624,1
1,57,3867,1
1,57,3869,1
1,57,3871,1
1,57,3873,1
13,35,48635,1
13,35,48637,1
13,35,48639,1
1,57,3875,1
1,57,3877,1
13,35,48645,1
1,57,3879,1
13,35,48649,1
1,57,3881,1
13,35,48653,1
13,35,48655,1
1,57,3883,1
1,59,3887,1
13,35,48661,1
13,35,48663,1
1,59,3889,1
13,35,48667,1
13,35,48669,1
1,59,3891,1
13,35,48673,1
13,35,48675,1
13,35,48677,1
1,59,3893,1
13,35,48681,1
13,35,48683,1
13,35,48685,1
13,35,48687,1
1,59,3895,1
13,35,48691,1
13,35,48693,1
13,35,48695,1
13,35,48697,1
13,35,48699,1
1,60,3898,1
2,1,3901,1
13,35,48705,1
13,35,48707,1
13,35,48709,1
2,1,3905,1
13,35,48713,1
13,35,48715,1
13,35,48717,1
13,35,48719,1
13,35,48721,1
13,35,48723,1
13,35,48725,1
13,35,48727,1
13,35,48729,1
13,36,48732,1
2,1,3907,1
13,36,48736,1
2,1,3911,1
13,36,48740,1
13,36,48742,1
13,36,48744,1
2,1,3913,1
13,36,48748,1
13,36,48750,1
13,36,48752,1
13,36,48754,1
13,36,48756,1
2,1,3915,1
2,1,3917,1
13,36,48762,1
13,36,48764,1
13,36,48766,1
13,36,48768,1
13,36,48770,1
13,36,48772,1
13,36,48774,1
13,36,48776,1
13,36,48778,1
13,36,48780,1
2,1,3919,1
13,36,48784,1
2,1,3921,1
2,1,3923,1
13,36,48790,1
2,1,3925,1
13,36,48794,1
13,36,48796,1
13,36,48798,1
13,36,48800,1
2,1,3927,1
2,1,3929,1
13,36,48806,1
13,36,48808,1
13,36,48810,1
2,1,3933,1
13,37,48814,1
13,37,48816,1
13,37,48818,1
2,1,3935,1
2,1,3937,1
13,37,48824,1
13,37,48826,1
13,37,48828,1
2,1,3939,1
2,1,3941,1
2,1,3945,1
13,37,48836,1
13,37,48838,1
2,1,3949,1
13,37,48842,1
13,37,48844,1
2,1,3951,1
2,1,3953,1
13,37,48850,1
13,37,48852,1
2,1,3959,1
2,1,3961,1
13,37,48858,1
13,37,48860,1
13,37,48862,1
13,37,48864,1
13,37,48866,1
2,1,3967,1
13,37,48870,1
13,37,48872,1
13,37,48874,1
13,37,48876,1
13,38,48879,1
13,38,48881,1
13,38,48883,1
13,38,48885,1
13,38,48887,1
13,38,48889,1
2,1,3969,1
13,38,48893,1
13,38,48895,1
2,1,3971,1
13,38,48899,1
13,38,48901,1
2,1,3973,1
13,38,48905,1
2,1,3975,1
13,38,48909,1
13,38,48911,1
13,38,48913,1
13,38,48915,1
13,38,48917,1
13,38,48919,1
2,1,3977,1
2,1,3979,1
13,38,48925,1
2,1,3981,1
13,38,48929,1
13,38,48931,1
13,38,48933,1
2,1,3983,1
2,1,3985,1
13,38,48939,1
2,1,3987,1
2,1,3989,1
13,38,48945,1
13,39,48948,1
13,39,48950,1
13,39,48952,1
2,1,3991,1
13,39,48956,1
2,1,3993,1
13,39,48960,1
2,2,3998,1
13,39,48964,1
13,39,48966,1
2,2,4000,1
13,39,48970,1
13,39,48972,1
13,39,48974,1
13,39,48976,1
13,39,48978,1
13,39,48980,1
13,39,48982,1
13,39,48984,1
13,39,48986,1
2,2,4004,1
13,39,48990,1
13,39,48992,1
13,39,48994,1
2,2,4006,1
13,39,48998,1
13,39,49000,1
2,2,4008,1
2,2,4012,1
13,39,49006,1
13,39,49008,1
13,39,49010,1
13,39,49012,1
13,39,49014,1
13,39,49016,1
13,39,49018,1
13,40,49021,1
2,2,4014,1
13,40,49025,1
13,40,49027,1
13,40,49029,1
2,2,4016,1
13,40,49033,1
13,40,49035,1
13,40,49037,1
2,2,4018,1
13,40,49041,1
13,40,49043,1
2,2,4020,1
13,40,49047,1
13,40,49049,1
13,40,49051,1
13,40,49053,1
13,40,49055,1
13,40,49057,1
13,40,49059,1
13,40,49061,1
13,40,49063,1
13,40,49065,1
13,40,49067,1
13,40,49069,1
13,41,49072,1
13,41,49074,1
13,41,49076,1
13,41,49078,1
13,41,49080,1
13,41,49082,1
2,2,4022,1
2,2,4024,1
2,2,4026,1
13,41,49090,1
13,41,49092,1
13,41,49094,1
2,2,4028,1
13,41,49098,1
13,41,49100,1
13,41,49102,1
13,41,49104,1
13,41,49106,1
13,41,49108,1
2,2,4030,1
13,41,49112,1
13,41,49114,1
2,2,4032,1
2,2,4034,1
13,41,49120,1
13,41,49122,1
13,41,49124,1
13,41,49126,1
13,41,49128,1
13,41,49130,1
2,2,4036,1
2,2,4038,1
13,42,49137,1
13,42,49139,1
13,42,49141,1
2,2,4040,1
13,42,49145,1
13,42,49147,1
13,42,49149,1
2,2,4042,1
2,2,4044,1
13,42,49155,1
2,2,4046,1
13,42,49159,1
13,42,49161,1
13,42,49163,1
13,42,49165,1
13,42,49167,1
13,42,49169,1
2,2,4048,1
13,42,49173,1
13,42,49175,1
13,42,49177,1
13,42,49179,1
13,42,49181,1
13,42,49183,1
13,42,49185,1
13,42,49187,1
13,42,49189,1
13,42,49191,1
13,42,49193,1
13,42,49195,1
2,2,4050,1
13,42,49199,1
2,2,4052,1
13,42,49203,1
13,42,49205,1
13,42,49207,1
13,42,49209,1
2,2,4058,1
2,2,4062,1
2,2,4064,1
13,43,49218,1
13,43,49220,1
13,43,49222,1
13,43,49224,1
2,2,4066,1
13,43,49228,1
13,43,49230,1
13,43,49232,1
13,43,49234,1
13,43,49236,1
13,43,49238,1
13,43,49240,1
13,43,49242,1
13,43,49244,1
13,43,49246,1
13,43,49248,1
13,43,49250,1
13,43,49252,1
13,43,49254,1
13,43,49256,1
2,2,4068,1
13,43,49260,1
2,2,4070,1
13,43,49264,1
13,43,49266,1
13,43,49268,1
13,43,49270,1
13,43,49272,1
13,43,49274,1
13,43,49276,1
13,43,49278,1
13,43,49280,1
13,43,49282,1
13,44,49285,1
13,44,49287,1
2,2,4072,1
13,44,49291,1
13,44,49293,1
2,2,4074,1
13,44,49297,1
13,44,49299,1
2,2,4076,1
13,44,49303,1
13,44,49305,1
13,44,49307,1
13,44,49309,1
2,3,4079,1
13,44,49313,1
2,3,4081,1
2,3,4083,1
13,44,49319,1
13,44,49321,1
13,44,49323,1
13,44,49325,1
13,44,49327,1
2,3,4085,1
2,3,4089,1
13,44,49333,1
13,44,49335,1
13,44,49337,1
13,44,49339,1
13,44,49341,1
2,3,4093,1
13,44,49345,1
13,45,49348,1
13,45,49350,1
2,3,4097,1
13,45,49354,1
13,45,49356,1
13,45,49358,1
2,3,4103,1
13,45,49362,1
13,45,49364,1
13,45,49366,1
13,45,49368,1
2,3,4111,1
13,45,49372,1
13,45,49374,1
13,45,49376,1
13,45,49378,1
13,45,49380,1
13,45,49382,1
13,45,49384,1
13,45,49386,1
13,45,49388,1
13,45,49390,1
13,45,49392,1
2,3,4115,1
13,45,49396,1
13,45,49398,1
13,45,49400,1
13,46,49402,1
13,46,49404,1
13,46,49406,1
13,46,49408,1
13,46,49410,1
13,46,49412,1
13,46,49414,1
2,3,4117,1
13,46,49418,1
13,46,49420,1
13,46,49422,1
13,46,49424,1
2,3,4119,1
13,46,49428,1
13,46,49430,1
13,46,49432,1
13,47,49434,1
13,47,49436,1
2,3,4125,1
2,3,4127,1
13,47,49442,1
2,3,4129,1
13,47,49446,1
13,47,49448,1
2,3,4133,1
13,47,49452,1
13,47,49454,1
13,47,49456,1
13,47,49458,1
13,47,49460,1
13,47,49462,1
13,47,49464,1
13,47,49466,1
2,3,4139,1
13,47,49470,1
13,47,49472,1
13,47,49474,1
2,3,4141,1
13,47,49478,1
13,47,49480,1
13,47,49482,1
13,47,49484,1
13,47,49486,1
13,47,49488,1
13,47,49490,1
13,48,49493,1
13,48,49495,1
2,3,4145,1
13,48,49499,1
13,48,49501,1
2,3,4147,1
13,48,49505,1
13,48,49507,1
13,48,49509,1
13,48,49511,1
13,48,49513,1
13,48,49515,1
13,48,49517,1
13,48,49519,1
13,48,49521,1
13,48,49523,1
13,48,49525,1
2,3,4149,1
13,48,49529,1
13,48,49531,1
13,48,49533,1
13,48,49535,1
13,48,49537,1
13,49,49540,1
13,49,49542,1
13,49,49544,1
13,49,49546,1
13,49,49548,1
13,49,49550,1
13,49,49552,1
13,49,49554,1
13,49,49556,1
2,3,4151,1
13,49,49560,1
13,49,49562,1
13,49,49564,1
13,49,49566,1
2,3,4155,1
13,49,49570,1
13,49,49572,1
13,49,49574,1
13,49,49576,1
2,3,4157,1
13,49,49580,1
13,49,49582,1
13,49,49584,1
2,3,4159,1
13,49,49588,1
13,49,49590,1
2,4,4164,1
13,49,49594,1
13,49,49596,1
13,49,49598,1
13,49,49600,1
13,49,49602,1
13,49,49604,1
13,49,49606,1
13,49,49608,1
13,49,49610,1
13,49,49612,1
2,4,4166,1
13,49,49616,1
13,49,49618,1
2,4,4168,1
13,49,49622,1
13,49,49624,1
13,49,49626,1
13,49,49628,1
13,49,49630,1
13,49,49632,1
13,49,49634,1
13,49,49636,1
13,49,49638,1
2,4,4172,1
13,49,49642,1
13,50,49644,1
13,50,49646,1
13,50,49648,1
13,50,49650,1
13,50,49652,1
13,50,49654,1
13,50,49656,1
13,50,49658,1
13,50,49660,1
2,4,4174,1
2,4,4178,1
13,50,49666,1
13,50,49668,1
13,50,49670,1
2,4,4180,1
13,50,49674,1
13,50,49676,1
13,50,49678,1
2,4,4182,1
2,4,4186,1
2,4,4188,1
13,50,49686,1
13,50,49688,1
13,50,49690,1
2,4,4190,1
13,50,49694,1
2,4,4192,1
13,50,49698,1
2,4,4202,1
2,4,4204,1
13,50,49704,1
13,50,49706,1
13,50,49708,1
13,50,49710,1
13,50,49712,1
13,50,49714,1
13,51,49717,1
13,51,49719,1
13,51,49721,1
13,51,49723,1
13,51,49725,1
13,51,49727,1
13,51,49729,1
13,51,49731,1
13,51,49733,1
13,51,49735,1
13,51,49737,1
2,4,4206,1
13,51,49741,1
13,51,49743,1
13,51,49745,1
13,51,49747,1
13,51,49749,1
13,51,49751,1
13,51,49753,1
13,51,49755,1
13,51,49757,1
2,4,4216,1
13,51,49761,1
13,51,49763,1
13,51,49765,1
13,51,49767,1
13,51,49769,1
13,51,49771,1
13,52,49774,1
13,52,49776,1
13,52,49778,1
13,52,49780,1
13,52,49782,1
13,52,49784,1
13,52,49786,1
2,4,4218,1
13,52,49790,1
13,52,49792,1
13,52,49794,1
2,4,4220,1
13,52,49798,1
13,52,49800,1
13,52,49802,1
13,52,49804,1
13,52,49806,1
13,52,49808,1
13,52,49810,1
13,52,49812,1
13,52,49814,1
13,52,49816,1
13,52,49818,1
13,52,49820,1
13,52,49822,1
13,52,49824,1
13,52,49826,1
13,52,49828,1
2,5,4223,1
2,5,4225,1
13,52,49834,1
13,52,49836,1
2,5,4229,1
13,53,49840,1
13,53,49842,1
2,5,4233,1
13,53,49846,1
13,53,49848,1
13,53,49850,1
2,5,4235,1
13,53,49854,1
13,53,49856,1
2,5,4239,1
13,53,49860,1
2,5,4241,1
13,53,49864,1
13,53,49866,1
2,5,4243,1
2,5,4245,1
13,53,49872,1
13,53,49874,1
2,5,4249,1
13,53,49878,1
13,53,49880,1
13,53,49882,1
13,53,49884,1
13,54,49887,1
13,54,49889,1
13,54,49891,1
13,54,49893,1
13,54,49895,1
13,54,49897,1
13,54,49899,1
13,54,49901,1
13,54,49903,1
13,54,49905,1
13,54,49907,1
13,54,49909,1
13,55,49911,1
13,55,49913,1
13,57,49917,1
13,57,49919,1
13,57,49921,1
13,57,49923,1
13,58,49926,1
13,58,49928,1
13,58,49930,1
13,59,49933,1
13,60,49936,1
13,60,49938,1
13,60,49940,1
14,1,49942,1
14,1,49944,1
14,1,49946,1
2,5,4255,1
14,1,49950,1
14,1,49952,1
14,1,49954,1
14,1,49956,1
14,1,49958,1
14,1,49960,1
14,1,49962,1
14,1,49964,1
14,1,49966,1
14,1,49968,1
14,1,49970,1
14,1,49972,1
14,1,49974,1
14,1,49976,1
2,5,4257,1
14,1,49980,1
14,1,49982,1
14,1,49984,1
2,5,4259,1
14,1,49988,1
2,5,4261,1
2,5,4263,1
2,5,4265,1
14,1,49996,1
14,1,49998,1
14,1,50000,1
2,5,4267,1
14,1,50004,1
2,5,4269,1
14,1,50008,1
14,2,50011,1
2,5,4271,1
14,2,50015,1
14,2,50017,1
2,5,4273,1
14,2,50021,1
14,2,50023,1
14,2,50025,1
14,2,50027,1
14,2,50029,1
2,5,4275,1
2,5,4277,1
14,2,50035,1
14,2,50037,1
2,5,4279,1
14,2,50041,1
14,2,50043,1
14,2,50045,1
2,5,4283,1
14,2,50049,1
14,2,50051,1
14,2,50053,1
2,5,4285,1
2,5,4287,1
14,2,50059,1
14,2,50061,1
14,2,50063,1
14,2,50065,1
2,5,4289,1
14,2,50069,1
14,2,50071,1
14,2,50073,1
14,2,50075,1
14,2,50077,1
2,5,4291,1
14,3,50082,1
14,3,50084,1
14,3,50086,1
2,5,4293,1
2,5,4295,1
14,3,50092,1
14,3,50094,1
14,3,50096,1
14,3,50098,1
2,5,4297,1
2,5,4301,1
14,3,50104,1
14,3,50106,1
14,3,50108,1
14,3,50110,1
2,6,4308,1
14,3,50114,1
2,6,4310,1
2,6,4312,1
14,3,50120,1
14,3,50122,1
14,3,50124,1
2,6,4318,1
14,3,50128,1
14,3,50130,1
14,3,50132,1
14,3,50134,1
2,6,4328,1
2,6,4330,1
14,4,50141,1
14,4,50143,1
2,6,4332,1
2,6,4334,1
14,4,50149,1
2,6,4336,1
14,4,50153,1
14,4,50155,1
14,4,50157,1
2,6,4338,1
14,4,50161,1
14,4,50163,1
14,4,50165,1
2,6,4340,1
14,4,50169,1
14,4,50171,1
2,6,4342,1
2,6,4344,1
2,6,4346,1
14,4,50179,1
2,6,4348,1
14,4,50183,1
14,4,50185,1
14,4,50187,1
14,4,50189,1
14,4,50191,1
14,4,50193,1
14,4,50195,1
14,4,50197,1
2,6,4350,1
14,4,50201,1
14,5,50204,1
2,6,4356,1
14,5,50208,1
14,5,50210,1
2,6,4360,1
2,6,4364,1
14,5,50216,1
14,5,50218,1
14,5,50220,1
2,6,4366,1
14,5,50224,1
14,5,50226,1
14,5,50228,1
14,5,50230,1
2,6,4368,1
14,5,50234,1
14,5,50236,1
14,5,50238,1
14,5,50240,1
2,6,4370,1
14,5,50244,1
14,5,50246,1
14,5,50248,1
2,7,4375,1
14,5,50252,1
14,5,50254,1
14,5,50256,1
14,5,50258,1
14,5,50260,1
14,5,50262,1
2,7,4377,1
14,5,50266,1
14,5,50268,1
14,5,50270,1
14,5,50272,1
14,5,50274,1
2,7,4381,1
2,7,4383,1
2,7,4387,1
14,5,50282,1
14,6,50285,1
14,6,50287,1
14,6,50289,1
2,7,4389,1
2,7,4391,1
2,7,4393,1
2,7,4395,1
14,6,50299,1
2,7,4397,1
14,6,50303,1
14,6,50305,1
14,6,50307,1
2,7,4399,1
2,7,4401,1
14,6,50313,1
14,6,50315,1
14,6,50317,1
14,6,50319,1
14,6,50321,1
2,7,4403,1
2,7,4405,1
2,7,4409,1
2,7,4411,1
2,7,4415,1
2,7,4417,1
14,6,50335,1
14,6,50337,1
14,6,50339,1
14,6,50341,1
14,6,50343,1
14,6,50345,1
14,6,50347,1
14,6,50349,1
14,6,50351,1
14,6,50353,1
14,6,50355,1
14,6,50357,1
14,7,50360,1
14,7,50362,1
2,7,4419,1
14,7,50366,1
2,7,4421,1
14,7,50370,1
14,7,50372,1
14,7,50374,1
14,7,50376,1
14,7,50378,1
14,7,50380,1
2,7,4425,1
14,7,50384,1
2,7,4427,1
14,7,50388,1
2,7,4429,1
14,7,50392,1
14,7,50394,1
14,7,50396,1
2,7,4435,1
14,7,50400,1
14,7,50402,1
14,7,50404,1
2,8,4440,1
14,7,50408,1
14,7,50410,1
14,8,50413,1
14,8,50415,1
14,8,50417,1
14,8,50419,1
2,8,4442,1
2,8,4444,1
14,8,50425,1
14,8,50427,1
14,8,50429,1
14,8,50431,1
14,8,50433,1
14,8,50435,1
14,8,50437,1
14,8,50439,1
14,8,50441,1
14,8,50443,1
2,8,4446,1
14,8,50447,1
14,8,50449,1
14,8,50451,1
14,8,50453,1
14,8,50455,1
14,8,50457,1
14,8,50459,1
14,8,50461,1
2,8,4448,1
14,8,50465,1
2,8,4452,1
2,8,4458,1
14,8,50471,1
2,8,4462,1
14,8,50475,1
14,8,50477,1
14,8,50479,1
14,8,50481,1
14,8,50483,1
14,8,50485,1
14,8,50487,1
2,8,4466,1
14,8,50491,1
14,9,50494,1
14,9,50496,1
14,9,50498,1
2,8,4468,1
2,8,4470,1
14,9,50504,1
14,9,50506,1
14,9,50508,1
2,8,4474,1
14,9,50512,1
14,9,50514,1
14,9,50516,1
2,8,4476,1
14,9,50520,1
14,9,50522,1
14,9,50524,1
14,9,50526,1
2,8,4478,1
2,8,4480,1
2,8,4482,1
14,9,50534,1
14,9,50536,1
14,9,50538,1
14,9,50540,1
14,9,50542,1
14,9,50544,1
14,9,50546,1
14,10,50549,1
14,10,50551,1
14,10,50553,1
14,10,50555,1
14,10,50557,1
14,10,50559,1
2,8,4486,1
14,10,50563,1
14,10,50565,1
2,8,4488,1
2,8,4490,1
14,10,50571,1
2,8,4494,1
14,10,50575,1
14,10,50577,1
14,10,50579,1
14,10,50581,1
14,10,50583,1
14,10,50585,1
14,10,50587,1
14,10,50589,1
2,8,4496,1
14,10,50593,1
14,10,50595,1
14,10,50597,1
14,10,50599,1
14,10,50601,1
14,10,50603,1
14,10,50605,1
2,8,4500,1
2,8,4502,1
14,10,50611,1
2,8,4504,1
14,10,50615,1
14,10,50617,1
14,10,50619,1
14,10,50621,1
14,10,50623,1
14,10,50625,1
2,8,4506,1
2,8,4508,1
14,10,50631,1
14,11,50633,1
2,8,4510,1
14,11,50637,1
14,11,50639,1
14,11,50641,1
2,8,4512,1
2,8,4514,1
14,11,50647,1
14,11,50649,1
14,11,50651,1
14,11,50653,1
14,11,50655,1
14,11,50657,1
14,11,50659,1
2,9,4517,1
14,11,50663,1
14,11,50665,1
14,11,50667,1
14,11,50669,1
14,11,50671,1
2,9,4521,1
14,11,50675,1
2,9,4523,1
2,9,4527,1
2,9,4529,1
14,11,50683,1
2,9,4531,1
14,11,50687,1
2,9,4535,1
14,11,50691,1
14,11,50693,1
14,11,50695,1
14,11,50697,1
2,9,4537,1
14,11,50701,1
14,11,50703,1
14,11,50705,1
14,12,50707,1
14,12,50709,1
14,12,50711,1
14,12,50713,1
14,12,50715,1
2,9,4539,1
14,12,50719,1
14,12,50721,1
14,12,50723,1
14,12,50725,1
14,12,50727,1
2,9,4541,1
14,12,50731,1
14,12,50733,1
2,9,4543,1
2,9,4545,1
2,9,4551,1
2,9,4555,1
14,12,50743,1
2,9,4557,1
14,12,50747,1
2,9,4565,1
14,12,50751,1
14,12,50753,1
14,12,50755,1
14,12,50757,1
14,12,50759,1
14,12,50761,1
14,13,50764,1
2,9,4567,1
2,9,4569,1
14,13,50770,1
14,13,50772,1
14,13,50774,1
14,13,50776,1
2,9,4571,1
2,9,4573,1
2,9,4575,1
14,13,50784,1
14,13,50786,1
14,13,50788,1
14,13,50790,1
14,13,50792,1
14,13,50794,1
14,13,50796,1
14,13,50798,1
14,13,50800,1
14,13,50802,1
14,13,50804,1
14,13,50806,1
14,13,50808,1
14,13,50810,1
14,13,50812,1
14,13,50814,1
2,9,4577,1
14,13,50818,1
2,10,4580,1
14,13,50822,1
14,13,50824,1
2,10,4582,1
14,13,50828,1
14,13,50830,1
14,13,50832,1
14,13,50834,1
14,13,50836,1
2,10,4584,1
14,13,50840,1
14,13,50842,1
14,13,50844,1
14,13,50846,1
14,13,50848,1
2,10,4586,1
2,10,4590,1
14,14,50855,1
2,10,4594,1
2,10,4596,1
2,10,4598,1
2,10,4600,1
14,14,50865,1
2,10,4604,1
14,14,50869,1
2,10,4606,1
14,14,50873,1
2,10,4608,1
14,14,50877,1
2,10,4610,1
2,10,4612,1
2,10,4614,1
2,10,4618,1
2,10,4622,1
2,10,4624,1
14,14,50891,1
14,14,50893,1
2,10,4626,1
14,14,50897,1
14,14,50899,1
14,14,50901,1
14,14,50903,1
14,15,50906,1
14,15,50908,1
2,10,4630,1
2,10,4634,1
14,15,50914,1
14,15,50916,1
14,15,50918,1
2,10,4636,1
2,10,4638,1
2,10,4642,1
14,15,50926,1
14,15,50928,1
14,15,50930,1
14,15,50932,1
14,15,50934,1
14,15,50936,1
14,15,50938,1
14,15,50940,1
2,10,4644,1
2,10,4648,1
14,15,50946,1
14,15,50948,1
2,11,4652,1
14,15,50952,1
14,16,50955,1
14,16,50957,1
14,16,50959,1
14,16,50961,1
14,16,50963,1
14,16,50965,1
2,11,4654,1
14,16,50969,1
14,16,50971,1
14,16,50973,1
2,11,4656,1
2,11,4658,1
14,16,50979,1
14,16,50981,1
14,16,50983,1
14,16,50985,1
14,16,50987,1
14,16,50989,1
14,16,50991,1
2,11,4662,1
14,16,50995,1
14,16,50997,1
2,11,4664,1
14,16,51001,1
14,16,51003,1
14,16,51005,1
2,11,4666,1
2,11,4668,1
14,17,51012,1
2,11,4670,1
14,17,51016,1
14,17,51018,1
14,17,51020,1
14,17,51022,1
14,17,51024,1
2,11,4672,1
14,17,51028,1
14,17,51030,1
14,17,51032,1
14,17,51034,1
14,17,51036,1
14,17,51038,1
2,11,4674,1
14,17,51042,1
14,17,51044,1
14,17,51046,1
2,11,4676,1
14,17,51050,1
14,17,51052,1
2,11,4678,1
2,11,4680,1
14,17,51058,1
14,18,51061,1
14,18,51063,1
2,11,4682,1
14,18,51067,1
14,18,51069,1
14,18,51071,1
14,18,51073,1
14,18,51075,1
14,18,51077,1
2,11,4684,1
2,11,4694,1
14,18,51083,1
14,18,51085,1
14,18,51087,1
14,18,51089,1
14,18,51091,1
14,18,51093,1
14,18,51095,1
14,18,51097,1
14,18,51099,1
2,11,4698,1
2,11,4702,1
2,11,4704,1
2,11,4706,1
14,18,51109,1
14,18,51111,1
14,18,51113,1
14,18,51115,1
14,18,51117,1
14,18,51119,1
2,11,4708,1
14,19,51124,1
2,12,4710,1
2,12,4714,1
2,12,4716,1
14,19,51132,1
14,19,51134,1
14,19,51136,1
2,12,4718,1
14,19,51140,1
2,12,4720,1
2,12,4722,1
14,19,51146,1
14,19,51148,1
14,19,51150,1
14,19,51152,1
14,19,51154,1
2,12,4724,1
14,19,51158,1
14,19,51160,1
2,12,4726,1
14,19,51164,1
14,19,51166,1
2,12,4730,1
14,19,51170,1
14,19,51172,1
14,19,51174,1
14,19,51176,1
14,19,51178,1
2,12,4732,1
14,19,51182,1
14,19,51184,1
14,19,51186,1
14,20,51189,1
14,20,51191,1
2,12,4734,1
14,20,51195,1
2,12,4736,1
2,12,4738,1
14,20,51201,1
2,12,4742,1
14,20,51205,1
2,12,4744,1
2,12,4746,1
14,20,51211,1
14,20,51213,1
14,20,51215,1
2,12,4748,1
14,20,51219,1
14,20,51221,1
14,20,51223,1
2,12,4750,1
2,12,4752,1
14,20,51229,1
14,20,51231,1
14,20,51233,1
14,20,51235,1
14,20,51237,1
14,20,51239,1
14,20,51241,1
14,20,51243,1
2,12,4754,1
14,20,51247,1
2,12,4756,1
2,12,4758,1
14,20,51253,1
14,20,51255,1
2,12,4766,1
2,12,4768,1
14,20,51261,1
14,20,51263,1
2,12,4770,1
14,20,51267,1
14,20,51269,1
14,21,51271,1
2,13,4773,1
14,21,51275,1
2,13,4775,1
14,21,51279,1
2,13,4779,1
14,21,51283,1
14,21,51285,1
2,13,4781,1
14,21,51289,1
2,13,4785,1
14,21,51293,1
14,21,51295,1
2,13,4789,1
14,21,51299,1
14,21,51301,1
14,21,51303,1
14,21,51305,1
14,21,51307,1
2,13,4791,1
2,13,4795,1
14,21,51313,1
14,21,51315,1
2,13,4797,1
14,21,51319,1
2,13,4799,1
14,21,51323,1
2,13,4801,1
14,21,51327,1
14,21,51329,1
2,13,4803,1
14,22,51334,1
14,22,51336,1
2,13,4807,1
14,22,51340,1
14,22,51342,1
14,22,51344,1
2,13,4811,1
14,22,51348,1
14,22,51350,1
14,22,51352,1
14,22,51354,1
14,22,51356,1
14,22,51358,1
14,22,51360,1
14,22,51362,1
2,13,4815,1
14,22,51366,1
14,22,51368,1
14,22,51370,1
14,22,51372,1
14,22,51374,1
14,22,51376,1
14,22,51378,1
14,22,51380,1
14,22,51382,1
14,22,51384,1
14,22,51386,1
14,22,51388,1
14,22,51390,1
14,22,51392,1
2,13,4817,1
2,13,4823,1
14,22,51398,1
2,13,4825,1
14,22,51402,1
14,22,51404,1
14,22,51406,1
14,22,51408,1
2,13,4827,1
14,22,51412,1
14,22,51414,1
2,13,4829,1
14,22,51418,1
14,22,51420,1
14,22,51422,1
14,23,51425,1
2,13,4831,1
2,13,4835,1
14,23,51431,1
2,13,4839,1
14,23,51435,1
14,23,51437,1
14,23,51439,1
14,23,51441,1
14,23,51443,1
14,23,51445,1
2,13,4841,1
14,23,51449,1
14,23,51451,1
14,23,51453,1
14,23,51455,1
14,23,51457,1
2,13,4845,1
14,23,51461,1
14,23,51463,1
2,14,4851,1
2,14,4861,1
2,14,4865,1
14,23,51471,1
14,23,51473,1
2,14,4875,1
2,14,4881,1
2,14,4885,1
14,23,51481,1
2,14,4887,1
14,23,51485,1
14,23,51487,1
14,23,51489,1
14,23,51491,1
14,23,51493,1
14,23,51495,1
14,24,51498,1
2,14,4889,1
14,24,51502,1
14,24,51504,1
2,14,4891,1
2,14,4895,1
14,24,51510,1
14,24,51512,1
14,24,51514,1
14,24,51516,1
14,24,51518,1
14,24,51520,1
14,24,51522,1
2,14,4897,1
14,24,51526,1
14,24,51528,1
14,24,51530,1
2,14,4899,1
2,14,4901,1
14,24,51536,1
14,24,51538,1
14,24,51540,1
14,24,51542,1
14,24,51544,1
2,15,4906,1
2,15,4908,1
14,25,51551,1
2,15,4910,1
14,25,51555,1
2,15,4914,1
14,25,51559,1
14,25,51561,1
14,25,51563,1
14,25,51565,1
14,25,51567,1
14,25,51569,1
14,25,51571,1
2,15,4920,1
2,15,4922,1
14,25,51577,1
14,25,51579,1
14,25,51581,1
14,25,51583,1
14,25,51585,1
14,25,51587,1
14,25,51589,1
14,25,51591,1
14,25,51593,1
14,25,51595,1
14,25,51597,1
14,25,51599,1
14,25,51601,1
14,25,51603,1
14,25,51605,1
14,25,51607,1
14,25,51609,1
14,25,51611,1
14,25,51613,1
2,15,4924,1
14,25,51617,1
14,25,51619,1
14,25,51621,1
14,25,51623,1
14,25,51625,1
2,15,4926,1
14,25,51629,1
14,25,51631,1
14,25,51633,1
14,25,51635,1
14,26,51638,1
2,15,4934,1
14,26,51642,1
2,15,4936,1
14,26,51646,1
14,26,51648,1
14,26,51650,1
2,15,4938,1
14,26,51654,1
2,15,4940,1
14,26,51658,1
14,26,51660,1
14,26,51662,1
14,26,51664,1
14,26,51666,1
2,15,4942,1
14,26,51670,1
2,15,4944,1
2,15,4948,1
14,26,51676,1
14,26,51678,1
14,26,51680,1
14,26,51682,1
14,27,51684,1
14,27,51686,1
14,27,51688,1
14,27,51690,1
2,16,4955,1
14,27,51694,1
14,27,51696,1
2,16,4957,1
14,27,51700,1
2,16,4961,1
14,27,51704,1
14,27,51706,1
2,16,4963,1
2,16,4969,1
2,16,4971,1
2,16,4975,1
14,27,51716,1
14,27,51718,1
2,16,4977,1
14,27,51722,1
14,27,51724,1
2,16,4979,1
14,27,51728,1
14,27,51730,1
14,27,51732,1
14,27,51734,1
14,28,51737,1
14,28,51739,1
14,28,51741,1
14,28,51743,1
2,16,4981,1
2,16,4985,1
2,16,4987,1
2,17,4990,1
14,28,51753,1
14,28,51755,1
2,17,4996,1
14,28,51759,1
14,28,51761,1
14,28,51763,1
14,28,51765,1
14,28,51767,1
14,28,51769,1
14,28,51771,1
14,28,51773,1
14,28,51775,1
2,17,5002,1
14,28,51779,1
14,28,51781,1
2,17,5004,1
14,28,51785,1
14,28,51787,1
14,28,51789,1
2,17,5008,1
14,28,51793,1
2,17,5010,1
14,28,51797,1
14,28,51799,1
14,28,51801,1
14,28,51803,1
2,17,5014,1
2,17,5016,1
2,17,5022,1
14,28,51811,1
14,28,51813,1
14,28,51815,1
14,28,51817,1
14,28,51819,1
14,29,51822,1
14,29,51824,1
14,29,51826,1
2,17,5024,1
14,29,51830,1
14,29,51832,1
14,29,51834,1
2,17,5026,1
2,17,5034,1
14,29,51840,1
14,29,51842,1
14,29,51844,1
14,29,51846,1
14,29,51848,1
14,29,51850,1
14,29,51852,1
14,29,51854,1
14,29,51856,1
2,18,5045,1
14,29,51860,1
14,29,51862,1
2,18,5047,1
2,18,5049,1
2,18,5051,1
14,29,51870,1
14,29,51872,1
14,29,51874,1
14,29,51876,1
14,29,51878,1
14,29,51880,1
14,29,51882,1
2,18,5053,1
2,18,5057,1
14,30,51888,1
2,18,5059,1
14,30,51892,1
2,18,5061,1
2,18,5063,1
14,30,51898,1
14,30,51900,1
14,30,51902,1
14,30,51904,1
14,30,51906,1
2,18,5065,1
2,18,5067,1
14,30,51912,1
14,30,51914,1
14,30,51916,1
14,30,51918,1
14,30,51920,1
2,18,5071,1
2,18,5073,1
14,30,51926,1
14,30,51928,1
14,30,51930,1
14,30,51932,1
14,30,51934,1
14,30,51936,1
14,30,51938,1
2,18,5075,1
2,18,5077,1
2,18,5081,1
14,31,51947,1
2,18,5083,1
2,18,5085,1
14,31,51953,1
2,18,5087,1
2,18,5089,1
2,18,5091,1
14,31,51961,1
2,18,5093,1
2,18,5097,1
14,31,51967,1
14,31,51969,1
14,31,51971,1
14,31,51973,1
2,18,5099,1
14,31,51977,1
14,31,51979,1
14,31,51981,1
14,31,51983,1
14,31,51985,1
14,31,51987,1
14,31,51989,1
14,31,51991,1
14,31,51993,1
14,31,51995,1
14,31,51997,1
14,31,51999,1
14,31,52001,1
2,18,5101,1
14,31,52005,1
2,18,5105,1
2,18,5107,1
14,31,52011,1
14,31,52013,1
14,31,52015,1
14,31,52017,1
14,31,52019,1
14,31,52021,1
14,31,52023,1
2,18,5109,1
14,31,52027,1
2,19,5111,1
14,31,52031,1
14,32,52034,1
2,19,5113,1
14,32,52038,1
2,19,5115,1
14,32,52042,1
14,32,52044,1
2,19,5117,1
14,32,52048,1
14,32,52050,1
14,32,52052,1
14,32,52054,1
2,19,5119,1
14,32,52058,1
2,19,5121,1
14,32,52062,1
14,32,52064,1
2,19,5123,1
14,32,52068,1
2,19,5125,1
2,19,5129,1
14,32,52074,1
14,32,52076,1
2,19,5131,1
14,32,52080,1
14,32,52082,1
14,32,52084,1
14,32,52086,1
14,32,52088,1
2,19,5133,1
14,32,52092,1
2,19,5135,1
14,33,52097,1
14,33,52099,1
14,33,52101,1
14,33,52103,1
14,33,52105,1
14,33,52107,1
14,33,52109,1
14,33,52111,1
14,33,52113,1
14,33,52115,1
14,33,52117,1
14,33,52119,1
14,33,52121,1
14,33,52123,1
14,33,52125,1
14,33,52127,1
2,19,5137,1
14,33,52131,1
14,33,52133,1
2,19,5139,1
14,33,52137,1
14,33,52139,1
14,33,52141,1
14,33,52143,1
2,19,5141,1
14,34,52148,1
2,19,5143,1
14,34,52152,1
14,34,52154,1
14,34,52156,1
14,34,52158,1
14,34,52160,1
2,19,5147,1
14,34,52164,1
14,34,52166,1
2,19,5149,1
14,34,52170,1
14,34,52172,1
14,34,52174,1
14,34,52176,1
2,19,5151,1
14,34,52180,1
14,34,52182,1
14,34,52184,1
14,34,52186,1
14,34,52188,1
14,34,52190,1
2,19,5153,1
14,34,52194,1
14,34,52196,1
14,34,52198,1
2,19,5155,1
2,19,5157,1
14,35,52205,1
14,35,52207,1
2,19,5159,1
2,19,5161,1
14,35,52213,1
14,35,52215,1
2,19,5163,1
14,35,52219,1
2,19,5165,1
14,35,52223,1
2,19,5167,1
14,35,52227,1
14,35,52229,1
14,35,52231,1
14,35,52233,1
14,35,52235,1
14,35,52237,1
14,35,52239,1
14,35,52241,1
14,35,52243,1
14,35,52245,1
14,35,52247,1
14,35,52249,1
2,19,5169,1
14,35,52253,1
14,35,52255,1
14,35,52257,1
2,19,5171,1
14,35,52261,1
2,19,5173,1
2,19,5175,1
14,35,52267,1
2,19,5177,1
2,19,5181,1
2,19,5183,1
14,35,52275,1
14,35,52277,1
14,35,52279,1
14,35,52281,1
14,35,52283,1
14,35,52285,1
14,35,52287,1
14,35,52289,1
14,35,52291,1
14,35,52293,1
14,35,52295,1
2,19,5185,1
14,36,52300,1
14,36,52302,1
14,36,52304,1
2,19,5189,1
14,36,52308,1
14,36,52310,1
14,36,52312,1
14,36,52314,1
14,36,52316,1
14,36,52318,1
14,36,52320,1
14,36,52322,1
14,36,52324,1
2,19,5191,1
2,19,5195,1
14,36,52330,1
14,36,52332,1
14,36,52334,1
14,36,52336,1
14,36,52338,1
2,19,5197,1
14,36,52342,1
14,36,52344,1
14,36,52346,1
14,36,52348,1
2,19,5201,1
14,36,52352,1
14,36,52354,1
2,19,5203,1
14,36,52358,1
14,36,52360,1
14,36,52362,1
14,36,52364,1
14,37,52367,1
14,37,52369,1
14,37,52371,1
14,37,52373,1
2,19,5205,1
14,37,52377,1
2,20,5210,1
2,20,5212,1
14,37,52383,1
2,20,5216,1
14,37,52387,1
2,20,5218,1
2,20,5222,1
2,20,5228,1
2,20,5232,1
2,20,5234,1
14,37,52399,1
14,37,52401,1
14,37,52403,1
14,37,52405,1
14,37,52407,1
14,37,52409,1
14,37,52411,1
14,37,52413,1
2,20,5236,1
2,20,5238,1
2,20,5240,1
14,37,52421,1
2,20,5242,1
14,37,52425,1
14,37,52427,1
2,20,5244,1
2,20,5248,1
2,20,5250,1
2,20,5252,1
14,37,52437,1
14,37,52439,1
14,37,52441,1
14,37,52443,1
14,37,52445,1
14,37,52447,1
14,37,52449,1
14,37,52451,1
14,37,52453,1
14,38,52456,1
14,38,52458,1
14,38,52460,1
14,38,52462,1
14,38,52464,1
2,20,5264,1
14,38,52468,1
2,20,5266,1
2,20,5272,1
14,38,52474,1
14,38,52476,1
14,38,52478,1
14,38,52480,1
14,38,52482,1
14,38,52484,1
2,20,5276,1
2,20,5278,1
14,38,52490,1
14,38,52492,1
2,20,5282,1
2,20,5284,1
14,38,52498,1
14,38,52500,1
14,38,52502,1
14,38,52504,1
14,38,52506,1
14,38,52508,1
14,38,52510,1
14,38,52512,1
14,38,52514,1
14,38,52516,1
2,21,5288,1
14,39,52520,1
14,39,52522,1
14,39,52524,1
2,21,5298,1
2,21,5300,1
14,39,52530,1
14,39,52532,1
14,39,52534,1
2,21,5302,1
14,39,52538,1
2,21,5304,1
14,39,52542,1
14,39,52544,1
14,39,52546,1
14,39,52548,1
14,39,52550,1
14,39,52552,1
14,39,52554,1
14,39,52556,1
14,39,52558,1
14,39,52560,1
14,39,52562,1
2,21,5306,1
2,21,5308,1
2,21,5310,1
2,21,5314,1
2,21,5316,1
2,21,5318,1
2,21,5320,1
14,39,52578,1
14,39,52580,1
14,39,52582,1
2,21,5322,1
14,40,52587,1
14,40,52589,1
14,40,52591,1
14,40,52593,1
2,21,5326,1
14,40,52597,1
2,21,5328,1
2,21,5332,1
14,40,52603,1
2,21,5334,1
14,40,52607,1
14,40,52609,1
14,40,52611,1
14,40,52613,1
14,40,52615,1
2,21,5340,1
14,40,52619,1
14,40,52621,1
2,21,5342,1
2,21,5344,1
14,40,52627,1
14,40,52629,1
14,40,52631,1
14,40,52633,1
2,21,5348,1
2,21,5350,1
14,40,52639,1
14,40,52641,1
14,40,52643,1
14,40,52645,1
14,40,52647,1
2,21,5352,1
14,40,52651,1
14,40,52653,1
14,40,52655,1
14,40,52657,1
14,40,52659,1
14,40,52661,1
2,21,5354,1
14,40,52665,1
14,40,52667,1
14,40,52669,1
2,21,5360,1
2,21,5362,1
2,22,5365,1
2,22,5369,1
14,41,52680,1
2,22,5371,1
14,41,52684,1
2,22,5373,1
14,41,52688,1
14,41,52690,1
2,22,5379,1
14,41,52694,1
14,41,52696,1
2,22,5381,1
14,41,52700,1
14,41,52702,1
14,41,52704,1
14,41,52706,1
14,41,52708,1
14,41,52710,1
2,22,5385,1
14,41,52714,1
14,41,52716,1
2,22,5387,1
14,42,52721,1
14,42,52723,1
14,42,52725,1
14,42,52727,1
2,22,5389,1
14,42,52731,1
14,42,52733,1
14,42,52735,1
14,42,52737,1
14,42,52739,1
14,42,52741,1
14,42,52743,1
14,42,52745,1
2,22,5391,1
14,42,52749,1
2,22,5393,1
14,42,52753,1
2,22,5395,1
2,22,5397,1
14,42,52759,1
2,22,5399,1
14,42,52763,1
14,42,52765,1
2,22,5401,1
14,43,52770,1
14,43,52772,1
14,43,52774,1
14,43,52776,1
14,43,52778,1
14,43,52780,1
14,43,52782,1
14,43,52784,1
2,22,5403,1
14,43,52788,1
14,43,52790,1
2,22,5409,1
14,43,52794,1
14,43,52796,1
14,43,52798,1
2,22,5411,1
2,22,5413,1
14,43,52804,1
14,43,52806,1
14,43,52808,1
14,43,52810,1
14,43,52812,1
14,43,52814,1
14,43,52816,1
14,43,52818,1
2,22,5415,1
14,44,52823,1
14,44,52825,1
14,44,52827,1
14,44,52829,1
14,44,52831,1
14,44,52833,1
14,44,52835,1
2,22,5417,1
14,44,52839,1
14,44,52841,1
2,22,5419,1
2,22,5421,1
14,44,52847,1
14,44,52849,1
2,22,5423,1
14,44,52853,1
14,44,52855,1
14,44,52857,1
2,22,5425,1
2,22,5427,1
14,44,52863,1
14,44,52865,1
14,44,52867,1
14,44,52869,1
14,44,52871,1
2,22,5431,1
14,44,52875,1
14,44,52877,1
14,44,52879,1
14,44,52881,1
14,45,52884,1
14,45,52886,1
2,22,5433,1
14,45,52890,1
2,22,5437,1
2,22,5441,1
14,45,52896,1
14,45,52898,1
14,45,52900,1
14,45,52902,1
14,45,52904,1
14,45,52906,1
14,45,52908,1
14,45,52910,1
14,45,52912,1
14,45,52914,1
14,45,52916,1
14,45,52918,1
2,22,5443,1
14,45,52922,1
14,45,52924,1
14,45,52926,1
14,45,52928,1
14,45,52930,1
14,45,52932,1
2,22,5447,1
14,46,52937,1
14,46,52939,1
14,46,52941,1
14,46,52943,1
2,23,5452,1
14,46,52947,1
14,46,52949,1
14,46,52951,1
2,23,5454,1
14,46,52955,1
14,46,52957,1
14,46,52959,1
14,46,52961,1
14,46,52963,1
14,46,52965,1
14,46,52967,1
2,23,5458,1
2,23,5460,1
14,46,52973,1
2,23,5464,1
14,46,52977,1
2,23,5468,1
14,46,52981,1
14,46,52983,1
14,46,52985,1
14,46,52987,1
2,23,5472,1
14,46,52991,1
14,46,52993,1
14,47,52996,1
2,23,5474,1
14,47,53000,1
14,47,53002,1
14,47,53004,1
14,47,53006,1
2,23,5476,1
2,23,5478,1
2,23,5480,1
14,47,53014,1
2,23,5482,1
2,23,5488,1
14,47,53020,1
14,47,53022,1
14,47,53024,1
14,47,53026,1
14,47,53028,1
14,47,53030,1
2,23,5490,1
14,47,53034,1
14,47,53036,1
2,23,5492,1
14,47,53040,1
14,47,53042,1
14,47,53044,1
14,47,53046,1
2,23,5496,1
14,47,53050,1
14,47,53052,1
14,47,53054,1
14,47,53056,1
14,47,53058,1
14,47,53060,1
2,23,5498,1
14,48,53065,1
14,48,53067,1
14,48,53069,1
14,48,53071,1
14,48,53073,1
2,23,5502,1
2,23,5506,1
2,23,5512,1
14,48,53081,1
14,48,53083,1
14,48,53085,1
14,48,53087,1
14,48,53089,1
2,23,5514,1
14,48,53093,1
14,48,53095,1
14,48,53097,1
14,48,53099,1
14,48,53101,1
14,48,53103,1
2,23,5518,1
14,48,53107,1
14,48,53109,1
14,48,53111,1
14,48,53113,1
14,48,53115,1
14,48,53117,1
2,23,5522,1
14,48,53121,1
14,48,53123,1
2,23,5526,1
14,48,53127,1
14,48,53129,1
14,48,53131,1
14,48,53133,1
14,48,53135,1
14,48,53137,1
14,48,53139,1
14,48,53141,1
14,48,53143,1
14,48,53145,1
14,48,53147,1
14,49,53150,1
14,49,53152,1
14,49,53154,1
14,49,53156,1
14,49,53158,1
14,49,53160,1
2,24,5535,1
14,49,53164,1
14,49,53166,1
14,49,53168,1
14,49,53170,1
14,49,53172,1
14,49,53174,1
14,49,53176,1
14,49,53178,1
14,49,53180,1
14,49,53182,1
14,49,53184,1
14,49,53186,1
14,49,53188,1
14,49,53190,1
14,49,53192,1
2,24,5537,1
2,24,5539,1
2,24,5541,1
14,49,53200,1
2,24,5545,1
14,49,53204,1
14,49,53206,1
2,24,5547,1
14,49,53210,1
14,49,53212,1
14,49,53214,1
14,50,53217,1
14,50,53219,1
14,50,53221,1
14,50,53223,1
14,50,53225,1
14,50,53227,1
14,50,53229,1
14,50,53231,1
14,50,53233,1
2,24,5549,1
14,50,53237,1
14,50,53239,1
14,50,53241,1
14,50,53243,1
14,50,53245,1
14,50,53247,1
14,50,53249,1
14,50,53251,1
14,50,53253,1
14,50,53255,1
14,50,53257,1
14,50,53259,1
14,50,53261,1
2,24,5553,1
14,50,53265,1
14,50,53267,1
14,50,53269,1
14,50,53271,1
14,50,53273,1
14,50,53275,1
14,50,53277,1
14,50,53279,1
2,24,5557,1
2,24,5559,1
2,24,5561,1
14,51,53288,1
14,51,53290,1
14,51,53292,1
14,51,53294,1
14,51,53296,1
2,24,5563,1
2,24,5565,1
14,51,53302,1
14,51,53304,1
14,51,53306,1
14,51,53308,1
14,51,53310,1
14,51,53312,1
14,51,53314,1
14,51,53316,1
14,51,53318,1
14,51,53320,1
14,51,53322,1
14,51,53324,1
14,51,53326,1
14,51,53328,1
14,51,53330,1
2,24,5567,1
2,24,5569,1
14,51,53336,1
14,51,53338,1
2,24,5573,1
14,51,53342,1
14,51,53344,1
14,51,53346,1
14,51,53348,1
14,51,53350,1
14,51,53352,1
14,51,53354,1
2,24,5577,1
14,51,53358,1
14,51,53360,1
14,51,53362,1
14,51,53364,1
14,51,53366,1
2,24,5579,1
2,24,5581,1
14,51,53372,1
14,51,53374,1
14,52,53377,1
14,52,53379,1
14,52,53381,1
2,24,5583,1
14,52,53385,1
14,52,53387,1
14,52,53389,1
14,52,53391,1
14,52,53393,1
14,52,53395,1
14,52,53397,1
2,24,5587,1
14,52,53401,1
14,52,53403,1
14,52,53405,1
14,52,53407,1
14,52,53409,1
2,24,5589,1
14,52,53413,1
14,52,53415,1
14,52,53417,1
14,52,53419,1
14,52,53421,1
14,52,53423,1
14,52,53425,1
14,52,53427,1
2,24,5591,1
14,52,53431,1
14,52,53433,1
14,53,53436,1
2,24,5593,1
2,24,5599,1
14,53,53442,1
14,53,53444,1
14,53,53446,1
14,53,53448,1
14,53,53450,1
14,53,53452,1
14,53,53454,1
14,53,53456,1
2,24,5605,1
14,53,53460,1
14,53,53462,1
14,53,53464,1
14,53,53466,1
14,53,53468,1
14,53,53470,1
14,53,53472,1
14,53,53474,1
2,24,5607,1
2,24,5609,1
14,53,53480,1
14,53,53482,1
14,53,53484,1
14,53,53486,1
14,53,53488,1
14,53,53490,1
14,53,53492,1
14,59,53500,1
14,59,53502,1
14,59,53504,1
14,59,53506,1
2,24,5613,1
14,59,53510,1
14,59,53512,1
14,59,53514,1
14,59,53516,1
14,59,53518,1
2,24,5615,1
14,59,53522,1
14,59,53524,1
14,59,53526,1
14,59,53528,1
15,1,53532,1
2,24,5617,1
15,1,53536,1
15,1,53538,1
15,1,53540,1
15,1,53542,1
15,1,53544,1
15,1,53546,1
15,1,53548,1
15,1,53550,1
15,1,53552,1
15,1,53554,1
15,1,53556,1
15,1,53558,1
15,1,53560,1
15,1,53562,1
15,1,53564,1
2,24,5621,1
15,1,53568,1
15,1,53570,1
15,1,53572,1
15,1,53574,1
2,25,5624,1
15,1,53578,1
2,25,5626,1
2,25,5628,1
15,1,53584,1
15,1,53586,1
15,1,53588,1
2,25,5630,1
15,1,53592,1
15,1,53594,1
15,1,53596,1
15,1,53598,1
15,1,53600,1
15,1,53602,1
15,2,53605,1
15,2,53607,1
15,2,53609,1
15,2,53611,1
15,2,53613,1
15,2,53615,1
15,2,53617,1
2,25,5634,1
2,25,5640,1
2,25,5642,1
15,2,53625,1
15,2,53627,1
15,2,53629,1
15,2,53631,1
15,2,53633,1
15,2,53635,1
15,2,53637,1
15,2,53639,1
15,2,53641,1
2,25,5646,1
15,2,53645,1
15,2,53647,1
15,2,53649,1
15,2,53651,1
15,2,53653,1
15,2,53655,1
15,2,53657,1
2,25,5648,1
15,2,53661,1
15,2,53663,1
2,25,5656,1
2,25,5658,1
15,2,53669,1
2,25,5660,1
15,2,53673,1
15,2,53675,1
15,2,53677,1
15,2,53679,1
2,25,5662,1
15,2,53683,1
2,25,5664,1
2,25,5666,1
15,3,53690,1
2,25,5668,1
15,3,53694,1
15,3,53696,1
15,3,53698,1
15,3,53700,1
15,3,53702,1
15,3,53704,1
15,3,53706,1
15,3,53708,1
2,25,5670,1
15,3,53712,1
15,3,53714,1
15,3,53716,1
15,3,53718,1
15,3,53720,1
2,25,5672,1
2,25,5674,1
15,3,53726,1
2,25,5676,1
15,3,53730,1
2,25,5678,1
2,25,5680,1
15,3,53736,1
2,25,5682,1
15,3,53740,1
15,3,53742,1
15,3,53744,1
15,3,53746,1
15,3,53748,1
15,3,53750,1
15,4,53753,1
15,4,53755,1
2,25,5684,1
2,25,5688,1
2,25,5690,1
2,25,5696,1
2,25,5698,1
15,4,53767,1
15,4,53769,1
2,26,5701,1
15,4,53773,1
15,4,53775,1
15,4,53777,1
15,4,53779,1
15,4,53781,1
15,4,53783,1
2,26,5707,1
2,26,5709,1
2,26,5711,1
15,4,53791,1
15,4,53793,1
15,4,53795,1
15,4,53797,1
15,4,53799,1
2,26,5713,1
2,26,5719,1
15,4,53805,1
2,26,5721,1
2,26,5725,1
15,4,53811,1
2,26,5729,1
15,4,53815,1
15,4,53817,1
15,4,53819,1
15,4,53821,1
15,4,53823,1
15,4,53825,1
2,26,5731,1
15,4,53829,1
15,4,53831,1
2,26,5733,1
15,4,53835,1
15,4,53837,1
2,26,5737,1
15,4,53841,1
2,26,5739,1
15,4,53845,1
15,5,53848,1
2,26,5741,1
15,5,53852,1
2,26,5743,1
15,5,53856,1
2,27,5746,1
15,5,53860,1
2,27,5750,1
2,27,5752,1
15,5,53866,1
15,5,53868,1
15,5,53870,1
15,5,53872,1
15,5,53874,1
2,27,5754,1
15,5,53878,1
2,27,5756,1
15,5,53882,1
2,27,5760,1
15,5,53886,1
15,5,53888,1
2,27,5764,1
15,5,53892,1
2,27,5766,1
15,5,53896,1
15,5,53898,1
15,5,53900,1
15,5,53902,1
15,5,53904,1
15,5,53906,1
2,27,5768,1
15,5,53910,1
15,5,53912,1
15,5,53914,1
2,27,5770,1
15,6,53918,1
15,6,53920,1
2,27,5772,1
15,6,53924,1
15,6,53926,1
2,27,5774,1
2,27,5776,1
15,6,53932,1
15,6,53934,1
15,6,53936,1
15,6,53938,1
2,27,5778,1
15,6,53942,1
15,6,53944,1
15,6,53946,1
15,6,53948,1
15,6,53950,1
2,27,5780,1
2,27,5790,1
2,27,5792,1
2,27,5796,1
2,27,5798,1
2,27,5802,1
2,27,5804,1
15,6,53966,1
2,27,5806,1
15,6,53970,1
2,27,5810,1
15,7,53975,1
15,7,53977,1
15,7,53979,1
15,7,53981,1
2,27,5812,1
15,7,53985,1
15,7,53987,1
15,7,53989,1
15,7,53991,1
2,27,5816,1
15,7,53995,1
15,7,53997,1
15,7,53999,1
15,7,54001,1
15,7,54003,1
15,7,54005,1
15,7,54007,1
15,7,54009,1
2,27,5818,1
15,7,54013,1
15,7,54015,1
2,27,5822,1
15,7,54019,1
2,27,5826,1
15,7,54023,1
15,7,54025,1
15,7,54027,1
15,7,54029,1
2,27,5828,1
2,27,5830,1
15,7,54035,1
15,7,54037,1
15,7,54039,1
15,7,54041,1
15,7,54043,1
15,7,54045,1
15,7,54047,1
15,8,54050,1
15,8,54052,1
15,8,54054,1
15,8,54056,1
15,8,54058,1
2,27,5832,1
15,8,54062,1
2,27,5834,1
15,8,54066,1
2,27,5836,1
2,28,5839,1
15,8,54072,1
15,8,54074,1
15,8,54076,1
15,8,54078,1
15,8,54080,1
15,8,54082,1
15,8,54084,1
15,8,54086,1
15,8,54088,1
2,28,5843,1
15,8,54092,1
2,28,5845,1
15,8,54096,1
2,28,5847,1
15,8,54100,1
2,28,5853,1
15,8,54104,1
15,8,54106,1
2,28,5855,1
2,28,5857,1
15,8,54112,1
15,8,54114,1
15,9,54117,1
2,28,5859,1
15,9,54121,1
15,9,54123,1
15,9,54125,1
15,9,54127,1
15,9,54129,1
2,28,5861,1
15,9,54133,1
15,9,54135,1
15,9,54137,1
2,28,5863,1
2,28,5865,1
2,28,5867,1
15,9,54145,1
15,9,54147,1
15,9,54149,1
15,9,54151,1
15,9,54153,1
15,9,54155,1
15,9,54157,1
15,9,54159,1
15,9,54161,1
15,9,54163,1
15,9,54165,1
2,28,5869,1
15,9,54169,1
2,28,5871,1
15,10,54174,1
15,10,54176,1
15,10,54178,1
2,28,5873,1
2,28,5875,1
2,28,5877,1
15,10,54186,1
15,10,54188,1
15,10,54190,1
2,28,5879,1
2,28,5881,1
15,10,54196,1
15,10,54198,1
15,10,54200,1
15,10,54202,1
15,10,54204,1
15,10,54206,1
15,10,54208,1
15,10,54210,1
2,28,5883,1
15,10,54214,1
15,10,54216,1
15,10,54218,1
2,28,5885,1
2,28,5887,1
15,10,54224,1
15,10,54226,1
2,28,5889,1
2,28,5891,1
15,10,54232,1
2,28,5897,1
15,10,54236,1
15,10,54238,1
15,10,54240,1
15,10,54242,1
15,10,54244,1
15,10,54246,1
15,10,54248,1
15,10,54250,1
15,10,54252,1
15,10,54254,1
15,10,54256,1
15,10,54258,1
15,10,54260,1
15,10,54262,1
15,10,54264,1
15,11,54267,1
15,11,54269,1
2,28,5899,1
2,28,5901,1
15,11,54275,1
15,11,54277,1
15,11,54279,1
2,28,5903,1
15,11,54283,1
15,11,54285,1
2,28,5905,1
15,11,54289,1
15,11,54291,1
15,11,54293,1
2,28,5907,1
15,11,54297,1
2,28,5909,1
2,28,5911,1
15,11,54303,1
15,11,54305,1
15,11,54307,1
15,11,54309,1
15,11,54311,1
15,11,54313,1
2,28,5913,1
15,12,54318,1
15,12,54320,1
15,12,54322,1
15,12,54324,1
15,12,54326,1
15,12,54328,1
15,12,54330,1
15,12,54332,1
15,12,54334,1
2,29,5916,1
15,12,54338,1
2,29,5918,1
15,12,54342,1
2,29,5924,1
15,12,54346,1
2,29,5926,1
2,29,5928,1
2,29,5930,1
2,29,5934,1
15,12,54356,1
2,29,5936,1
2,29,5938,1
15,12,54362,1
15,12,54364,1
15,12,54366,1
15,12,54368,1
2,29,5940,1
15,12,54372,1
15,12,54374,1
15,12,54376,1
15,12,54378,1
2,29,5942,1
15,12,54382,1
15,12,54384,1
15,12,54386,1
15,12,54388,1
15,13,54391,1
15,13,54393,1
15,13,54395,1
15,13,54397,1
15,13,54399,1
2,29,5944,1
2,29,5946,1
15,13,54405,1
2,29,5948,1
15,13,54409,1
15,13,54411,1
15,13,54413,1
15,13,54415,1
15,13,54417,1
15,13,54419,1
2,29,5950,1
15,13,54423,1
15,13,54425,1
15,13,54427,1
15,13,54429,1
15,13,54431,1
15,13,54433,1
15,13,54435,1
15,13,54437,1
2,29,5952,1
15,13,54441,1
2,29,5954,1
15,13,54445,1
15,13,54447,1
15,13,54449,1
15,13,54451,1
15,13,54453,1
15,13,54455,1
15,13,54457,1
15,13,54459,1
15,13,54461,1
2,29,5956,1
15,13,54465,1
15,13,54467,1
15,13,54469,1
2,29,5958,1
15,14,54473,1
15,14,54475,1
2,29,5960,1
2,29,5962,1
2,29,5964,1
2,29,5968,1
15,14,54485,1
15,14,54487,1
15,14,54489,1
15,14,54491,1
2,29,5970,1
15,14,54495,1
2,29,5974,1
2,29,5976,1
2,29,5978,1
15,14,54503,1
2,29,5980,1
15,14,54507,1
2,29,5998,1
2,29,6002,1
2,29,6004,1
2,29,6008,1
15,14,54517,1
15,14,54519,1
2,30,6010,1
15,14,54523,1
2,30,6012,1
15,14,54527,1
15,15,54530,1
2,30,6018,1
15,15,54534,1
15,15,54536,1
15,15,54538,1
2,30,6020,1
15,15,54542,1
2,30,6022,1
15,15,54546,1
15,15,54548,1
2,30,6024,1
2,30,6026,1
2,30,6028,1
15,15,54556,1
15,15,54558,1
15,15,54560,1
15,15,54562,1
2,30,6030,1
15,15,54566,1
2,30,6034,1
15,15,54570,1
15,15,54572,1
15,15,54574,1
15,15,54576,1
15,15,54578,1
2,30,6036,1
2,30,6038,1
2,30,6040,1
15,15,54586,1
15,15,54588,1
15,15,54590,1
15,15,54592,1
15,16,54595,1
15,16,54597,1
2,30,6044,1
15,16,54601,1
2,30,6046,1
15,16,54605,1
15,16,54607,1
15,16,54609,1
15,16,54611,1
15,16,54613,1
2,30,6048,1
15,17,54618,1
15,17,54620,1
15,17,54622,1
15,17,54624,1
2,30,6050,1
15,17,54628,1
15,17,54630,1
15,17,54632,1
2,30,6052,1
15,17,54636,1
15,17,54638,1
15,17,54640,1
15,17,54642,1
15,17,54644,1
15,17,54646,1
15,17,54648,1
15,17,54650,1
15,17,54652,1
15,17,54654,1
2,30,6054,1
15,17,54658,1
15,17,54660,1
15,17,54662,1
15,17,54664,1
15,17,54666,1
15,17,54668,1
15,18,54670,1
2,30,6064,1
15,18,54674,1
15,18,54676,1
2,30,6070,1
2,30,6072,1
15,18,54682,1
15,18,54684,1
15,18,54686,1
15,18,54688,1
15,18,54690,1
15,18,54692,1
15,18,54694,1
2,30,6076,1
2,30,6078,1
15,18,54700,1
15,18,54702,1
15,18,54704,1
2,31,6081,1
15,18,54708,1
2,31,6083,1
15,18,54712,1
15,18,54714,1
15,18,54716,1
15,18,54718,1
15,18,54720,1
15,18,54722,1
15,18,54724,1
15,18,54726,1
15,18,54728,1
15,18,54730,1
15,18,54732,1
15,19,54735,1
2,31,6085,1
15,19,54739,1
15,19,54741,1
15,19,54743,1
15,19,54745,1
2,31,6087,1
2,31,6089,1
2,31,6091,1
2,31,6093,1
2,31,6095,1
15,19,54757,1
15,19,54759,1
15,19,54761,1
15,19,54763,1
2,31,6103,1
2,31,6105,1
15,19,54769,1
15,19,54771,1
15,19,54773,1
2,31,6107,1
15,19,54777,1
15,19,54779,1
15,19,54781,1
2,31,6109,1
15,19,54785,1
2,31,6111,1
2,31,6113,1
15,19,54791,1
2,31,6115,1
2,31,6117,1
15,19,54797,1
15,19,54799,1
2,31,6119,1
2,31,6121,1
15,19,54805,1
2,31,6123,1
15,19,54809,1
15,19,54811,1
15,19,54813,1
15,19,54815,1
2,31,6125,1
2,31,6127,1
15,20,54822,1
15,20,54824,1
15,20,54826,1
2,31,6133,1
15,20,54830,1
2,31,6135,1
2,31,6137,1
15,20,54836,1
2,31,6139,1
15,20,54840,1
2,31,6143,1
15,20,54844,1
15,20,54846,1
15,20,54848,1
15,20,54850,1
15,20,54852,1
15,20,54854,1
2,31,6147,1
15,20,54858,1
15,20,54860,1
15,20,54862,1
15,20,54864,1
15,20,54866,1
15,20,54868,1
15,20,54870,1
15,20,54872,1
15,20,54874,1
2,31,6149,1
2,31,6151,1
15,20,54880,1
15,20,54882,1
2,31,6155,1
15,20,54886,1
2,31,6157,1
15,20,54890,1
15,20,54892,1
15,20,54894,1
15,20,54896,1
15,20,54898,1
15,20,54900,1
2,31,6161,1
2,32,6164,1
15,20,54906,1
15,20,54908,1
15,20,54910,1
15,21,54912,1
15,21,54914,1
15,21,54916,1
15,21,54918,1
2,32,6166,1
15,21,54922,1
15,21,54924,1
2,32,6168,1
15,21,54928,1
2,32,6170,1
15,21,54932,1
15,21,54934,1
15,21,54936,1
15,21,54938,1
15,21,54940,1
15,21,54942,1
15,21,54944,1
2,32,6172,1
2,32,6174,1
2,32,6182,1
15,21,54952,1
15,21,54954,1
15,21,54956,1
2,32,6184,1
15,21,54960,1
15,21,54962,1
15,21,54964,1
15,21,54966,1
15,21,54968,1
15,21,54970,1
15,21,54972,1
15,22,54975,1
15,22,54977,1
2,32,6186,1
2,32,6190,1
15,22,54983,1
15,22,54985,1
15,22,54987,1
15,22,54989,1
15,22,54991,1
15,22,54993,1
15,22,54995,1
2,32,6192,1
15,22,54999,1
15,22,55001,1
15,22,55003,1
15,22,55005,1
2,32,6196,1
15,22,55009,1
2,32,6198,1
15,22,55013,1
15,22,55015,1
15,22,55017,1
2,32,6200,1
2,32,6202,1
15,22,55023,1
15,22,55025,1
2,32,6206,1
15,22,55029,1
15,22,55031,1
15,22,55033,1
15,23,55036,1
15,23,55038,1
2,32,6210,1
15,23,55042,1
2,32,6212,1
2,32,6214,1
2,32,6216,1
15,23,55050,1
15,23,55052,1
2,32,6222,1
15,23,55056,1
15,23,55058,1
15,23,55060,1
2,32,6226,1
15,23,55064,1
15,23,55066,1
15,23,55068,1
2,32,6228,1
2,32,6230,1
15,23,55074,1
2,32,6232,1
2,32,6234,1
15,23,55080,1
15,23,55082,1
2,32,6236,1
15,23,55086,1
2,32,6238,1
15,23,55090,1
15,23,55092,1
15,23,55094,1
15,23,55096,1
15,23,55098,1
15,23,55100,1
15,23,55102,1
15,23,55104,1
15,23,55106,1
15,23,55108,1
15,23,55110,1
2,32,6242,1
15,24,55115,1
15,24,55117,1
15,24,55119,1
2,32,6244,1
15,24,55123,1
15,24,55125,1
15,24,55127,1
15,24,55129,1
15,24,55131,1
15,24,55133,1
2,33,6247,1
2,33,6249,1
15,24,55139,1
15,24,55141,1
15,24,55143,1
2,33,6251,1
2,33,6253,1
15,24,55149,1
15,24,55151,1
15,24,55153,1
15,24,55155,1
15,24,55157,1
15,24,55159,1
15,24,55161,1
15,24,55163,1
15,24,55165,1
15,24,55167,1
15,24,55169,1
15,24,55171,1
15,24,55173,1
15,24,55175,1
15,24,55177,1
15,24,55179,1
15,24,55181,1
15,24,55183,1
15,24,55185,1
2,33,6255,1
15,24,55189,1
2,33,6259,1
15,24,55193,1
15,24,55195,1
15,24,55197,1
15,24,55199,1
2,33,6263,1
15,24,55203,1
15,24,55205,1
15,24,55207,1
15,24,55209,1
15,24,55211,1
15,24,55213,1
15,24,55215,1
15,25,55218,1
2,33,6265,1
15,25,55222,1
15,25,55224,1
15,25,55226,1
15,25,55228,1
15,25,55230,1
2,33,6267,1
15,25,55234,1
15,25,55236,1
15,25,55238,1
15,25,55240,1
15,25,55242,1
15,25,55244,1
15,25,55246,1
15,25,55248,1
15,25,55250,1
15,25,55252,1
15,25,55254,1
15,25,55256,1
15,25,55258,1
15,25,55260,1
15,25,55262,1
15,25,55264,1
15,25,55266,1
15,25,55268,1
15,25,55270,1
2,33,6271,1
15,25,55274,1
15,25,55276,1
15,25,55278,1
15,25,55280,1
2,33,6273,1
15,25,55284,1
2,33,6279,1
15,25,55288,1
15,25,55290,1
2,33,6291,1
15,25,55294,1
15,25,55296,1
15,25,55298,1
15,25,55300,1
15,26,55303,1
2,33,6293,1
15,26,55307,1
15,26,55309,1
15,26,55311,1
15,26,55313,1
15,26,55315,1
15,26,55317,1
15,26,55319,1
15,26,55321,1
15,26,55323,1
15,26,55325,1
15,26,55327,1
15,26,55329,1
15,26,55331,1
2,33,6295,1
15,26,55335,1
15,26,55337,1
15,26,55339,1
2,33,6297,1
2,33,6299,1
2,33,6301,1
15,27,55348,1
15,27,55350,1
15,27,55352,1
15,27,55354,1
15,27,55356,1
15,27,55358,1
15,27,55360,1
2,33,6303,1
15,27,55364,1
15,27,55366,1
15,27,55368,1
15,27,55370,1
15,27,55372,1
15,27,55374,1
15,27,55376,1
15,27,55378,1
15,27,55380,1
15,27,55382,1
15,27,55384,1
15,27,55386,1
2,33,6307,1
15,27,55390,1
15,27,55392,1
15,27,55394,1
15,28,55396,1
15,28,55398,1
15,28,55400,1
15,28,55402,1
15,28,55404,1
15,28,55406,1
15,28,55408,1
15,28,55410,1
15,28,55412,1
2,33,6309,1
15,28,55416,1
15,28,55418,1
2,34,6312,1
15,28,55422,1
15,28,55424,1
15,28,55426,1
2,34,6314,1
15,28,55430,1
15,28,55432,1
15,28,55434,1
15,28,55436,1
15,28,55438,1
15,28,55440,1
15,28,55442,1
15,28,55444,1
15,28,55446,1
15,28,55448,1
2,34,6316,1
15,28,55452,1
15,28,55454,1
15,28,55456,1
15,28,55458,1
15,28,55460,1
2,34,6318,1
2,34,6320,1
15,28,55466,1
15,28,55468,1
15,28,55470,1
15,28,55472,1
15,28,55474,1
15,28,55476,1
15,28,55478,1
2,34,6322,1
15,28,55482,1
15,28,55484,1
15,29,55487,1
15,29,55489,1
15,29,55491,1
2,34,6326,1
2,34,6332,1
15,29,55497,1
15,29,55499,1
15,29,55501,1
2,34,6334,1
15,29,55505,1
2,34,6338,1
15,29,55509,1
15,29,55511,1
15,29,55513,1
2,34,6340,1
15,29,55517,1
2,34,6344,1
15,29,55521,1
15,29,55523,1
15,29,55525,1
15,29,55527,1
15,29,55529,1
2,34,6346,1
15,29,55533,1
15,29,55535,1
15,29,55537,1
15,29,55539,1
15,29,55541,1
15,29,55543,1
15,29,55545,1
15,29,55547,1
15,29,55549,1
15,29,55551,1
15,29,55553,1
15,29,55555,1
2,34,6348,1
15,30,55560,1
2,34,6350,1
2,34,6354,1
15,30,55566,1
15,30,55568,1
15,30,55570,1
2,34,6356,1
15,30,55574,1
15,30,55576,1
15,30,55578,1
2,34,6358,1
15,30,55582,1
15,30,55584,1
15,30,55586,1
15,30,55588,1
15,30,55590,1
15,30,55592,1
15,30,55594,1
2,34,6360,1
15,30,55598,1
2,34,6362,1
2,34,6364,1
15,30,55604,1
2,34,6366,1
2,34,6368,1
15,30,55610,1
15,30,55612,1
15,30,55614,1
15,30,55616,1
2,34,6372,1
2,34,6374,1
15,30,55622,1
15,30,55624,1
2,35,6378,1
15,30,55628,1
15,30,55630,1
15,30,55632,1
15,30,55634,1
2,35,6380,1
15,31,55639,1
15,31,55641,1
15,31,55643,1
15,31,55645,1
15,31,55647,1
15,31,55649,1
15,31,55651,1
2,35,6382,1
2,35,6384,1
2,35,6390,1
15,31,55659,1
15,31,55661,1
15,31,55663,1
15,31,55665,1
15,31,55667,1
15,31,55669,1
15,31,55671,1
15,31,55673,1
2,35,6394,1
15,31,55677,1
15,31,55679,1
2,35,6396,1
2,35,6398,1
15,31,55685,1
15,31,55687,1
15,31,55689,1
15,31,55691,1
2,35,6404,1
15,31,55695,1
2,35,6408,1
2,35,6412,1
2,35,6414,1
15,31,55703,1
2,35,6416,1
15,31,55707,1
15,31,55709,1
15,31,55711,1
2,35,6420,1
15,31,55715,1
15,32,55718,1
15,32,55720,1
15,32,55722,1
15,32,55724,1
15,32,55726,1
15,32,55728,1
15,32,55730,1
15,32,55732,1
2,35,6422,1
15,32,55736,1
2,35,6428,1
2,35,6430,1
15,32,55742,1
15,32,55744,1
15,32,55746,1
15,32,55748,1
15,32,55750,1
15,32,55752,1
15,32,55754,1
15,32,55756,1
15,32,55758,1
15,32,55760,1
2,35,6432,1
15,32,55764,1
15,32,55766,1
15,32,55768,1
15,32,55770,1
2,35,6434,1
15,32,55774,1
15,32,55776,1
2,35,6436,1
2,35,6438,1
15,32,55782,1
15,32,55784,1
2,35,6440,1
15,32,55788,1
2,35,6444,1
15,32,55792,1
15,32,55794,1
15,32,55796,1
15,32,55798,1
15,32,55800,1
15,32,55802,1
15,33,55804,1
15,33,55806,1
15,33,55808,1
2,35,6446,1
15,33,55812,1
2,35,6448,1
15,33,55816,1
2,35,6454,1
15,33,55820,1
2,35,6458,1
15,33,55824,1
2,35,6460,1
15,33,55828,1
2,35,6462,1
2,35,6464,1
15,33,55834,1
2,35,6470,1
15,33,55838,1
15,33,55840,1
2,35,6472,1
15,33,55844,1
15,33,55846,1
15,33,55848,1
2,35,6474,1
15,33,55852,1
15,33,55854,1
15,34,55857,1
15,34,55859,1
2,35,6478,1
15,34,55863,1
15,34,55865,1
15,34,55867,1
15,34,55869,1
2,35,6480,1
15,34,55873,1
15,34,55875,1
15,34,55877,1
2,35,6486,1
15,34,55881,1
15,34,55883,1
15,34,55885,1
15,34,55887,1
15,34,55889,1
2,36,6489,1
15,34,55893,1
15,34,55895,1
2,36,6491,1
2,36,6493,1
15,34,55901,1
15,34,55903,1
15,34,55905,1
15,34,55907,1
15,35,55910,1
15,35,55912,1
15,35,55914,1
2,36,6495,1
15,35,55918,1
2,36,6497,1
2,36,6499,1
2,36,6501,1
15,35,55926,1
15,35,55928,1
2,36,6511,1
15,35,55932,1
15,35,55934,1
15,35,55936,1
15,35,55938,1
15,35,55940,1
15,35,55942,1
15,35,55944,1
2,36,6515,1
2,36,6517,1
2,36,6519,1
15,35,55952,1
15,35,55954,1
15,35,55956,1
15,35,55958,1
15,35,55960,1
15,35,55962,1
15,35,55964,1
15,35,55966,1
15,35,55968,1
15,35,55970,1
15,35,55972,1
15,35,55974,1
15,35,55976,1
2,36,6521,1
15,36,55981,1
15,36,55983,1
15,36,55985,1
2,36,6525,1
2,36,6527,1
15,36,55991,1
2,36,6531,1
15,36,55995,1
15,36,55997,1
15,36,55999,1
2,36,6535,1
15,36,56003,1
2,36,6537,1
2,36,6541,1
2,36,6543,1
2,36,6545,1
15,36,56013,1
15,36,56015,1
15,36,56017,1
15,36,56019,1
15,36,56021,1
2,36,6551,1
2,36,6553,1
15,36,56027,1
15,36,56029,1
15,36,56031,1
15,36,56033,1
15,36,56035,1
2,36,6555,1
15,36,56039,1
15,36,56041,1
2,36,6565,1
15,36,56045,1
15,36,56047,1
15,36,56049,1
15,36,56051,1
15,36,56053,1
15,36,56055,1
15,37,56058,1
15,37,56060,1
15,37,56062,1
15,37,56064,1
15,37,56066,1
15,37,56068,1
15,37,56070,1
15,37,56072,1
2,36,6567,1
2,36,6569,1
2,36,6571,1
15,37,56080,1
2,36,6575,1
2,36,6577,1
2,36,6579,1
15,37,56088,1
15,37,56090,1
15,37,56092,1
15,37,56094,1
15,37,56096,1
15,37,56098,1
15,37,56100,1
15,37,56102,1
15,37,56104,1
15,37,56106,1
15,37,56108,1
15,37,56110,1
2,36,6581,1
2,36,6583,1
15,37,56116,1
15,37,56118,1
2,36,6585,1
2,37,6588,1
2,37,6594,1
15,37,56126,1
2,37,6600,1
15,37,56130,1
15,37,56132,1
15,37,56134,1
15,37,56136,1
15,37,56138,1
15,37,56140,1
15,37,56142,1
15,37,56144,1
15,37,56146,1
15,37,56148,1
2,37,6604,1
15,38,56153,1
15,38,56155,1
15,38,56157,1
2,37,6606,1
2,37,6608,1
15,38,56163,1
15,38,56165,1
2,37,6612,1
2,37,6614,1
15,38,56171,1
15,38,56173,1
15,38,56175,1
15,38,56177,1
2,37,6616,1
15,38,56181,1
15,38,56183,1
15,38,56185,1
15,38,56187,1
2,37,6618,1
15,38,56191,1
2,37,6622,1
15,38,56195,1
2,37,6626,1
15,38,56199,1
2,37,6628,1
15,38,56203,1
15,38,56205,1
2,37,6630,1
2,37,6640,1
15,38,56211,1
15,38,56213,1
15,38,56215,1
2,37,6642,1
15,38,56219,1
15,38,56221,1
2,37,6646,1
15,39,56226,1
2,37,6648,1
15,39,56230,1
15,39,56232,1
2,37,6654,1
15,39,56236,1
15,39,56238,1
15,39,56240,1
2,37,6656,1
15,39,56244,1
2,37,6658,1
15,39,56248,1
15,39,56250,1
15,39,56252,1
15,39,56254,1
15,39,56256,1
15,39,56258,1
2,37,6662,1
2,38,6665,1
15,39,56264,1
15,39,56266,1
15,39,56268,1
2,38,6673,1
15,39,56272,1
15,39,56274,1
15,39,56276,1
15,39,56278,1
15,39,56280,1
15,39,56282,1
15,39,56284,1
2,38,6677,1
15,39,56288,1
2,38,6679,1
15,39,56292,1
15,39,56294,1
15,39,56296,1
15,39,56298,1
15,39,56300,1
15,39,56302,1
2,38,6683,1
2,38,6685,1
15,39,56308,1
15,39,56310,1
15,39,56312,1
15,39,56314,1
15,40,56317,1
15,40,56319,1
15,40,56321,1
15,40,56323,1
15,40,56325,1
15,40,56327,1
2,38,6687,1
2,38,6689,1
15,40,56333,1
15,40,56335,1
15,40,56337,1
15,40,56339,1
15,40,56341,1
15,40,56343,1
15,40,56345,1
15,40,56347,1
15,40,56349,1
15,40,56351,1
15,40,56353,1
15,40,56355,1
2,38,6691,1
15,40,56359,1
15,40,56361,1
2,38,6693,1
2,38,6695,1
2,38,6697,1
2,38,6699,1
15,40,56371,1
15,40,56373,1
15,40,56375,1
15,40,56377,1
2,38,6701,1
15,40,56381,1
15,40,56383,1
15,41,56386,1
15,41,56388,1
15,41,56390,1
15,41,56392,1
15,41,56394,1
2,38,6705,1
2,38,6709,1
15,41,56400,1
15,41,56402,1
15,41,56404,1
15,41,56406,1
15,41,56408,1
15,41,56410,1
15,41,56412,1
15,41,56414,1
15,41,56416,1
2,38,6711,1
2,38,6713,1
15,41,56422,1
15,42,56425,1
15,42,56427,1
15,42,56429,1
2,38,6715,1
15,42,56433,1
2,38,6717,1
15,42,56437,1
15,42,56439,1
15,42,56441,1
15,42,56443,1
15,42,56445,1
15,42,56447,1
15,42,56449,1
15,42,56451,1
2,38,6719,1
15,42,56455,1
15,42,56457,1
2,39,6722,1
15,42,56461,1
15,42,56463,1
2,39,6724,1
15,42,56467,1
15,42,56469,1
2,39,6726,1
2,39,6728,1
15,42,56475,1
15,42,56477,1
15,42,56479,1
2,39,6734,1
15,42,56483,1
15,42,56485,1
15,42,56487,1
2,39,6736,1
15,42,56491,1
15,42,56493,1
15,43,56495,1
15,43,56497,1
15,43,56499,1
15,43,56501,1
15,43,56503,1
15,43,56505,1
15,43,56507,1
15,43,56509,1
2,39,6738,1
15,43,56513,1
2,39,6742,1
15,43,56517,1
15,43,56519,1
15,43,56521,1
15,43,56523,1
15,43,56525,1
15,43,56527,1
15,43,56529,1
15,43,56531,1
15,43,56533,1
15,43,56535,1
15,43,56537,1
15,43,56539,1
15,43,56541,1
2,39,6744,1
2,39,6750,1
15,43,56547,1
2,39,6754,1
15,43,56551,1
2,39,6756,1
15,43,56555,1
15,44,56558,1
15,44,56560,1
15,44,56562,1
15,44,56564,1
15,44,56566,1
2,39,6758,1
15,44,56570,1
15,44,56572,1
2,39,6760,1
15,44,56576,1
15,44,56578,1
15,44,56580,1
2,39,6762,1
15,44,56584,1
2,39,6764,1
15,44,56588,1
15,44,56590,1
2,39,6766,1
15,44,56594,1
15,44,56596,1
2,39,6772,1
15,44,56600,1
15,44,56602,1
15,44,56604,1
2,39,6778,1
15,44,56608,1
15,45,56610,1
15,45,56612,1
2,39,6780,1
15,45,56616,1
15,45,56618,1
2,39,6784,1
15,45,56622,1
15,45,56624,1
2,39,6786,1
15,45,56628,1
2,39,6788,1
2,39,6790,1
15,45,56634,1
15,45,56636,1
15,45,56638,1
15,45,56640,1
15,45,56642,1
15,45,56644,1
15,45,56646,1
2,39,6792,1
15,45,56650,1
15,45,56652,1
15,45,56654,1
2,40,6794,1
15,45,56658,1
15,45,56660,1
15,45,56662,1
15,45,56664,1
15,45,56666,1
15,45,56668,1
15,45,56670,1
15,45,56672,1
15,45,56674,1
15,45,56676,1
15,45,56678,1
15,45,56680,1
2,40,6798,1
15,45,56684,1
15,45,56686,1
15,46,56689,1
15,46,56691,1
2,40,6800,1
15,46,56695,1
15,46,56697,1
2,40,6802,1
15,46,56701,1
15,46,56703,1
15,46,56705,1
15,46,56707,1
15,46,56709,1
15,46,56711,1
15,46,56713,1
15,46,56715,1
2,40,6804,1
15,46,56719,1
15,46,56721,1
15,46,56723,1
2,40,6806,1
15,46,56727,1
15,46,56729,1
15,46,56731,1
2,40,6808,1
15,46,56735,1
15,46,56737,1
15,46,56739,1
15,46,56741,1
15,46,56743,1
2,40,6810,1
15,47,56748,1
15,47,56750,1
2,40,6812,1
15,47,56754,1
15,47,56756,1
15,47,56758,1
15,47,56760,1
2,40,6816,1
15,47,56764,1
15,47,56766,1
2,40,6820,1
15,47,56770,1
15,47,56772,1
15,47,56774,1
2,40,6824,1
15,47,56778,1
15,47,56780,1
15,47,56782,1
15,47,56784,1
15,47,56786,1
15,47,56788,1
15,47,56790,1
2,40,6826,1
15,47,56794,1
15,47,56796,1
2,40,6828,1
15,47,56800,1
15,47,56802,1
15,47,56804,1
15,47,56806,1
15,47,56808,1
15,47,56810,1
2,40,6830,1
15,47,56814,1
15,47,56816,1
15,47,56818,1
15,47,56820,1
15,47,56822,1
15,47,56824,1
15,48,56827,1
15,48,56829,1
15,48,56831,1
15,48,56833,1
15,48,56835,1
15,48,56837,1
15,48,56839,1
15,48,56841,1
15,48,56843,1
2,40,6834,1
2,40,6836,1
15,48,56849,1
15,48,56851,1
15,48,56853,1
2,40,6838,1
15,48,56857,1
15,48,56859,1
15,48,56861,1
2,40,6840,1
15,48,56865,1
15,48,56867,1
15,48,56869,1
15,48,56871,1
15,48,56873,1
15,48,56875,1
15,48,56877,1
15,48,56879,1
2,40,6842,1
2,40,6844,1
15,48,56885,1
15,48,56887,1
15,48,56889,1
15,48,56891,1
15,49,56894,1
15,49,56896,1
15,49,56898,1
15,49,56900,1
2,40,6846,1
2,40,6848,1
2,40,6850,1
15,49,56908,1
15,49,56910,1
15,49,56912,1
15,49,56914,1
15,49,56916,1
15,49,56918,1
2,41,6853,1
2,41,6855,1
15,49,56924,1
15,49,56926,1
15,49,56928,1
15,49,56930,1
15,49,56932,1
15,49,56934,1
15,49,56936,1
2,41,6857,1
15,49,56940,1
15,49,56942,1
2,41,6859,1
15,49,56946,1
15,49,56948,1
2,41,6861,1
15,49,56952,1
2,41,6863,1
15,49,56956,1
15,49,56958,1
15,49,56960,1
15,49,56962,1
15,49,56964,1
15,49,56966,1
15,49,56968,1
15,49,56970,1
15,49,56972,1
15,49,56974,1
15,49,56976,1
15,49,56978,1
15,49,56980,1
15,49,56982,1
15,50,56984,1
15,50,56986,1
2,41,6865,1
15,50,56990,1
15,50,56992,1
15,50,56994,1
15,50,56996,1
2,41,6867,1
2,41,6871,1
15,50,57002,1
15,50,57004,1
15,50,57006,1
15,50,57008,1
2,41,6873,1
15,50,57012,1
15,50,57014,1
15,50,57016,1
15,50,57018,1
15,50,57020,1
2,41,6875,1
2,41,6877,1
15,50,57026,1
15,50,57028,1
15,50,57030,1
15,50,57032,1
15,50,57034,1
15,50,57036,1
15,50,57038,1
15,50,57040,1
15,50,57042,1
2,41,6879,1
15,50,57046,1
15,50,57048,1
15,50,57050,1
15,50,57052,1
15,50,57054,1
2,41,6881,1
15,50,57058,1
15,50,57060,1
15,50,57062,1
15,50,57064,1
15,50,57066,1
15,50,57068,1
15,50,57070,1
15,50,57072,1
2,41,6883,1
15,50,57076,1
2,41,6885,1
15,50,57080,1
15,50,57082,1
2,41,6891,1
15,50,57086,1
15,51,57089,1
15,51,57091,1
15,51,57093,1
2,41,6893,1
15,51,57097,1
15,51,57099,1
15,51,57101,1
2,41,6897,1
2,41,6899,1
2,41,6903,1
2,41,6905,1
15,51,57111,1
15,51,57113,1
15,51,57115,1
2,41,6907,1
2,41,6909,1
15,51,57121,1
15,51,57123,1
2,41,6911,1
15,51,57127,1
15,52,57130,1
15,52,57132,1
2,41,6913,1
15,52,57136,1
15,52,57138,1
15,52,57140,1
2,41,6915,1
15,52,57144,1
15,52,57146,1
2,41,6917,1
15,52,57150,1
15,52,57152,1
15,52,57154,1
15,52,57156,1
15,52,57158,1
15,52,57160,1
15,52,57162,1
15,52,57164,1
15,52,57166,1
15,52,57168,1
15,52,57170,1
15,52,57172,1
15,52,57174,1
15,52,57176,1
15,52,57178,1
15,52,57180,1
15,52,57182,1
15,52,57184,1
15,52,57186,1
15,52,57188,1
2,41,6919,1
2,41,6921,1
2,41,6923,1
15,52,57196,1
15,52,57198,1
15,52,57200,1
15,52,57202,1
15,52,57204,1
15,52,57206,1
15,52,57208,1
15,52,57210,1
15,52,57212,1
15,52,57214,1
15,53,57217,1
15,53,57219,1
15,53,57221,1
15,53,57223,1
15,53,57225,1
15,53,57227,1
15,53,57229,1
15,53,57231,1
15,53,57233,1
15,53,57235,1
15,53,57237,1
15,53,57239,1
15,53,57241,1
15,53,57243,1
15,53,57245,1
2,41,6925,1
15,53,57249,1
15,53,57251,1
2,41,6927,1
2,41,6929,1
15,53,57257,1
15,53,57259,1
15,53,57261,1
15,53,57263,1
15,53,57265,1
15,53,57267,1
15,53,57269,1
15,53,57271,1
15,53,57273,1
15,53,57275,1
15,53,57277,1
15,53,57279,1
15,53,57281,1
15,53,57283,1
15,53,57285,1
15,53,57287,1
15,53,57289,1
15,53,57291,1
15,53,57293,1
15,53,57295,1
15,53,57297,1
15,53,57299,1
15,53,57301,1
15,55,57305,1
15,55,57307,1
15,55,57309,1
15,55,57311,1
15,55,57313,1
2,41,6931,1
15,55,57317,1
15,55,57319,1
15,55,57321,1
15,58,57325,1
15,58,57327,1
15,58,57329,1
15,58,57331,1
15,58,57333,1
15,58,57335,1
15,58,57337,1
15,58,57339,1
15,58,57341,1
15,58,57343,1
15,58,57345,1
16,1,57350,1
16,1,57352,1
16,1,57354,1
16,1,57356,1
16,1,57358,1
16,1,57360,1
16,1,57362,1
16,1,57364,1
16,1,57366,1
16,1,57368,1
16,1,57370,1
16,1,57372,1
2,41,6933,1
16,1,57376,1
16,1,57378,1
16,1,57380,1
2,41,6935,1
16,1,57384,1
16,1,57386,1
2,42,6938,1
16,1,57390,1
16,1,57392,1
2,42,6942,1
2,42,6944,1
16,1,57398,1
16,1,57400,1
16,1,57402,1
16,1,57404,1
16,1,57406,1
16,1,57408,1
16,1,57410,1
16,1,57412,1
16,1,57414,1
16,2,57417,1
16,2,57419,1
2,42,6946,1
16,2,57423,1
16,2,57425,1
16,2,57427,1
16,2,57429,1
2,42,6948,1
2,42,6950,1
2,42,6952,1
16,2,57437,1
16,2,57439,1
16,2,57441,1
16,2,57443,1
16,2,57445,1
2,42,6954,1
2,42,6956,1
16,2,57451,1
2,42,6958,1
16,2,57455,1
16,2,57457,1
16,2,57459,1
16,2,57461,1
2,42,6960,1
16,2,57465,1
16,2,57467,1
16,2,57469,1
16,2,57471,1
2,42,6964,1
16,2,57475,1
16,2,57477,1
2,42,6968,1
16,2,57481,1
2,42,6970,1
16,2,57485,1
16,2,57487,1
16,2,57489,1
16,2,57491,1
16,2,57493,1
2,42,6974,1
16,3,57498,1
16,3,57500,1
16,3,57502,1
2,42,6976,1
16,3,57506,1
16,3,57508,1
2,42,6978,1
16,3,57512,1
16,3,57514,1
16,3,57516,1
2,43,6982,1
2,43,6984,1
16,3,57522,1
16,3,57524,1
16,3,57526,1
16,3,57528,1
16,3,57530,1
16,3,57532,1
2,43,6986,1
16,3,57536,1
16,3,57538,1
2,43,6988,1
16,3,57542,1
2,43,6990,1
16,3,57546,1
16,3,57548,1
2,43,6992,1
16,3,57552,1
2,43,6994,1
2,43,6998,1
16,3,57558,1
16,3,57560,1
16,3,57562,1
2,43,7000,1
2,43,7002,1
2,43,7004,1
16,4,57570,1
16,4,57572,1
2,43,7010,1
2,43,7012,1
2,43,7014,1
16,4,57580,1
16,4,57582,1
16,4,57584,1
16,4,57586,1
16,4,57588,1
16,4,57590,1
16,4,57592,1
2,43,7016,1
16,4,57596,1
16,4,57598,1
16,4,57600,1
16,4,57602,1
2,43,7018,1
16,4,57606,1
2,43,7020,1
2,43,7022,1
2,43,7024,1
2,43,7028,1
16,4,57616,1
16,4,57618,1
16,4,57620,1
16,4,57622,1
16,5,57625,1
2,44,7031,1
16,5,57629,1
2,44,7033,1
16,5,57633,1
16,5,57635,1
16,5,57637,1
16,5,57639,1
2,44,7037,1
16,5,57643,1
2,44,7039,1
16,5,57647,1
2,44,7041,1
2,44,7043,1
16,5,57653,1
16,5,57655,1
16,5,57657,1
2,44,7045,1
2,44,7047,1
16,5,57663,1
16,5,57665,1
16,5,57667,1
16,5,57669,1
2,44,7049,1
16,5,57673,1
16,5,57675,1
16,5,57677,1
16,5,57679,1
16,5,57681,1
16,5,57683,1
16,5,57685,1
16,5,57687,1
16,5,57689,1
16,5,57691,1
16,5,57693,1
16,5,57695,1
16,5,57697,1
2,44,7051,1
16,5,57701,1
16,5,57703,1
16,5,57705,1
16,5,57707,1
16,5,57709,1
2,44,7053,1
16,6,57714,1
2,45,7058,1
2,45,7062,1
2,45,7066,1
2,45,7072,1
16,6,57724,1
16,6,57726,1
16,6,57728,1
16,6,57730,1
16,6,57732,1
16,6,57734,1
16,6,57736,1
2,45,7074,1
2,45,7076,1
2,45,7078,1
16,6,57744,1
16,6,57746,1
16,6,57748,1
16,6,57750,1
2,45,7080,1
16,6,57754,1
16,6,57756,1
16,6,57758,1
2,45,7082,1
16,6,57762,1
16,6,57764,1
16,6,57766,1
16,6,57768,1
16,6,57770,1
2,45,7084,1
16,6,57774,1
16,6,57776,1
16,6,57778,1
16,6,57780,1
16,6,57782,1
16,6,57784,1
16,6,57786,1
2,45,7086,1
16,6,57790,1
16,6,57792,1
16,6,57794,1
2,45,7088,1
16,6,57798,1
2,45,7090,1
16,6,57802,1
2,45,7094,1
16,7,57807,1
2,45,7098,1
16,7,57811,1
2,45,7100,1
2,45,7102,1
16,7,57817,1
16,7,57819,1
2,45,7108,1
16,7,57823,1
16,7,57825,1
16,7,57827,1
16,7,57829,1
16,7,57831,1
2,46,7111,1
2,46,7113,1
16,7,57837,1
2,46,7115,1
2,46,7121,1
16,7,57843,1
2,46,7123,1
2,46,7125,1
16,7,57849,1
16,7,57851,1
2,46,7127,1
16,7,57855,1
16,7,57857,1
16,7,57859,1
16,7,57861,1
16,7,57863,1
16,7,57865,1
16,8,57868,1
16,8,57870,1
16,8,57872,1
16,8,57874,1
16,8,57876,1
16,8,57878,1
2,46,7129,1
16,8,57882,1
16,8,57884,1
16,8,57886,1
16,8,57888,1
16,8,57890,1
16,8,57892,1
16,8,57894,1
16,8,57896,1
16,8,57898,1
16,8,57900,1
16,8,57902,1
16,8,57904,1
16,8,57906,1
16,8,57908,1
16,8,57910,1
16,8,57912,1
16,8,57914,1
16,8,57916,1
16,8,57918,1
16,8,57920,1
16,8,57922,1
16,8,57924,1
16,8,57926,1
16,8,57928,1
16,8,57930,1
16,8,57932,1
16,8,57934,1
2,46,7131,1
16,8,57938,1
2,46,7133,1
16,8,57942,1
16,8,57944,1
16,8,57946,1
16,8,57948,1
16,8,57950,1
2,46,7135,1
16,9,57954,1
16,9,57956,1
16,9,57958,1
2,46,7137,1
16,9,57962,1
16,9,57964,1
2,46,7139,1
2,46,7141,1
16,9,57970,1
2,46,7143,1
16,9,57974,1
16,9,57976,1
16,9,57978,1
16,9,57980,1
16,9,57982,1
2,46,7145,1
16,9,57986,1
16,9,57988,1
2,46,7149,1
16,9,57992,1
2,46,7151,1
16,9,57996,1
2,46,7153,1
2,46,7157,1
2,46,7159,1
16,9,58004,1
2,46,7161,1
2,46,7163,1
16,9,58010,1
16,9,58012,1
16,9,58014,1
16,9,58016,1
16,9,58018,1
16,10,58020,1
16,10,58022,1
16,10,58024,1
16,10,58026,1
16,10,58028,1
16,10,58030,1
2,46,7167,1
16,10,58034,1
2,46,7169,1
2,46,7171,1
16,10,58040,1
16,10,58042,1
16,10,58044,1
16,10,58046,1
16,10,58048,1
16,10,58050,1
16,10,58052,1
2,47,7173,1
16,10,58056,1
16,10,58058,1
16,10,58060,1
16,10,58062,1
16,10,58064,1
16,10,58066,1
16,10,58068,1
16,10,58070,1
16,10,58072,1
16,10,58074,1
16,10,58076,1
16,10,58078,1
16,10,58080,1
16,10,58082,1
16,10,58084,1
16,10,58086,1
16,10,58088,1
16,10,58090,1
16,10,58092,1
16,10,58094,1
16,10,58096,1
16,10,58098,1
2,47,7175,1
2,47,7177,1
2,47,7181,1
2,47,7183,1
16,10,58108,1
2,47,7185,1
2,47,7187,1
2,47,7189,1
2,47,7191,1
16,10,58118,1
16,10,58120,1
16,10,58122,1
2,47,7193,1
16,10,58126,1
16,11,58128,1
16,11,58130,1
2,47,7199,1
16,11,58134,1
2,47,7201,1
16,11,58138,1
2,47,7203,1
16,11,58142,1
16,11,58144,1
16,11,58146,1
16,11,58148,1
2,47,7205,1
16,11,58152,1
16,11,58154,1
16,11,58156,1
16,11,58158,1
2,47,7207,1
2,47,7211,1
2,47,7215,1
2,47,7217,1
2,47,7219,1
2,47,7221,1
16,11,58172,1
16,11,58174,1
16,11,58176,1
16,11,58178,1
16,11,58180,1
16,11,58182,1
16,12,58184,1
16,12,58186,1
16,12,58188,1
2,47,7223,1
16,12,58192,1
2,47,7229,1
16,12,58196,1
16,12,58198,1
16,12,58200,1
16,12,58202,1
16,12,58204,1
16,12,58206,1
16,12,58208,1
16,12,58210,1
16,12,58212,1
16,12,58214,1
16,12,58216,1
2,47,7233,1
16,12,58220,1
2,48,7236,1
2,48,7238,1
16,12,58226,1
2,48,7240,1
2,48,7242,1
2,48,7244,1
16,12,58234,1
16,12,58236,1
16,12,58238,1
16,12,58240,1
16,12,58242,1
16,12,58244,1
2,48,7246,1
16,12,58248,1
16,12,58250,1
2,48,7248,1
16,12,58254,1
16,13,58257,1
16,13,58259,1
16,13,58261,1
16,13,58263,1
16,13,58265,1
16,13,58267,1
16,13,58269,1
16,13,58271,1
16,13,58273,1
16,13,58275,1
16,13,58277,1
16,13,58279,1
16,13,58281,1
16,13,58283,1
16,13,58285,1
16,13,58287,1
16,13,58289,1
16,13,58291,1
16,13,58293,1
16,13,58295,1
16,13,58297,1
16,13,58299,1
16,13,58301,1
2,48,7250,1
16,13,58305,1
16,13,58307,1
16,13,58309,1
16,13,58311,1
16,13,58313,1
2,48,7256,1
2,48,7260,1
16,13,58319,1
16,13,58321,1
16,13,58323,1
16,13,58325,1
16,13,58327,1
16,13,58329,1
16,13,58331,1
16,13,58333,1
16,13,58335,1
16,13,58337,1
2,48,7262,1
16,13,58341,1
16,13,58343,1
16,13,58345,1
16,14,58347,1
16,14,58349,1
2,48,7264,1
2,48,7266,1
2,48,7268,1
2,48,7270,1
2,48,7272,1
2,48,7274,1
2,48,7276,1
16,14,58365,1
16,14,58367,1
16,14,58369,1
2,48,7278,1
16,14,58373,1
2,48,7280,1
16,14,58377,1
2,48,7282,1
2,48,7286,1
2,48,7288,1
2,48,7290,1
2,48,7292,1
16,14,58389,1
2,48,7294,1
16,14,58393,1
2,48,7296,1
2,48,7300,1
2,48,7302,1
2,48,7304,1
2,48,7306,1
16,15,58405,1
16,15,58407,1
16,15,58409,1
16,15,58411,1
16,15,58413,1
2,48,7308,1
16,15,58417,1
16,15,58419,1
16,15,58421,1
16,15,58423,1
16,15,58425,1
16,15,58427,1
2,48,7310,1
16,15,58431,1
2,48,7312,1
2,48,7314,1
16,15,58437,1
16,15,58439,1
16,15,58441,1
16,15,58443,1
16,15,58445,1
16,15,58447,1
16,15,58449,1
2,48,7318,1
16,15,58453,1
16,15,58455,1
16,15,58457,1
2,49,7323,1
16,15,58461,1
16,15,58463,1
16,15,58465,1
16,15,58467,1
16,15,58469,1
16,15,58471,1
16,15,58473,1
2,49,7325,1
16,15,58477,1
16,15,58479,1
16,15,58481,1
16,15,58483,1
16,15,58485,1
2,49,7329,1
16,16,58490,1
16,16,58492,1
16,16,58494,1
16,16,58496,1
16,16,58498,1
2,49,7331,1
16,16,58502,1
2,49,7335,1
2,49,7337,1
2,49,7341,1
16,16,58510,1
16,16,58512,1
16,16,58514,1
16,16,58516,1
16,16,58518,1
16,16,58520,1
16,16,58522,1
16,16,58524,1
2,49,7343,1
2,49,7345,1
16,16,58530,1
16,17,58533,1
16,17,58535,1
16,17,58537,1
16,17,58539,1
16,17,58541,1
16,17,58543,1
16,17,58545,1
2,49,7347,1
16,17,58549,1
16,17,58551,1
2,49,7349,1
16,17,58555,1
16,17,58557,1
16,17,58559,1
16,17,58561,1
16,17,58563,1
16,17,58565,1
2,49,7351,1
2,49,7353,1
2,49,7355,1
2,49,7357,1
16,17,58575,1
16,17,58577,1
2,49,7359,1
16,17,58581,1
16,17,58583,1
16,17,58585,1
16,17,58587,1
16,17,58589,1
16,17,58591,1
16,17,58593,1
16,17,58595,1
16,18,58597,1
16,18,58599,1
16,18,58601,1
16,18,58603,1
16,18,58605,1
2,49,7361,1
16,18,58609,1
2,49,7363,1
16,18,58613,1
16,18,58615,1
16,18,58617,1
2,49,7365,1
16,18,58621,1
16,18,58623,1
16,18,58625,1
2,49,7367,1
16,18,58629,1
16,18,58631,1
16,18,58633,1
16,18,58635,1
16,18,58637,1
16,18,58639,1
16,18,58641,1
16,18,58643,1
2,49,7369,1
16,18,58647,1
16,18,58649,1
16,18,58651,1
16,18,58653,1
16,18,58655,1
16,18,58657,1
16,18,58659,1
16,19,58662,1
16,19,58664,1
2,49,7373,1
16,19,58668,1
2,49,7377,1
16,19,58672,1
16,19,58674,1
16,19,58676,1
2,49,7379,1
2,49,7381,1
16,19,58682,1
16,19,58684,1
16,19,58686,1
2,49,7383,1
16,19,58690,1
16,19,58692,1
16,19,58694,1
16,19,58696,1
16,19,58698,1
2,49,7385,1
16,19,58702,1
16,19,58704,1
2,49,7387,1
16,19,58708,1
16,19,58710,1
16,19,58712,1
2,49,7389,1
16,19,58716,1
16,19,58718,1
16,19,58720,1
16,19,58722,1
16,19,58724,1
2,49,7391,1
2,49,7393,1
16,19,58730,1
16,19,58732,1
16,19,58734,1
16,19,58736,1
16,19,58738,1
16,19,58740,1
16,19,58742,1
16,19,58744,1
16,19,58746,1
16,19,58748,1
2,49,7397,1
16,20,58753,1
16,20,58755,1
16,20,58757,1
2,49,7399,1
2,49,7401,1
16,20,58763,1
16,20,58765,1
16,20,58767,1
2,49,7403,1
16,20,58771,1
16,20,58773,1
2,50,7406,1
16,20,58777,1
2,50,7408,1
16,20,58781,1
16,20,58783,1
16,20,58785,1
2,50,7410,1
16,20,58789,1
2,50,7416,1
2,50,7418,1
2,50,7422,1
16,20,58797,1
16,20,58799,1
16,20,58801,1
2,50,7424,1
2,50,7426,1
16,20,58807,1
16,20,58809,1
2,50,7428,1
16,20,58813,1
16,20,58815,1
16,20,58817,1
2,50,7432,1
16,20,58821,1
16,20,58823,1
16,20,58825,1
16,20,58827,1
16,20,58829,1
16,20,58831,1
2,50,7434,1
2,50,7436,1
16,20,58837,1
2,50,7438,1
16,21,58842,1
16,21,58844,1
2,50,7440,1
16,21,58848,1
16,21,58850,1
16,21,58852,1
16,21,58854,1
2,50,7442,1
16,21,58858,1
16,21,58860,1
2,50,7446,1
16,21,58864,1
16,21,58866,1
2,50,7448,1
16,21,58870,1
2,50,7450,1
2,50,7452,1
16,21,58876,1
2,50,7454,1
16,21,58880,1
16,21,58882,1
16,21,58884,1
2,50,7456,1
2,50,7460,1
2,50,7462,1
16,21,58892,1
16,21,58894,1
16,21,58896,1
16,21,58898,1
16,21,58900,1
16,21,58902,1
16,21,58904,1
16,22,58907,1
16,22,58909,1
16,22,58911,1
16,22,58913,1
16,22,58915,1
16,22,58917,1
2,50,7464,1
16,22,58921,1
16,22,58923,1
16,22,58925,1
16,22,58927,1
2,51,7469,1
2,51,7471,1
2,51,7473,1
2,51,7475,1
16,22,58937,1
16,22,58939,1
2,51,7477,1
16,22,58943,1
16,22,58945,1
16,22,58947,1
16,22,58949,1
16,22,58951,1
2,51,7479,1
16,22,58955,1
2,51,7481,1
16,22,58959,1
16,22,58961,1
2,51,7483,1
16,22,58965,1
16,22,58967,1
16,22,58969,1
16,22,58971,1
16,22,58973,1
16,22,58975,1
16,22,58977,1
16,22,58979,1
16,22,58981,1
16,22,58983,1
16,22,58985,1
16,22,58987,1
16,22,58989,1
16,22,58991,1
16,23,58994,1
16,23,58996,1
16,23,58998,1
2,51,7485,1
16,23,59002,1
16,23,59004,1
2,51,7487,1
2,51,7489,1
16,23,59010,1
2,51,7491,1
2,51,7493,1
16,23,59016,1
16,23,59018,1
16,23,59020,1
16,23,59022,1
16,23,59024,1
16,23,59026,1
2,51,7495,1
16,23,59030,1
2,51,7497,1
16,23,59034,1
16,23,59036,1
16,23,59038,1
16,23,59040,1
2,51,7499,1
16,23,59044,1
2,51,7501,1
2,52,7506,1
2,52,7508,1
16,23,59052,1
2,52,7514,1
2,52,7516,1
16,23,59058,1
16,23,59060,1
16,23,59062,1
2,52,7518,1
16,23,59066,1
16,23,59068,1
2,52,7524,1
16,23,59072,1
16,23,59074,1
16,23,59076,1
16,24,59079,1
16,24,59081,1
2,52,7526,1
16,24,59085,1
16,24,59087,1
2,52,7530,1
16,24,59091,1
2,52,7534,1
2,52,7536,1
16,24,59097,1
16,24,59099,1
16,24,59101,1
16,24,59103,1
16,24,59105,1
16,24,59107,1
16,24,59109,1
16,24,59111,1
16,24,59113,1
16,24,59115,1
2,52,7538,1
16,24,59119,1
16,24,59121,1
2,52,7540,1
16,24,59125,1
2,52,7542,1
16,24,59129,1
16,24,59131,1
2,53,7545,1
2,53,7547,1
16,24,59137,1
2,53,7549,1
2,53,7551,1
2,53,7553,1
16,24,59145,1
16,24,59147,1
16,24,59149,1
2,53,7555,1
16,24,59153,1
16,24,59155,1
16,24,59157,1
16,24,59159,1
16,25,59162,1
16,25,59164,1
2,53,7557,1
16,25,59168,1
16,25,59170,1
2,53,7565,1
2,53,7567,1
2,53,7575,1
16,25,59178,1
16,25,59180,1
16,25,59182,1
2,53,7579,1
16,25,59186,1
2,53,7581,1
16,25,59190,1
16,25,59192,1
16,25,59194,1
2,53,7585,1
16,25,59198,1
16,25,59200,1
16,25,59202,1
16,25,59204,1
16,25,59206,1
16,25,59208,1
16,25,59210,1
16,25,59212,1
16,25,59214,1
2,53,7587,1
16,25,59218,1
2,53,7589,1
16,25,59222,1
16,25,59224,1
16,25,59226,1
16,25,59228,1
16,25,59230,1
2,53,7591,1
16,25,59234,1
16,25,59236,1
16,25,59238,1
16,25,59240,1
16,25,59242,1
16,25,59244,1
16,25,59246,1
16,25,59248,1
16,25,59250,1
16,25,59252,1
16,25,59254,1
16,25,59256,1
16,25,59258,1
2,53,7593,1
2,53,7595,1
16,26,59265,1
2,53,7597,1
16,26,59269,1
2,53,7603,1
16,26,59273,1
16,26,59275,1
16,26,59277,1
16,26,59279,1
2,53,7605,1
16,26,59283,1
2,54,7607,1
2,55,7610,1
2,55,7612,1
16,26,59291,1
16,26,59293,1
16,27,59296,1
16,27,59298,1
2,55,7614,1
2,55,7616,1
16,27,59304,1
16,27,59306,1
16,27,59308,1
16,27,59310,1
16,27,59312,1
16,27,59314,1
16,27,59316,1
16,27,59318,1
16,27,59320,1
16,27,59322,1
16,27,59324,1
2,55,7618,1
16,27,59328,1
2,55,7620,1
16,27,59332,1
2,55,7624,1
16,27,59336,1
2,55,7626,1
16,27,59340,1
16,27,59342,1
16,27,59344,1
16,27,59346,1
16,27,59348,1
16,28,59351,1
16,28,59353,1
2,56,7629,1
2,56,7631,1
2,56,7635,1
16,28,59361,1
16,28,59363,1
16,28,59365,1
16,28,59367,1
16,28,59369,1
2,56,7639,1
2,56,7641,1
16,28,59375,1
16,28,59377,1
16,28,59379,1
16,28,59381,1
16,28,59383,1
16,28,59385,1
16,28,59387,1
2,56,7643,1
16,28,59391,1
16,28,59393,1
2,56,7645,1
16,28,59397,1
16,28,59399,1
16,28,59401,1
2,56,7647,1
2,57,7649,1
16,28,59407,1
3,1,7655,1
3,1,7657,1
16,28,59413,1
16,28,59415,1
3,1,7659,1
16,28,59419,1
16,28,59421,1
16,28,59423,1
16,29,59426,1
16,29,59428,1
16,29,59430,1
16,29,59432,1
3,1,7663,1
16,29,59436,1
3,1,7667,1
16,29,59440,1
16,29,59442,1
16,29,59444,1
3,1,7669,1
3,1,7673,1
16,29,59450,1
3,1,7675,1
16,29,59454,1
16,29,59456,1
16,29,59458,1
3,1,7677,1
16,29,59462,1
16,29,59464,1
16,29,59466,1
16,29,59468,1
16,29,59470,1
16,29,59472,1
16,29,59474,1
3,1,7679,1
16,29,59478,1
16,29,59480,1
16,29,59482,1
16,29,59484,1
16,29,59486,1
16,29,59488,1
16,29,59490,1
16,29,59492,1
3,1,7681,1
16,30,59497,1
3,1,7693,1
3,1,7695,1
16,30,59503,1
16,30,59505,1
16,30,59507,1
16,30,59509,1
16,30,59511,1
3,1,7697,1
16,30,59515,1
16,30,59517,1
3,1,7699,1
16,30,59521,1
16,30,59523,1
16,30,59525,1
16,30,59527,1
3,1,7703,1
16,30,59531,1
16,30,59533,1
3,1,7705,1
16,30,59537,1
16,30,59539,1
3,1,7707,1
16,30,59543,1
3,2,7712,1
16,30,59547,1
3,2,7714,1
16,30,59551,1
16,30,59553,1
16,31,59555,1
3,2,7716,1
16,31,59559,1
16,31,59561,1
16,31,59563,1
16,31,59565,1
16,31,59567,1
16,31,59569,1
16,31,59571,1
16,31,59573,1
3,2,7718,1
16,31,59577,1
3,2,7720,1
16,31,59581,1
16,31,59583,1
16,31,59585,1
16,31,59587,1
16,31,59589,1
16,31,59591,1
16,31,59593,1
16,31,59595,1
3,2,7722,1
16,31,59599,1
3,2,7726,1
16,31,59603,1
3,2,7732,1
3,2,7734,1
16,31,59609,1
16,31,59611,1
3,2,7736,1
16,31,59615,1
16,31,59617,1
3,2,7738,1
16,31,59621,1
16,31,59623,1
16,31,59625,1
16,31,59627,1
3,2,7740,1
3,2,7742,1
3,2,7744,1
16,31,59635,1
16,31,59637,1
16,32,59640,1
16,32,59642,1
3,2,7746,1
16,32,59646,1
16,32,59648,1
16,32,59650,1
16,32,59652,1
16,32,59654,1
16,32,59656,1
16,32,59658,1
16,32,59660,1
3,2,7748,1
16,32,59664,1
16,32,59666,1
16,32,59668,1
16,32,59670,1
16,32,59672,1
16,32,59674,1
3,2,7750,1
3,2,7752,1
16,32,59680,1
16,32,59682,1
16,32,59684,1
16,32,59686,1
16,32,59688,1
16,32,59690,1
3,2,7756,1
16,32,59694,1
16,32,59696,1
16,32,59698,1
16,32,59700,1
16,32,59702,1
3,2,7760,1
16,32,59706,1
16,32,59708,1
16,32,59710,1
16,32,59712,1
16,32,59714,1
16,32,59716,1
3,2,7764,1
16,32,59720,1
3,2,7768,1
3,2,7772,1
16,32,59726,1
16,32,59728,1
16,32,59730,1
16,32,59732,1
16,32,59734,1
16,32,59736,1
16,32,59738,1
16,32,59740,1
3,2,7774,1
16,33,59745,1
16,33,59747,1
3,2,7776,1
16,33,59751,1
16,33,59753,1
16,33,59755,1
16,33,59757,1
3,2,7778,1
16,33,59761,1
16,33,59763,1
16,33,59765,1
3,2,7780,1
16,33,59769,1
16,33,59771,1
16,33,59773,1
16,33,59775,1
16,33,59777,1
16,33,59779,1
16,33,59781,1
16,33,59783,1
16,33,59785,1
16,33,59787,1
16,34,59790,1
3,2,7782,1
16,34,59794,1
3,3,7785,1
16,34,59798,1
16,34,59800,1
16,34,59802,1
16,34,59804,1
16,34,59806,1
16,34,59808,1
16,34,59810,1
16,34,59812,1
16,34,59814,1
16,34,59816,1
16,34,59818,1
16,34,59820,1
16,34,59822,1
16,34,59824,1
16,34,59826,1
16,34,59828,1
16,34,59830,1
16,34,59832,1
16,34,59834,1
3,3,7789,1
16,34,59838,1
16,34,59840,1
16,34,59842,1
16,34,59844,1
16,34,59846,1
16,34,59848,1
16,34,59850,1
16,34,59852,1
16,34,59854,1
16,34,59856,1
16,35,59859,1
3,3,7795,1
16,35,59863,1
16,35,59865,1
16,35,59867,1
16,35,59869,1
16,35,59871,1
16,35,59873,1
3,3,7803,1
16,35,59877,1
16,35,59879,1
16,35,59881,1
3,3,7805,1
16,35,59885,1
16,35,59887,1
3,3,7807,1
16,35,59891,1
16,35,59893,1
3,3,7811,1
3,3,7815,1
16,35,59899,1
3,3,7817,1
16,35,59903,1
16,35,59905,1
16,35,59907,1
3,3,7819,1
16,35,59911,1
3,3,7821,1
16,35,59915,1
16,35,59917,1
16,35,59919,1
3,3,7823,1
3,3,7825,1
16,35,59925,1
16,35,59927,1
16,35,59929,1
16,35,59931,1
3,3,7827,1
16,35,59935,1
16,35,59937,1
3,3,7831,1
16,35,59941,1
16,36,59944,1
16,36,59946,1
16,36,59948,1
16,36,59950,1
16,36,59952,1
3,3,7833,1
16,36,59956,1
3,3,7841,1
3,3,7845,1
3,3,7847,1
16,36,59964,1
16,36,59966,1
16,36,59968,1
3,3,7849,1
16,36,59972,1
16,36,59974,1
16,36,59976,1
16,36,59978,1
16,36,59980,1
16,36,59982,1
3,3,7851,1
3,3,7857,1
16,36,59988,1
3,3,7861,1
16,36,59992,1
16,36,59994,1
16,36,59996,1
3,4,7863,1
16,36,60000,1
3,4,7865,1
16,36,60004,1
3,4,7871,1
16,36,60008,1
16,36,60010,1
16,36,60012,1
3,4,7873,1
16,36,60016,1
16,36,60018,1
3,4,7875,1
16,36,60022,1
16,36,60024,1
16,36,60026,1
16,36,60028,1
3,4,7877,1
16,36,60032,1
16,36,60034,1
16,36,60036,1
16,36,60038,1
16,37,60041,1
16,37,60043,1
16,37,60045,1
3,4,7879,1
3,4,7881,1
16,37,60051,1
16,37,60053,1
3,4,7883,1
16,37,60057,1
3,4,7885,1
3,4,7887,1
16,37,60063,1
16,37,60065,1
16,37,60067,1
16,37,60069,1
16,37,60071,1
3,4,7889,1
16,37,60075,1
16,37,60077,1
16,37,60079,1
3,4,7891,1
3,4,7899,1
16,37,60085,1
16,37,60087,1
16,37,60089,1
16,37,60091,1
16,37,60093,1
16,37,60095,1
16,37,60097,1
3,4,7903,1
3,4,7907,1
3,4,7913,1
16,37,60105,1
16,37,60107,1
3,4,7917,1
3,4,7919,1
3,4,7923,1
16,37,60115,1
3,4,7925,1
16,37,60119,1
16,37,60121,1
3,4,7927,1
16,37,60125,1
16,37,60127,1
16,37,60129,1
16,37,60131,1
16,37,60133,1
16,38,60135,1
16,38,60137,1
16,38,60139,1
16,38,60141,1
16,38,60143,1
3,4,7929,1
16,38,60147,1
16,38,60149,1
16,38,60151,1
16,38,60153,1
16,38,60155,1
16,38,60157,1
16,38,60159,1
16,38,60161,1
3,4,7931,1
16,38,60165,1
3,5,7934,1
16,38,60169,1
16,38,60171,1
3,5,7940,1
16,38,60175,1
3,5,7942,1
16,38,60179,1
16,38,60181,1
16,38,60183,1
16,38,60185,1
16,38,60187,1
3,5,7944,1
16,38,60191,1
3,5,7950,1
3,5,7952,1
16,38,60197,1
3,5,7954,1
16,38,60201,1
16,38,60203,1
16,38,60205,1
3,5,7956,1
16,39,60210,1
16,39,60212,1
16,39,60214,1
16,39,60216,1
16,39,60218,1
16,39,60220,1
3,5,7958,1
3,5,7962,1
16,39,60226,1
16,39,60228,1
16,39,60230,1
16,39,60232,1
3,5,7964,1
16,39,60236,1
16,39,60238,1
16,39,60240,1
3,5,7966,1
3,5,7968,1
3,5,7970,1
3,5,7972,1
16,39,60250,1
3,5,7974,1
3,5,7976,1
16,39,60256,1
3,5,7978,1
16,39,60260,1
16,40,60263,1
16,40,60265,1
16,40,60267,1
3,5,7980,1
3,5,7982,1
16,40,60273,1
16,40,60275,1
16,40,60277,1
16,40,60279,1
16,40,60281,1
16,40,60283,1
16,40,60285,1
16,40,60287,1
16,40,60289,1
16,40,60291,1
16,40,60293,1
16,40,60295,1
16,40,60297,1
16,40,60299,1
16,40,60301,1
16,40,60303,1
16,40,60305,1
16,40,60307,1
16,40,60309,1
16,40,60311,1
16,40,60313,1
16,40,60315,1
16,40,60317,1
16,40,60319,1
16,40,60321,1
3,5,7984,1
16,40,60325,1
16,40,60327,1
16,40,60329,1
16,40,60331,1
16,40,60333,1
16,40,60335,1
16,40,60337,1
3,5,7986,1
16,40,60341,1
16,40,60343,1
3,5,7992,1
16,41,60348,1
16,41,60350,1
16,41,60352,1
3,5,7994,1
16,41,60356,1
16,41,60358,1
16,41,60360,1
16,41,60362,1
16,41,60364,1
16,41,60366,1
16,41,60368,1
16,41,60370,1
16,41,60372,1
16,41,60374,1
16,41,60376,1
3,5,7996,1
16,41,60380,1
16,41,60382,1
16,41,60384,1
16,41,60386,1
16,41,60388,1
3,5,7998,1
16,41,60392,1
16,41,60394,1
3,5,8000,1
3,5,8002,1
3,5,8004,1
16,41,60402,1
3,5,8006,1
16,41,60406,1
16,41,60408,1
16,41,60410,1
3,5,8008,1
16,41,60414,1
16,41,60416,1
16,41,60418,1
16,41,60420,1
16,42,60423,1
3,5,8014,1
16,42,60427,1
16,42,60429,1
16,42,60431,1
16,42,60433,1
16,42,60435,1
3,5,8016,1
16,42,60439,1
16,42,60441,1
16,42,60443,1
16,42,60445,1
16,42,60447,1
16,42,60449,1
16,42,60451,1
16,42,60453,1
16,42,60455,1
16,42,60457,1
16,42,60459,1
16,42,60461,1
16,42,60463,1
16,42,60465,1
16,42,60467,1
16,43,60470,1
16,43,60472,1
16,43,60474,1
3,5,8018,1
16,43,60478,1
16,43,60480,1
16,43,60482,1
16,43,60484,1
16,43,60486,1
3,5,8020,1
16,43,60490,1
16,43,60492,1
16,43,60494,1
16,43,60496,1
16,43,60498,1
16,43,60500,1
16,43,60502,1
3,5,8022,1
16,43,60506,1
16,43,60508,1
16,43,60510,1
16,44,60513,1
16,44,60515,1
16,44,60517,1
3,6,8027,1
16,44,60521,1
16,44,60523,1
3,6,8029,1
16,44,60527,1
16,44,60529,1
16,44,60531,1
16,44,60533,1
16,44,60535,1
3,6,8031,1
16,44,60539,1
16,44,60541,1
16,44,60543,1
16,44,60545,1
3,6,8035,1
16,44,60549,1
16,44,60551,1
16,44,60553,1
3,6,8041,1
16,45,60558,1
16,45,60560,1
16,45,60562,1
3,6,8051,1
16,45,60566,1
16,45,60568,1
16,45,60570,1
16,45,60572,1
16,45,60574,1
16,45,60576,1
3,6,8055,1
3,6,8057,1
16,45,60582,1
3,6,8061,1
16,45,60586,1
16,45,60588,1
16,45,60590,1
16,45,60592,1
16,45,60594,1
16,45,60596,1
16,45,60598,1
16,45,60600,1
16,46,60603,1
3,6,8063,1
16,46,60607,1
3,6,8065,1
3,6,8067,1
3,6,8069,1
3,6,8079,1
16,46,60617,1
16,46,60619,1
16,46,60621,1
16,46,60623,1
3,6,8081,1
16,46,60627,1
16,46,60629,1
16,46,60631,1
3,6,8083,1
3,6,8085,1
16,46,60637,1
16,46,60639,1
3,6,8087,1
16,46,60643,1
16,46,60645,1
16,46,60647,1
16,46,60649,1
16,46,60651,1
16,46,60653,1
16,46,60655,1
3,6,8091,1
16,47,60660,1
3,6,8093,1
16,47,60664,1
3,6,8097,1
3,6,8099,1
16,47,60670,1
16,47,60672,1
3,6,8101,1
16,47,60676,1
16,47,60678,1
16,47,60680,1
16,47,60682,1
16,47,60684,1
16,47,60686,1
16,47,60688,1
3,7,8105,1
16,47,60692,1
16,47,60694,1
16,47,60696,1
16,47,60698,1
16,47,60700,1
16,47,60702,1
3,7,8107,1
16,47,60706,1
3,7,8109,1
16,47,60710,1
16,47,60712,1
16,47,60714,1
16,47,60716,1
16,47,60718,1
16,47,60720,1
16,47,60722,1
16,47,60724,1
16,47,60726,1
16,47,60728,1
16,47,60730,1
3,7,8111,1
16,47,60734,1
16,47,60736,1
16,47,60738,1
16,47,60740,1
16,47,60742,1
16,48,60745,1
3,7,8113,1
3,7,8115,1
3,7,8117,1
3,7,8119,1
16,48,60755,1
16,48,60757,1
16,48,60759,1
16,48,60761,1
16,48,60763,1
16,48,60765,1
16,48,60767,1
16,48,60769,1
16,48,60771,1
16,48,60773,1
16,48,60775,1
16,48,60777,1
3,7,8121,1
16,48,60781,1
16,48,60783,1
3,7,8123,1
3,7,8125,1
16,48,60789,1
3,7,8127,1
16,48,60793,1
16,48,60795,1
3,7,8131,1
16,49,60800,1
16,49,60802,1
16,49,60804,1
16,49,60806,1
16,49,60808,1
16,49,60810,1
16,49,60812,1
16,49,60814,1
3,7,8133,1
16,49,60818,1
16,49,60820,1
3,7,8135,1
16,49,60824,1
16,49,60826,1
16,49,60828,1
16,49,60830,1
16,49,60832,1
16,49,60834,1
16,49,60836,1
16,49,60838,1
16,49,60840,1
16,49,60842,1
3,7,8139,1
16,49,60846,1
3,7,8141,1
16,49,60850,1
16,49,60852,1
16,49,60854,1
16,49,60856,1
16,49,60858,1
16,49,60860,1
16,49,60862,1
16,49,60864,1
16,49,60866,1
16,49,60868,1
16,50,60871,1
3,7,8143,1
16,50,60875,1
16,50,60877,1
16,50,60879,1
16,50,60881,1
16,50,60883,1
16,50,60885,1
16,50,60887,1
16,50,60889,1
16,50,60891,1
16,50,60893,1
16,50,60895,1
16,50,60897,1
16,50,60899,1
16,50,60901,1
16,50,60903,1
16,50,60905,1
16,50,60907,1
16,50,60909,1
16,50,60911,1
16,50,60913,1
16,50,60915,1
16,50,60917,1
16,50,60919,1
16,50,60921,1
16,50,60923,1
16,50,60925,1
3,7,8145,1
16,50,60929,1
16,50,60931,1
3,7,8147,1
16,50,60935,1
16,50,60937,1
16,50,60939,1
16,51,60942,1
16,51,60944,1
16,51,60946,1
16,51,60948,1
16,51,60950,1
3,7,8149,1
16,51,60954,1
3,7,8153,1
16,51,60958,1
16,51,60960,1
16,51,60962,1
3,7,8155,1
3,7,8159,1
16,51,60968,1
16,51,60970,1
3,7,8161,1
16,51,60974,1
3,7,8163,1
16,51,60978,1
16,51,60980,1
16,51,60982,1
16,51,60984,1
16,51,60986,1
16,51,60988,1
16,51,60990,1
16,51,60992,1
16,51,60994,1
16,51,60996,1
3,7,8165,1
16,51,61000,1
16,51,61002,1
16,51,61004,1
16,51,61006,1
3,8,8167,1
16,52,61011,1
16,52,61013,1
16,52,61015,1
16,52,61017,1
16,52,61019,1
16,52,61021,1
3,8,8169,1
3,8,8171,1
16,52,61027,1
3,8,8173,1
16,52,61031,1
16,52,61033,1
16,52,61035,1
16,52,61037,1
16,52,61039,1
16,52,61041,1
16,52,61043,1
3,8,8177,1
16,52,61047,1
16,52,61049,1
16,52,61051,1
16,52,61053,1
16,52,61055,1
16,52,61057,1
3,8,8181,1
16,52,61061,1
16,52,61063,1
3,8,8185,1
3,8,8187,1
3,8,8191,1
3,8,8195,1
3,8,8197,1
16,52,61075,1
16,53,61078,1
3,8,8201,1
3,8,8203,1
16,53,61084,1
16,53,61086,1
16,53,61088,1
16,53,61090,1
16,53,61092,1
16,53,61094,1
16,53,61096,1
16,53,61098,1
16,53,61100,1
16,53,61102,1
16,53,61104,1
3,8,8205,1
16,53,61108,1
3,8,8207,1
16,53,61112,1
16,53,61114,1
16,53,61116,1
16,53,61118,1
16,53,61120,1
3,8,8209,1
16,53,61124,1
3,8,8211,1
16,53,61128,1
16,53,61130,1
16,53,61132,1
3,8,8213,1
16,53,61136,1
16,53,61138,1
16,53,61140,1
16,53,61142,1
16,53,61144,1
16,53,61146,1
16,53,61148,1
16,53,61150,1
16,53,61152,1
16,53,61154,1
16,55,61158,1
16,55,61160,1
16,55,61162,1
16,55,61164,1
16,55,61166,1
3,8,8215,1
16,55,61170,1
16,55,61172,1
16,57,61176,1
16,57,61178,1
16,57,61180,1
16,57,61182,1
16,57,61184,1
16,57,61186,1
16,57,61188,1
16,57,61190,1
3,8,8217,1
16,57,61194,1
16,57,61196,1
16,59,61200,1
16,59,61202,1
3,8,8221,1
17,1,61207,1
17,1,61209,1
17,1,61211,1
17,1,61213,1
17,1,61215,1
17,1,61217,1
17,1,61219,1
17,1,61221,1
17,1,61223,1
3,8,8223,1
17,1,61227,1
17,1,61229,1
17,1,61231,1
17,1,61233,1
17,1,61235,1
17,1,61237,1
17,1,61239,1
17,1,61241,1
17,1,61243,1
3,8,8225,1
17,1,61247,1
17,1,61249,1
17,1,61251,1
17,1,61253,1
3,8,8229,1
17,1,61257,1
17,1,61259,1
3,8,8233,1
3,8,8235,1
17,1,61265,1
17,1,61267,1
3,8,8237,1
17,1,61271,1
17,1,61273,1
17,1,61275,1
17,1,61277,1
3,8,8239,1
17,1,61281,1
17,1,61283,1
17,1,61285,1
17,1,61287,1
17,1,61289,1
17,1,61291,1
3,8,8241,1
17,2,61296,1
17,2,61298,1
17,2,61300,1
17,2,61302,1
17,2,61304,1
17,2,61306,1
3,8,8243,1
3,8,8245,1
3,8,8247,1
3,8,8249,1
3,9,8252,1
3,9,8256,1
17,2,61320,1
17,2,61322,1
17,2,61324,1
17,2,61326,1
17,2,61328,1
17,2,61330,1
17,2,61332,1
3,9,8258,1
17,2,61336,1
17,2,61338,1
17,2,61340,1
3,9,8260,1
17,2,61344,1
17,2,61346,1
17,2,61348,1
17,2,61350,1
17,2,61352,1
17,2,61354,1
17,2,61356,1
17,2,61358,1
3,9,8264,1
17,2,61362,1
3,9,8266,1
3,9,8268,1
17,2,61368,1
17,2,61370,1
17,2,61372,1
17,2,61374,1
3,9,8270,1
17,2,61378,1
3,9,8272,1
17,2,61382,1
17,2,61384,1
17,3,61387,1
3,9,8276,1
3,9,8278,1
17,3,61393,1
17,3,61395,1
17,3,61397,1
17,3,61399,1
17,3,61401,1
3,9,8280,1
3,9,8282,1
3,9,8284,1
17,3,61409,1
17,3,61411,1
17,3,61413,1
17,3,61415,1
17,3,61417,1
17,3,61419,1
17,3,61421,1
17,3,61423,1
3,9,8286,1
17,3,61427,1
17,3,61429,1
17,3,61431,1
17,3,61433,1
17,3,61435,1
17,3,61437,1
17,3,61439,1
17,3,61441,1
17,3,61443,1
17,3,61445,1
17,3,61447,1
17,3,61449,1
17,3,61451,1
17,3,61453,1
17,3,61455,1
3,9,8288,1
17,3,61459,1
3,9,8292,1
3,9,8300,1
3,9,8304,1
17,3,61467,1
3,9,8306,1
17,3,61471,1
17,3,61473,1
17,3,61475,1
17,3,61477,1
17,3,61479,1
3,9,8310,1
17,4,61484,1
17,4,61486,1
17,4,61488,1
17,4,61490,1
17,4,61492,1
3,9,8312,1
17,4,61496,1
17,4,61498,1
17,4,61500,1
3,9,8314,1
17,4,61504,1
3,9,8316,1
17,4,61508,1
17,4,61510,1
3,9,8318,1
3,10,8325,1
3,10,8327,1
17,4,61518,1
3,10,8333,1
17,4,61522,1
17,4,61524,1
3,10,8337,1
17,4,61528,1
3,10,8339,1
17,4,61532,1
3,10,8341,1
17,4,61536,1
17,4,61538,1
17,4,61540,1
3,10,8343,1
17,4,61544,1
3,10,8345,1
17,5,61549,1
17,5,61551,1
17,5,61553,1
17,5,61555,1
17,5,61557,1
3,10,8347,1
3,10,8349,1
17,5,61563,1
17,5,61565,1
17,5,61567,1
17,5,61569,1
17,5,61571,1
17,5,61573,1
17,5,61575,1
17,5,61577,1
3,10,8351,1
17,5,61581,1
17,5,61583,1
17,5,61585,1
17,5,61587,1
17,5,61589,1
17,5,61591,1
17,5,61593,1
17,5,61595,1
17,5,61597,1
17,5,61599,1
17,5,61601,1
17,5,61603,1
17,5,61605,1
17,5,61607,1
17,5,61609,1
3,10,8357,1
17,5,61613,1
3,10,8359,1
3,10,8363,1
3,10,8367,1
3,10,8371,1
17,5,61623,1
17,5,61625,1
17,5,61627,1
17,5,61629,1
17,6,61632,1
3,10,8373,1
17,6,61636,1
17,6,61638,1
3,10,8379,1
3,10,8381,1
17,6,61644,1
3,10,8383,1
17,6,61648,1
3,10,8385,1
17,6,61652,1
3,10,8387,1
17,6,61656,1
3,10,8391,1
17,6,61660,1
17,6,61662,1
17,6,61664,1
17,6,61666,1
17,6,61668,1
3,11,8395,1
17,6,61672,1
17,6,61674,1
17,6,61676,1
3,11,8397,1
17,6,61680,1
17,6,61682,1
17,6,61684,1
3,11,8401,1
17,6,61688,1
17,6,61690,1
3,11,8403,1
17,6,61694,1
17,6,61696,1
3,11,8405,1
17,6,61700,1
17,6,61702,1
3,11,8407,1
3,11,8409,1
17,6,61708,1
17,6,61710,1
17,6,61712,1
17,6,61714,1
17,6,61716,1
17,6,61718,1
17,6,61720,1
17,6,61722,1
17,7,61725,1
17,7,61727,1
17,7,61729,1
17,7,61731,1
3,11,8411,1
17,7,61735,1
17,7,61737,1
17,7,61739,1
3,11,8413,1
17,7,61743,1
3,11,8415,1
17,7,61747,1
17,7,61749,1
17,7,61751,1
3,11,8417,1
17,7,61755,1
17,7,61757,1
17,7,61759,1
17,7,61761,1
3,11,8419,1
3,11,8423,1
3,11,8425,1
3,11,8427,1
3,11,8429,1
3,11,8431,1
17,7,61775,1
3,11,8433,1
17,7,61779,1
3,11,8435,1
17,7,61783,1
3,11,8437,1
17,7,61787,1
17,7,61789,1
17,7,61791,1
17,7,61793,1
17,8,61796,1
17,8,61798,1
3,11,8439,1
17,8,61802,1
17,8,61804,1
3,11,8443,1
3,11,8447,1
17,8,61810,1
3,11,8449,1
17,8,61814,1
17,8,61816,1
17,8,61818,1
17,8,61820,1
17,8,61822,1
17,8,61824,1
17,8,61826,1
17,8,61828,1
3,11,8453,1
17,8,61832,1
3,11,8455,1
17,8,61836,1
17,8,61838,1
3,12,8458,1
17,8,61842,1
17,8,61844,1
17,8,61846,1
17,8,61848,1
17,8,61850,1
17,8,61852,1
17,8,61854,1
17,8,61856,1
17,8,61858,1
3,12,8460,1
17,8,61862,1
17,8,61864,1
17,8,61866,1
3,12,8462,1
17,9,61870,1
17,9,61872,1
17,9,61874,1
17,9,61876,1
3,12,8468,1
17,9,61880,1
3,12,8470,1
17,9,61884,1
17,9,61886,1
17,9,61888,1
3,12,8472,1
17,9,61892,1
17,9,61894,1
17,9,61896,1
17,9,61898,1
17,9,61900,1
3,12,8474,1
3,12,8476,1
17,9,61906,1
3,12,8478,1
3,12,8480,1
17,9,61912,1
3,12,8482,1
17,9,61916,1
17,9,61918,1
17,9,61920,1
17,9,61922,1
17,9,61924,1
3,12,8484,1
3,12,8486,1
3,12,8490,1
17,9,61932,1
17,9,61934,1
17,9,61936,1
17,9,61938,1
17,9,61940,1
3,12,8492,1
17,10,61945,1
3,12,8496,1
17,10,61949,1
3,12,8498,1
17,10,61953,1
17,10,61955,1
17,10,61957,1
3,12,8500,1
17,10,61961,1
17,10,61963,1
17,10,61965,1
17,10,61967,1
3,12,8502,1
17,10,61971,1
17,10,61973,1
17,10,61975,1
17,10,61977,1
17,10,61979,1
17,10,61981,1
17,10,61983,1
17,10,61985,1
17,10,61987,1
17,10,61989,1
3,12,8504,1
3,12,8506,1
3,12,8508,1
3,12,8510,1
17,10,61999,1
17,10,62001,1
17,10,62003,1
17,10,62005,1
17,10,62007,1
3,12,8514,1
17,10,62011,1
17,10,62013,1
17,11,62016,1
3,12,8518,1
3,13,8523,1
17,11,62022,1
17,11,62024,1
3,13,8525,1
17,11,62028,1
17,11,62030,1
17,11,62032,1
17,11,62034,1
17,11,62036,1
17,11,62038,1
17,11,62040,1
17,11,62042,1
17,11,62044,1
17,11,62046,1
17,11,62048,1
17,11,62050,1
17,11,62052,1
17,11,62054,1
3,13,8527,1
17,11,62058,1
17,11,62060,1
3,13,8531,1
3,13,8539,1
17,11,62066,1
3,13,8541,1
17,11,62070,1
17,11,62072,1
17,11,62074,1
17,11,62076,1
17,11,62078,1
17,11,62080,1
3,13,8543,1
3,13,8545,1
17,11,62086,1
17,11,62088,1
3,13,8549,1
3,13,8551,1
17,12,62095,1
17,12,62097,1
17,12,62099,1
17,12,62101,1
3,13,8553,1
17,12,62105,1
17,12,62107,1
17,12,62109,1
3,13,8555,1
17,12,62113,1
3,13,8557,1
17,12,62117,1
17,12,62119,1
3,13,8559,1
17,12,62123,1
3,13,8561,1
17,12,62127,1
17,12,62129,1
17,12,62131,1
17,13,62134,1
17,13,62136,1
17,13,62138,1
17,13,62140,1
17,13,62142,1
17,13,62144,1
17,13,62146,1
17,13,62148,1
17,13,62150,1
17,13,62152,1
3,13,8563,1
17,13,62156,1
3,13,8565,1
3,13,8571,1
17,13,62162,1
17,13,62164,1
17,13,62166,1
3,13,8573,1
17,13,62170,1
17,13,62172,1
17,13,62174,1
17,13,62176,1
3,13,8575,1
17,13,62180,1
3,13,8579,1
17,13,62184,1
3,13,8581,1
17,13,62188,1
17,13,62190,1
17,13,62192,1
3,13,8583,1
17,13,62196,1
17,13,62198,1
17,13,62200,1
17,13,62202,1
17,13,62204,1
17,13,62206,1
17,13,62208,1
17,13,62210,1
17,13,62212,1
17,13,62214,1
17,13,62216,1
3,13,8587,1
3,13,8591,1
17,13,62222,1
17,13,62224,1
17,13,62226,1
17,13,62228,1
3,13,8593,1
17,13,62232,1
17,13,62234,1
17,13,62236,1
17,13,62238,1
17,13,62240,1
3,13,8597,1
17,13,62244,1
17,13,62246,1
17,13,62248,1
3,13,8601,1
3,13,8605,1
17,14,62255,1
17,14,62257,1
3,13,8607,1
17,14,62261,1
3,13,8609,1
17,14,62265,1
17,14,62267,1
17,14,62269,1
17,14,62271,1
17,14,62273,1
3,13,8611,1
17,14,62277,1
3,13,8613,1
3,13,8615,1
17,14,62283,1
3,14,8619,1
17,14,62287,1
3,14,8627,1
3,14,8631,1
3,14,8635,1
17,14,62295,1
3,14,8637,1
3,14,8639,1
17,14,62301,1
17,14,62303,1
3,14,8641,1
17,14,62307,1
17,15,62310,1
17,15,62312,1
17,15,62314,1
17,15,62316,1
17,15,62318,1
3,14,8645,1
17,15,62322,1
17,15,62324,1
17,15,62326,1
17,15,62328,1
3,14,8647,1
17,15,62332,1
3,14,8649,1
17,15,62336,1
3,14,8651,1
17,15,62340,1
17,15,62342,1
3,14,8671,1
17,15,62346,1
3,14,8675,1
17,15,62350,1
17,15,62352,1
17,16,62355,1
3,14,8679,1
17,16,62359,1
17,16,62361,1
17,16,62363,1
3,14,8681,1
17,16,62367,1
17,16,62369,1
3,14,8683,1
17,16,62373,1
3,14,8685,1
17,17,62378,1
3,14,8687,1
3,15,8689,1
17,17,62384,1
17,17,62386,1
3,15,8691,1
17,17,62390,1
3,15,8693,1
17,17,62394,1
17,17,62396,1
17,17,62398,1
17,17,62400,1
17,17,62402,1
3,15,8695,1
3,15,8697,1
3,15,8699,1
17,17,62410,1
3,15,8701,1
17,17,62414,1
3,15,8703,1
17,17,62418,1
17,17,62420,1
17,17,62422,1
3,15,8705,1
17,17,62426,1
3,15,8707,1
17,18,62430,1
3,15,8709,1
17,18,62434,1
3,15,8711,1
17,18,62438,1
17,18,62440,1
17,18,62442,1
3,15,8715,1
17,18,62446,1
17,18,62448,1
17,18,62450,1
17,18,62452,1
17,18,62454,1
17,18,62456,1
17,18,62458,1
17,18,62460,1
17,18,62462,1
3,15,8723,1
17,18,62466,1
17,18,62468,1
3,15,8725,1
3,15,8729,1
17,18,62474,1
3,15,8731,1
17,18,62478,1
17,18,62480,1
17,18,62482,1
3,15,8733,1
17,18,62486,1
17,18,62488,1
3,15,8735,1
17,18,62492,1
17,18,62494,1
17,18,62496,1
3,15,8737,1
3,15,8739,1
17,18,62502,1
17,19,62505,1
3,15,8741,1
17,19,62509,1
17,19,62511,1
17,19,62513,1
17,19,62515,1
17,19,62517,1
3,15,8743,1
17,19,62521,1
17,19,62523,1
17,19,62525,1
17,19,62527,1
3,15,8745,1
3,16,8752,1
17,19,62533,1
17,19,62535,1
3,16,8754,1
17,19,62539,1
3,16,8756,1
17,19,62543,1
17,19,62545,1
17,19,62547,1
17,19,62549,1
17,19,62551,1
17,19,62553,1
17,19,62555,1
17,19,62557,1
17,19,62559,1
17,19,62561,1
17,19,62563,1
17,19,62565,1
17,19,62567,1
3,16,8758,1
17,19,62571,1
17,19,62573,1
17,19,62575,1
17,19,62577,1
17,19,62579,1
17,19,62581,1
3,16,8762,1
17,19,62585,1
3,16,8764,1
17,19,62589,1
3,16,8766,1
17,19,62593,1
17,19,62595,1
17,19,62597,1
17,19,62599,1
17,19,62601,1
17,19,62603,1
17,19,62605,1
17,20,62608,1
3,16,8770,1
17,20,62612,1
17,20,62614,1
3,17,8777,1
17,20,62618,1
17,20,62620,1
3,17,8779,1
17,20,62624,1
3,17,8781,1
17,20,62628,1
17,20,62630,1
17,20,62632,1
3,17,8783,1
3,17,8785,1
17,20,62638,1
17,20,62640,1
17,20,62642,1
17,20,62644,1
3,17,8789,1
17,20,62648,1
17,20,62650,1
17,20,62652,1
17,20,62654,1
17,20,62656,1
17,20,62658,1
3,17,8791,1
3,17,8793,1
17,20,62664,1
17,20,62666,1
3,17,8795,1
17,20,62670,1
17,20,62672,1
17,20,62674,1
17,20,62676,1
17,20,62678,1
17,20,62680,1
17,20,62682,1
17,20,62684,1
3,17,8799,1
17,20,62688,1
3,17,8801,1
17,21,62693,1
3,17,8803,1
3,17,8805,1
17,21,62699,1
17,21,62701,1
17,21,62703,1
3,17,8807,1
3,17,8809,1
17,21,62709,1
17,21,62711,1
17,21,62713,1
17,21,62715,1
17,21,62717,1
17,21,62719,1
17,21,62721,1
17,21,62723,1
17,21,62725,1
3,17,8811,1
17,21,62729,1
17,21,62731,1
17,21,62733,1
3,17,8813,1
17,21,62737,1
3,17,8817,1
3,17,8819,1
3,17,8821,1
17,21,62745,1
17,21,62747,1
3,17,8823,1
17,21,62751,1
17,21,62753,1
3,17,8825,1
17,21,62757,1
17,21,62759,1
17,21,62761,1
17,21,62763,1
17,21,62765,1
17,21,62767,1
17,21,62769,1
3,17,8829,1
17,22,62774,1
17,22,62776,1
17,22,62778,1
3,17,8831,1
17,22,62782,1
17,22,62784,1
3,17,8833,1
17,22,62788,1
3,18,8838,1
17,22,62792,1
3,18,8840,1
17,22,62796,1
3,18,8844,1
3,18,8846,1
17,22,62802,1
17,22,62804,1
17,22,62806,1
3,18,8848,1
17,22,62810,1
17,22,62812,1
17,22,62814,1
17,22,62816,1
17,22,62818,1
17,22,62820,1
3,18,8850,1
17,22,62824,1
3,18,8858,1
17,22,62828,1
17,22,62830,1
17,22,62832,1
17,22,62834,1
3,18,8860,1
17,22,62838,1
3,18,8864,1
3,18,8866,1
3,18,8872,1
3,18,8874,1
3,18,8876,1
3,18,8878,1
17,22,62852,1
3,18,8882,1
3,18,8884,1
17,22,62858,1
17,22,62860,1
17,22,62862,1
17,22,62864,1
17,22,62866,1
17,22,62868,1
17,22,62870,1
17,22,62872,1
17,22,62874,1
17,23,62877,1
17,23,62879,1
3,19,8887,1
3,19,8889,1
17,23,62885,1
17,23,62887,1
17,23,62889,1
3,19,8893,1
17,23,62893,1
17,23,62895,1
3,19,8899,1
17,23,62899,1
3,19,8901,1
17,23,62903,1
17,23,62905,1
3,19,8903,1
17,23,62909,1
3,19,8905,1
17,23,62913,1
17,23,62915,1
3,19,8907,1
17,23,62919,1
17,23,62921,1
17,23,62923,1
17,23,62925,1
3,19,8909,1
3,19,8911,1
17,23,62931,1
17,23,62933,1
17,23,62935,1
3,19,8913,1
17,23,62939,1
17,23,62941,1
17,23,62943,1
17,23,62945,1
17,23,62947,1
3,19,8915,1
17,23,62951,1
17,23,62953,1
17,23,62955,1
3,19,8917,1
17,24,62960,1
17,24,62962,1
17,24,62964,1
17,24,62966,1
17,24,62968,1
17,24,62970,1
17,24,62972,1
17,24,62974,1
17,24,62976,1
17,24,62978,1
3,19,8919,1
17,24,62982,1
17,24,62984,1
17,24,62986,1
3,19,8925,1
17,24,62990,1
3,19,8927,1
17,24,62994,1
17,24,62996,1
17,24,62998,1
17,24,63000,1
17,24,63002,1
17,24,63004,1
17,24,63006,1
17,24,63008,1
17,24,63010,1
17,24,63012,1
17,24,63014,1
17,24,63016,1
17,24,63018,1
3,19,8929,1
17,24,63022,1
17,24,63024,1
17,24,63026,1
17,24,63028,1
17,24,63030,1
17,24,63032,1
17,24,63034,1
17,24,63036,1
17,24,63038,1
17,24,63040,1
3,19,8931,1
17,24,63044,1
17,24,63046,1
17,24,63048,1
17,24,63050,1
17,24,63052,1
17,24,63054,1
3,19,8935,1
17,24,63058,1
17,24,63060,1
3,19,8937,1
17,24,63064,1
17,24,63066,1
17,24,63068,1
3,19,8939,1
17,24,63072,1
17,24,63074,1
17,25,63076,1
3,19,8945,1
17,25,63080,1
17,25,63082,1
17,25,63084,1
17,25,63086,1
17,25,63088,1
17,25,63090,1
17,25,63092,1
3,20,8950,1
3,20,8958,1
3,20,8960,1
3,20,8968,1
17,25,63102,1
17,25,63104,1
17,25,63106,1
17,25,63108,1
17,25,63110,1
17,25,63112,1
17,25,63114,1
17,25,63116,1
3,20,8970,1
17,25,63120,1
17,25,63122,1
17,25,63124,1
3,20,8972,1
17,25,63128,1
17,25,63130,1
17,25,63132,1
3,20,8974,1
17,25,63136,1
17,25,63138,1
17,25,63140,1
17,25,63142,1
17,25,63144,1
17,25,63146,1
17,25,63148,1
17,25,63150,1
17,25,63152,1
3,20,8976,1
17,25,63156,1
17,25,63158,1
17,25,63160,1
17,25,63162,1
3,20,8978,1
17,25,63166,1
17,25,63168,1
17,25,63170,1
17,25,63172,1
3,20,8980,1
17,25,63176,1
17,25,63178,1
17,25,63180,1
17,25,63182,1
3,20,8982,1
17,26,63186,1
17,26,63188,1
17,26,63190,1
17,26,63192,1
17,26,63194,1
17,26,63196,1
3,20,8984,1
17,26,63200,1
17,26,63202,1
17,26,63204,1
17,26,63206,1
17,26,63208,1
17,26,63210,1
17,26,63212,1
17,26,63214,1
17,26,63216,1
17,26,63218,1
17,26,63220,1
17,26,63222,1
17,26,63224,1
3,20,8986,1
3,20,8988,1
17,26,63230,1
17,26,63232,1
17,26,63234,1
17,26,63236,1
3,20,8990,1
17,26,63240,1
3,20,8992,1
17,26,63244,1
17,26,63246,1
17,26,63248,1
17,26,63250,1
17,26,63252,1
3,20,8996,1
3,20,8998,1
17,27,63259,1
17,27,63261,1
17,27,63263,1
17,27,63265,1
17,27,63267,1
17,27,63269,1
17,27,63271,1
17,27,63273,1
17,27,63275,1
17,27,63277,1
17,27,63279,1
3,20,9000,1
17,27,63283,1
17,27,63285,1
3,20,9002,1
17,27,63289,1
3,20,9004,1
17,27,63293,1
3,20,9006,1
17,27,63297,1
17,27,63299,1
17,27,63301,1
17,27,63303,1
17,27,63305,1
17,27,63307,1
17,27,63309,1
17,27,63311,1
3,20,9014,1
17,27,63315,1
17,27,63317,1
17,27,63319,1
17,27,63321,1
17,28,63324,1
17,28,63326,1
17,28,63328,1
3,20,9016,1
17,28,63332,1
17,28,63334,1
17,28,63336,1
3,20,9018,1
17,28,63340,1
3,20,9020,1
17,28,63344,1
17,28,63346,1
3,20,9026,1
3,20,9028,1
17,28,63352,1
17,28,63354,1
17,28,63356,1
17,28,63358,1
17,28,63360,1
17,28,63362,1
17,28,63364,1
3,20,9030,1
17,28,63368,1
17,28,63370,1
17,28,63372,1
17,28,63374,1
17,28,63376,1
17,28,63378,1
3,20,9032,1
3,20,9034,1
17,28,63384,1
17,28,63386,1
17,28,63388,1
17,28,63390,1
3,20,9036,1
17,28,63394,1
17,28,63396,1
17,28,63398,1
17,28,63400,1
17,28,63402,1
3,20,9038,1
17,28,63406,1
17,28,63408,1
17,29,63411,1
17,29,63413,1
3,21,9040,1
17,29,63417,1
17,29,63419,1
17,29,63421,1
17,29,63423,1
3,21,9042,1
3,21,9046,1
17,29,63429,1
17,29,63431,1
17,29,63433,1
17,29,63435,1
3,21,9050,1
17,29,63439,1
17,29,63441,1
17,29,63443,1
17,29,63445,1
17,29,63447,1
17,29,63449,1
17,29,63451,1
17,29,63453,1
17,29,63455,1
3,21,9052,1
17,29,63459,1
3,21,9054,1
3,21,9056,1
17,29,63465,1
17,29,63467,1
17,29,63469,1
17,29,63471,1
17,29,63473,1
17,29,63475,1
17,29,63477,1
3,21,9058,1
17,29,63481,1
17,29,63483,1
17,29,63485,1
17,29,63487,1
17,29,63489,1
17,29,63491,1
17,29,63493,1
17,30,63496,1
3,21,9060,1
3,21,9062,1
17,30,63502,1
3,21,9070,1
17,30,63506,1
17,30,63508,1
17,30,63510,1
17,30,63512,1
17,30,63514,1
17,30,63516,1
17,30,63518,1
17,30,63520,1
17,30,63522,1
17,30,63524,1
3,21,9074,1
3,21,9076,1
3,21,9078,1
17,30,63532,1
17,30,63534,1
3,21,9082,1
17,30,63538,1
3,21,9084,1
17,30,63542,1
3,21,9090,1
3,21,9092,1
17,30,63548,1
17,30,63550,1
17,30,63552,1
17,30,63554,1
17,30,63556,1
17,30,63558,1
17,30,63560,1
17,30,63562,1
17,31,63564,1
17,31,63566,1
3,21,9094,1
17,31,63570,1
17,31,63572,1
17,31,63574,1
17,31,63576,1
17,31,63578,1
3,21,9096,1
17,31,63582,1
3,21,9098,1
3,21,9100,1
17,31,63588,1
17,31,63590,1
3,21,9102,1
17,31,63594,1
17,31,63596,1
17,31,63598,1
17,31,63600,1
17,31,63602,1
17,31,63604,1
17,31,63606,1
17,31,63608,1
17,31,63610,1
17,31,63612,1
17,31,63614,1
17,31,63616,1
3,21,9110,1
17,31,63620,1
17,31,63622,1
17,31,63624,1
3,21,9112,1
3,22,9114,1
17,31,63630,1
17,31,63632,1
17,31,63634,1
17,31,63636,1
17,31,63638,1
17,31,63640,1
3,22,9116,1
17,31,63644,1
17,31,63646,1
17,31,63648,1
3,22,9118,1
17,31,63652,1
17,31,63654,1
3,22,9124,1
17,31,63658,1
17,32,63660,1
17,32,63662,1
17,32,63664,1
3,22,9128,1
17,32,63668,1
17,32,63670,1
3,22,9130,1
17,32,63674,1
3,22,9132,1
3,22,9134,1
17,32,63680,1
3,22,9136,1
17,32,63684,1
17,32,63686,1
17,32,63688,1
17,32,63690,1
17,32,63692,1
3,22,9138,1
17,32,63696,1
17,32,63698,1
17,32,63700,1
17,32,63702,1
17,32,63704,1
17,32,63706,1
17,32,63708,1
17,32,63710,1
17,32,63712,1
17,32,63714,1
17,32,63716,1
17,32,63718,1
17,32,63720,1
17,32,63722,1
17,32,63724,1
17,32,63726,1
17,32,63728,1
17,32,63730,1
17,32,63732,1
17,32,63734,1
17,32,63736,1
17,32,63738,1
17,32,63740,1
17,32,63742,1
3,22,9140,1
3,22,9142,1
17,32,63748,1
17,32,63750,1
3,22,9144,1
17,32,63754,1
17,32,63756,1
3,22,9146,1
3,22,9148,1
17,32,63762,1
3,22,9150,1
17,33,63767,1
17,33,63769,1
17,33,63771,1
17,33,63773,1
17,33,63775,1
17,33,63777,1
17,33,63779,1
17,33,63781,1
3,22,9154,1
17,33,63785,1
17,33,63787,1
17,33,63789,1
17,33,63791,1
3,22,9156,1
17,33,63795,1
17,33,63797,1
17,33,63799,1
17,33,63801,1
17,33,63803,1
17,33,63805,1
3,22,9158,1
17,33,63809,1
17,33,63811,1
17,33,63813,1
17,33,63815,1
17,33,63817,1
17,33,63819,1
17,33,63821,1
17,33,63823,1
17,33,63825,1
3,22,9160,1
3,22,9162,1
17,33,63831,1
3,22,9164,1
17,33,63835,1
17,33,63837,1
17,33,63839,1
17,33,63841,1
3,22,9168,1
17,34,63846,1
17,34,63848,1
17,34,63850,1
17,34,63852,1
17,34,63854,1
3,22,9170,1
3,22,9172,1
17,34,63860,1
17,34,63862,1
17,34,63864,1
17,34,63866,1
17,34,63868,1
17,34,63870,1
17,34,63872,1
17,34,63874,1
17,34,63876,1
3,22,9174,1
3,22,9176,1
17,34,63882,1
17,34,63884,1
17,34,63886,1
3,22,9180,1
17,34,63890,1
3,22,9182,1
17,34,63894,1
3,22,9184,1
17,34,63898,1
17,35,63901,1
3,22,9186,1
17,35,63905,1
17,35,63907,1
17,35,63909,1
17,35,63911,1
3,22,9188,1
3,22,9190,1
17,35,63917,1
3,22,9194,1
17,35,63921,1
17,35,63923,1
17,35,63925,1
3,22,9196,1
17,35,63929,1
17,35,63931,1
3,22,9198,1
17,35,63935,1
17,35,63937,1
3,22,9200,1
17,35,63941,1
17,35,63943,1
17,35,63945,1
17,35,63947,1
17,35,63949,1
17,35,63951,1
17,35,63953,1
17,35,63955,1
3,23,9203,1
17,35,63959,1
17,35,63961,1
3,23,9205,1
3,23,9207,1
3,23,9209,1
17,35,63969,1
17,35,63971,1
17,35,63973,1
17,35,63975,1
17,35,63977,1
17,35,63979,1
17,35,63981,1
17,35,63983,1
17,35,63985,1
17,35,63987,1
17,35,63989,1
17,36,63992,1
17,36,63994,1
17,36,63996,1
17,36,63998,1
17,36,64000,1
3,23,9211,1
3,23,9213,1
3,23,9217,1
17,36,64008,1
3,23,9219,1
3,23,9223,1
3,23,9225,1
3,23,9229,1
3,23,9231,1
3,23,9233,1
3,23,9235,1
17,36,64024,1
3,23,9237,1
17,36,64028,1
17,36,64030,1
17,36,64032,1
3,23,9239,1
17,36,64036,1
17,36,64038,1
3,23,9241,1
3,23,9243,1
3,23,9245,1
3,23,9247,1
3,23,9249,1
3,23,9251,1
3,23,9255,1
17,36,64054,1
17,36,64056,1
17,36,64058,1
3,23,9257,1
17,36,64062,1
17,36,64064,1
17,36,64066,1
3,23,9259,1
17,37,64071,1
17,37,64073,1
3,23,9261,1
17,37,64077,1
17,37,64079,1
3,23,9265,1
3,23,9267,1
17,37,64085,1
3,23,9269,1
3,23,9271,1
3,23,9275,1
17,37,64093,1
17,37,64095,1
17,37,64097,1
17,37,64099,1
3,23,9279,1
17,37,64103,1
3,23,9281,1
17,37,64107,1
3,23,9283,1
17,37,64111,1
3,23,9285,1
3,24,9290,1
17,37,64117,1
3,24,9292,1
3,24,9294,1
17,37,64123,1
17,37,64125,1
17,37,64127,1
3,24,9296,1
17,37,64131,1
17,37,64133,1
17,38,64136,1
3,24,9300,1
17,38,64140,1
3,24,9302,1
17,38,64144,1
3,24,9304,1
17,38,64148,1
17,38,64150,1
3,24,9308,1
3,24,9312,1
17,38,64156,1
3,24,9314,1
17,38,64160,1
17,38,64162,1
17,38,64164,1
3,24,9316,1
3,24,9318,1
17,38,64170,1
17,38,64172,1
17,38,64174,1
17,38,64176,1
17,38,64178,1
17,38,64180,1
3,24,9320,1
3,24,9322,1
17,38,64186,1
17,38,64188,1
3,24,9324,1
17,38,64192,1
17,38,64194,1
17,38,64196,1
17,38,64198,1
17,38,64200,1
17,38,64202,1
17,38,64204,1
17,38,64206,1
3,24,9326,1
17,39,64211,1
17,39,64213,1
17,39,64215,1
3,24,9330,1
17,39,64219,1
3,24,9336,1
3,24,9340,1
17,39,64225,1
17,39,64227,1
17,39,64229,1
3,24,9350,1
17,39,64233,1
17,39,64235,1
17,39,64237,1
17,39,64239,1
3,24,9352,1
17,39,64243,1
17,39,64245,1
3,24,9354,1
3,24,9358,1
3,24,9360,1
17,39,64253,1
17,39,64255,1
17,39,64257,1
3,24,9362,1
17,39,64261,1
3,25,9367,1
17,39,64265,1
17,39,64267,1
3,25,9369,1
17,39,64271,1
3,25,9371,1
17,39,64275,1
17,39,64277,1
17,39,64279,1
17,39,64281,1
17,39,64283,1
17,40,64286,1
17,40,64288,1
17,40,64290,1
3,25,9375,1
17,40,64294,1
17,40,64296,1
17,40,64298,1
17,40,64300,1
17,40,64302,1
3,25,9379,1
17,40,64306,1
17,40,64308,1
17,40,64310,1
3,25,9381,1
17,40,64314,1
17,40,64316,1
17,40,64318,1
17,40,64320,1
3,25,9383,1
17,40,64324,1
17,40,64326,1
17,40,64328,1
17,40,64330,1
17,40,64332,1
17,40,64334,1
17,40,64336,1
17,40,64338,1
17,40,64340,1
17,40,64342,1
17,40,64344,1
17,40,64346,1
17,40,64348,1
17,40,64350,1
17,40,64352,1
17,40,64354,1
17,40,64356,1
17,40,64358,1
17,40,64360,1
3,25,9385,1
3,25,9387,1
17,40,64366,1
17,40,64368,1
17,40,64370,1
17,41,64373,1
3,25,9391,1
17,41,64377,1
17,41,64379,1
17,41,64381,1
17,41,64383,1
17,41,64385,1
17,41,64387,1
3,25,9393,1
3,25,9397,1
17,41,64393,1
17,41,64395,1
17,41,64397,1
17,42,64400,1
17,42,64402,1
17,42,64404,1
17,42,64406,1
3,25,9401,1
3,25,9405,1
17,42,64412,1
17,42,64414,1
17,42,64416,1
17,42,64418,1
17,42,64420,1
17,42,64422,1
17,42,64424,1
17,42,64426,1
17,42,64428,1
17,42,64430,1
17,42,64432,1
17,42,64434,1
17,42,64436,1
17,42,64438,1
17,42,64440,1
17,42,64442,1
17,42,64444,1
17,42,64446,1
17,42,64448,1
17,42,64450,1
17,42,64452,1
17,43,64454,1
17,43,64456,1
3,25,9407,1
3,25,9409,1
17,43,64462,1
17,43,64464,1
3,25,9411,1
3,25,9413,1
17,43,64470,1
17,43,64472,1
3,25,9415,1
17,43,64476,1
17,43,64478,1
17,43,64480,1
17,43,64482,1
17,43,64484,1
17,43,64486,1
17,43,64488,1
17,43,64490,1
17,43,64492,1
17,43,64494,1
3,25,9417,1
17,43,64498,1
17,43,64500,1
17,43,64502,1
17,43,64504,1
17,43,64506,1
17,43,64508,1
3,25,9419,1
17,43,64512,1
17,43,64514,1
17,43,64516,1
17,44,64518,1
17,44,64520,1
17,44,64522,1
3,25,9421,1
17,44,64526,1
17,44,64528,1
17,44,64530,1
17,44,64532,1
17,44,64534,1
17,44,64536,1
3,25,9423,1
17,44,64540,1
3,25,9427,1
17,44,64544,1
3,25,9429,1
17,44,64548,1
17,44,64550,1
17,44,64552,1
3,25,9433,1
17,44,64556,1
17,44,64558,1
17,44,64560,1
17,44,64562,1
17,44,64564,1
3,25,9439,1
17,44,64568,1
3,25,9441,1
3,25,9443,1
17,44,64574,1
17,44,64576,1
17,45,64579,1
17,45,64581,1
17,45,64583,1
17,45,64585,1
17,45,64587,1
17,45,64589,1
3,26,9445,1
17,45,64593,1
17,45,64595,1
17,45,64597,1
17,45,64599,1
17,45,64601,1
3,26,9447,1
17,45,64605,1
3,26,9451,1
17,45,64609,1
17,45,64611,1
3,26,9453,1
17,45,64615,1
17,45,64617,1
17,45,64619,1
17,45,64621,1
17,45,64623,1
17,45,64625,1
3,26,9455,1
17,45,64629,1
17,45,64631,1
17,45,64633,1
17,45,64635,1
17,45,64637,1
17,45,64639,1
17,45,64641,1
17,45,64643,1
17,46,64646,1
3,26,9457,1
17,46,64650,1
17,46,64652,1
17,46,64654,1
3,26,9459,1
17,46,64658,1
17,46,64660,1
17,46,64662,1
17,46,64664,1
17,46,64666,1
17,46,64668,1
3,26,9463,1
17,46,64672,1
17,46,64674,1
3,26,9465,1
3,26,9467,1
17,46,64680,1
17,46,64682,1
3,26,9469,1
3,26,9471,1
17,46,64688,1
17,46,64690,1
17,46,64692,1
17,46,64694,1
17,46,64696,1
17,46,64698,1
17,46,64700,1
3,26,9473,1
17,46,64704,1
17,46,64706,1
3,26,9477,1
17,47,64710,1
17,47,64712,1
17,47,64714,1
3,26,9479,1
17,47,64718,1
17,47,64720,1
17,47,64722,1
3,26,9485,1
17,47,64726,1
17,47,64728,1
17,47,64730,1
17,47,64732,1
17,47,64734,1
17,47,64736,1
3,26,9487,1
17,47,64740,1
17,47,64742,1
17,47,64744,1
17,47,64746,1
17,47,64748,1
17,47,64750,1
17,47,64752,1
3,26,9491,1
17,47,64756,1
17,47,64758,1
3,26,9493,1
17,47,64762,1
3,26,9495,1
17,47,64766,1
17,47,64768,1
17,47,64770,1
17,47,64772,1
17,47,64774,1
17,47,64776,1
17,47,64778,1
17,47,64780,1
17,47,64782,1
17,48,64785,1
17,48,64787,1
3,26,9497,1
3,26,9499,1
17,48,64793,1
3,27,9508,1
17,48,64797,1
17,48,64799,1
17,48,64801,1
3,27,9512,1
17,48,64805,1
3,27,9514,1
3,27,9516,1
3,27,9518,1
17,48,64813,1
17,48,64815,1
17,48,64817,1
17,48,64819,1
3,27,9520,1
17,48,64823,1
17,48,64825,1
17,48,64827,1
17,48,64829,1
17,48,64831,1
17,48,64833,1
17,48,64835,1
17,49,64838,1
3,27,9522,1
17,49,64842,1
17,49,64844,1
17,49,64846,1
17,49,64848,1
3,27,9526,1
17,49,64852,1
3,27,9530,1
17,49,64856,1
3,27,9532,1
17,49,64860,1
3,27,9534,1
17,49,64864,1
17,49,64866,1
17,49,64868,1
3,27,9536,1
17,49,64872,1
17,49,64874,1
17,49,64876,1
17,49,64878,1
17,49,64880,1
17,49,64882,1
17,49,64884,1
3,27,9548,1
17,49,64888,1
17,49,64890,1
17,49,64892,1
17,50,64895,1
17,50,64897,1
17,50,64899,1
17,50,64901,1
17,50,64903,1
17,50,64905,1
3,27,9550,1
17,50,64909,1
17,50,64911,1
3,27,9552,1
3,27,9554,1
17,50,64917,1
17,50,64919,1
3,27,9558,1
17,50,64923,1
17,50,64925,1
3,27,9560,1
17,50,64929,1
17,50,64931,1
17,50,64933,1
17,50,64935,1
17,50,64937,1
3,27,9564,1
17,50,64941,1
3,28,9566,1
17,51,64946,1
17,51,64948,1
17,51,64950,1
3,28,9568,1
17,51,64954,1
17,51,64956,1
17,51,64958,1
17,51,64960,1
3,28,9570,1
17,51,64964,1
17,51,64966,1
17,51,64968,1
17,51,64970,1
17,51,64972,1
17,51,64974,1
17,51,64976,1
3,28,9572,1
17,51,64980,1
17,51,64982,1
17,51,64984,1
17,51,64986,1
17,51,64988,1
3,28,9574,1
3,28,9576,1
17,51,64994,1
17,51,64996,1
17,51,64998,1
17,51,65000,1
17,51,65002,1
17,51,65004,1
17,51,65006,1
17,51,65008,1
17,51,65010,1
3,28,9582,1
3,28,9584,1
17,51,65016,1
3,28,9586,1
17,51,65020,1
17,51,65022,1
3,28,9588,1
17,52,65026,1
17,52,65028,1
17,52,65030,1
20,54,76703,1
17,52,65034,1
17,52,65036,1
17,52,65038,1
3,28,9594,1
17,52,65042,1
17,52,65044,1
17,52,65046,1
17,52,65048,1
17,52,65050,1
17,52,65052,1
17,52,65054,1
17,52,65056,1
17,52,65058,1
3,28,9596,1
17,52,65062,1
17,52,65064,1
17,52,65066,1
17,52,65068,1
17,52,65070,1
17,52,65072,1
3,28,9598,1
17,52,65076,1
17,52,65078,1
3,28,9600,1
17,52,65082,1
17,52,65084,1
17,52,65086,1
17,52,65088,1
17,52,65090,1
17,52,65092,1
17,52,65094,1
17,52,65096,1
17,52,65098,1
17,52,65100,1
17,53,65103,1
17,53,65105,1
17,53,65107,1
3,28,9602,1
17,53,65111,1
17,53,65113,1
17,53,65115,1
3,28,9604,1
17,53,65119,1
17,53,65121,1
17,53,65123,1
17,53,65125,1
17,53,65127,1
17,53,65129,1
17,53,65131,1
17,53,65133,1
17,53,65135,1
17,53,65137,1
17,53,65139,1
3,28,9606,1
17,53,65143,1
17,53,65145,1
17,53,65147,1
17,53,65149,1
17,53,65151,1
17,55,65155,1
17,55,65157,1
17,55,65159,1
17,55,65161,1
17,55,65163,1
3,28,9608,1
3,28,9610,1
3,28,9612,1
17,56,65171,1
3,28,9614,1
17,56,65175,1
17,56,65177,1
17,56,65179,1
17,56,65181,1
17,56,65183,1
17,58,65187,1
17,58,65189,1
17,58,65191,1
17,58,65193,1
17,58,65195,1
17,58,65197,1
17,58,65199,1
17,58,65201,1
17,58,65203,1
17,58,65205,1
17,59,65208,1
18,1,65212,1
18,1,65214,1
3,28,9616,1
18,1,65218,1
18,1,65220,1
18,1,65222,1
3,28,9618,1
18,1,65226,1
3,28,9620,1
18,1,65230,1
3,28,9622,1
18,1,65234,1
18,1,65236,1
3,28,9626,1
18,1,65240,1
18,1,65242,1
3,28,9628,1
18,1,65246,1
18,1,65248,1
18,1,65250,1
18,1,65252,1
18,1,65254,1
3,28,9636,1
18,1,65258,1
18,1,65260,1
18,1,65262,1
3,28,9638,1
18,1,65266,1
18,1,65268,1
18,1,65270,1
18,1,65272,1
18,1,65274,1
18,2,65277,1
3,28,9640,1
18,2,65281,1
18,2,65283,1
18,2,65285,1
18,2,65287,1
3,28,9642,1
18,2,65291,1
18,2,65293,1
18,2,65295,1
3,28,9644,1
3,28,9648,1
18,2,65301,1
3,28,9652,1
18,2,65305,1
18,2,65307,1
18,2,65309,1
18,2,65311,1
3,28,9654,1
18,2,65315,1
18,2,65317,1
18,2,65319,1
3,28,9656,1
3,28,9658,1
18,2,65325,1
18,2,65327,1
18,2,65329,1
3,28,9660,1
18,2,65333,1
18,2,65335,1
3,28,9662,1
3,28,9666,1
18,2,65341,1
18,2,65343,1
3,28,9668,1
18,2,65347,1
3,29,9671,1
18,2,65351,1
18,2,65353,1
18,2,65355,1
18,2,65357,1
18,2,65359,1
18,2,65361,1
18,2,65363,1
3,29,9675,1
18,2,65367,1
18,2,65369,1
18,3,65372,1
18,3,65374,1
18,3,65376,1
18,3,65378,1
18,3,65380,1
3,29,9677,1
3,29,9681,1
18,3,65386,1
3,29,9689,1
3,29,9691,1
18,3,65392,1
18,3,65394,1
18,3,65396,1
18,3,65398,1
3,29,9697,1
18,3,65402,1
18,3,65404,1
18,3,65406,1
18,3,65408,1
18,3,65410,1
18,3,65412,1
3,29,9699,1
3,29,9701,1
3,29,9703,1
18,3,65420,1
18,3,65422,1
18,3,65424,1
18,3,65426,1
18,3,65428,1
18,3,65430,1
3,29,9705,1
18,3,65434,1
18,3,65436,1
18,3,65438,1
18,3,65440,1
3,29,9715,1
3,29,9717,1
18,4,65447,1
3,29,9725,1
18,4,65451,1
3,29,9727,1
18,4,65455,1
3,29,9733,1
18,4,65459,1
3,29,9735,1
18,4,65463,1
3,30,9740,1
18,4,65467,1
18,4,65469,1
3,30,9742,1
18,4,65473,1
18,4,65475,1
18,4,65477,1
3,30,9748,1
18,4,65481,1
18,4,65483,1
18,4,65485,1
18,4,65487,1
3,30,9750,1
18,4,65491,1
18,4,65493,1
18,4,65495,1
3,30,9756,1
18,4,65499,1
18,4,65501,1
18,4,65503,1
18,5,65506,1
3,30,9758,1
18,5,65510,1
18,5,65512,1
3,30,9760,1
18,5,65516,1
18,5,65518,1
18,5,65520,1
18,5,65522,1
18,5,65524,1
18,5,65526,1
18,5,65528,1
18,5,65530,1
18,5,65532,1
18,5,65534,1
18,5,65536,1
3,30,9762,1
18,5,65540,1
18,5,65542,1
3,30,9764,1
3,30,9766,1
18,5,65548,1
18,5,65550,1
18,5,65552,1
18,5,65554,1
18,5,65556,1
18,5,65558,1
3,30,9772,1
3,30,9774,1
18,5,65564,1
3,30,9788,1
3,30,9794,1
18,5,65570,1
18,5,65572,1
18,5,65574,1
18,5,65576,1
18,5,65578,1
18,5,65580,1
18,5,65582,1
3,30,9796,1
18,5,65586,1
18,6,65589,1
3,30,9798,1
18,6,65593,1
18,6,65595,1
18,6,65597,1
18,6,65599,1
18,6,65601,1
3,30,9800,1
18,6,65605,1
3,30,9802,1
18,6,65609,1
18,6,65611,1
18,6,65613,1
18,6,65615,1
3,30,9804,1
3,30,9806,1
18,6,65621,1
3,31,9813,1
3,31,9815,1
18,6,65627,1
3,31,9817,1
18,6,65631,1
18,6,65633,1
18,6,65635,1
18,6,65637,1
18,6,65639,1
18,7,65641,1
18,7,65643,1
18,7,65645,1
18,7,65647,1
18,7,65649,1
18,7,65651,1
3,31,9823,1
18,7,65655,1
18,7,65657,1
3,31,9825,1
18,7,65661,1
18,7,65663,1
3,31,9827,1
18,7,65667,1
3,31,9831,1
18,7,65671,1
18,7,65673,1
18,7,65675,1
3,31,9833,1
3,31,9835,1
18,7,65681,1
3,31,9837,1
18,7,65685,1
18,7,65687,1
18,7,65689,1
3,31,9845,1
18,7,65693,1
18,7,65695,1
18,7,65697,1
18,7,65699,1
18,7,65701,1
18,7,65703,1
18,7,65705,1
3,31,9847,1
3,31,9849,1
3,31,9851,1
18,8,65714,1
18,8,65716,1
18,8,65718,1
18,8,65720,1
18,8,65722,1
18,8,65724,1
3,31,9869,1
18,8,65728,1
18,8,65730,1
18,8,65732,1
3,31,9871,1
18,8,65736,1
18,8,65738,1
3,31,9873,1
3,31,9875,1
18,8,65744,1
18,8,65746,1
18,8,65748,1
18,8,65750,1
18,8,65752,1
18,8,65754,1
18,8,65756,1
3,31,9879,1
18,8,65760,1
18,8,65762,1
18,8,65764,1
18,8,65766,1
3,31,9881,1
18,8,65770,1
3,31,9887,1
18,8,65774,1
18,8,65776,1
18,8,65778,1
18,8,65780,1
18,8,65782,1
3,31,9889,1
18,8,65786,1
18,8,65788,1
3,31,9891,1
18,8,65792,1
3,31,9893,1
18,9,65797,1
3,31,9897,1
3,31,9901,1
3,31,9903,1
18,9,65805,1
3,31,9905,1
3,32,9910,1
18,9,65811,1
3,32,9912,1
18,9,65815,1
18,9,65817,1
18,9,65819,1
3,32,9914,1
18,9,65823,1
3,32,9916,1
18,9,65827,1
18,9,65829,1
3,32,9918,1
3,32,9922,1
18,9,65835,1
18,9,65837,1
18,9,65839,1
18,9,65841,1
18,9,65843,1
18,9,65845,1
18,9,65847,1
18,9,65849,1
18,9,65851,1
18,9,65853,1
18,9,65855,1
3,32,9926,1
18,9,65859,1
18,9,65861,1
18,10,65864,1
18,10,65866,1
3,32,9930,1
18,10,65870,1
3,32,9932,1
18,10,65874,1
18,10,65876,1
3,32,9934,1
18,10,65880,1
18,10,65882,1
18,10,65884,1
18,10,65886,1
18,10,65888,1
18,10,65890,1
18,10,65892,1
18,10,65894,1
18,10,65896,1
18,10,65898,1
18,10,65900,1
18,10,65902,1
3,32,9942,1
18,10,65906,1
18,10,65908,1
18,10,65910,1
18,10,65912,1
3,32,9944,1
18,10,65916,1
3,32,9946,1
18,10,65920,1
18,10,65922,1
3,32,9948,1
18,10,65926,1
18,10,65928,1
3,32,9950,1
18,10,65932,1
18,10,65934,1
18,10,65936,1
18,10,65938,1
18,10,65940,1
18,10,65942,1
18,10,65944,1
18,10,65946,1
18,10,65948,1
18,10,65950,1
18,10,65952,1
18,11,65954,1
18,11,65956,1
18,11,65958,1
3,32,9952,1
3,32,9954,1
18,11,65964,1
18,11,65966,1
3,32,9956,1
18,11,65970,1
18,11,65972,1
18,11,65974,1
3,32,9958,1
18,11,65978,1
18,11,65980,1
3,32,9960,1
18,11,65984,1
18,11,65986,1
18,11,65988,1
18,11,65990,1
18,11,65992,1
18,11,65994,1
3,32,9962,1
18,11,65998,1
18,11,66000,1
18,11,66002,1
3,32,9964,1
3,32,9966,1
18,11,66008,1
18,11,66010,1
18,11,66012,1
18,11,66014,1
18,11,66016,1
18,11,66018,1
3,32,9968,1
18,12,66023,1
18,12,66025,1
18,12,66027,1
18,12,66029,1
18,12,66031,1
18,12,66033,1
18,12,66035,1
18,12,66037,1
18,12,66039,1
18,12,66041,1
18,12,66043,1
3,32,9974,1
18,12,66047,1
18,12,66049,1
18,12,66051,1
18,12,66053,1
3,32,9980,1
18,12,66057,1
3,32,9982,1
3,32,9984,1
18,12,66063,1
3,32,9986,1
18,12,66067,1
18,12,66069,1
18,12,66071,1
3,32,9988,1
18,12,66075,1
18,12,66077,1
3,32,9990,1
3,32,9992,1
18,13,66084,1
18,13,66086,1
18,13,66088,1
18,13,66090,1
3,32,9994,1
18,13,66094,1
3,32,9996,1
18,13,66098,1
18,13,66100,1
3,32,9998,1
18,13,66104,1
18,13,66106,1
18,13,66108,1
18,13,66110,1
18,13,66112,1
3,33,10001,1
18,13,66116,1
18,13,66118,1
18,13,66120,1
18,13,66122,1
18,13,66124,1
18,13,66126,1
18,13,66128,1
18,13,66130,1
3,33,10003,1
3,33,10007,1
18,13,66136,1
18,13,66138,1
18,13,66140,1
3,33,10011,1
18,13,66144,1
18,13,66146,1
18,13,66148,1
18,13,66150,1
18,13,66152,1
18,13,66154,1
18,13,66156,1
18,13,66158,1
18,13,66160,1
18,14,66162,1
3,33,10013,1
18,14,66166,1
18,14,66168,1
3,33,10017,1
18,14,66172,1
3,33,10019,1
18,14,66176,1
18,14,66178,1
18,14,66180,1
18,14,66182,1
18,14,66184,1
18,14,66186,1
18,14,66188,1
18,14,66190,1
18,14,66192,1
3,33,10021,1
3,33,10025,1
18,14,66198,1
3,33,10027,1
18,14,66202,1
18,14,66204,1
18,14,66206,1
3,33,10029,1
18,14,66210,1
18,14,66212,1
3,33,10031,1
3,33,10035,1
3,33,10037,1
18,14,66220,1
3,33,10041,1
3,33,10043,1
18,14,66226,1
18,15,66229,1
18,15,66231,1
18,15,66233,1
3,33,10045,1
18,15,66237,1
3,33,10049,1
3,33,10051,1
3,33,10053,1
18,15,66245,1
18,15,66247,1
18,15,66249,1
18,15,66251,1
3,33,10055,1
18,15,66255,1
3,34,10060,1
18,15,66259,1
3,34,10064,1
18,15,66263,1
18,15,66265,1
18,15,66267,1
3,34,10066,1
18,15,66271,1
18,15,66273,1
18,15,66275,1
18,16,66278,1
3,34,10072,1
3,34,10076,1
18,16,66284,1
18,16,66286,1
18,16,66288,1
18,16,66290,1
3,34,10078,1
18,16,66294,1
3,34,10080,1
3,34,10086,1
18,16,66300,1
18,16,66302,1
18,16,66304,1
18,16,66306,1
18,16,66308,1
18,16,66310,1
18,16,66312,1
3,34,10088,1
3,34,10098,1
18,16,66318,1
18,16,66320,1
18,16,66322,1
3,34,10100,1
18,17,66327,1
18,17,66329,1
3,34,10102,1
3,34,10104,1
3,34,10110,1
3,35,10113,1
18,17,66339,1
18,17,66341,1
18,17,66343,1
18,17,66345,1
18,17,66347,1
3,35,10119,1
18,17,66351,1
18,17,66353,1
18,17,66355,1
18,17,66357,1
18,17,66359,1
18,17,66361,1
3,35,10121,1
3,35,10127,1
18,17,66367,1
18,17,66369,1
18,17,66371,1
18,17,66373,1
3,35,10129,1
3,35,10133,1
18,17,66379,1
3,35,10135,1
3,35,10137,1
18,17,66385,1
18,17,66387,1
18,17,66389,1
18,18,66392,1
18,18,66394,1
18,18,66396,1
18,18,66398,1
3,35,10139,1
18,18,66402,1
18,18,66404,1
3,35,10143,1
18,18,66408,1
18,18,66410,1
18,18,66412,1
18,18,66414,1
3,35,10145,1
3,35,10147,1
18,18,66420,1
18,18,66422,1
3,35,10149,1
3,35,10151,1
3,35,10153,1
18,18,66430,1
3,35,10159,1
18,18,66434,1
18,18,66436,1
18,18,66438,1
18,18,66440,1
18,18,66442,1
18,18,66444,1
3,35,10161,1
3,35,10163,1
18,18,66450,1
18,19,66453,1
3,35,10167,1
18,19,66457,1
3,35,10169,1
3,35,10171,1
18,19,66463,1
3,35,10177,1
18,19,66467,1
3,35,10181,1
18,19,66471,1
18,19,66473,1
18,19,66475,1
3,35,10183,1
18,19,66479,1
18,19,66481,1
18,19,66483,1
18,19,66485,1
18,19,66487,1
18,19,66489,1
18,19,66491,1
18,19,66493,1
18,19,66495,1
3,35,10185,1
18,19,66499,1
18,19,66501,1
3,35,10187,1
18,19,66505,1
3,35,10189,1
18,19,66509,1
3,35,10191,1
3,35,10193,1
3,35,10195,1
3,35,10197,1
18,19,66519,1
18,19,66521,1
18,19,66523,1
18,19,66525,1
18,19,66527,1
3,35,10199,1
3,35,10201,1
18,20,66534,1
18,20,66536,1
3,35,10203,1
3,35,10205,1
18,20,66542,1
18,20,66544,1
3,36,10212,1
3,36,10216,1
3,36,10222,1
18,20,66552,1
18,20,66554,1
18,20,66556,1
18,20,66558,1
18,20,66560,1
18,20,66562,1
18,20,66564,1
18,20,66566,1
3,36,10224,1
3,36,10226,1
18,20,66572,1
18,20,66574,1
3,36,10228,1
3,36,10234,1
18,20,66580,1
3,36,10238,1
18,20,66584,1
3,36,10240,1
3,36,10244,1
18,20,66590,1
18,20,66592,1
18,20,66594,1
18,20,66596,1
18,20,66598,1
3,36,10246,1
18,21,66603,1
18,21,66605,1
3,36,10248,1
18,21,66609,1
3,36,10250,1
18,21,66613,1
18,21,66615,1
18,21,66617,1
18,21,66619,1
18,21,66621,1
18,21,66623,1
18,21,66625,1
18,21,66627,1
18,21,66629,1
18,21,66631,1
18,21,66633,1
18,21,66635,1
3,36,10252,1
18,21,66639,1
18,21,66641,1
3,36,10256,1
18,21,66645,1
3,36,10258,1
18,21,66649,1
18,21,66651,1
18,21,66653,1
18,21,66655,1
3,36,10262,1
3,36,10264,1
18,21,66661,1
18,21,66663,1
18,21,66665,1
3,36,10266,1
18,21,66669,1
3,36,10268,1
18,21,66673,1
18,21,66675,1
18,21,66677,1
18,21,66679,1
18,21,66681,1
18,22,66684,1
18,22,66686,1
18,22,66688,1
3,36,10270,1
3,36,10274,1
18,22,66694,1
18,22,66696,1
18,22,66698,1
18,22,66700,1
18,22,66702,1
18,22,66704,1
3,36,10276,1
3,37,10281,1
3,37,10283,1
18,22,66712,1
18,22,66714,1
18,22,66716,1
18,22,66718,1
18,22,66720,1
18,22,66722,1
18,22,66724,1
18,22,66726,1
18,22,66728,1
18,22,66730,1
18,22,66732,1
18,22,66734,1
18,22,66736,1
18,22,66738,1
3,37,10287,1
3,37,10291,1
3,37,10299,1
3,37,10301,1
3,37,10309,1
3,37,10311,1
3,37,10319,1
18,22,66754,1
18,22,66756,1
3,37,10321,1
18,22,66760,1
18,22,66762,1
18,22,66764,1
18,22,66766,1
18,22,66768,1
18,23,66771,1
18,23,66773,1
3,37,10323,1
3,37,10325,1
18,23,66779,1
3,37,10331,1
18,23,66783,1
3,37,10333,1
18,23,66787,1
18,23,66789,1
3,37,10335,1
3,37,10337,1
18,23,66795,1
18,23,66797,1
18,23,66799,1
18,23,66801,1
18,23,66803,1
18,23,66805,1
3,38,10340,1
3,38,10342,1
18,23,66811,1
18,23,66813,1
3,38,10344,1
3,38,10346,1
18,23,66819,1
18,23,66821,1
3,38,10348,1
18,23,66825,1
3,38,10354,1
18,23,66829,1
18,23,66831,1
18,23,66833,1
18,23,66835,1
18,23,66837,1
18,23,66839,1
18,23,66841,1
18,24,66844,1
18,24,66846,1
3,38,10356,1
18,24,66850,1
18,24,66852,1
3,38,10358,1
3,38,10360,1
3,38,10362,1
18,24,66860,1
18,24,66862,1
18,24,66864,1
18,24,66866,1
18,24,66868,1
18,24,66870,1
3,38,10364,1
18,24,66874,1
18,24,66876,1
18,24,66878,1
18,24,66880,1
3,38,10368,1
18,24,66884,1
18,24,66886,1
18,24,66888,1
18,24,66890,1
18,24,66892,1
18,24,66894,1
18,24,66896,1
18,24,66898,1
18,24,66900,1
3,38,10370,1
3,38,10372,1
18,24,66906,1
3,38,10374,1
18,24,66910,1
3,38,10376,1
18,24,66914,1
18,24,66916,1
18,24,66918,1
18,24,66920,1
18,24,66922,1
3,38,10378,1
3,38,10382,1
18,24,66928,1
18,24,66930,1
18,24,66932,1
18,24,66934,1
3,38,10384,1
18,25,66939,1
3,38,10386,1
18,25,66943,1
18,25,66945,1
18,25,66947,1
18,25,66949,1
3,38,10388,1
3,38,10396,1
18,25,66955,1
3,38,10398,1
18,25,66959,1
18,25,66961,1
18,25,66963,1
18,25,66965,1
18,25,66967,1
18,25,66969,1
18,25,66971,1
18,25,66973,1
18,25,66975,1
18,25,66977,1
3,38,10400,1
18,25,66981,1
18,25,66983,1
18,25,66985,1
18,25,66987,1
18,25,66989,1
18,25,66991,1
18,25,66993,1
3,38,10404,1
18,25,66997,1
3,38,10406,1
18,25,67001,1
18,25,67003,1
18,25,67005,1
18,25,67007,1
3,38,10410,1
18,25,67011,1
3,38,10414,1
18,26,67015,1
18,26,67017,1
18,26,67019,1
18,26,67021,1
3,38,10416,1
18,26,67025,1
18,26,67027,1
18,26,67029,1
3,39,10421,1
18,26,67033,1
18,26,67035,1
3,39,10425,1
3,39,10429,1
3,39,10431,1
18,26,67043,1
18,26,67045,1
18,26,67047,1
18,26,67049,1
18,26,67051,1
18,26,67053,1
3,39,10433,1
18,26,67057,1
18,26,67059,1
18,26,67061,1
18,26,67063,1
18,26,67065,1
18,26,67067,1
18,26,67069,1
18,26,67071,1
3,39,10437,1
3,39,10439,1
3,39,10443,1
3,39,10445,1
18,27,67082,1
18,27,67084,1
18,27,67086,1
18,27,67088,1
18,27,67090,1
18,27,67092,1
18,27,67094,1
18,27,67096,1
3,39,10447,1
3,39,10451,1
3,39,10455,1
18,27,67104,1
18,27,67106,1
3,39,10457,1
3,39,10459,1
18,27,67112,1
18,27,67114,1
3,39,10461,1
18,27,67118,1
3,39,10463,1
18,28,67123,1
3,39,10465,1
3,39,10471,1
18,28,67129,1
18,28,67131,1
18,28,67133,1
3,39,10473,1
3,39,10481,1
18,28,67139,1
18,28,67141,1
18,28,67143,1
3,39,10483,1
18,28,67147,1
18,28,67149,1
3,39,10485,1
3,39,10487,1
18,28,67155,1
3,39,10489,1
18,28,67159,1
18,28,67161,1
3,40,10492,1
18,28,67165,1
3,40,10494,1
18,28,67169,1
3,40,10496,1
3,40,10500,1
18,28,67175,1
18,28,67177,1
18,28,67179,1
18,28,67181,1
3,40,10502,1
18,28,67185,1
18,28,67187,1
18,28,67189,1
18,28,67191,1
18,28,67193,1
18,29,67196,1
18,29,67198,1
18,29,67200,1
18,29,67202,1
18,29,67204,1
3,40,10504,1
18,29,67208,1
18,29,67210,1
3,40,10506,1
18,29,67214,1
3,40,10508,1
18,29,67218,1
18,29,67220,1
3,40,10510,1
18,29,67224,1
18,29,67226,1
18,29,67228,1
18,29,67230,1
18,29,67232,1
18,29,67234,1
18,29,67236,1
18,29,67238,1
18,29,67240,1
18,29,67242,1
18,29,67244,1
18,29,67246,1
3,40,10512,1
18,29,67250,1
18,29,67252,1
3,40,10516,1
18,29,67256,1
3,40,10518,1
18,29,67260,1
18,29,67262,1
18,29,67264,1
18,29,67266,1
18,29,67268,1
18,29,67270,1
18,29,67272,1
18,30,67275,1
18,30,67277,1
18,30,67279,1
3,40,10522,1
3,40,10524,1
18,30,67285,1
18,30,67287,1
18,30,67289,1
3,40,10526,1
18,30,67293,1
18,30,67295,1
18,30,67297,1
18,30,67299,1
18,30,67301,1
18,30,67303,1
18,30,67305,1
3,40,10528,1
3,40,10530,1
18,30,67311,1
18,30,67313,1
18,30,67315,1
3,40,10532,1
18,30,67319,1
3,40,10534,1
3,40,10536,1
3,40,10538,1
18,30,67327,1
18,30,67329,1
18,30,67331,1
18,31,67334,1
18,31,67336,1
18,31,67338,1
3,40,10540,1
3,40,10544,1
18,31,67344,1
3,40,10546,1
3,40,10548,1
18,31,67350,1
18,31,67352,1
18,31,67354,1
18,31,67356,1
18,31,67358,1
18,31,67360,1
18,31,67362,1
18,31,67364,1
18,31,67366,1
18,31,67368,1
18,31,67370,1
18,31,67372,1
18,31,67374,1
18,31,67376,1
18,31,67378,1
18,31,67380,1
18,31,67382,1
3,40,10552,1
18,31,67386,1
3,41,10559,1
18,31,67390,1
3,41,10561,1
18,31,67394,1
3,41,10563,1
18,31,67398,1
18,31,67400,1
18,31,67402,1
18,31,67404,1
18,31,67406,1
18,31,67408,1
3,41,10565,1
18,31,67412,1
18,31,67414,1
18,31,67416,1
18,32,67419,1
18,32,67421,1
3,41,10567,1
18,32,67425,1
3,41,10569,1
18,32,67429,1
3,41,10573,1
3,41,10575,1
18,32,67435,1
18,32,67437,1
18,32,67439,1
18,32,67441,1
18,32,67443,1
18,32,67445,1
18,32,67447,1
18,32,67449,1
3,41,10577,1
18,32,67453,1
3,41,10581,1
18,32,67457,1
18,32,67459,1
18,32,67461,1
3,41,10583,1
18,32,67465,1
18,32,67467,1
3,41,10585,1
3,41,10589,1
3,41,10591,1
18,32,67475,1
18,32,67477,1
18,32,67479,1
18,32,67481,1
18,32,67483,1
3,41,10593,1
18,32,67487,1
18,32,67489,1
18,32,67491,1
3,41,10595,1
18,32,67495,1
3,41,10597,1
18,33,67500,1
18,33,67502,1
3,41,10599,1
18,33,67506,1
3,41,10603,1
18,33,67510,1
3,41,10605,1
18,33,67514,1
18,33,67516,1
18,33,67518,1
3,41,10609,1
18,33,67522,1
3,42,10612,1
18,33,67526,1
18,33,67528,1
18,33,67530,1
18,33,67532,1
18,33,67534,1
18,33,67536,1
18,33,67538,1
3,42,10614,1
3,42,10616,1
18,34,67545,1
18,34,67547,1
18,34,67549,1
3,42,10618,1
3,42,10624,1
18,34,67555,1
18,34,67557,1
18,34,67559,1
18,34,67561,1
3,42,10626,1
18,34,67565,1
18,34,67567,1
18,34,67569,1
18,34,67571,1
18,34,67573,1
18,34,67575,1
18,34,67577,1
3,42,10628,1
18,34,67581,1
3,42,10630,1
18,34,67585,1
18,34,67587,1
18,34,67589,1
18,34,67591,1
18,34,67593,1
18,35,67596,1
3,42,10632,1
18,35,67600,1
18,35,67602,1
3,42,10634,1
18,35,67606,1
18,35,67608,1
3,42,10636,1
18,35,67612,1
3,42,10642,1
18,35,67616,1
18,35,67618,1
18,35,67620,1
18,35,67622,1
18,35,67624,1
3,42,10644,1
18,35,67628,1
3,42,10646,1
18,35,67632,1
18,35,67634,1
18,35,67636,1
18,35,67638,1
18,35,67640,1
3,42,10648,1
18,35,67644,1
18,35,67646,1
18,35,67648,1
3,42,10652,1
3,42,10654,1
18,35,67654,1
3,42,10656,1
18,35,67658,1
3,42,10658,1
18,35,67662,1
18,35,67664,1
18,35,67666,1
18,35,67668,1
18,35,67670,1
18,35,67672,1
3,42,10662,1
18,35,67676,1
18,35,67678,1
18,36,67681,1
18,36,67683,1
3,42,10664,1
18,36,67687,1
18,36,67689,1
3,42,10666,1
3,42,10668,1
3,42,10670,1
3,43,10673,1
18,36,67699,1
18,36,67701,1
18,36,67703,1
18,36,67705,1
3,43,10675,1
18,36,67709,1
18,36,67711,1
18,36,67713,1
18,36,67715,1
18,36,67717,1
3,43,10677,1
3,43,10679,1
18,36,67723,1
18,36,67725,1
3,43,10681,1
18,36,67729,1
18,36,67731,1
18,36,67733,1
18,36,67735,1
18,36,67737,1
18,36,67739,1
18,36,67741,1
3,43,10683,1
18,36,67745,1
18,37,67748,1
18,37,67750,1
18,37,67752,1
3,43,10687,1
3,43,10691,1
18,37,67758,1
18,37,67760,1
3,43,10693,1
3,43,10695,1
18,37,67766,1
18,37,67768,1
18,37,67770,1
18,37,67772,1
3,43,10697,1
3,43,10699,1
18,37,67778,1
18,37,67780,1
3,43,10703,1
3,43,10705,1
18,37,67786,1
18,37,67788,1
18,37,67790,1
18,37,67792,1
3,43,10707,1
18,37,67796,1
3,43,10709,1
18,37,67800,1
3,43,10711,1
18,37,67804,1
3,43,10713,1
18,37,67808,1
18,37,67810,1
3,43,10715,1
18,37,67814,1
18,37,67816,1
18,37,67818,1
18,37,67820,1
18,37,67822,1
18,37,67824,1
18,37,67826,1
18,37,67828,1
18,37,67830,1
18,37,67832,1
18,37,67834,1
18,37,67836,1
18,37,67838,1
18,37,67840,1
18,38,67843,1
18,38,67845,1
18,38,67847,1
18,38,67849,1
3,43,10717,1
3,43,10719,1
3,43,10721,1
18,38,67857,1
3,43,10723,1
18,38,67861,1
3,43,10725,1
18,38,67865,1
3,43,10727,1
3,43,10729,1
18,38,67871,1
3,44,10732,1
18,38,67875,1
18,38,67877,1
18,38,67879,1
18,38,67881,1
18,38,67883,1
18,38,67885,1
3,44,10734,1
18,38,67889,1
18,38,67891,1
18,38,67893,1
18,38,67895,1
18,38,67897,1
18,38,67899,1
3,44,10736,1
18,39,67904,1
18,39,67906,1
18,39,67908,1
18,39,67910,1
3,44,10740,1
3,44,10742,1
3,44,10744,1
18,39,67918,1
3,44,10748,1
3,44,10750,1
18,39,67924,1
18,39,67926,1
3,44,10752,1
3,44,10754,1
3,44,10758,1
18,39,67934,1
18,39,67936,1
18,39,67938,1
18,39,67940,1
18,39,67942,1
18,39,67944,1
3,44,10762,1
3,44,10766,1
3,44,10768,1
3,44,10770,1
18,39,67954,1
18,39,67956,1
18,39,67958,1
3,44,10772,1
18,39,67962,1
18,39,67964,1
3,44,10774,1
18,39,67968,1
18,39,67970,1
18,39,67972,1
18,39,67974,1
18,39,67976,1
18,39,67978,1
3,44,10776,1
3,45,10779,1
18,40,67985,1
3,45,10781,1
18,40,67989,1
3,45,10785,1
18,40,67993,1
3,45,10787,1
18,40,67997,1
18,40,67999,1
18,40,68001,1
18,40,68003,1
3,45,10789,1
18,40,68007,1
18,40,68009,1
3,45,10791,1
18,40,68013,1
18,41,68016,1
18,41,68018,1
3,45,10793,1
18,41,68022,1
18,41,68024,1
18,41,68026,1
18,41,68028,1
18,41,68030,1
18,41,68032,1
18,41,68034,1
18,41,68036,1
3,45,10795,1
18,41,68040,1
3,45,10797,1
3,45,10799,1
18,41,68046,1
18,41,68048,1
3,45,10801,1
18,41,68052,1
18,41,68054,1
18,41,68056,1
18,41,68058,1
3,45,10803,1
18,41,68062,1
3,45,10807,1
3,45,10815,1
3,45,10817,1
18,41,68070,1
18,41,68072,1
18,41,68074,1
18,41,68076,1
18,41,68078,1
18,41,68080,1
18,41,68082,1
3,45,10819,1
18,41,68086,1
18,42,68088,1
18,42,68090,1
3,45,10821,1
18,42,68094,1
18,42,68096,1
18,42,68098,1
3,45,10823,1
18,42,68102,1
18,42,68104,1
18,42,68106,1
3,45,10827,1
18,42,68110,1
18,42,68112,1
18,42,68114,1
3,45,10829,1
18,42,68118,1
3,45,10831,1
18,42,68122,1
18,42,68124,1
18,42,68126,1
18,42,68128,1
18,42,68130,1
3,45,10837,1
18,42,68134,1
3,45,10839,1
3,45,10841,1
18,42,68140,1
18,42,68142,1
18,42,68144,1
3,45,10845,1
18,43,68149,1
18,43,68151,1
18,43,68153,1
18,43,68155,1
18,43,68157,1
18,43,68159,1
18,43,68161,1
18,43,68163,1
18,43,68165,1
18,43,68167,1
18,43,68169,1
3,45,10847,1
18,43,68173,1
18,43,68175,1
18,43,68177,1
18,43,68179,1
3,45,10849,1
3,45,10851,1
18,43,68185,1
18,43,68187,1
18,43,68189,1
18,43,68191,1
18,43,68193,1
3,46,10854,1
3,46,10858,1
18,43,68199,1
18,43,68201,1
18,43,68203,1
18,43,68205,1
18,44,68208,1
3,46,10862,1
18,44,68212,1
3,46,10864,1
3,46,10866,1
3,46,10868,1
18,44,68220,1
18,44,68222,1
3,46,10870,1
3,46,10872,1
18,44,68228,1
3,46,10874,1
18,44,68232,1
3,46,10876,1
18,45,68237,1
18,45,68239,1
3,46,10878,1
18,45,68243,1
18,45,68245,1
18,45,68247,1
3,46,10880,1
18,45,68251,1
3,46,10882,1
18,45,68255,1
3,46,10888,1
18,45,68259,1
18,45,68261,1
18,45,68263,1
18,45,68265,1
18,45,68267,1
18,45,68269,1
18,45,68271,1
18,45,68273,1
3,46,10892,1
18,45,68277,1
18,45,68279,1
18,45,68281,1
18,45,68283,1
3,46,10898,1
18,45,68287,1
3,46,10900,1
18,45,68291,1
18,45,68293,1
18,45,68295,1
18,45,68297,1
18,45,68299,1
18,45,68301,1
18,45,68303,1
3,46,10902,1
18,45,68307,1
18,45,68309,1
18,45,68311,1
3,47,10912,1
18,46,68316,1
18,46,68318,1
18,46,68320,1
3,47,10916,1
18,46,68324,1
18,46,68326,1
18,46,68328,1
18,46,68330,1
18,46,68332,1
18,46,68334,1
18,46,68336,1
18,46,68338,1
18,46,68340,1
3,47,10918,1
18,46,68344,1
18,46,68346,1
18,46,68348,1
18,46,68350,1
18,46,68352,1
18,46,68354,1
18,46,68356,1
3,47,10920,1
18,46,68360,1
18,46,68362,1
18,46,68364,1
3,47,10924,1
18,46,68368,1
18,46,68370,1
18,46,68372,1
18,46,68374,1
18,47,68377,1
3,47,10926,1
18,47,68381,1
3,47,10928,1
18,47,68385,1
18,47,68387,1
18,47,68389,1
18,47,68391,1
18,47,68393,1
18,47,68395,1
18,47,68397,1
18,47,68399,1
18,47,68401,1
18,47,68403,1
18,47,68405,1
18,47,68407,1
18,47,68409,1
18,47,68411,1
18,47,68413,1
18,47,68415,1
18,47,68417,1
18,47,68419,1
3,47,10930,1
3,47,10932,1
18,47,68425,1
18,47,68427,1
18,47,68429,1
18,47,68431,1
3,47,10938,1
18,47,68435,1
3,47,10940,1
18,48,68440,1
18,48,68442,1
18,48,68444,1
3,47,10942,1
3,47,10944,1
3,47,10946,1
3,47,10948,1
18,48,68454,1
18,48,68456,1
18,48,68458,1
18,48,68460,1
3,47,10950,1
3,47,10952,1
18,48,68466,1
18,48,68468,1
18,48,68470,1
18,48,68472,1
18,48,68474,1
18,48,68476,1
18,48,68478,1
3,47,10954,1
18,48,68482,1
18,48,68484,1
18,48,68486,1
18,48,68488,1
18,48,68490,1
18,48,68492,1
18,48,68494,1
18,49,68497,1
3,47,10956,1
18,49,68501,1
18,49,68503,1
3,47,10958,1
3,47,10964,1
3,48,10967,1
18,49,68511,1
18,49,68513,1
18,49,68515,1
18,49,68517,1
18,49,68519,1
18,49,68521,1
18,49,68523,1
18,49,68525,1
18,49,68527,1
18,49,68529,1
18,49,68531,1
18,49,68533,1
18,49,68535,1
3,48,10969,1
18,49,68539,1
18,49,68541,1
18,49,68543,1
3,48,10973,1
18,50,68548,1
18,50,68550,1
18,50,68552,1
3,48,10975,1
3,48,10977,1
18,50,68558,1
18,50,68560,1
18,50,68562,1
18,50,68564,1
18,50,68566,1
18,50,68568,1
18,50,68570,1
18,50,68572,1
18,50,68574,1
3,48,10979,1
18,50,68578,1
3,48,10981,1
18,50,68582,1
18,50,68584,1
18,50,68586,1
18,50,68588,1
18,50,68590,1
3,48,10983,1
18,51,68595,1
18,51,68597,1
18,51,68599,1
18,51,68601,1
18,51,68603,1
18,51,68605,1
18,51,68607,1
18,51,68609,1
3,48,10989,1
18,51,68613,1
18,51,68615,1
18,51,68617,1
18,51,68619,1
18,51,68621,1
18,51,68623,1
3,48,10991,1
18,51,68627,1
18,51,68629,1
3,48,10993,1
18,51,68633,1
18,51,68635,1
3,48,10997,1
18,51,68639,1
3,48,11003,1
18,52,68644,1
3,48,11005,1
18,52,68648,1
18,52,68650,1
3,48,11007,1
18,52,68654,1
18,52,68656,1
18,52,68658,1
18,52,68660,1
18,52,68662,1
3,48,11009,1
18,52,68666,1
18,52,68668,1
18,52,68670,1
18,52,68672,1
18,52,68674,1
3,48,11013,1
18,52,68678,1
18,52,68680,1
18,52,68682,1
18,52,68684,1
18,52,68686,1
18,52,68688,1
18,52,68690,1
18,52,68692,1
3,48,11015,1
18,53,68697,1
18,53,68699,1
18,53,68701,1
18,53,68703,1
18,53,68705,1
18,53,68707,1
18,53,68709,1
18,53,68711,1
18,53,68713,1
18,53,68715,1
18,53,68717,1
18,53,68719,1
18,53,68721,1
18,53,68723,1
18,53,68725,1
18,53,68727,1
18,53,68729,1
18,53,68731,1
18,53,68733,1
18,54,68736,1
18,55,68739,1
18,55,68741,1
3,48,11017,1
18,55,68745,1
18,55,68747,1
18,55,68749,1
18,55,68751,1
18,55,68753,1
18,55,68755,1
3,48,11019,1
18,55,68759,1
18,55,68761,1
18,55,68763,1
18,55,68765,1
18,55,68767,1
18,56,68770,1
3,48,11023,1
18,57,68775,1
3,48,11025,1
18,57,68779,1
18,57,68781,1
3,48,11027,1
18,57,68785,1
18,57,68787,1
18,57,68789,1
3,49,11030,1
18,57,68793,1
18,57,68795,1
18,57,68797,1
18,57,68799,1
3,49,11036,1
18,57,68803,1
18,57,68805,1
18,57,68807,1
18,58,68810,1
18,58,68812,1
18,58,68814,1
18,58,68816,1
18,58,68818,1
18,58,68820,1
18,58,68822,1
18,58,68824,1
18,58,68826,1
18,59,68829,1
18,59,68831,1
18,60,68834,1
3,49,11038,1
18,60,68838,1
18,60,68840,1
3,49,11040,1
18,60,68844,1
18,60,68846,1
18,60,68848,1
18,60,68850,1
18,60,68852,1
3,49,11042,1
3,49,11044,1
3,49,11046,1
19,1,68861,1
19,1,68863,1
19,1,68865,1
19,1,68867,1
19,1,68869,1
19,1,68871,1
19,1,68873,1
19,1,68875,1
19,1,68877,1
19,1,68879,1
19,1,68881,1
19,1,68883,1
19,1,68885,1
19,1,68887,1
19,1,68889,1
19,1,68891,1
3,49,11054,1
3,49,11056,1
19,1,68897,1
19,1,68899,1
3,49,11062,1
19,1,68903,1
3,49,11066,1
19,1,68907,1
3,49,11068,1
3,49,11070,1
19,1,68913,1
3,49,11072,1
3,49,11076,1
19,1,68919,1
19,1,68921,1
19,1,68923,1
19,1,68925,1
19,1,68927,1
19,1,68929,1
19,2,68932,1
19,2,68934,1
19,2,68936,1
19,2,68938,1
3,49,11078,1
3,49,11090,1
3,49,11092,1
3,49,11094,1
19,2,68948,1
19,2,68950,1
19,2,68952,1
19,2,68954,1
19,2,68956,1
19,2,68958,1
19,2,68960,1
19,2,68962,1
19,2,68964,1
19,2,68966,1
19,2,68968,1
19,2,68970,1
19,2,68972,1
19,2,68974,1
19,2,68976,1
19,2,68978,1
3,49,11096,1
19,2,68982,1
19,2,68984,1
19,2,68986,1
19,2,68988,1
3,49,11100,1
3,49,11102,1
19,2,68994,1
19,2,68996,1
3,49,11104,1
19,2,69000,1
3,49,11106,1
3,49,11110,1
19,2,69006,1
19,2,69008,1
19,2,69010,1
19,2,69012,1
19,2,69014,1
19,2,69016,1
19,2,69018,1
19,2,69020,1
19,2,69022,1
3,49,11112,1
19,2,69026,1
19,3,69029,1
19,3,69031,1
19,3,69033,1
19,3,69035,1
3,49,11114,1
19,3,69039,1
19,3,69041,1
3,49,11116,1
19,3,69045,1
19,3,69047,1
3,49,11118,1
3,49,11124,1
3,49,11126,1
3,50,11129,1
3,50,11133,1
19,3,69059,1
19,3,69061,1
3,50,11135,1
3,50,11137,1
19,3,69067,1
19,3,69069,1
19,3,69071,1
19,3,69073,1
19,3,69075,1
19,3,69077,1
19,3,69079,1
19,3,69081,1
19,3,69083,1
3,50,11139,1
19,3,69087,1
19,3,69089,1
19,3,69091,1
3,50,11141,1
19,3,69095,1
3,50,11145,1
3,50,11149,1
19,3,69101,1
19,3,69103,1
19,3,69105,1
19,3,69107,1
19,3,69109,1
19,3,69111,1
19,3,69113,1
19,3,69115,1
19,3,69117,1
19,3,69119,1
19,3,69121,1
19,3,69123,1
19,3,69125,1
3,50,11151,1
3,50,11153,1
3,50,11159,1
3,50,11163,1
19,4,69136,1
19,4,69138,1
19,4,69140,1
3,50,11165,1
19,4,69144,1
19,4,69146,1
19,4,69148,1
19,4,69150,1
3,50,11167,1
19,4,69154,1
19,4,69156,1
3,50,11169,1
19,4,69160,1
19,4,69162,1
3,50,11173,1
19,4,69166,1
19,4,69168,1
3,50,11175,1
19,4,69172,1
3,50,11177,1
19,4,69176,1
3,51,11183,1
3,51,11187,1
19,4,69182,1
3,51,11189,1
19,4,69186,1
19,4,69188,1
19,4,69190,1
19,4,69192,1
19,5,69195,1
19,5,69197,1
19,5,69199,1
19,5,69201,1
19,5,69203,1
3,51,11199,1
19,5,69207,1
19,5,69209,1
19,5,69211,1
19,5,69213,1
19,5,69215,1
19,5,69217,1
19,5,69219,1
19,5,69221,1
3,51,11201,1
3,51,11203,1
3,51,11205,1
19,5,69229,1
19,5,69231,1
3,51,11207,1
19,5,69235,1
19,5,69237,1
19,5,69239,1
19,5,69241,1
19,5,69243,1
19,5,69245,1
19,5,69247,1
19,5,69249,1
19,5,69251,1
19,5,69253,1
19,5,69255,1
19,5,69257,1
19,5,69259,1
3,51,11209,1
19,5,69263,1
19,5,69265,1
19,5,69267,1
3,51,11211,1
19,5,69271,1
19,5,69273,1
19,5,69275,1
3,51,11213,1
19,5,69279,1
19,5,69281,1
19,5,69283,1
19,5,69285,1
19,5,69287,1
19,5,69289,1
19,5,69291,1
19,5,69293,1
19,5,69295,1
19,5,69297,1
19,6,69300,1
19,6,69302,1
19,6,69304,1
3,51,11215,1
3,51,11217,1
19,6,69310,1
3,51,11219,1
19,6,69314,1
3,51,11221,1
19,6,69318,1
19,6,69320,1
19,6,69322,1
19,6,69324,1
19,6,69326,1
19,6,69328,1
19,6,69330,1
19,6,69332,1
19,6,69334,1
19,6,69336,1
19,6,69338,1
19,6,69340,1
19,6,69342,1
19,6,69344,1
19,6,69346,1
19,6,69348,1
19,6,69350,1
3,51,11223,1
19,6,69354,1
19,6,69356,1
19,6,69358,1
3,51,11225,1
19,6,69362,1
19,6,69364,1
3,51,11227,1
19,6,69368,1
3,51,11229,1
3,51,11231,1
3,52,11234,1
19,6,69376,1
19,6,69378,1
3,52,11236,1
3,52,11238,1
19,6,69384,1
19,6,69386,1
3,52,11242,1
3,52,11244,1
19,7,69392,1
19,7,69394,1
19,7,69396,1
19,7,69398,1
19,7,69400,1
19,7,69402,1
19,7,69404,1
3,52,11246,1
3,52,11248,1
3,52,11252,1
3,52,11260,1
19,7,69414,1
19,7,69416,1
19,7,69418,1
19,7,69420,1
19,7,69422,1
19,7,69424,1
3,52,11262,1
3,52,11264,1
3,52,11268,1
3,52,11270,1
3,52,11274,1
3,52,11276,1
19,7,69438,1
3,52,11278,1
3,52,11280,1
19,7,69444,1
3,52,11282,1
19,7,69448,1
19,7,69450,1
19,7,69452,1
19,7,69454,1
19,7,69456,1
19,7,69458,1
3,52,11284,1
19,8,69463,1
19,8,69465,1
19,8,69467,1
19,8,69469,1
19,8,69471,1
19,8,69473,1
3,52,11286,1
19,8,69477,1
19,8,69479,1
19,8,69481,1
19,8,69483,1
19,8,69485,1
19,8,69487,1
19,8,69489,1
19,8,69491,1
3,52,11288,1
19,8,69495,1
3,52,11292,1
3,52,11294,1
19,8,69501,1
3,52,11296,1
19,8,69505,1
3,52,11298,1
3,52,11300,1
19,8,69511,1
3,53,11305,1
19,8,69515,1
19,8,69517,1
19,8,69519,1
3,53,11307,1
3,53,11309,1
19,8,69525,1
19,8,69527,1
19,8,69529,1
19,8,69531,1
3,53,11313,1
3,53,11317,1
3,53,11319,1
19,9,69540,1
3,53,11321,1
3,53,11323,1
3,53,11325,1
19,9,69548,1
19,9,69550,1
19,9,69552,1
19,9,69554,1
19,9,69556,1
19,9,69558,1
19,9,69560,1
19,9,69562,1
3,53,11327,1
19,9,69566,1
3,53,11329,1
3,54,11336,1
19,9,69572,1
3,54,11338,1
3,54,11340,1
19,9,69578,1
3,54,11342,1
19,9,69582,1
19,9,69584,1
19,9,69586,1
19,9,69588,1
3,54,11344,1
19,9,69592,1
19,9,69594,1
19,9,69596,1
3,54,11346,1
3,54,11348,1
19,9,69602,1
19,9,69604,1
19,9,69606,1
19,9,69608,1
19,9,69610,1
19,9,69612,1
19,9,69614,1
19,9,69616,1
19,10,69618,1
3,54,11352,1
19,10,69622,1
19,10,69624,1
3,54,11354,1
3,54,11360,1
3,54,11362,1
3,54,11364,1
19,10,69634,1
19,10,69636,1
19,10,69638,1
19,10,69640,1
19,10,69642,1
19,10,69644,1
19,10,69646,1
19,10,69648,1
19,10,69650,1
19,10,69652,1
19,10,69654,1
19,10,69656,1
19,10,69658,1
19,10,69660,1
19,10,69662,1
19,10,69664,1
19,10,69666,1
19,10,69668,1
19,10,69670,1
19,10,69672,1
19,10,69674,1
19,10,69676,1
19,10,69678,1
19,10,69680,1
19,10,69682,1
3,54,11366,1
19,10,69686,1
19,10,69688,1
19,10,69690,1
3,54,11368,1
19,10,69694,1
3,55,11371,1
3,55,11373,1
19,10,69700,1
19,10,69702,1
19,10,69704,1
19,10,69706,1
19,10,69708,1
19,10,69710,1
19,11,69713,1
3,55,11375,1
19,11,69717,1
19,11,69719,1
19,11,69721,1
19,11,69723,1
19,11,69725,1
3,56,11380,1
19,11,69729,1
3,57,11383,1
19,11,69733,1
19,11,69735,1
19,11,69737,1
19,11,69739,1
19,11,69741,1
19,11,69743,1
19,11,69745,1
19,11,69747,1
3,57,11385,1
19,11,69751,1
3,57,11389,1
19,11,69755,1
3,57,11393,1
19,11,69759,1
19,11,69761,1
19,11,69763,1
3,57,11395,1
3,57,11397,1
19,11,69769,1
3,57,11399,1
19,11,69773,1
19,11,69775,1
19,11,69777,1
19,11,69779,1
19,11,69781,1
19,11,69783,1
19,11,69785,1
3,57,11401,1
19,12,69790,1
19,12,69792,1
3,58,11403,1
3,58,11405,1
19,12,69798,1
3,58,11409,1
19,12,69802,1
19,12,69804,1
19,12,69806,1
19,12,69808,1
19,12,69810,1
3,58,11411,1
19,12,69814,1
19,12,69816,1
19,12,69818,1
19,12,69820,1
3,58,11413,1
3,58,11415,1
19,12,69826,1
19,12,69828,1
19,12,69830,1
19,12,69832,1
3,58,11417,1
19,12,69836,1
19,12,69838,1
19,12,69840,1
19,12,69842,1
4,1,11424,1
19,12,69846,1
19,12,69848,1
4,1,11426,1
19,12,69852,1
19,13,69855,1
19,13,69857,1
19,13,69859,1
19,13,69861,1
4,1,11428,1
19,13,69865,1
19,13,69867,1
19,13,69869,1
19,13,69871,1
19,13,69873,1
4,1,11430,1
19,13,69877,1
4,1,11434,1
19,13,69881,1
4,1,11438,1
19,13,69885,1
19,13,69887,1
4,1,11440,1
19,13,69891,1
4,1,11446,1
19,13,69895,1
4,1,11448,1
19,13,69899,1
19,13,69901,1
19,13,69903,1
4,1,11450,1
19,13,69907,1
19,13,69909,1
19,13,69911,1
19,13,69913,1
19,13,69915,1
19,13,69917,1
19,13,69919,1
19,13,69921,1
4,1,11452,1
4,1,11458,1
19,13,69927,1
19,13,69929,1
4,1,11462,1
19,13,69933,1
19,13,69935,1
19,13,69937,1
19,13,69939,1
4,1,11464,1
19,13,69943,1
19,13,69945,1
4,1,11466,1
19,13,69949,1
19,13,69951,1
4,1,11468,1
19,14,69955,1
19,14,69957,1
4,1,11470,1
19,14,69961,1
19,14,69963,1
19,14,69965,1
4,1,11472,1
4,1,11474,1
19,14,69971,1
4,1,11476,1
4,1,11478,1
19,14,69977,1
19,14,69979,1
19,14,69981,1
19,14,69983,1
19,14,69985,1
19,14,69987,1
4,1,11482,1
4,1,11484,1
19,14,69993,1
4,1,11486,1
4,1,11488,1
19,14,69999,1
4,1,11490,1
4,2,11493,1
4,2,11495,1
4,2,11501,1
19,14,70009,1
4,2,11503,1
4,2,11505,1
19,14,70015,1
19,14,70017,1
19,15,70019,1
19,15,70021,1
4,2,11507,1
4,2,11511,1
19,15,70027,1
4,2,11513,1
19,15,70031,1
4,2,11515,1
4,2,11517,1
19,15,70037,1
19,15,70039,1
19,15,70041,1
19,15,70043,1
19,15,70045,1
19,15,70047,1
19,15,70049,1
19,15,70051,1
19,15,70053,1
19,15,70055,1
19,15,70057,1
19,15,70059,1
19,15,70061,1
4,2,11519,1
4,2,11521,1
19,15,70067,1
19,15,70069,1
4,2,11523,1
19,15,70073,1
19,15,70075,1
4,2,11525,1
19,15,70079,1
19,15,70081,1
19,15,70083,1
4,2,11527,1
19,15,70087,1
19,15,70089,1
19,15,70091,1
19,15,70093,1
19,15,70095,1
19,15,70097,1
19,16,70100,1
4,2,11529,1
4,2,11531,1
19,16,70106,1
19,16,70108,1
4,2,11533,1
19,16,70112,1
4,2,11537,1
4,2,11539,1
4,2,11541,1
19,16,70120,1
19,16,70122,1
19,16,70124,1
19,16,70126,1
19,16,70128,1
19,16,70130,1
4,2,11545,1
4,2,11547,1
19,16,70136,1
19,16,70138,1
19,16,70140,1
4,2,11549,1
19,16,70144,1
4,2,11553,1
4,2,11555,1
4,2,11557,1
19,17,70153,1
19,17,70155,1
19,17,70157,1
4,2,11559,1
19,17,70161,1
19,17,70163,1
19,17,70165,1
19,17,70167,1
19,17,70169,1
19,17,70171,1
19,17,70173,1
19,17,70175,1
19,17,70177,1
4,2,11561,1
19,17,70181,1
19,17,70183,1
19,17,70185,1
4,2,11563,1
19,17,70189,1
19,17,70191,1
4,2,11565,1
19,17,70195,1
4,2,11567,1
19,18,70199,1
19,18,70201,1
19,18,70203,1
19,18,70205,1
4,2,11569,1
4,2,11571,1
4,2,11573,1
4,2,11575,1
19,18,70215,1
19,18,70217,1
4,2,11577,1
19,18,70221,1
19,18,70223,1
4,2,11579,1
19,18,70227,1
19,18,70229,1
19,18,70231,1
19,18,70233,1
19,18,70235,1
19,18,70237,1
19,18,70239,1
4,2,11581,1
19,18,70243,1
19,18,70245,1
19,18,70247,1
19,18,70249,1
4,3,11586,1
19,18,70253,1
19,18,70255,1
19,18,70257,1
4,3,11590,1
19,18,70261,1
19,18,70263,1
19,18,70265,1
19,19,70268,1
19,19,70270,1
19,19,70272,1
4,3,11598,1
19,19,70276,1
19,19,70278,1
4,3,11600,1
4,3,11602,1
19,19,70284,1
19,19,70286,1
19,19,70288,1
4,3,11606,1
4,3,11608,1
4,3,11610,1
19,19,70296,1
19,19,70298,1
19,19,70300,1
19,19,70302,1
19,19,70304,1
19,19,70306,1
19,19,70308,1
19,19,70310,1
19,19,70312,1
19,19,70314,1
4,3,11618,1
19,19,70318,1
4,3,11622,1
19,19,70322,1
19,19,70324,1
19,19,70326,1
4,3,11624,1
19,19,70330,1
19,20,70333,1
4,3,11626,1
4,3,11628,1
19,20,70339,1
19,20,70341,1
4,3,11630,1
19,20,70345,1
4,3,11632,1
4,3,11634,1
19,20,70351,1
4,3,11638,1
19,20,70355,1
19,20,70357,1
19,20,70359,1
19,20,70361,1
19,20,70363,1
19,20,70365,1
19,20,70367,1
19,20,70369,1
19,20,70371,1
4,4,11643,1
4,4,11645,1
19,20,70377,1
19,20,70379,1
19,20,70381,1
19,20,70383,1
19,20,70385,1
19,20,70387,1
19,20,70389,1
4,4,11647,1
19,20,70393,1
19,20,70395,1
19,20,70397,1
19,20,70399,1
19,20,70401,1
19,20,70403,1
19,20,70405,1
19,20,70407,1
4,4,11649,1
19,21,70412,1
4,4,11651,1
19,21,70416,1
19,21,70418,1
4,4,11655,1
19,21,70422,1
19,21,70424,1
19,21,70426,1
19,21,70428,1
19,21,70430,1
19,21,70432,1
4,4,11661,1
19,21,70436,1
19,21,70438,1
19,21,70440,1
4,4,11663,1
19,21,70444,1
19,21,70446,1
19,21,70448,1
4,4,11665,1
4,4,11667,1
4,4,11671,1
19,21,70456,1
4,4,11673,1
19,21,70460,1
4,4,11675,1
19,21,70464,1
19,21,70466,1
19,21,70468,1
19,21,70470,1
4,4,11677,1
19,21,70474,1
19,21,70476,1
19,21,70478,1
19,21,70480,1
4,4,11679,1
19,21,70484,1
19,21,70486,1
4,4,11681,1
19,21,70490,1
19,21,70492,1
4,4,11683,1
19,21,70496,1
4,4,11685,1
19,22,70501,1
19,22,70503,1
19,22,70505,1
19,22,70507,1
4,4,11687,1
19,22,70511,1
19,22,70513,1
19,22,70515,1
19,22,70517,1
4,4,11691,1
4,4,11693,1
19,22,70523,1
19,22,70525,1
4,4,11695,1
19,22,70529,1
19,22,70531,1
19,22,70533,1
19,22,70535,1
4,4,11697,1
19,22,70539,1
19,22,70541,1
19,22,70543,1
19,22,70545,1
19,22,70547,1
19,22,70549,1
19,22,70551,1
19,22,70553,1
19,22,70555,1
19,22,70557,1
19,22,70559,1
19,22,70561,1
19,22,70563,1
19,22,70565,1
19,22,70567,1
19,22,70569,1
19,22,70571,1
19,22,70573,1
4,4,11699,1
4,4,11703,1
4,4,11705,1
19,22,70581,1
4,4,11707,1
19,22,70585,1
4,4,11709,1
19,22,70589,1
4,4,11713,1
4,4,11715,1
19,22,70595,1
19,22,70597,1
19,22,70599,1
19,22,70601,1
19,23,70604,1
4,4,11717,1
19,23,70608,1
19,23,70610,1
19,23,70612,1
4,4,11719,1
4,4,11721,1
19,23,70618,1
4,4,11723,1
4,4,11725,1
4,4,11729,1
4,5,11734,1
19,23,70628,1
19,23,70630,1
19,23,70632,1
19,23,70634,1
19,23,70636,1
4,5,11736,1
4,5,11738,1
4,5,11742,1
4,5,11744,1
4,5,11750,1
4,5,11752,1
4,5,11754,1
4,5,11756,1
19,23,70654,1
19,23,70656,1
19,23,70658,1
19,23,70660,1
19,23,70662,1
19,23,70664,1
19,24,70667,1
4,5,11758,1
4,5,11760,1
19,24,70673,1
4,5,11762,1
19,24,70677,1
19,24,70679,1
19,24,70681,1
19,24,70683,1
4,5,11766,1
4,5,11768,1
4,5,11772,1
4,5,11774,1
19,24,70693,1
19,24,70695,1
19,24,70697,1
19,24,70699,1
19,24,70701,1
19,24,70703,1
4,5,11778,1
19,24,70707,1
19,24,70709,1
19,24,70711,1
19,24,70713,1
19,24,70715,1
4,5,11782,1
19,24,70719,1
19,24,70721,1
19,24,70723,1
19,24,70725,1
19,24,70727,1
19,24,70729,1
19,24,70731,1
19,24,70733,1
19,24,70735,1
19,24,70737,1
19,24,70739,1
19,24,70741,1
19,24,70743,1
19,24,70745,1
4,5,11790,1
4,6,11793,1
19,24,70751,1
19,24,70753,1
19,24,70755,1
19,25,70758,1
19,25,70760,1
19,25,70762,1
19,25,70764,1
19,25,70766,1
4,6,11795,1
4,6,11799,1
19,25,70772,1
4,6,11801,1
4,6,11803,1
4,6,11807,1
19,25,70780,1
19,25,70782,1
4,6,11809,1
19,25,70786,1
19,25,70788,1
19,25,70790,1
19,25,70792,1
19,25,70794,1
19,25,70796,1
19,25,70798,1
19,25,70800,1
19,25,70802,1
4,6,11811,1
19,25,70806,1
19,25,70808,1
19,25,70810,1
19,25,70812,1
19,25,70814,1
19,25,70816,1
19,25,70818,1
19,25,70820,1
19,25,70822,1
19,25,70824,1
19,25,70826,1
19,25,70828,1
4,6,11813,1
19,25,70832,1
19,25,70834,1
19,25,70836,1
19,25,70838,1
4,6,11819,1
4,6,11825,1
4,6,11827,1
19,26,70847,1
19,26,70849,1
4,6,11829,1
19,26,70853,1
19,26,70855,1
19,26,70857,1
19,26,70859,1
19,26,70861,1
19,26,70863,1
19,26,70865,1
19,26,70867,1
4,6,11831,1
19,26,70871,1
19,26,70873,1
19,26,70875,1
19,26,70877,1
19,26,70879,1
19,26,70881,1
4,6,11833,1
4,6,11835,1
19,26,70887,1
19,26,70889,1
19,26,70891,1
19,26,70893,1
4,6,11837,1
19,26,70897,1
4,6,11839,1
19,26,70901,1
4,6,11841,1
19,26,70905,1
19,27,70908,1
19,27,70910,1
4,6,11843,1
19,27,70914,1
19,27,70916,1
19,27,70918,1
19,27,70920,1
19,27,70922,1
4,6,11845,1
19,27,70926,1
4,6,11847,1
19,27,70930,1
19,27,70932,1
4,6,11851,1
19,27,70936,1
19,27,70938,1
19,27,70940,1
4,6,11857,1
19,27,70944,1
4,6,11859,1
19,27,70948,1
19,27,70950,1
19,27,70952,1
4,6,11861,1
4,6,11867,1
4,6,11871,1
19,27,70960,1
19,27,70962,1
19,27,70964,1
19,27,70966,1
4,6,11873,1
19,27,70970,1
19,27,70972,1
19,27,70974,1
4,6,11875,1
4,6,11877,1
19,27,70980,1
4,6,11879,1
19,27,70984,1
19,28,70987,1
19,28,70989,1
4,6,11881,1
4,7,11884,1
19,28,70995,1
4,7,11886,1
19,28,70999,1
19,28,71001,1
4,7,11888,1
19,28,71005,1
4,7,11890,1
4,7,11894,1
19,28,71011,1
19,28,71013,1
4,7,11896,1
19,28,71017,1
19,28,71019,1
19,28,71021,1
19,28,71023,1
19,28,71025,1
19,28,71027,1
4,7,11898,1
19,28,71031,1
19,28,71033,1
19,28,71035,1
19,28,71037,1
19,28,71039,1
19,28,71041,1
4,7,11900,1
19,28,71045,1
19,28,71047,1
4,7,11902,1
19,28,71051,1
4,7,11904,1
4,7,11906,1
19,28,71057,1
19,28,71059,1
19,28,71061,1
19,28,71063,1
19,28,71065,1
19,28,71067,1
19,29,71070,1
19,29,71072,1
4,7,11912,1
4,7,11914,1
19,29,71078,1
4,7,11916,1
19,29,71082,1
4,7,11918,1
19,29,71086,1
19,29,71088,1
4,7,11922,1
4,7,11924,1
19,29,71094,1
19,29,71096,1
19,29,71098,1
19,29,71100,1
19,29,71102,1
19,29,71104,1
19,29,71106,1
19,29,71108,1
19,29,71110,1
19,29,71112,1
19,29,71114,1
19,29,71116,1
19,29,71118,1
4,7,11926,1
4,7,11930,1
19,29,71124,1
19,29,71126,1
19,29,71128,1
4,7,11934,1
19,29,71132,1
19,29,71134,1
19,29,71136,1
4,7,11936,1
4,7,11938,1
19,30,71143,1
4,7,11942,1
4,7,11944,1
4,7,11946,1
4,7,11950,1
4,7,11952,1
19,30,71155,1
19,30,71157,1
19,30,71159,1
4,7,11954,1
19,30,71163,1
19,30,71165,1
19,30,71167,1
19,30,71169,1
4,7,11956,1
19,30,71173,1
4,7,11958,1
4,7,11960,1
4,8,11967,1
19,30,71181,1
4,8,11969,1
19,30,71185,1
19,30,71187,1
19,30,71189,1
19,30,71191,1
19,30,71193,1
19,30,71195,1
19,30,71197,1
19,30,71199,1
4,8,11971,1
4,8,11973,1
19,30,71205,1
19,30,71207,1
19,30,71209,1
19,30,71211,1
19,30,71213,1
19,30,71215,1
19,30,71217,1
19,31,71220,1
19,31,71222,1
19,31,71224,1
4,8,11979,1
4,8,11981,1
19,31,71230,1
4,8,11983,1
19,31,71234,1
19,31,71236,1
19,31,71238,1
19,31,71240,1
19,31,71242,1
19,31,71244,1
19,31,71246,1
19,31,71248,1
19,31,71250,1
4,8,11985,1
4,8,11987,1
19,31,71256,1
19,31,71258,1
19,31,71260,1
19,31,71262,1
19,31,71264,1
19,31,71266,1
19,31,71268,1
4,8,11989,1
19,31,71272,1
19,31,71274,1
19,31,71276,1
4,8,11991,1
4,8,11993,1
19,31,71282,1
19,31,71284,1
19,31,71286,1
19,31,71288,1
4,8,11995,1
19,31,71292,1
19,31,71294,1
19,31,71296,1
19,31,71298,1
19,31,71300,1
19,31,71302,1
19,31,71304,1
4,8,11997,1
19,32,71309,1
19,32,71311,1
19,32,71313,1
19,32,71315,1
19,32,71317,1
19,32,71319,1
4,8,11999,1
4,8,12001,1
19,32,71325,1
19,32,71327,1
19,32,71329,1
19,32,71331,1
4,8,12003,1
19,32,71335,1
19,32,71337,1
19,32,71339,1
19,32,71341,1
19,32,71343,1
19,32,71345,1
19,32,71347,1
4,8,12005,1
4,8,12009,1
19,32,71353,1
19,32,71355,1
4,8,12011,1
4,8,12015,1
19,32,71361,1
19,32,71363,1
19,32,71365,1
4,8,12017,1
4,8,12021,1
19,32,71371,1
19,32,71373,1
4,8,12027,1
19,32,71377,1
19,32,71379,1
19,32,71381,1
19,32,71383,1
19,32,71385,1
4,8,12029,1
19,32,71389,1
19,33,71392,1
19,33,71394,1
19,33,71396,1
19,33,71398,1
19,33,71400,1
19,33,71402,1
19,33,71404,1
4,8,12031,1
19,33,71408,1
19,33,71410,1
19,33,71412,1
4,8,12033,1
19,33,71416,1
19,33,71418,1
19,33,71420,1
4,8,12035,1
19,33,71424,1
4,8,12037,1
4,8,12039,1
4,8,12043,1
4,8,12045,1
19,33,71434,1
19,33,71436,1
19,33,71438,1
19,33,71440,1
19,33,71442,1
19,33,71444,1
19,33,71446,1
19,33,71448,1
4,8,12047,1
19,33,71452,1
19,33,71454,1
19,33,71456,1
19,33,71458,1
19,33,71460,1
19,33,71462,1
19,33,71464,1
19,33,71466,1
19,34,71469,1
4,9,12050,1
19,34,71473,1
19,34,71475,1
19,34,71477,1
19,34,71479,1
19,34,71481,1
19,34,71483,1
4,9,12052,1
19,34,71487,1
19,34,71489,1
19,34,71491,1
4,9,12054,1
19,34,71495,1
19,34,71497,1
19,34,71499,1
19,34,71501,1
4,9,12056,1
4,9,12058,1
19,34,71507,1
19,34,71509,1
19,34,71511,1
19,34,71513,1
4,9,12060,1
4,9,12070,1
19,34,71519,1
4,9,12076,1
19,34,71523,1
19,34,71525,1
19,34,71527,1
4,9,12080,1
19,34,71531,1
19,34,71533,1
19,35,71536,1
19,35,71538,1
19,35,71540,1
19,35,71542,1
19,35,71544,1
19,35,71546,1
19,35,71548,1
4,9,12086,1
19,35,71552,1
4,9,12088,1
4,9,12090,1
19,35,71558,1
19,35,71560,1
4,9,12092,1
19,35,71564,1
19,35,71566,1
19,35,71568,1
19,35,71570,1
19,35,71572,1
4,9,12096,1
19,35,71576,1
19,35,71578,1
4,9,12106,1
19,35,71582,1
19,35,71584,1
19,35,71586,1
19,35,71588,1
19,35,71590,1
19,35,71592,1
19,35,71594,1
4,9,12108,1
19,35,71598,1
19,35,71600,1
19,35,71602,1
4,9,12110,1
4,10,12115,1
19,35,71608,1
19,35,71610,1
19,35,71612,1
19,35,71614,1
19,35,71616,1
19,35,71618,1
19,35,71620,1
19,35,71622,1
19,35,71624,1
19,35,71626,1
19,35,71628,1
19,35,71630,1
19,36,71632,1
19,36,71634,1
19,36,71636,1
19,36,71638,1
19,36,71640,1
4,10,12117,1
4,10,12119,1
19,36,71646,1
19,36,71648,1
4,10,12121,1
19,36,71652,1
4,10,12123,1
4,10,12125,1
19,36,71658,1
4,10,12127,1
4,10,12129,1
4,10,12137,1
19,36,71666,1
4,10,12139,1
19,36,71670,1
19,36,71672,1
19,36,71674,1
19,36,71676,1
19,36,71678,1
19,36,71680,1
19,36,71682,1
19,36,71684,1
19,36,71686,1
4,10,12143,1
4,10,12145,1
4,10,12147,1
4,10,12149,1
4,10,12151,1
19,36,71698,1
4,10,12153,1
4,10,12155,1
19,36,71704,1
19,36,71706,1
4,10,12157,1
19,36,71710,1
19,37,71713,1
19,37,71715,1
4,10,12159,1
19,37,71719,1
19,37,71721,1
4,10,12161,1
4,10,12163,1
19,37,71727,1
4,10,12165,1
4,10,12167,1
4,10,12169,1
19,37,71735,1
4,10,12173,1
4,10,12179,1
19,37,71741,1
4,10,12183,1
4,10,12185,1
4,10,12189,1
19,37,71749,1
19,37,71751,1
19,37,71753,1
19,37,71755,1
19,37,71757,1
4,10,12191,1
19,37,71761,1
4,10,12197,1
19,37,71765,1
19,37,71767,1
19,37,71769,1
19,37,71771,1
4,10,12199,1
19,37,71775,1
4,10,12201,1
19,37,71779,1
19,37,71781,1
19,37,71783,1
19,37,71785,1
19,37,71787,1
19,37,71789,1
19,37,71791,1
19,37,71793,1
19,37,71795,1
19,37,71797,1
19,37,71799,1
19,37,71801,1
19,37,71803,1
19,37,71805,1
19,37,71807,1
4,10,12203,1
19,38,71812,1
19,38,71814,1
19,38,71816,1
19,38,71818,1
19,38,71820,1
19,38,71822,1
4,10,12205,1
19,38,71826,1
19,38,71828,1
19,38,71830,1
19,38,71832,1
19,38,71834,1
19,38,71836,1
19,38,71838,1
19,38,71840,1
19,38,71842,1
19,38,71844,1
19,38,71846,1
19,38,71848,1
4,11,12209,1
19,38,71852,1
19,38,71854,1
19,38,71856,1
19,38,71858,1
4,11,12211,1
19,38,71862,1
19,38,71864,1
4,11,12217,1
4,11,12221,1
4,11,12223,1
19,38,71872,1
4,11,12225,1
4,11,12227,1
19,38,71878,1
4,11,12229,1
19,38,71882,1
19,38,71884,1
4,11,12231,1
4,11,12233,1
19,38,71890,1
19,38,71892,1
19,38,71894,1
19,38,71896,1
19,38,71898,1
19,38,71900,1
19,39,71903,1
4,11,12235,1
19,39,71907,1
19,39,71909,1
19,39,71911,1
19,39,71913,1
19,39,71915,1
4,11,12237,1
19,39,71919,1
19,39,71921,1
19,39,71923,1
19,39,71925,1
4,11,12239,1
19,39,71929,1
19,39,71931,1
4,11,12241,1
19,39,71935,1
19,39,71937,1
19,39,71939,1
19,39,71941,1
19,39,71943,1
19,39,71945,1
19,39,71947,1
19,39,71949,1
4,11,12243,1
4,11,12247,1
19,39,71955,1
4,11,12249,1
19,39,71959,1
19,39,71961,1
19,39,71963,1
19,39,71965,1
4,11,12253,1
19,40,71969,1
19,40,71971,1
19,40,71973,1
19,40,71975,1
19,40,71977,1
4,11,12255,1
19,40,71981,1
4,11,12257,1
4,11,12259,1
19,40,71987,1
19,40,71989,1
19,40,71991,1
19,40,71993,1
19,40,71995,1
19,40,71997,1
19,40,71999,1
19,40,72001,1
4,11,12263,1
4,11,12265,1
19,40,72007,1
4,11,12267,1
19,40,72011,1
19,40,72013,1
4,11,12269,1
4,11,12271,1
19,40,72019,1
19,40,72021,1
19,40,72023,1
4,11,12273,1
19,40,72027,1
19,41,72030,1
4,11,12275,1
19,41,72034,1
19,41,72036,1
19,41,72038,1
4,11,12277,1
19,41,72042,1
19,41,72044,1
19,41,72046,1
19,41,72048,1
19,41,72050,1
19,41,72052,1
19,41,72054,1
4,11,12279,1
19,41,72058,1
19,41,72060,1
19,41,72062,1
19,41,72064,1
19,41,72066,1
4,11,12281,1
19,41,72070,1
19,41,72072,1
19,41,72074,1
19,41,72076,1
19,41,72078,1
19,41,72080,1
4,11,12283,1
19,41,72084,1
19,42,72087,1
19,42,72089,1
4,12,12285,1
19,42,72093,1
19,42,72095,1
19,42,72097,1
19,42,72099,1
4,12,12289,1
19,42,72103,1
19,42,72105,1
19,42,72107,1
4,12,12291,1
19,42,72111,1
4,12,12293,1
4,12,12295,1
19,42,72117,1
19,42,72119,1
19,42,72121,1
19,42,72123,1
19,42,72125,1
4,12,12297,1
19,42,72129,1
4,12,12299,1
19,42,72133,1
19,42,72135,1
19,42,72137,1
19,42,72139,1
19,43,72141,1
19,43,72143,1
4,12,12301,1
19,43,72147,1
4,12,12303,1
19,43,72151,1
19,43,72153,1
19,43,72155,1
19,43,72157,1
19,43,72159,1
19,43,72161,1
19,43,72163,1
19,43,72165,1
19,43,72167,1
19,43,72169,1
19,43,72171,1
19,43,72173,1
19,43,72175,1
4,12,12305,1
19,43,72179,1
19,43,72181,1
4,12,12309,1
19,43,72185,1
4,12,12313,1
19,43,72189,1
19,43,72191,1
4,12,12315,1
19,43,72195,1
19,43,72197,1
19,43,72199,1
19,43,72201,1
19,43,72203,1
19,43,72205,1
19,43,72207,1
19,43,72209,1
19,43,72211,1
19,43,72213,1
19,44,72216,1
19,44,72218,1
4,12,12317,1
19,44,72222,1
19,44,72224,1
4,12,12319,1
19,44,72228,1
4,12,12325,1
19,44,72232,1
4,12,12327,1
19,44,72236,1
19,44,72238,1
19,44,72240,1
19,44,72242,1
19,44,72244,1
19,44,72246,1
19,44,72248,1
19,44,72250,1
19,44,72252,1
4,12,12329,1
19,44,72256,1
4,12,12331,1
19,44,72260,1
19,44,72262,1
19,44,72264,1
19,44,72266,1
19,44,72268,1
4,12,12335,1
4,12,12339,1
19,44,72274,1
19,44,72276,1
19,44,72278,1
4,12,12341,1
19,44,72282,1
19,44,72284,1
19,44,72286,1
19,44,72288,1
19,44,72290,1
19,44,72292,1
19,45,72295,1
19,45,72297,1
19,45,72299,1
19,45,72301,1
19,45,72303,1
19,45,72305,1
19,45,72307,1
19,45,72309,1
19,45,72311,1
19,45,72313,1
19,45,72315,1
19,45,72317,1
19,45,72319,1
4,12,12343,1
4,12,12345,1
19,45,72325,1
19,45,72327,1
19,45,72329,1
19,45,72331,1
19,45,72333,1
19,45,72335,1
4,12,12347,1
19,46,72339,1
19,46,72341,1
19,46,72343,1
19,46,72345,1
19,46,72347,1
19,46,72349,1
4,12,12349,1
4,13,12352,1
19,46,72355,1
19,46,72357,1
4,13,12354,1
4,13,12356,1
19,46,72363,1
19,46,72365,1
19,46,72367,1
4,13,12358,1
4,13,12360,1
19,46,72373,1
19,46,72375,1
19,46,72377,1
4,13,12370,1
19,46,72381,1
19,46,72383,1
19,46,72385,1
19,46,72387,1
19,46,72389,1
4,13,12372,1
4,13,12374,1
19,46,72395,1
19,46,72397,1
19,46,72399,1
19,46,72401,1
19,46,72403,1
19,46,72405,1
19,46,72407,1
19,46,72409,1
19,46,72411,1
19,47,72413,1
19,47,72415,1
19,47,72417,1
19,47,72419,1
19,47,72421,1
4,13,12376,1
19,47,72425,1
19,47,72427,1
19,47,72429,1
19,47,72431,1
19,47,72433,1
4,13,12378,1
19,47,72437,1
19,47,72439,1
19,47,72441,1
19,47,72443,1
19,47,72445,1
19,47,72447,1
19,47,72449,1
4,13,12380,1
19,47,72453,1
4,13,12382,1
4,13,12384,1
19,48,72460,1
4,13,12386,1
19,48,72464,1
4,13,12388,1
4,13,12390,1
19,48,72470,1
19,48,72472,1
19,48,72474,1
19,48,72476,1
4,13,12392,1
4,13,12394,1
19,48,72482,1
19,48,72484,1
19,48,72486,1
19,48,72488,1
19,48,72490,1
4,13,12398,1
19,48,72494,1
19,48,72496,1
4,13,12400,1
19,48,72500,1
19,48,72502,1
19,48,72504,1
4,13,12408,1
19,48,72508,1
19,48,72510,1
19,49,72513,1
4,13,12412,1
19,49,72517,1
19,49,72519,1
19,49,72521,1
19,49,72523,1
19,49,72525,1
4,13,12414,1
4,14,12416,1
19,49,72531,1
19,49,72533,1
19,49,72535,1
19,49,72537,1
19,49,72539,1
19,49,72541,1
19,49,72543,1
19,49,72545,1
19,49,72547,1
4,14,12418,1
19,49,72551,1
19,49,72553,1
19,49,72555,1
19,49,72557,1
19,49,72559,1
19,49,72561,1
19,49,72563,1
19,49,72565,1
19,49,72567,1
4,14,12420,1
19,50,72572,1
19,50,72574,1
19,50,72576,1
19,50,72578,1
4,14,12422,1
4,14,12426,1
19,50,72584,1
19,50,72586,1
19,50,72588,1
19,50,72590,1
19,50,72592,1
19,50,72594,1
19,50,72596,1
19,50,72598,1
19,50,72600,1
19,50,72602,1
19,50,72604,1
19,50,72606,1
4,14,12428,1
19,50,72610,1
4,14,12430,1
19,50,72614,1
19,50,72616,1
19,50,72618,1
19,50,72620,1
4,14,12434,1
19,50,72624,1
19,50,72626,1
19,50,72628,1
19,50,72630,1
19,50,72632,1
19,50,72634,1
19,50,72636,1
19,50,72638,1
19,50,72640,1
19,50,72642,1
19,50,72644,1
19,50,72646,1
19,50,72648,1
19,51,72651,1
19,51,72653,1
19,51,72655,1
19,51,72657,1
19,51,72659,1
19,51,72661,1
4,14,12436,1
19,51,72665,1
4,14,12438,1
19,51,72669,1
4,14,12442,1
19,51,72673,1
19,51,72675,1
19,51,72677,1
19,51,72679,1
4,14,12446,1
19,51,72683,1
19,51,72685,1
19,51,72687,1
19,51,72689,1
4,14,12448,1
19,51,72693,1
19,51,72695,1
19,51,72697,1
19,51,72699,1
4,14,12452,1
19,51,72703,1
19,51,72705,1
19,52,72708,1
19,52,72710,1
4,14,12454,1
19,52,72714,1
19,52,72716,1
19,52,72718,1
19,52,72720,1
19,52,72722,1
19,52,72724,1
19,52,72726,1
19,52,72728,1
19,52,72730,1
19,52,72732,1
19,52,72734,1
19,52,72736,1
19,52,72738,1
19,52,72740,1
19,52,72742,1
19,52,72744,1
19,52,72746,1
19,52,72748,1
19,52,72750,1
4,14,12456,1
4,14,12458,1
19,52,72756,1
19,52,72758,1
19,52,72760,1
4,14,12464,1
4,14,12466,1
19,52,72766,1
19,52,72768,1
4,14,12468,1
19,53,72773,1
19,53,72775,1
19,53,72777,1
4,14,12470,1
19,53,72781,1
4,14,12478,1
4,14,12480,1
19,53,72787,1
19,53,72789,1
19,53,72791,1
19,53,72793,1
19,53,72795,1
19,53,72797,1
4,14,12482,1
19,53,72801,1
19,53,72803,1
4,14,12486,1
19,53,72807,1
4,14,12488,1
19,53,72811,1
19,53,72813,1
19,53,72815,1
19,53,72817,1
19,53,72819,1
4,14,12490,1
19,53,72823,1
19,53,72825,1
19,53,72827,1
19,54,72829,1
19,55,72832,1
19,55,72834,1
19,55,72836,1
19,55,72838,1
19,55,72840,1
19,55,72842,1
19,55,72844,1
19,55,72846,1
19,55,72848,1
19,55,72850,1
4,14,12492,1
19,56,72855,1
19,56,72857,1
4,15,12497,1
19,56,72861,1
19,56,72863,1
19,56,72865,1
19,58,72868,1
19,59,72871,1
19,60,72874,1
20,1,72877,1
20,1,72879,1
20,1,72881,1
20,1,72883,1
4,15,12499,1
20,1,72887,1
4,15,12501,1
4,15,12503,1
20,1,72893,1
4,15,12505,1
4,15,12507,1
20,1,72899,1
20,1,72901,1
20,1,72903,1
20,1,72905,1
20,1,72907,1
4,15,12511,1
20,1,72911,1
4,15,12515,1
20,1,72915,1
4,15,12517,1
20,1,72919,1
20,1,72921,1
4,15,12521,1
20,1,72925,1
20,1,72927,1
20,1,72929,1
20,2,72932,1
20,2,72934,1
20,2,72936,1
20,2,72938,1
20,2,72940,1
20,2,72942,1
20,2,72944,1
20,2,72946,1
4,15,12523,1
4,15,12525,1
20,2,72952,1
4,15,12527,1
20,2,72956,1
20,2,72958,1
20,2,72960,1
20,2,72962,1
20,2,72964,1
4,15,12529,1
20,2,72968,1
20,2,72970,1
4,15,12531,1
20,2,72974,1
20,2,72976,1
4,15,12533,1
4,15,12535,1
4,15,12537,1
20,2,72984,1
20,2,72986,1
4,15,12539,1
20,2,72990,1
20,2,72992,1
20,2,72994,1
20,2,72996,1
20,2,72998,1
20,2,73000,1
4,15,12541,1
20,3,73005,1
4,15,12545,1
20,3,73009,1
20,3,73011,1
20,3,73013,1
20,3,73015,1
20,3,73017,1
20,3,73019,1
20,3,73021,1
4,15,12547,1
4,15,12549,1
4,15,12551,1
4,16,12554,1
20,3,73031,1
20,3,73033,1
4,16,12556,1
20,3,73037,1
20,3,73039,1
4,16,12558,1
20,3,73043,1
4,16,12560,1
20,3,73047,1
20,3,73049,1
20,3,73051,1
20,3,73053,1
20,3,73055,1
20,3,73057,1
20,3,73059,1
20,3,73061,1
20,3,73063,1
20,3,73065,1
4,16,12564,1
4,16,12566,1
20,3,73071,1
4,16,12568,1
20,4,73076,1
4,16,12570,1
4,16,12572,1
20,4,73082,1
20,4,73084,1
4,16,12574,1
20,4,73088,1
4,16,12576,1
20,4,73092,1
20,4,73094,1
4,16,12578,1
4,16,12580,1
4,16,12582,1
20,4,73102,1
20,4,73104,1
20,4,73106,1
20,4,73108,1
20,4,73110,1
20,4,73112,1
4,16,12584,1
20,4,73116,1
4,16,12586,1
20,4,73120,1
20,4,73122,1
20,4,73124,1
20,4,73126,1
20,5,73129,1
20,5,73131,1
20,5,73133,1
20,5,73135,1
20,5,73137,1
20,5,73139,1
20,5,73141,1
20,5,73143,1
20,5,73145,1
20,5,73147,1
20,5,73149,1
20,5,73151,1
20,5,73153,1
20,5,73155,1
20,5,73157,1
20,5,73159,1
20,5,73161,1
4,16,12590,1
20,5,73165,1
20,5,73167,1
20,5,73169,1
20,5,73171,1
20,5,73173,1
20,5,73175,1
20,5,73177,1
20,5,73179,1
4,16,12592,1
20,5,73183,1
20,5,73185,1
4,17,12598,1
4,17,12602,1
4,17,12604,1
4,17,12606,1
4,17,12608,1
4,17,12610,1
20,5,73199,1
20,5,73201,1
20,5,73203,1
4,17,12612,1
20,5,73207,1
4,17,12616,1
4,17,12618,1
4,17,12620,1
4,17,12622,1
4,17,12624,1
20,6,73220,1
20,6,73222,1
4,17,12626,1
4,17,12628,1
4,17,12630,1
20,6,73230,1
20,6,73232,1
20,6,73234,1
4,17,12632,1
20,6,73238,1
20,6,73240,1
4,17,12636,1
20,6,73244,1
20,6,73246,1
4,17,12638,1
20,6,73250,1
20,6,73252,1
4,18,12642,1
20,6,73256,1
4,18,12644,1
20,6,73260,1
4,18,12646,1
20,6,73264,1
20,6,73266,1
4,18,12648,1
4,18,12650,1
4,18,12652,1
20,6,73274,1
20,6,73276,1
20,6,73278,1
20,6,73280,1
4,18,12654,1
20,6,73284,1
20,6,73286,1
20,6,73288,1
4,18,12656,1
4,18,12662,1
20,7,73295,1
4,18,12664,1
20,7,73299,1
20,7,73301,1
20,7,73303,1
20,7,73305,1
20,7,73307,1
4,18,12666,1
20,7,73311,1
20,7,73313,1
4,18,12672,1
20,7,73317,1
20,7,73319,1
4,18,12678,1
20,7,73323,1
20,7,73325,1
20,7,73327,1
20,7,73329,1
20,7,73331,1
20,7,73333,1
20,7,73335,1
4,18,12680,1
20,7,73339,1
4,18,12682,1
4,18,12684,1
20,7,73345,1
20,7,73347,1
20,7,73349,1
4,18,12690,1
20,7,73353,1
20,7,73355,1
20,7,73357,1
20,7,73359,1
4,18,12692,1
20,8,73364,1
4,18,12694,1
4,18,12700,1
4,18,12702,1
4,18,12704,1
4,18,12706,1
20,8,73376,1
4,18,12708,1
20,8,73380,1
20,8,73382,1
20,8,73384,1
20,8,73386,1
4,18,12710,1
20,8,73390,1
20,8,73392,1
20,8,73394,1
20,8,73396,1
20,8,73398,1
20,8,73400,1
4,18,12714,1
20,8,73404,1
20,8,73406,1
20,8,73408,1
20,8,73410,1
20,8,73412,1
4,18,12716,1
20,8,73416,1
20,8,73418,1
20,8,73420,1
20,8,73422,1
20,8,73424,1
20,8,73426,1
4,18,12718,1
20,8,73430,1
4,18,12720,1
20,8,73434,1
20,8,73436,1
20,8,73438,1
4,18,12722,1
4,19,12724,1
20,8,73444,1
20,8,73446,1
4,19,12726,1
4,19,12728,1
20,8,73452,1
20,8,73454,1
20,8,73456,1
20,8,73458,1
4,19,12730,1
20,8,73462,1
20,8,73464,1
20,8,73466,1
20,8,73468,1
4,19,12732,1
4,19,12734,1
4,19,12742,1
20,9,73477,1
20,9,73479,1
20,9,73481,1
20,9,73483,1
20,9,73485,1
20,9,73487,1
20,9,73489,1
4,19,12748,1
20,9,73493,1
20,9,73495,1
20,9,73497,1
20,9,73499,1
20,9,73501,1
20,9,73503,1
20,9,73505,1
4,19,12750,1
20,9,73509,1
4,19,12752,1
4,19,12756,1
20,9,73515,1
20,9,73517,1
20,9,73519,1
20,9,73521,1
20,9,73523,1
20,10,73526,1
20,10,73528,1
20,10,73530,1
4,19,12758,1
20,10,73534,1
20,10,73536,1
4,19,12760,1
20,10,73540,1
4,19,12764,1
20,10,73544,1
20,10,73546,1
20,10,73548,1
4,19,12766,1
20,10,73552,1
20,10,73554,1
4,19,12768,1
20,10,73558,1
4,19,12774,1
4,19,12776,1
20,10,73564,1
4,19,12778,1
20,10,73568,1
20,10,73570,1
20,10,73572,1
20,10,73574,1
20,10,73576,1
20,10,73578,1
20,10,73580,1
20,10,73582,1
20,10,73584,1
20,10,73586,1
20,10,73588,1
4,19,12780,1
20,10,73592,1
20,10,73594,1
4,19,12782,1
20,10,73598,1
4,19,12784,1
20,10,73602,1
20,10,73604,1
20,10,73606,1
20,10,73608,1
20,10,73610,1
20,10,73612,1
20,10,73614,1
20,10,73616,1
20,10,73618,1
20,10,73620,1
4,19,12786,1
20,10,73624,1
20,10,73626,1
20,11,73629,1
4,19,12788,1
20,11,73633,1
20,11,73635,1
20,11,73637,1
4,19,12790,1
20,11,73641,1
4,19,12792,1
20,11,73645,1
20,11,73647,1
20,11,73649,1
20,11,73651,1
20,11,73653,1
20,11,73655,1
4,19,12794,1
4,19,12796,1
4,20,12801,1
4,20,12807,1
4,20,12809,1
4,20,12811,1
20,11,73669,1
4,20,12815,1
4,20,12819,1
20,11,73675,1
20,11,73677,1
20,11,73679,1
20,11,73681,1
4,20,12825,1
20,11,73685,1
20,12,73687,1
20,12,73689,1
20,12,73691,1
20,12,73693,1
20,12,73695,1
4,20,12827,1
20,12,73699,1
20,12,73701,1
20,12,73703,1
20,12,73705,1
20,12,73707,1
20,12,73709,1
20,12,73711,1
20,12,73713,1
20,12,73715,1
20,12,73717,1
20,12,73719,1
4,20,12831,1
4,20,12833,1
20,12,73725,1
20,12,73727,1
4,20,12835,1
20,12,73731,1
4,20,12837,1
20,12,73735,1
20,12,73737,1
20,12,73739,1
20,12,73741,1
20,12,73743,1
20,12,73745,1
20,12,73747,1
20,12,73749,1
4,20,12839,1
20,12,73753,1
20,13,73756,1
20,13,73758,1
20,13,73760,1
4,20,12841,1
4,20,12843,1
20,13,73766,1
4,20,12845,1
4,20,12847,1
4,20,12849,1
20,13,73774,1
4,20,12851,1
20,13,73778,1
20,13,73780,1
20,13,73782,1
20,13,73784,1
20,13,73786,1
20,13,73788,1
20,13,73790,1
20,13,73792,1
20,13,73794,1
20,13,73796,1
20,13,73798,1
20,13,73800,1
4,20,12853,1
20,13,73804,1
20,13,73806,1
4,20,12857,1
20,13,73810,1
20,13,73812,1
20,13,73814,1
20,13,73816,1
20,13,73818,1
20,13,73820,1
20,13,73822,1
4,20,12859,1
20,14,73826,1
4,20,12867,1
4,20,12869,1
4,20,12871,1
20,14,73834,1
4,20,12873,1
20,14,73838,1
20,14,73840,1
20,14,73842,1
20,14,73844,1
4,21,12874,1
4,21,12876,1
4,21,12878,1
4,21,12884,1
20,14,73854,1
4,21,12886,1
4,21,12892,1
4,21,12894,1
4,21,12896,1
4,21,12898,1
4,21,12900,1
20,14,73868,1
4,21,12902,1
20,14,73872,1
20,14,73874,1
20,14,73876,1
4,21,12904,1
20,15,73880,1
20,15,73882,1
4,21,12906,1
4,21,12908,1
20,15,73888,1
20,15,73890,1
20,15,73892,1
20,15,73894,1
20,15,73896,1
20,15,73898,1
20,15,73900,1
4,21,12912,1
20,15,73904,1
20,15,73906,1
4,21,12914,1
4,21,12916,1
20,15,73912,1
20,15,73914,1
20,15,73916,1
20,15,73918,1
20,15,73920,1
20,15,73922,1
20,15,73924,1
4,21,12918,1
20,15,73928,1
20,15,73930,1
20,16,73933,1
20,16,73935,1
20,16,73937,1
20,16,73939,1
20,16,73941,1
20,16,73943,1
4,21,12924,1
20,16,73947,1
4,21,12926,1
4,21,12932,1
4,21,12934,1
4,21,12938,1
20,17,73957,1
4,21,12940,1
20,17,73961,1
4,21,12942,1
20,17,73965,1
20,17,73967,1
20,17,73969,1
4,21,12944,1
20,17,73973,1
20,17,73975,1
20,17,73977,1
20,17,73979,1
4,21,12946,1
20,17,73983,1
20,17,73985,1
20,17,73987,1
4,21,12948,1
4,21,12950,1
20,17,73993,1
20,17,73995,1
4,21,12952,1
20,17,73999,1
20,17,74001,1
20,17,74003,1
20,17,74005,1
20,17,74007,1
20,17,74009,1
20,17,74011,1
4,21,12954,1
20,17,74015,1
20,17,74017,1
20,17,74019,1
20,17,74021,1
20,17,74023,1
20,18,74025,1
20,18,74027,1
20,18,74029,1
4,21,12956,1
20,18,74033,1
4,21,12958,1
20,18,74037,1
20,18,74039,1
20,18,74041,1
20,18,74043,1
20,18,74045,1
20,18,74047,1
20,18,74049,1
20,18,74051,1
20,18,74053,1
20,18,74055,1
20,18,74057,1
20,18,74059,1
20,18,74061,1
20,18,74063,1
4,21,12960,1
20,18,74067,1
4,21,12962,1
4,21,12964,1
20,18,74073,1
20,18,74075,1
4,21,12966,1
4,22,12969,1
20,18,74081,1
20,18,74083,1
4,22,12971,1
4,22,12973,1
20,18,74089,1
20,18,74091,1
20,18,74093,1
20,18,74095,1
20,18,74097,1
4,22,12975,1
20,18,74101,1
20,18,74103,1
20,19,74106,1
20,19,74108,1
20,19,74110,1
20,19,74112,1
20,19,74114,1
4,22,12977,1
20,19,74118,1
20,19,74120,1
20,19,74122,1
20,19,74124,1
4,22,12979,1
20,19,74128,1
20,19,74130,1
4,22,12981,1
20,19,74134,1
20,19,74136,1
20,19,74138,1
20,19,74140,1
4,22,12983,1
4,22,12991,1
4,22,12993,1
20,19,74148,1
20,19,74150,1
4,22,12997,1
20,19,74154,1
20,19,74156,1
20,19,74158,1
20,19,74160,1
20,19,74162,1
20,19,74164,1
20,19,74166,1
20,19,74168,1
4,22,13003,1
20,19,74172,1
20,19,74174,1
20,19,74176,1
20,20,74179,1
20,20,74181,1
4,22,13007,1
4,22,13009,1
4,22,13011,1
4,22,13013,1
20,20,74191,1
20,20,74193,1
4,22,13015,1
20,20,74197,1
20,20,74199,1
20,20,74201,1
20,20,74203,1
20,20,74205,1
20,20,74207,1
20,20,74209,1
4,22,13019,1
4,22,13021,1
20,20,74215,1
4,22,13023,1
20,20,74219,1
4,22,13029,1
20,20,74223,1
20,20,74225,1
20,20,74227,1
4,22,13031,1
4,22,13035,1
4,22,13037,1
20,20,74235,1
20,20,74237,1
20,21,74239,1
20,21,74241,1
4,22,13039,1
20,21,74245,1
20,21,74247,1
20,21,74249,1
20,21,74251,1
20,21,74253,1
20,21,74255,1
20,21,74257,1
20,21,74259,1
20,21,74261,1
4,22,13041,1
4,22,13043,1
4,23,13048,1
4,23,13050,1
20,21,74271,1
4,23,13054,1
20,21,74275,1
4,23,13056,1
4,23,13058,1
4,23,13060,1
4,23,13066,1
20,21,74285,1
20,21,74287,1
4,23,13068,1
20,21,74291,1
20,21,74293,1
20,21,74295,1
20,21,74297,1
20,21,74299,1
20,21,74301,1
20,21,74303,1
20,21,74305,1
20,22,74308,1
20,22,74310,1
20,22,74312,1
4,23,13072,1
20,22,74316,1
4,23,13074,1
20,22,74320,1
20,22,74322,1
20,22,74324,1
4,23,13076,1
20,22,74328,1
4,23,13080,1
20,22,74332,1
20,22,74334,1
20,22,74336,1
4,23,13082,1
20,22,74340,1
20,22,74342,1
4,23,13084,1
20,22,74346,1
4,23,13086,1
20,22,74350,1
4,23,13088,1
20,22,74354,1
4,23,13090,1
4,23,13092,1
20,22,74360,1
20,22,74362,1
20,22,74364,1
4,23,13094,1
20,22,74368,1
20,22,74370,1
4,23,13096,1
4,23,13098,1
4,23,13100,1
20,22,74378,1
4,23,13102,1
20,22,74382,1
4,23,13108,1
4,23,13110,1
20,22,74388,1
20,22,74390,1
20,22,74392,1
20,22,74394,1
20,22,74396,1
4,23,13112,1
4,23,13114,1
4,23,13116,1
4,23,13118,1
4,23,13120,1
4,24,13125,1
4,24,13129,1
4,24,13131,1
4,24,13133,1
4,24,13135,1
20,23,74419,1
20,23,74421,1
20,23,74423,1
20,23,74425,1
20,23,74427,1
20,23,74429,1
20,23,74431,1
20,23,74433,1
20,23,74435,1
20,23,74437,1
4,24,13137,1
20,23,74441,1
4,24,13141,1
20,23,74445,1
20,23,74447,1
20,23,74449,1
20,23,74451,1
20,23,74453,1
4,24,13143,1
20,23,74457,1
20,23,74459,1
4,24,13145,1
20,23,74463,1
4,24,13147,1
20,23,74467,1
4,24,13149,1
20,23,74471,1
4,24,13151,1
4,24,13153,1
20,23,74477,1
20,23,74479,1
20,23,74481,1
20,23,74483,1
20,23,74485,1
20,23,74487,1
20,23,74489,1
20,23,74491,1
4,24,13155,1
4,24,13157,1
20,24,74498,1
20,24,74500,1
4,24,13159,1
20,24,74504,1
20,24,74506,1
4,24,13161,1
4,24,13163,1
20,24,74512,1
20,24,74514,1
20,24,74516,1
20,24,74518,1
20,24,74520,1
20,24,74522,1
20,24,74524,1
20,24,74526,1
20,24,74528,1
20,24,74530,1
20,24,74532,1
20,24,74534,1
20,24,74536,1
4,24,13165,1
4,24,13169,1
20,24,74542,1
4,24,13171,1
20,24,74546,1
20,24,74548,1
20,24,74550,1
20,24,74552,1
20,24,74554,1
4,24,13173,1
20,24,74558,1
20,24,74560,1
20,24,74562,1
20,24,74564,1
20,24,74566,1
20,24,74568,1
20,24,74570,1
20,24,74572,1
20,24,74574,1
20,24,74576,1
4,24,13175,1
20,24,74580,1
4,24,13177,1
20,25,74585,1
20,25,74587,1
20,25,74589,1
20,25,74591,1
20,25,74593,1
20,25,74595,1
4,24,13179,1
20,25,74599,1
20,25,74601,1
20,25,74603,1
20,25,74605,1
20,25,74607,1
4,24,13183,1
20,25,74611,1
4,24,13187,1
20,25,74615,1
20,25,74617,1
20,25,74619,1
20,25,74621,1
20,25,74623,1
20,25,74625,1
4,24,13189,1
20,25,74629,1
20,25,74631,1
20,25,74633,1
4,24,13197,1
4,24,13199,1
20,25,74639,1
20,25,74641,1
20,25,74643,1
4,24,13201,1
20,25,74647,1
4,24,13203,1
20,25,74651,1
20,25,74653,1
20,25,74655,1
4,24,13205,1
20,25,74659,1
20,25,74661,1
20,25,74663,1
20,25,74665,1
20,26,74667,1
20,26,74669,1
20,26,74671,1
20,26,74673,1
4,24,13207,1
4,24,13211,1
20,26,74679,1
20,26,74681,1
4,24,13213,1
20,26,74685,1
20,26,74687,1
20,26,74689,1
20,26,74691,1
4,24,13215,1
20,26,74695,1
4,24,13217,1
20,26,74699,1
20,26,74701,1
4,24,13219,1
20,26,74705,1
20,26,74707,1
20,26,74709,1
20,26,74711,1
20,26,74713,1
20,26,74715,1
20,26,74717,1
20,26,74719,1
20,26,74721,1
4,24,13221,1
20,27,74726,1
20,27,74728,1
20,27,74730,1
20,27,74732,1
4,25,13224,1
20,27,74736,1
20,27,74738,1
4,25,13228,1
20,27,74742,1
20,27,74744,1
20,27,74746,1
20,27,74748,1
20,27,74750,1
20,27,74752,1
20,27,74754,1
20,27,74756,1
20,27,74758,1
20,27,74760,1
4,25,13232,1
4,25,13234,1
4,25,13238,1
4,25,13240,1
4,25,13244,1
4,25,13246,1
20,27,74774,1
4,25,13248,1
20,27,74778,1
20,27,74780,1
20,27,74782,1
20,27,74784,1
20,27,74786,1
4,25,13250,1
20,27,74790,1
20,27,74792,1
20,27,74794,1
20,27,74796,1
20,27,74798,1
20,27,74800,1
20,27,74802,1
20,27,74804,1
20,28,74806,1
20,28,74808,1
20,28,74810,1
20,28,74812,1
4,25,13254,1
4,25,13256,1
4,25,13258,1
4,25,13260,1
20,28,74822,1
4,25,13262,1
20,28,74826,1
20,28,74828,1
4,25,13264,1
20,28,74832,1
20,28,74834,1
20,28,74836,1
4,25,13268,1
20,28,74840,1
20,28,74842,1
20,28,74844,1
20,28,74846,1
20,28,74848,1
20,28,74850,1
20,28,74852,1
20,28,74854,1
20,28,74856,1
20,28,74858,1
4,25,13270,1
4,25,13272,1
4,25,13274,1
20,28,74866,1
20,28,74868,1
20,28,74870,1
20,28,74872,1
20,28,74874,1
20,28,74876,1
20,28,74878,1
20,29,74881,1
20,29,74883,1
20,29,74885,1
4,25,13276,1
20,29,74889,1
20,29,74891,1
4,25,13282,1
20,29,74895,1
20,29,74897,1
20,29,74899,1
20,29,74901,1
20,29,74903,1
20,29,74905,1
4,25,13286,1
20,29,74909,1
4,25,13292,1
4,25,13294,1
20,29,74915,1
20,29,74917,1
20,29,74919,1
20,29,74921,1
20,29,74923,1
20,29,74925,1
20,29,74927,1
20,29,74929,1
20,29,74931,1
20,29,74933,1
20,29,74935,1
20,29,74937,1
20,29,74939,1
20,29,74941,1
4,25,13296,1
20,29,74945,1
4,25,13298,1
20,29,74949,1
20,29,74951,1
20,29,74953,1
4,25,13300,1
4,25,13304,1
20,29,74959,1
20,29,74961,1
20,29,74963,1
20,29,74965,1
20,29,74967,1
20,29,74969,1
4,25,13306,1
20,30,74974,1
20,30,74976,1
4,25,13308,1
20,30,74980,1
20,30,74982,1
20,30,74984,1
4,25,13310,1
4,26,13313,1
20,30,74990,1
20,30,74992,1
20,30,74994,1
20,30,74996,1
4,26,13315,1
20,30,75000,1
4,26,13317,1
20,30,75004,1
20,30,75006,1
20,30,75008,1
20,30,75010,1
20,30,75012,1
20,30,75014,1
4,26,13319,1
20,30,75018,1
20,30,75020,1
4,26,13323,1
4,26,13325,1
20,30,75026,1
4,26,13327,1
4,26,13329,1
4,26,13333,1
20,31,75035,1
4,26,13337,1
4,26,13339,1
20,31,75041,1
20,31,75043,1
20,31,75045,1
20,31,75047,1
4,26,13341,1
4,26,13345,1
20,31,75053,1
20,31,75055,1
20,31,75057,1
20,31,75059,1
20,31,75061,1
20,31,75063,1
20,31,75065,1
20,31,75067,1
20,31,75069,1
20,31,75071,1
20,31,75073,1
20,31,75075,1
20,31,75077,1
20,31,75079,1
20,31,75081,1
20,31,75083,1
20,31,75085,1
20,31,75087,1
20,31,75089,1
20,31,75091,1
4,26,13347,1
20,31,75095,1
4,26,13349,1
20,31,75099,1
4,26,13351,1
20,31,75103,1
20,31,75105,1
4,26,13353,1
4,26,13355,1
4,26,13359,1
20,31,75113,1
20,31,75115,1
20,31,75117,1
20,32,75120,1
20,32,75122,1
4,26,13361,1
20,32,75126,1
20,32,75128,1
20,32,75130,1
4,26,13367,1
20,32,75134,1
20,32,75136,1
20,32,75138,1
4,27,13371,1
4,27,13373,1
20,32,75144,1
20,32,75146,1
20,32,75148,1
4,27,13377,1
20,32,75152,1
20,32,75154,1
4,27,13379,1
20,32,75158,1
4,27,13383,1
4,27,13385,1
20,32,75164,1
20,32,75166,1
20,32,75168,1
20,32,75170,1
20,32,75172,1
20,32,75174,1
20,32,75176,1
20,32,75178,1
4,27,13389,1
20,32,75182,1
4,27,13391,1
20,32,75186,1
4,27,13395,1
20,32,75190,1
20,32,75192,1
4,27,13399,1
20,32,75196,1
20,32,75198,1
20,32,75200,1
20,32,75202,1
4,27,13403,1
20,32,75206,1
20,32,75208,1
4,27,13411,1
20,32,75212,1
20,33,75214,1
4,27,13413,1
20,33,75218,1
20,33,75220,1
20,33,75222,1
20,33,75224,1
20,33,75226,1
4,27,13415,1
20,33,75230,1
4,27,13417,1
4,27,13419,1
20,33,75236,1
20,33,75238,1
20,33,75240,1
20,33,75242,1
20,33,75244,1
20,33,75246,1
20,33,75248,1
4,27,13421,1
20,33,75252,1
20,33,75254,1
20,33,75256,1
4,28,13426,1
20,33,75260,1
20,33,75262,1
20,33,75264,1
20,34,75267,1
4,28,13428,1
4,28,13430,1
20,34,75273,1
20,34,75275,1
4,28,13432,1
4,28,13434,1
20,34,75281,1
20,34,75283,1
4,28,13438,1
20,34,75287,1
4,28,13442,1
20,34,75291,1
20,34,75293,1
20,34,75295,1
4,28,13450,1
20,34,75299,1
20,34,75301,1
20,34,75303,1
20,35,75306,1
4,28,13452,1
20,35,75310,1
20,35,75312,1
4,28,13454,1
4,28,13456,1
20,35,75318,1
20,35,75320,1
4,28,13460,1
20,35,75324,1
20,35,75326,1
20,35,75328,1
20,35,75330,1
20,35,75332,1
4,28,13462,1
20,35,75336,1
20,35,75338,1
20,35,75340,1
20,35,75342,1
20,35,75344,1
20,35,75346,1
20,35,75348,1
20,35,75350,1
4,28,13464,1
20,35,75354,1
20,35,75356,1
4,28,13466,1
4,28,13468,1
20,35,75362,1
20,35,75364,1
20,35,75366,1
20,35,75368,1
20,35,75370,1
4,28,13470,1
20,35,75374,1
20,35,75376,1
20,36,75379,1
20,36,75381,1
20,36,75383,1
20,36,75385,1
20,36,75387,1
4,28,13472,1
20,36,75391,1
20,36,75393,1
20,36,75395,1
20,36,75397,1
20,36,75399,1
4,28,13474,1
20,36,75403,1
20,36,75405,1
4,28,13478,1
4,28,13480,1
20,36,75411,1
20,36,75413,1
20,36,75415,1
20,36,75417,1
20,36,75419,1
20,36,75421,1
20,36,75423,1
20,36,75425,1
4,28,13484,1
20,36,75429,1
20,36,75431,1
4,28,13490,1
20,36,75435,1
20,36,75437,1
4,28,13494,1
4,28,13496,1
4,28,13498,1
4,28,13500,1
4,28,13504,1
20,36,75449,1
20,36,75451,1
4,28,13506,1
4,28,13508,1
20,36,75457,1
20,36,75459,1
20,36,75461,1
20,36,75463,1
20,36,75465,1
20,36,75467,1
20,36,75469,1
4,28,13510,1
20,36,75473,1
4,28,13512,1
20,37,75478,1
4,28,13514,1
20,37,75482,1
20,37,75484,1
4,28,13516,1
4,28,13518,1
20,37,75490,1
4,29,13520,1
4,29,13522,1
4,29,13524,1
4,29,13530,1
20,37,75500,1
4,29,13534,1
20,37,75504,1
20,37,75506,1
4,29,13536,1
20,37,75510,1
20,37,75512,1
20,37,75514,1
20,37,75516,1
20,37,75518,1
4,29,13538,1
20,37,75522,1
20,37,75524,1
20,37,75526,1
4,29,13540,1
4,29,13542,1
4,29,13544,1
4,29,13546,1
20,37,75536,1
4,29,13552,1
4,29,13554,1
20,37,75542,1
4,29,13556,1
20,37,75546,1
20,37,75548,1
20,37,75550,1
20,37,75552,1
20,37,75554,1
20,37,75556,1
20,37,75558,1
20,37,75560,1
20,37,75562,1
20,37,75564,1
4,29,13560,1
20,38,75569,1
4,29,13562,1
20,38,75573,1
4,29,13564,1
20,38,75577,1
4,29,13568,1
20,38,75581,1
20,38,75583,1
20,38,75585,1
20,38,75587,1
20,38,75589,1
20,38,75591,1
20,38,75593,1
20,38,75595,1
20,38,75597,1
20,38,75599,1
20,38,75601,1
20,38,75603,1
20,38,75605,1
20,38,75607,1
20,38,75609,1
20,38,75611,1
20,38,75613,1
20,38,75615,1
20,38,75617,1
4,29,13570,1
20,38,75621,1
20,38,75623,1
20,38,75625,1
4,29,13572,1
4,29,13574,1
4,29,13576,1
20,38,75633,1
20,38,75635,1
20,38,75637,1
20,38,75639,1
20,38,75641,1
20,38,75643,1
20,39,75646,1
20,39,75648,1
4,29,13578,1
20,39,75652,1
20,39,75654,1
4,29,13580,1
20,39,75658,1
20,39,75660,1
4,29,13584,1
4,29,13586,1
20,39,75666,1
20,39,75668,1
20,39,75670,1
4,29,13588,1
4,29,13590,1
20,39,75676,1
20,39,75678,1
20,39,75680,1
20,39,75682,1
4,29,13592,1
20,39,75686,1
4,29,13594,1
20,39,75690,1
20,39,75692,1
4,29,13598,1
20,39,75696,1
20,39,75698,1
20,39,75700,1
20,39,75702,1
20,39,75704,1
20,39,75706,1
20,39,75708,1
20,39,75710,1
20,39,75712,1
4,29,13600,1
20,39,75716,1
20,39,75718,1
20,39,75720,1
4,29,13602,1
20,39,75724,1
20,39,75726,1
20,39,75728,1
4,29,13608,1
4,30,13609,1
4,30,13611,1
20,39,75736,1
20,40,75739,1
4,30,13613,1
20,40,75743,1
20,40,75745,1
20,40,75747,1
4,30,13615,1
20,40,75751,1
4,30,13617,1
4,30,13623,1
4,30,13625,1
20,40,75759,1
20,40,75761,1
20,40,75763,1
20,40,75765,1
20,40,75767,1
20,40,75769,1
20,40,75771,1
20,40,75773,1
20,40,75775,1
4,30,13627,1
4,30,13629,1
20,41,75782,1
4,30,13631,1
20,41,75786,1
20,41,75788,1
20,41,75790,1
20,41,75792,1
20,41,75794,1
20,41,75796,1
20,41,75798,1
20,41,75800,1
20,41,75802,1
20,41,75804,1
20,41,75806,1
4,30,13635,1
4,30,13637,1
20,41,75812,1
20,41,75814,1
20,41,75816,1
4,30,13639,1
20,41,75820,1
20,41,75822,1
4,30,13641,1
20,41,75826,1
4,30,13647,1
20,41,75830,1
4,30,13651,1
20,41,75834,1
20,41,75836,1
20,41,75838,1
20,41,75840,1
20,41,75842,1
20,41,75844,1
4,30,13653,1
20,41,75848,1
20,41,75850,1
20,41,75852,1
20,41,75854,1
4,30,13655,1
4,30,13657,1
4,30,13659,1
20,42,75863,1
4,30,13661,1
20,42,75867,1
20,42,75869,1
20,42,75871,1
20,42,75873,1
20,42,75875,1
20,42,75877,1
20,42,75879,1
4,30,13663,1
4,31,13668,1
20,42,75885,1
20,42,75887,1
20,42,75889,1
20,42,75891,1
20,42,75893,1
20,42,75895,1
20,42,75897,1
20,42,75899,1
20,42,75901,1
20,42,75903,1
20,42,75905,1
4,31,13670,1
20,42,75909,1
20,42,75911,1
20,42,75913,1
20,42,75915,1
20,43,75918,1
20,43,75920,1
20,43,75922,1
20,43,75924,1
20,43,75926,1
4,31,13672,1
20,43,75930,1
20,43,75932,1
4,31,13676,1
20,43,75936,1
20,43,75938,1
20,43,75940,1
4,31,13678,1
20,43,75944,1
4,31,13684,1
20,43,75948,1
20,43,75950,1
20,43,75952,1
20,43,75954,1
20,43,75956,1
20,43,75958,1
20,43,75960,1
20,43,75962,1
20,43,75964,1
20,43,75966,1
20,43,75968,1
20,43,75970,1
20,43,75972,1
4,31,13686,1
20,43,75976,1
20,43,75978,1
20,43,75980,1
20,43,75982,1
20,43,75984,1
20,43,75986,1
20,43,75988,1
20,43,75990,1
20,43,75992,1
4,31,13688,1
20,43,75996,1
20,43,75998,1
20,43,76000,1
20,43,76002,1
20,43,76004,1
20,43,76006,1
4,31,13690,1
20,43,76010,1
20,43,76012,1
20,43,76014,1
20,43,76016,1
20,44,76017,1
20,44,76019,1
20,44,76021,1
20,44,76023,1
4,31,13696,1
4,31,13698,1
4,31,13702,1
4,31,13704,1
4,31,13706,1
4,31,13710,1
20,44,76037,1
20,44,76039,1
4,31,13712,1
4,31,13714,1
20,44,76045,1
4,31,13724,1
20,44,76049,1
20,44,76051,1
20,44,76053,1
4,31,13726,1
4,31,13728,1
20,44,76059,1
20,45,76062,1
20,45,76064,1
20,45,76066,1
20,45,76068,1
20,45,76070,1
20,45,76072,1
20,45,76074,1
20,45,76076,1
20,45,76078,1
20,45,76080,1
20,45,76082,1
20,45,76084,1
20,45,76086,1
20,45,76088,1
20,45,76090,1
20,45,76092,1
20,45,76094,1
4,31,13730,1
20,45,76098,1
20,45,76100,1
20,45,76102,1
20,45,76104,1
20,45,76106,1
20,45,76108,1
20,45,76110,1
20,45,76112,1
20,45,76114,1
4,31,13732,1
20,45,76118,1
4,31,13734,1
20,45,76122,1
20,45,76124,1
20,45,76126,1
4,31,13736,1
4,31,13738,1
20,46,76132,1
20,46,76134,1
20,46,76136,1
20,46,76138,1
4,31,13740,1
20,46,76142,1
20,46,76144,1
20,46,76146,1
20,46,76148,1
4,31,13742,1
4,31,13744,1
20,46,76154,1
20,46,76156,1
4,31,13746,1
20,46,76160,1
20,46,76162,1
4,32,13749,1
20,46,76166,1
20,46,76168,1
4,32,13751,1
20,46,76172,1
20,46,76174,1
4,32,13753,1
4,32,13757,1
4,32,13761,1
20,46,76182,1
20,46,76184,1
4,32,13765,1
20,46,76188,1
4,32,13767,1
20,46,76192,1
20,46,76194,1
4,32,13773,1
20,46,76198,1
20,46,76200,1
4,32,13775,1
20,47,76203,1
20,47,76205,1
4,32,13777,1
20,47,76209,1
4,32,13779,1
20,47,76213,1
4,32,13781,1
20,47,76217,1
20,47,76219,1
20,47,76221,1
20,47,76223,1
20,47,76225,1
20,47,76227,1
20,47,76229,1
4,32,13783,1
20,47,76233,1
20,47,76235,1
4,32,13785,1
20,47,76239,1
20,47,76241,1
20,47,76243,1
20,47,76245,1
20,47,76247,1
4,32,13787,1
20,47,76251,1
20,47,76253,1
20,47,76255,1
4,32,13789,1
20,47,76259,1
4,32,13793,1
20,47,76263,1
20,47,76265,1
20,48,76267,1
20,48,76269,1
20,48,76271,1
20,48,76273,1
20,48,76275,1
4,32,13795,1
20,48,76279,1
20,48,76281,1
20,48,76283,1
20,48,76285,1
20,48,76287,1
20,48,76289,1
20,48,76291,1
4,32,13801,1
20,48,76295,1
20,48,76297,1
20,48,76299,1
4,32,13805,1
20,48,76303,1
20,48,76305,1
20,48,76307,1
20,48,76309,1
4,32,13807,1
20,48,76313,1
20,48,76315,1
20,48,76317,1
20,48,76319,1
20,48,76321,1
20,48,76323,1
20,48,76325,1
20,48,76327,1
20,48,76329,1
20,48,76331,1
20,48,76333,1
4,32,13813,1
20,48,76337,1
20,48,76339,1
20,48,76341,1
20,48,76343,1
20,48,76345,1
20,48,76347,1
20,48,76349,1
20,48,76351,1
20,48,76353,1
4,32,13815,1
20,49,76357,1
20,49,76359,1
20,49,76361,1
4,32,13817,1
4,32,13819,1
20,49,76367,1
20,49,76369,1
4,32,13821,1
20,49,76373,1
20,49,76375,1
4,32,13823,1
20,49,76379,1
20,49,76381,1
20,49,76383,1
20,49,76385,1
20,49,76387,1
20,49,76389,1
20,49,76391,1
20,49,76393,1
4,32,13825,1
20,49,76397,1
20,49,76399,1
20,49,76401,1
4,32,13827,1
20,49,76405,1
4,33,13832,1
20,49,76409,1
20,49,76411,1
4,33,13836,1
20,49,76415,1
20,49,76417,1
20,49,76419,1
20,49,76421,1
4,33,13838,1
20,50,76425,1
20,50,76427,1
20,50,76429,1
20,50,76431,1
20,50,76433,1
4,33,13842,1
4,33,13844,1
4,33,13846,1
20,50,76441,1
20,50,76443,1
20,50,76445,1
4,33,13848,1
20,50,76449,1
20,50,76451,1
4,33,13850,1
20,50,76455,1
4,33,13852,1
20,50,76459,1
20,50,76461,1
20,50,76463,1
4,33,13854,1
20,50,76467,1
20,50,76469,1
20,50,76471,1
20,50,76473,1
20,50,76475,1
20,50,76477,1
20,50,76479,1
4,33,13856,1
20,50,76483,1
20,50,76485,1
20,50,76487,1
20,51,76490,1
20,51,76492,1
4,33,13860,1
20,51,76496,1
4,33,13862,1
4,33,13864,1
4,33,13866,1
20,51,76504,1
20,51,76506,1
20,51,76508,1
20,51,76510,1
4,33,13868,1
4,33,13872,1
20,51,76516,1
20,51,76518,1
20,51,76520,1
20,51,76522,1
20,51,76524,1
20,51,76526,1
4,33,13874,1
20,51,76530,1
20,51,76532,1
4,33,13876,1
20,51,76536,1
20,51,76538,1
4,33,13878,1
20,51,76542,1
20,51,76544,1
20,51,76546,1
4,33,13880,1
20,51,76550,1
4,34,13883,1
20,51,76554,1
20,51,76556,1
20,52,76559,1
20,52,76561,1
4,34,13889,1
20,52,76565,1
20,52,76567,1
20,52,76569,1
20,52,76571,1
20,52,76573,1
4,34,13891,1
20,52,76577,1
20,52,76579,1
20,52,76581,1
20,52,76583,1
20,52,76585,1
20,52,76587,1
20,52,76589,1
20,52,76591,1
20,52,76593,1
20,52,76595,1
20,52,76597,1
4,34,13895,1
4,34,13897,1
4,34,13899,1
20,52,76605,1
20,52,76607,1
4,34,13901,1
20,52,76611,1
4,34,13905,1
4,34,13907,1
20,52,76617,1
4,34,13909,1
20,52,76621,1
20,52,76623,1
20,52,76625,1
20,52,76627,1
20,52,76629,1
20,53,76632,1
20,53,76634,1
20,53,76636,1
20,53,76638,1
4,34,13911,1
20,53,76642,1
20,53,76644,1
20,53,76646,1
4,34,13913,1
20,53,76650,1
20,53,76652,1
4,34,13917,1
20,53,76656,1
20,53,76658,1
20,53,76660,1
20,53,76662,1
20,53,76664,1
20,53,76666,1
20,53,76668,1
20,53,76670,1
20,53,76672,1
20,53,76674,1
20,53,76676,1
20,53,76678,1
20,53,76680,1
20,53,76682,1
20,53,76684,1
20,53,76686,1
20,53,76688,1
4,35,13920,1
20,53,76692,1
20,53,76694,1
20,53,76696,1
4,35,13922,1
20,54,76701,1
20,55,76736,1
20,54,76705,1
20,54,76707,1
20,54,76709,1
20,54,76711,1
20,54,76713,1
20,54,76715,1
20,54,76717,1
20,54,76719,1
4,35,13924,1
20,54,76723,1
20,55,76726,1
20,55,76728,1
20,55,76730,1
20,55,76732,1
20,60,76771,1
1,1,6,1
20,55,76738,1
20,55,76740,1
20,56,76743,1
20,57,76746,1
20,57,76748,1
20,57,76750,1
20,58,76753,1
20,58,76755,1
20,58,76757,1
20,58,76759,1
4,35,13926,1
20,58,76763,1
20,58,76765,1
20,58,76767,1
1,1,4,1
