pc_timestamp_iso,ms,ax,ay,az,gx,gy,gz,mx,my,mz,press,baro_t,prox,cr,cg,cb,light,gesture,mic,p2p,svm,omega,jerk,svm_dev
2026-05-27T23:32:59.497,672449,0.9,-0.3,0.05,42.4,7.1,6.7,-8.9,49.4,-24.3,101.12,35.68,0,1,0,0,1,NONE,32,128,0.95,43.5093093487,0,0.05
2026-05-27T23:32:59.542,672486,1.06,0.02,-0.3,4.5,32.8,16.5,-8.0,49.1,-23.0,101.119,35.69,0,1,0,0,1,NONE,69,86,1.10181668167,36.9910800059,13.527020277,0.101816681667
2026-05-27T23:32:59.586,672535,0.91,-0.15,-0.05,19.5,7.1,10.6,-7.8,49.8,-23.3,101.125,35.7,0,0,0,0,0,NONE,32,125,0.923634126697,23.3027895326,6.88756613497,0.0763658733026
2026-05-27T23:32:59.642,672587,0.91,-0.03,-0.13,12.7,19.4,4.6,-7.5,50.5,-23.5,101.125,35.7,0,0,0,0,0,NONE,59,221,0.919728220726,23.6391624217,2.77350098113,0.0802717792739
2026-05-27T23:32:59.691,672635,0.91,-0.09,-0.12,-4.6,19.1,-4.7,-7.1,50.3,-22.5,101.125,35.71,0,0,0,0,0,NONE,56,344,0.922279784014,20.2004950434,1.26724219381,0.0777202159865
2026-05-27T23:32:59.738,672687,0.9,-0.07,-0.12,-17.2,11.0,-12.8,-7.4,49.7,-23.7,101.126,35.72,0,0,0,0,0,NONE,74,481,0.91065910197,24.0973027536,0.430013072596,0.0893408980304
2026-05-27T23:32:59.790,672735,0.89,0.02,-0.07,4.7,3.3,-8.4,-7.8,50.3,-22.4,101.128,35.72,0,0,0,0,0,NONE,70,427,0.892972563968,10.1754606775,2.15501675683,0.107027436032
2026-05-27T23:32:59.838,672787,1.11,-0.02,-0.6,-18.4,59.6,-3.5,-8.3,50.6,-23.2,101.123,35.72,0,0,0,0,0,NONE,56,267,1.26194294641,62.4737544894,11.0622900141,0.261942946412
2026-05-27T23:32:59.889,672839,1.02,-0.48,-0.23,17.8,-44.3,2.1,-6.7,50.4,-23.0,101.123,35.73,0,0,0,0,0,NONE,144,150,1.15052162083,47.7884923386,11.4838450976,0.150521620831
2026-05-27T23:32:59.935,672885,0.9,-0.14,-0.37,-43.1,20.6,0.7,-7.5,50.5,-23.2,101.124,35.74,0,0,0,0,0,NONE,58,329,0.983107318659,47.7750981161,8.40829548079,0.0168926813415
2026-05-27T23:32:59.984,672937,1.02,-0.31,-0.35,11.8,-12.5,-3.5,-7.1,49.5,-24.0,101.125,35.74,0,0,0,0,0,NONE,77,432,1.12205169221,17.5425197734,4.02010480007,0.122051692214
2026-05-27T23:33:00.027,672985,0.77,-0.32,-0.26,-12.5,-2.1,-9.9,-7.3,50.3,-22.6,101.121,35.74,0,0,0,0,0,NONE,65,337,0.873441469132,16.0832210704,5.53947325013,0.126558530868
2026-05-27T23:33:00.092,673037,0.88,-0.31,-0.29,-11.1,-2.5,-3.7,-8.0,50.2,-23.8,101.122,35.74,0,0,0,0,0,NONE,73,333,0.977036335046,11.9645309143,2.20106214274,0.0229636649541
2026-05-27T23:33:00.142,673087,0.87,-0.32,-0.29,-13.2,0.1,-4.2,-8.4,49.4,-24.0,101.121,35.74,0,0,0,0,0,NONE,41,293,0.971287804927,13.8524366088,0.282842712475,0.028712195073
2026-05-27T23:33:00.188,673135,0.87,-0.32,-0.29,-26.1,5.6,-1.6,-8.4,49.3,-24.0,101.121,35.75,0,0,0,0,0,NONE,56,278,0.971287804927,26.7419146659,0,0.028712195073
2026-05-27T23:33:00.236,673187,0.86,-0.35,-0.23,-24.5,4.6,1.5,-9.0,48.8,-26.1,101.124,35.75,0,0,0,0,0,NONE,69,414,0.956556323485,24.9731856198,1.30429422752,0.0434436765146
2026-05-27T23:33:00.289,673239,0.87,-0.33,-0.2,-43.2,11.0,7.7,-8.7,47.7,-26.7,101.12,35.75,0,0,0,0,0,NONE,65,378,0.951735257306,45.2385897216,0.719549497457,0.0482647426936
2026-05-27T23:33:00.334,673285,0.9,-0.26,-0.23,-38.0,9.3,13.4,-8.5,46.6,-27.0,101.122,35.76,0,0,0,0,0,NONE,46,271,0.964624279189,41.3527508154,1.77942451562,0.0353757208115
2026-05-27T23:33:00.382,673337,0.89,-0.24,-0.11,-27.5,1.9,20.6,-8.0,45.6,-28.2,101.123,35.76,0,0,0,0,0,NONE,32,168,0.928331837222,34.4124977297,2.34741454149,0.071668162778
2026-05-27T23:33:00.429,673385,0.97,-0.3,-0.2,-20.0,5.3,23.5,-7.6,44.3,-28.1,101.124,35.76,0,0,0,0,0,NONE,59,339,1.03484298326,31.3103816649,2.80283834314,0.0348429832588
2026-05-27T23:33:00.492,673437,0.82,-0.2,-0.08,-3.1,-8.6,25.5,-7.3,42.9,-28.6,101.118,35.76,0,0,0,0,0,NONE,35,209,0.847820735769,27.089112204,4.16469381302,0.152179264231
2026-05-27T23:33:00.543,673488,1.06,-0.27,-0.22,-0.2,8.3,22.6,-8.1,43.3,-30.7,101.122,35.76,0,0,0,0,0,NONE,43,250,1.11575086825,24.0767522727,5.61825442427,0.11575086825
2026-05-27T23:33:00.588,673537,0.94,-0.29,-0.46,-48.5,14.3,11.0,-7.4,42.8,-30.7,101.125,35.76,0,0,0,0,0,NONE,39,216,1.08595580021,51.7468839642,5.49127512125,0.0859558002055
2026-05-27T23:33:00.640,673585,0.92,0.01,-0.21,18.2,-6.1,18.6,-7.4,41.6,-30.5,101.123,35.77,0,0,0,0,0,NONE,50,243,0.943716058992,26.7284492629,8.14633949834,0.0562839410077
2026-05-27T23:33:00.688,673637,0.88,-0.22,-0.15,-17.9,12.6,15.8,-7.4,41.1,-31.4,101.123,35.76,0,0,0,0,0,NONE,56,331,0.91940197955,26.9964812522,4.635373382,0.0805980204502
2026-05-27T23:33:00.737,673687,1.02,-0.11,-0.27,-56.4,24.3,12.9,-7.1,40.9,-31.4,101.123,35.77,0,0,0,0,0,NONE,54,305,1.06084871683,62.7523704732,4.29418211072,0.0608487168301
2026-05-27T23:33:00.790,673735,0.99,-0.11,-0.2,-22.0,-2.6,14.3,-6.7,39.1,-32.7,101.126,35.77,0,0,0,0,0,NONE,50,296,1.01597244057,26.3675937469,1.58661939705,0.0159724405711
2026-05-27T23:33:00.833,673787,0.97,-0.1,-0.18,-58.3,-1.1,9.8,-6.7,38.2,-33.0,101.126,35.78,0,0,0,0,0,NONE,70,401,0.991614844584,59.1281658772,0.576923076923,0.00838515541567
2026-05-27T23:33:00.895,673839,0.92,-0.07,-0.09,-41.6,11.7,2.9,-7.3,36.6,-33.6,101.123,35.77,0,0,0,0,0,NONE,72,416,0.927038294786,43.3111994754,2.06227024899,0.0729617052139
2026-05-27T23:33:00.941,673885,0.91,-0.15,-0.03,-40.6,19.2,-2.9,-6.8,35.0,-33.3,101.121,35.77,0,0,0,0,0,NONE,129,652,0.92276757637,45.004555325,2.18475556981,0.0772324236299
2026-05-27T23:33:00.992,673937,0.88,-0.18,-0.04,-52.9,22.3,-6.2,-6.5,32.6,-35.1,101.126,35.77,0,0,0,0,0,NONE,112,533,0.89911067172,57.7420124346,0.838249796835,0.10088932828
2026-05-27T23:33:01.038,673985,1.4,-0.16,-0.61,-40.8,52.4,0.4,-5.7,31.2,-35.0,101.122,35.77,0,0,0,0,0,NONE,55,240,1.53548038086,66.4120470999,16.0795008387,0.535480380858
2026-05-27T23:33:01.088,674037,0.88,-0.39,-0.21,-29.7,7.4,5.6,-4.7,29.3,-34.2,101.124,35.78,0,0,0,0,0,NONE,114,249,0.98519033694,31.116073017,13.3691887226,0.01480966306
2026-05-27T23:33:01.136,674088,0.97,-0.16,-0.41,-60.7,22.5,4.3,-3.7,27.1,-36.3,101.121,35.78,0,0,0,0,0,NONE,59,192,1.06517604179,64.8785788994,6.23147003218,0.0651760417884
2026-05-27T23:33:01.184,674137,0.9,-0.38,-0.28,-54.7,9.1,-2.9,-3.2,22.4,-35.0,101.124,35.77,0,0,0,0,0,NONE,167,487,1.01626768127,55.5275607244,5.4072005304,0.016267681273
2026-05-27T23:33:01.235,674185,0.93,-0.28,-0.23,-49.4,9.2,0.4,-3.0,20.1,-34.0,101.123,35.77,0,0,0,0,0,NONE,91,504,0.998098191562,50.2509701399,2.41163268808,0.00190180843767
2026-05-27T23:33:01.294,674237,0.85,-0.33,-0.25,-45.8,16.9,2.5,-3.1,18.2,-35.0,101.127,35.78,0,0,0,0,0,NONE,67,370,0.945462849614,48.8825122104,1.85454822327,0.0545371503861
2026-05-27T23:33:01.342,674287,0.9,-0.33,-0.25,-47.7,19.0,7.1,-2.3,16.1,-33.0,101.123,35.78,0,0,0,0,0,NONE,51,316,0.990656348084,51.8333869239,1,0.00934365191556
2026-05-27T23:33:01.395,674335,0.86,-0.32,-0.26,-49.5,13.9,9.7,-2.1,13.5,-33.3,101.123,35.78,0,0,0,0,0,NONE,70,439,0.953729521405,52.3216016574,0.883883476483,0.0462704785947
2026-05-27T23:33:01.438,674387,0.87,-0.28,-0.22,-26.7,11.0,10.6,-2.1,12.4,-32.3,101.128,35.78,0,0,0,0,0,NONE,111,912,0.940053189984,30.7611768305,1.10472358587,0.0599468100155
2026-05-27T23:33:01.489,674439,0.86,-0.32,-0.22,-33.9,15.4,12.1,-1.3,10.3,-30.9,101.122,35.78,0,0,0,0,0,NONE,235,1427,0.943610088967,39.1507343482,0.792904928003,0.0563899110332
2026-05-27T23:33:01.539,674485,0.88,-0.3,-0.21,-21.7,4.1,10.4,-1.5,8.9,-30.0,101.121,35.79,0,0,0,0,0,NONE,309,1570,0.953152663533,24.4102437513,0.652173913043,0.046847336467
2026-05-27T23:33:01.585,674537,0.94,-0.34,-0.13,-27.6,9.3,12.3,-1.3,7.8,-29.2,101.121,35.78,0,0,0,0,0,NONE,80,559,1.00801785698,31.6155025265,2.07121723351,0.00801785698469
2026-05-27T23:33:01.639,674585,0.93,-0.25,-0.16,-18.6,1.5,16.5,-1.5,6.3,-27.6,101.125,35.79,0,0,0,0,0,NONE,321,1554,0.976217188949,24.9090345056,1.98737333629,0.0237828110507
2026-05-27T23:33:01.694,674637,0.89,-0.21,-0.14,13.7,0.2,20.0,-2.5,6.3,-29.1,101.118,35.78,0,0,0,0,0,NONE,79,416,0.925094589758,24.2431433605,1.15384615385,0.0749054102417
2026-05-27T23:33:01.744,674688,0.93,-0.31,-0.15,8.4,-2.8,25.9,-3.5,5.1,-27.8,101.121,35.79,0,0,0,0,0,NONE,234,1097,0.991715685063,27.3717007144,2.12091251498,0.00828431493699
2026-05-27T23:33:01.793,674737,0.9,-0.35,-0.23,8.6,1.5,11.4,-4.1,4.8,-29.5,101.119,35.79,0,0,0,0,0,NONE,289,1425,0.992673158698,14.3586211037,1.92530227185,0.00732684130173
2026-05-27T23:33:01.842,674785,1.1,-0.23,-0.29,-31.4,0.2,8.4,-4.1,3.6,-27.7,101.124,35.79,0,0,0,0,0,NONE,427,2010,1.1606032914,32.5047688809,5.0173310745,0.160603291396
2026-05-27T23:33:01.891,674837,0.95,-0.16,-0.14,16.1,-2.5,10.5,-5.3,4.1,-27.7,101.124,35.79,0,0,0,0,0,NONE,112,510,0.973498844375,19.3832401832,4.29582844302,0.0265011556247
2026-05-27T23:33:01.942,674887,0.87,-0.09,-0.16,-27.5,11.8,8.9,-4.8,3.4,-26.9,101.126,35.79,0,0,0,0,0,NONE,612,2376,0.889156904039,31.2201857778,2.16333076528,0.110843095961
2026-05-27T23:33:01.983,674935,1.08,-0.14,-0.22,-19.1,18.1,10.3,-4.6,2.9,-25.0,101.124,35.79,0,0,0,0,0,NONE,482,3153,1.11103555299,28.257919244,4.66778260467,0.111035552986
2026-05-27T23:33:02.042,674987,0.94,-0.13,-0.15,-24.8,8.1,10.6,-5.0,2.0,-24.3,101.124,35.79,0,0,0,0,0,NONE,102,437,0.960728889958,28.1604332353,3.01622829642,0.039271110042
2026-05-27T23:33:02.095,675039,0.95,-0.09,-0.11,-17.7,13.7,8.2,-4.8,1.3,-23.3,101.122,35.79,0,0,0,0,0,NONE,82,472,0.960572745814,23.8373656263,1.10472358587,0.0394272541863
2026-05-27T23:33:02.133,675085,0.95,-0.03,-0.21,-8.1,5.4,5.6,-4.6,0.7,-21.5,101.125,35.79,0,0,0,0,0,NONE,126,674,0.973396116697,11.2307613277,2.53519647602,0.0266038833034
2026-05-27T23:33:02.193,675137,0.95,0.03,-0.13,20.4,-2.0,4.1,-5.5,-0.4,-21.4,101.123,35.8,0,0,0,0,0,NONE,143,454,0.959322677726,20.9038274007,1.92307692308,0.0406773222737
2026-05-27T23:33:02.240,675185,0.9,-0.21,0.04,-16.4,-6.9,-11.1,-5.4,-0.2,-20.4,101.121,35.79,0,0,0,0,0,NONE,97,477,0.925040539652,20.9709322635,6.21518078757,0.0749594603478
2026-05-27T23:33:02.292,675237,1.0,-0.34,-0.2,-41.7,8.1,-19.8,-4.8,-0.9,-19.7,101.127,35.79,0,0,0,0,0,NONE,124,496,1.07498837203,46.8672593609,5.59016994375,0.0749883720301
2026-05-27T23:33:02.336,675288,0.92,-0.32,-0.47,-21.7,-19.0,-2.0,-4.8,-2.1,-18.4,101.123,35.79,0,0,0,0,0,NONE,60,370,1.0815266987,28.9117623122,5.53552714255,0.0815266986996
2026-05-27T23:33:02.383,675337,1.03,-0.11,-0.23,10.2,9.8,5.2,-5.0,-2.6,-17.7,101.12,35.79,0,0,0,0,0,NONE,107,224,1.06108435103,15.070500987,6.8845419565,0.0610843510296
2026-05-27T23:33:02.436,675385,0.91,-0.34,-0.23,-21.9,-3.5,-4.9,-5.5,-2.7,-17.3,101.124,35.8,0,0,0,0,0,NONE,35,195,0.998298552538,22.7127717375,5.40463407128,0.00170144746173
2026-05-27T23:33:02.480,675437,0.94,-0.29,-0.12,-9.5,-0.8,-7.3,-5.0,-3.5,-16.0,101.12,35.79,0,0,0,0,0,NONE,42,175,0.99100958623,12.0074976577,2.39421146115,0.00899041376988
2026-05-27T23:33:02.533,675487,0.88,-0.28,-0.18,1.3,-2.0,-3.8,-4.5,-3.6,-14.7,101.125,35.79,0,0,0,0,0,NONE,41,171,0.940850678907,4.48664685483,1.70880074906,0.0591493210929
2026-05-27T23:33:02.580,675535,0.84,-0.3,-0.16,-7.1,7.7,-4.1,-4.8,-3.6,-15.4,101.123,35.79,0,0,0,0,0,NONE,104,476,0.906200860737,11.2476664246,1.02062072616,0.0937991392633
2026-05-27T23:33:02.640,675587,0.91,-0.3,-0.17,-13.4,9.8,-3.0,-4.3,-3.5,-14.8,101.122,35.79,0,0,0,0,0,NONE,172,863,0.973139250056,16.8700918788,1.35982073305,0.0268607499438
2026-05-27T23:33:02.692,675639,0.89,-0.33,-0.18,-15.1,10.0,1.8,-4.1,-3.4,-13.2,101.122,35.79,0,0,0,0,0,NONE,180,951,0.966126285741,18.2002747232,0.719549497457,0.0338737142588
2026-05-27T23:33:02.738,675685,0.91,-0.32,-0.29,-17.5,12.4,3.1,-3.4,-3.6,-12.0,101.122,35.79,0,0,0,0,0,NONE,350,2302,1.00727354775,21.67071757,2.4402113392,0.00727354775155
2026-05-27T23:33:02.785,675739,0.9,-0.24,-0.13,-21.5,-15.5,5.1,-4.0,-3.5,-11.1,101.121,35.79,0,0,0,0,0,NONE,147,1060,0.940478601564,26.9909244006,3.31786534577,0.0595213984359
2026-05-27T23:33:02.837,675785,0.89,-0.33,-0.07,-31.5,12.1,8.5,-3.9,-3.6,-10.4,101.122,35.8,0,0,0,0,0,NONE,97,643,0.951787791475,34.7981321338,2.36147401983,0.0482122085255
2026-05-27T23:33:02.886,675837,0.88,-0.28,-0.08,-28.5,16.2,10.9,-3.6,-3.4,-9.7,101.125,35.8,0,0,0,0,0,NONE,156,899,0.926930418101,34.5470693402,0.99926008129,0.0730695818995
2026-05-27T23:33:02.944,675889,0.91,-0.36,0.0,-39.3,31.1,16.7,-4.0,-3.5,-7.8,101.123,35.79,0,0,0,0,0,NONE,273,1346,0.978621479429,52.8260352478,2.25090382898,0.0213785205709
2026-05-27T23:33:02.992,675937,0.95,-0.26,-0.15,-35.3,31.2,22.6,-3.4,-3.6,-4.7,101.123,35.79,0,0,0,0,0,NONE,143,536,0.996293129556,52.2521769881,3.84712194013,0.00370687044425
2026-05-27T23:33:03.040,675985,0.91,-0.3,-0.14,-34.4,16.8,25.0,-3.7,-3.9,-3.9,101.121,35.79,0,0,0,0,0,NONE,126,505,0.9683491106,45.7230795113,1.1967838847,0.0316508893999
2026-05-27T23:33:03.088,676037,1.24,-0.6,-0.32,-49.9,33.4,20.1,-4.1,-3.6,-1.7,101.122,35.8,0,0,0,0,0,NONE,102,307,1.41421356237,63.3212444603,9.24878050493,0.414213562373
2026-05-27T23:33:03.140,676087,0.82,-0.06,-0.24,-76.0,1.8,33.0,-4.4,-2.8,0.9,101.123,35.8,0,0,0,0,0,NONE,38,206,0.856504524215,82.8748453996,13.7753402862,0.143495475785
2026-05-27T23:33:03.191,676135,0.95,-0.24,-0.14,-13.5,13.1,30.5,-5.6,-3.1,1.9,101.124,35.79,0,0,0,0,0,NONE,64,381,0.989797959182,35.8344806018,5.07324819245,0.0102020408184
2026-05-27T23:33:03.244,676187,0.86,-0.11,-0.19,-81.2,16.8,26.1,-6.1,-2.4,3.4,101.127,35.79,0,0,0,0,0,NONE,86,345,0.887580982221,86.9303744384,3.18906229842,0.112419017779
2026-05-27T23:33:03.285,676239,1.04,-0.11,-0.25,-68.7,18.5,12.6,-6.8,-2.0,5.9,101.123,35.79,0,0,0,0,0,NONE,75,439,1.0752674086,72.25441163,3.64878191558,0.0752674086012
2026-05-27T23:33:03.329,676285,0.91,-0.21,-0.15,-67.0,15.4,15.9,-7.4,-1.1,7.3,101.125,35.79,0,0,0,0,0,NONE,70,348,0.945885828205,70.56181687,4.17595058963,0.0541141717945
2026-05-27T23:33:03.393,676337,0.94,-0.15,-0.24,-81.5,26.6,18.1,-8.2,-0.4,9.3,101.124,35.8,0,0,0,0,0,NONE,51,333,0.981682229645,87.6208879206,2.15864849237,0.0183177703554
2026-05-27T23:33:03.441,676385,0.93,-0.12,-0.22,-73.9,25.1,18.2,-8.5,0.7,12.2,101.125,35.79,0,0,0,0,0,NONE,94,697,0.963171843442,80.1402520585,0.779511955578,0.0368281565577
2026-05-27T23:33:03.494,676437,0.94,-0.14,-0.21,-80.1,25.1,15.4,-9.5,2.6,15.1,101.126,35.8,0,1,0,0,1,NONE,85,439,0.973293378175,85.3415490837,0.471055719766,0.0267066218246
2026-05-27T23:33:03.543,676489,0.96,-0.17,-0.22,-82.1,17.4,9.8,-9.8,3.5,16.3,101.119,35.8,0,1,0,0,1,NONE,111,730,0.999449848667,84.4938459297,0.719549497457,0.000550151333245
2026-05-27T23:33:03.594,676537,0.93,-0.12,-0.24,-96.3,15.3,8.5,-9.3,5.1,18.9,101.125,35.79,0,0,0,0,0,NONE,92,539,0.967935948294,97.8776276786,1.28425291729,0.0320640517059
2026-05-27T23:33:03.630,676585,0.93,-0.17,-0.15,-82.8,12.0,4.9,-10.1,7.2,21.6,101.124,35.79,0,0,0,0,0,NONE,75,381,0.957235603182,83.8084124656,2.14492294604,0.0427643968176
2026-05-27T23:33:03.694,676637,1.14,-0.18,-0.41,-89.0,28.4,5.2,-10.4,9.6,23.8,101.123,35.79,0,1,0,0,1,NONE,262,1377,1.22478569554,93.5660194729,6.43009749896,0.22478569554
2026-05-27T23:33:03.742,676687,0.89,-0.32,-0.24,-61.5,1.7,4.0,-10.1,11.1,26.0,101.12,35.8,0,1,0,0,1,NONE,110,335,0.97575611707,61.6533859573,6.66333249958,0.0242438829298
2026-05-27T23:33:03.791,676735,0.92,-0.3,-0.29,-88.1,17.9,3.9,-10.8,13.0,25.9,101.122,35.79,0,1,0,0,1,NONE,58,486,1.01019800039,89.9846097952,1.28425291729,0.010198000394
2026-05-27T23:33:03.843,676787,0.95,-0.27,-0.24,-85.8,12.5,-3.2,-11.3,15.4,27.8,101.121,35.79,0,1,0,0,1,NONE,185,1051,1.01636607578,86.7647970089,1.26104587006,0.0163660757818
2026-05-27T23:33:03.892,676839,0.94,-0.28,-0.16,-53.3,6.1,2.3,-11.2,17.3,30.0,101.122,35.8,0,1,0,0,1,NONE,159,1053,0.993780659904,53.6972066313,1.56231507781,0.00621934009561
2026-05-27T23:33:03.939,676885,0.85,-0.32,-0.18,-44.3,9.3,3.3,-11.2,19.1,28.3,101.119,35.8,0,1,0,0,1,NONE,106,425,0.925904962726,45.3857907279,2.18475556981,0.0740950372743
2026-05-27T23:33:03.992,676937,0.89,-0.32,-0.21,-49.0,12.0,4.1,-11.4,21.2,29.4,101.124,35.8,0,1,0,1,2,NONE,61,371,0.968813707583,50.6143260352,0.961538461538,0.0311862924174
2026-05-27T23:33:04.031,676985,0.88,-0.33,-0.15,-46.9,13.2,2.8,-11.9,22.2,29.2,101.125,35.8,0,1,0,1,2,NONE,75,403,0.951735257306,48.8025614082,1.28425291729,0.0482647426936
2026-05-27T23:33:04.079,677037,0.85,-0.34,-0.11,-46.3,12.5,6.8,-12.0,23.9,30.4,101.121,35.79,0,1,1,1,3,NONE,68,400,0.922062904579,48.4373822579,0.980580675691,0.0779370954214
2026-05-27T23:33:04.144,677089,0.92,-0.34,-0.13,-44.3,16.3,12.5,-12.8,25.7,30.9,101.123,35.8,0,1,1,1,3,NONE,44,243,0.98939375377,48.830625636,1.40002113255,0.0106062462295
2026-05-27T23:33:04.192,677137,0.86,-0.27,-0.12,-35.1,15.3,15.8,-13.2,26.8,32.7,101.121,35.79,0,1,0,1,2,NONE,53,244,0.909340420305,41.421492006,1.93200385323,0.0906595796953
2026-05-27T23:33:04.240,677185,0.94,-0.32,-0.15,-38.1,17.9,15.3,-13.6,27.8,31.1,101.123,35.79,0,1,0,1,2,NONE,51,288,1.00424100693,44.7896193331,2.06239477846,0.00424100693011
2026-05-27T23:33:04.289,677237,0.9,-0.39,-0.05,-48.9,14.6,16.7,-14.0,29.0,31.9,101.121,35.79,0,1,0,1,2,NONE,60,332,0.982140519478,53.6959961263,2.47023703436,0.0178594805223
2026-05-27T23:33:04.341,677287,0.97,-0.29,-0.15,-29.4,21.4,21.7,-14.4,30.6,33.2,101.125,35.8,0,1,0,1,2,NONE,93,323,1.02347447452,42.3463103469,3.15594676761,0.0234744745229
2026-05-27T23:33:04.389,677335,1.07,-0.41,-0.19,-23.4,25.3,25.6,-14.7,31.5,32.1,101.127,35.8,0,1,1,1,3,NONE,54,356,1.16150764096,42.9302923354,3.35927406179,0.161507640956
2026-05-27T23:33:04.438,677387,0.94,-0.25,-0.32,-45.3,15.2,20.4,-15.5,32.7,32.4,101.126,35.8,0,1,1,1,3,NONE,77,259,1.02396288995,51.9546917997,4.68694523344,0.0239628899526
2026-05-27T23:33:04.495,677439,0.82,-0.07,-0.2,-6.9,20.5,18.6,-16.3,34.4,33.3,101.124,35.79,0,1,1,1,3,NONE,73,504,0.84693565281,28.5275305626,4.75742956802,0.15306434719
2026-05-27T23:33:04.532,677485,0.95,-0.14,-0.27,-35.8,24.0,15.0,-16.7,35.4,31.8,101.124,35.8,0,1,1,1,3,NONE,131,284,0.997496867163,45.6359507406,3.55220318225,0.002503132837
2026-05-27T23:33:04.593,677537,1.04,-0.12,-0.26,-40.8,24.0,9.4,-17.4,36.2,31.4,101.123,35.81,0,1,0,1,2,NONE,56,271,1.07870292481,48.2597140481,1.78338817221,0.0787029248129
2026-05-27T23:33:04.641,677585,0.95,-0.16,-0.21,-28.6,9.3,11.1,-17.9,37.5,31.2,101.122,35.8,0,1,0,1,2,NONE,61,239,0.986002028395,32.057136491,2.30111687858,0.0139979716045
2026-05-27T23:33:04.693,677637,0.94,-0.13,-0.21,-35.9,12.5,13.5,-18.3,39.1,30.6,101.121,35.8,0,1,0,1,2,NONE,53,250,0.971905345185,40.3399305899,0.608130319263,0.0280946548146
2026-05-27T23:33:04.739,677686,0.92,-0.1,-0.22,-29.6,12.6,15.5,-18.3,39.1,30.6,101.122,35.8,0,1,0,1,2,NONE,69,409,0.951209756048,35.7095225395,0.763603548321,0.0487902439525
2026-05-27T23:33:04.794,677735,0.98,-0.18,-0.17,-26.6,10.1,11.2,-19.5,42.1,30.6,101.125,35.8,0,1,0,1,2,NONE,81,283,1.01079176886,30.5779332199,2.28170201786,0.0107917688624
2026-05-27T23:33:04.838,677787,0.92,-0.16,-0.16,-27.4,10.1,0.6,-19.4,42.8,30.5,101.124,35.8,0,1,0,1,2,NONE,88,257,0.947417542586,29.2083892058,1.23137004566,0.0525824574138
2026-05-27T23:33:04.887,677835,0.93,-0.27,-0.17,-44.9,1.0,-10.2,-19.5,44.4,29.4,101.119,35.79,0,1,1,1,3,NONE,37,158,0.983209031692,46.0548585928,2.31052843884,0.0167909683084
2026-05-27T23:33:04.935,677887,0.82,-0.27,-0.1,-54.3,-6.5,-18.8,-19.3,45.5,28.2,101.125,35.8,0,1,1,1,3,NONE,111,150,0.869079973305,57.8288855158,2.50738554046,0.130920026695
2026-05-27T23:33:04.995,677939,1.14,-0.04,-0.6,-13.7,25.5,0.5,-19.5,46.5,28.7,101.122,35.79,0,1,0,1,2,NONE,59,274,1.28887547886,28.9515111868,12.2429184942,0.288875478857
2026-05-27T23:33:05.033,677987,1.0,-0.36,-0.19,1.8,-2.9,-0.7,-18.9,46.0,27.8,101.123,35.8,0,1,0,1,2,NONE,58,281,1.07967587729,3.48425027804,11.2210275079,0.0796758772891
2026-05-27T23:33:05.086,678035,1.02,-0.22,-0.32,-29.7,1.1,-2.9,-19.2,47.0,27.0,101.123,35.8,0,1,1,1,3,NONE,34,255,1.09142109197,29.8615136924,4.0019526484,0.0914210919714
2026-05-27T23:33:05.140,678087,0.89,-0.27,-0.2,-29.9,-4.5,-5.1,-19.3,47.8,26.8,101.121,35.8,0,1,1,1,3,NONE,45,280,0.951314879522,30.6638223319,3.53553390593,0.048685120478
2026-05-27T23:33:05.192,678139,0.94,-0.27,-0.22,-4.6,-4.7,-4.6,-18.7,47.9,26.5,101.124,35.8,0,1,0,1,2,NONE,54,353,1.00244700608,8.02558409089,1.03560861676,0.00244700608062
2026-05-27T23:33:05.240,678185,0.84,-0.31,-0.18,-2.5,-0.7,-3.9,-18.8,48.4,27.4,101.124,35.8,0,1,0,1,2,NONE,44,223,0.913290753265,4.68508271005,2.49763593328,0.0867092467346
2026-05-27T23:33:05.285,678237,0.89,-0.34,-0.2,-6.0,2.4,-3.5,-18.5,47.9,25.7,101.125,35.8,0,1,1,1,3,NONE,33,191,0.973498844375,7.34914961067,1.18546423134,0.0265011556247
2026-05-27T23:33:05.337,678285,0.88,-0.31,-0.18,-5.6,1.9,-2.7,-18.8,48.3,24.8,101.124,35.8,0,1,1,1,3,NONE,32,188,0.950210502994,6.50076918526,0.779511955578,0.0497894970061
2026-05-27T23:33:05.387,678337,0.88,-0.34,-0.12,-9.8,7.4,-1.5,-18.5,48.4,26.5,101.12,35.8,0,1,1,1,3,NONE,39,221,0.950999474237,12.371337842,1.29003921779,0.0490005257625
2026-05-27T23:33:05.445,678389,0.92,-0.37,-0.11,-10.1,9.6,3.8,-19.0,48.3,25.5,101.119,35.8,0,1,1,1,3,NONE,56,352,0.997697348899,14.4433375644,0.980580675691,0.00230265110105
2026-05-27T23:33:05.492,678437,0.94,-0.28,-0.12,-2.2,8.8,8.2,-19.1,48.6,26.6,101.122,35.8,0,1,1,1,3,NONE,71,420,0.988129546163,12.2278370941,1.93200385323,0.0118704538372
2026-05-27T23:33:05.541,678485,0.86,-0.25,-0.14,-2.3,12.5,5.3,-18.8,48.2,25.9,101.123,35.8,0,1,1,1,3,NONE,65,345,0.906476695784,13.770620901,1.82811758071,0.0935233042157
2026-05-27T23:33:05.589,678537,0.9,-0.29,-0.16,8.9,9.0,11.0,-19.3,49.0,24.9,101.122,35.8,0,1,1,1,3,NONE,87,353,0.959009906101,16.7693172193,1.15384615385,0.0409900938989
2026-05-27T23:33:05.641,678587,0.91,-0.38,-0.13,7.3,14.9,9.8,-19.0,48.4,26.5,101.122,35.8,0,1,1,1,3,NONE,105,547,0.994685880065,19.2701842233,1.90787840283,0.00531411993534
2026-05-27T23:33:05.696,678635,0.92,-0.26,-0.13,4.6,14.3,14.5,-19.2,48.7,26.1,101.123,35.81,0,1,1,1,3,NONE,45,264,0.964831591523,20.8782183148,2.50866553725,0.0351684084774
2026-05-27T23:33:05.740,678687,0.93,-0.26,-0.1,26.2,7.8,15.3,-19.9,48.7,27.0,101.123,35.8,0,1,1,1,3,NONE,49,274,0.970824391947,31.3268255653,0.608130319263,0.0291756080526
2026-05-27T23:33:05.795,678739,0.9,-0.2,-0.08,38.9,4.6,19.2,-18.6,47.9,27.1,101.122,35.81,0,1,1,1,3,NONE,52,318,0.925418824101,43.6235028396,1.34615384615,0.0745811758993
2026-05-27T23:33:05.832,678785,1.03,-0.33,-0.17,50.7,11.2,13.9,-18.8,47.1,27.7,101.124,35.8,0,1,1,1,3,NONE,44,244,1.09485158812,53.7507209254,4.44988901966,0.0948515881159
2026-05-27T23:33:05.891,678837,1.14,-0.15,-0.35,37.2,4.0,-0.5,-19.0,45.3,27.4,101.125,35.8,0,1,1,1,3,NONE,69,344,1.20191513844,37.417776524,5.33285562456,0.201915138435
2026-05-27T23:33:05.940,678885,0.85,0.05,-0.31,76.9,7.2,2.3,-19.6,43.8,28.5,101.121,35.8,0,1,1,1,3,NONE,80,408,0.906145683651,77.2705636061,7.38629079218,0.0938543163486
2026-05-27T23:33:05.993,678937,1.01,-0.23,-0.38,63.5,16.2,6.0,-19.7,41.9,30.1,101.121,35.8,0,1,1,1,3,NONE,44,288,1.10335850928,65.8079782397,6.34615384615,0.10335850928
2026-05-27T23:33:06.044,678989,0.97,-0.15,-0.14,19.4,4.5,-2.3,-19.7,40.7,30.7,101.127,35.8,0,1,1,1,3,NONE,42,267,0.991463564636,20.0474437273,4.92548018264,0.00853643536437
2026-05-27T23:33:06.090,679037,0.9,-0.12,-0.33,9.6,10.7,7.2,-20.0,40.6,30.4,101.124,35.8,0,1,1,1,3,NONE,43,229,0.966074531286,16.0776242026,4.26447697718,0.0339254687137
2026-05-27T23:33:06.135,679085,0.96,-0.08,-0.19,26.4,-0.1,2.6,-20.2,39.7,30.1,101.123,35.8,0,1,1,1,3,NONE,46,282,0.981885940423,26.527909831,3.28083661417,0.0181140595772
2026-05-27T23:33:06.181,679137,0.92,0.03,-0.26,31.2,1.4,-2.3,-19.7,38.2,30.7,101.126,35.8,0,1,1,1,3,NONE,35,189,0.95650405122,31.3159703666,2.62272724942,0.0434959487801
2026-05-27T23:33:06.232,679187,0.92,-0.1,-0.2,27.6,2.6,-10.0,-20.0,37.5,31.3,101.127,35.8,0,1,1,1,3,NONE,30,182,0.946784030284,29.470663379,2.86356421266,0.0532159697164
2026-05-27T23:33:06.281,679235,0.9,-0.12,-0.22,19.4,-2.7,-19.9,-20.2,37.2,30.5,101.123,35.8,0,1,1,1,3,NONE,76,478,0.93423765713,27.9223924476,0.721687836487,0.0657623428699
2026-05-27T23:33:06.343,679287,0.91,-0.25,-0.21,1.4,-8.1,-20.9,-19.8,36.9,31.8,101.126,35.8,0,1,1,1,3,NONE,108,405,0.966798841538,22.4584059986,2.5147493905,0.0332011584616
2026-05-27T23:33:06.395,679339,0.9,-0.17,-0.17,24.3,-14.2,-21.1,-19.3,36.7,32.2,101.125,35.8,0,1,1,1,3,NONE,33,193,0.931557835027,35.1758439842,1.73076923077,0.0684421649731
2026-05-27T23:33:06.440,679385,1.07,-0.06,-0.43,18.4,9.9,-18.2,-18.2,35.6,31.8,101.124,35.8,0,1,1,1,3,NONE,59,199,1.15472940553,27.7093846918,7.16402480578,0.154729405532
2026-05-27T23:33:06.492,679437,1.07,-0.2,-0.28,48.0,-25.8,-7.2,-18.4,34.4,32.4,101.127,35.8,0,1,0,1,2,NONE,71,89,1.12396619166,54.9679906855,3.94582394782,0.123966191662
2026-05-27T23:33:06.538,679485,0.96,-0.2,-0.3,0.5,-5.8,-6.7,-18.0,33.4,32.0,101.123,35.8,0,1,0,1,2,NONE,30,108,1.02547549946,8.87580982221,2.32923747656,0.0254754994635
2026-05-27T23:33:06.585,679537,1.03,-0.18,-0.32,36.8,-9.5,-8.3,-17.1,32.8,32.2,101.123,35.8,0,1,0,1,2,NONE,23,134,1.09348068113,38.9021850286,1.45189123755,0.0934806811279
2026-05-27T23:33:06.634,679589,0.82,-0.28,-0.28,19.2,-12.5,-16.2,-17.2,32.2,32.0,101.123,35.8,0,1,0,1,2,NONE,15,67,0.910604195027,28.0594012766,4.53862450816,0.0893958049734
2026-05-27T23:33:06.680,679637,0.93,-0.2,-0.24,26.1,-7.9,-8.7,-15.9,32.1,30.7,101.121,35.8,0,1,0,1,2,NONE,22,84,0.981070843517,28.6235916684,2.95363476641,0.0189291564826
2026-05-27T23:33:06.745,679688,0.89,-0.19,-0.22,25.5,-4.5,-6.2,-15.6,31.0,31.4,101.126,35.8,0,1,0,1,2,NONE,29,64,0.93626919206,26.6259272139,0.898544253913,0.0637308079404
2026-05-27T23:33:06.780,679735,0.92,-0.28,-0.23,25.9,-3.2,-4.5,-15.4,29.9,32.6,101.123,35.8,0,1,1,1,3,NONE,22,98,0.988787135839,26.4820694055,2.02965787536,0.0112128641614
2026-05-27T23:33:06.845,679789,0.85,-0.27,-0.26,20.6,-0.4,-0.5,-15.4,30.2,30.9,101.122,35.8,0,1,1,1,3,NONE,17,116,0.928977932999,20.6099490538,1.42243439775,0.0710220670005
2026-05-27T23:33:06.890,679835,0.9,-0.26,-0.23,31.0,-8.1,2.3,-14.3,29.1,31.0,101.125,35.8,0,1,1,1,3,NONE,66,301,0.964624279189,32.1232003387,1.28610430067,0.0353757208115
2026-05-27T23:33:06.940,679885,0.86,-0.25,-0.16,21.6,-3.4,6.8,-13.6,28.2,30.2,101.122,35.8,0,1,1,1,3,NONE,48,331,0.909780193234,22.8989082709,1.62480768093,0.0902198067665
2026-05-27T23:33:06.987,679937,0.95,-0.18,-0.2,26.6,2.9,11.7,-13.7,27.6,31.4,101.125,35.8,0,1,1,1,3,NONE,41,248,0.98737024464,29.2037668803,2.32366268723,0.0126297553602
2026-05-27T23:33:07.037,679989,0.89,-0.17,-0.18,54.2,-8.8,14.9,-13.7,26.6,31.7,101.124,35.8,0,1,1,1,3,NONE,68,402,0.92379651439,56.8954303965,1.23137004566,0.0762034856095
2026-05-27T23:33:07.086,680037,0.93,-0.27,-0.15,40.4,8.9,9.7,-13.2,24.0,31.1,101.123,35.8,0,1,0,1,2,NONE,62,367,0.979948978264,42.4907048659,2.32923747656,0.0200510217363
2026-05-27T23:33:07.131,680085,0.94,-0.26,-0.38,37.5,11.8,0.1,-13.8,23.4,30.8,101.126,35.8,0,1,0,1,2,NONE,73,448,1.04670912865,39.3128477727,4.80071609242,0.0467091286504
2026-05-27T23:33:07.183,680138,1.02,-0.09,-0.3,14.3,21.8,7.9,-13.4,22.6,29.1,101.122,35.8,0,1,1,1,3,NONE,88,426,1.06700515463,27.2422466034,3.85293921824,0.0670051546267
2026-05-27T23:33:07.245,680187,0.9,-0.01,-0.34,58.2,-1.0,7.6,-14.1,22.2,29.4,101.123,35.8,0,1,1,1,3,NONE,62,355,0.962133046933,58.7026404858,3.05441419328,0.0378669530673
2026-05-27T23:33:07.291,680236,0.93,-0.24,-0.09,40.1,14.4,6.1,-14.2,20.9,29.9,101.124,35.8,0,1,0,1,2,NONE,57,329,0.964676111449,43.0416077767,6.95975220611,0.0353238885512
2026-05-27T23:33:07.343,680287,1.11,-0.05,-0.29,2.7,18.4,3.5,-14.2,19.9,30.5,101.125,35.8,0,1,0,1,2,NONE,40,245,1.14834663756,18.923530326,6.45869376157,0.148346637562
2026-05-27T23:33:07.387,680339,0.94,-0.02,-0.25,32.8,-1.8,4.6,-15.2,20.0,29.4,101.121,35.8,0,1,0,1,2,NONE,79,444,0.972882315596,33.1698658424,3.40770098974,0.0271176844037
2026-05-27T23:33:07.441,680385,0.9,-0.04,-0.2,20.6,7.0,-2.9,-15.0,19.1,29.3,101.121,35.8,0,1,0,1,2,NONE,108,557,0.922821759605,21.9492596686,1.45830520272,0.0771782403953
2026-05-27T23:33:07.486,680437,0.92,-0.15,-0.18,9.0,7.1,-10.1,-14.7,18.8,28.8,101.124,35.8,0,1,0,1,2,NONE,80,432,0.94936821097,15.2780888857,2.18419551762,0.0506317890302
2026-05-27T23:33:07.538,680485,0.93,-0.08,-0.22,2.6,3.8,-14.3,-14.6,18.9,29.1,101.123,35.8,0,1,0,1,2,NONE,50,318,0.959009906101,15.0229823937,1.69250800097,0.0409900938989
2026-05-27T23:33:07.594,680537,0.96,-0.11,-0.2,-0.5,-3.0,-18.5,-14.8,18.9,29.2,101.122,35.8,0,1,0,1,2,NONE,47,299,0.986762382745,18.7483332593,0.902003030735,0.0132376172553
2026-05-27T23:33:07.643,680589,0.91,-0.21,-0.12,1.5,-9.0,-20.9,-13.9,19.5,30.4,101.125,35.79,0,1,0,1,2,NONE,95,520,0.941594392507,22.8048240511,2.64379367017,0.0584056074933
2026-05-27T23:33:07.692,680637,1.17,-0.01,-0.59,22.1,32.3,-13.5,-13.7,19.6,28.6,101.127,35.8,0,1,1,1,3,NONE,205,951,1.3103816238,41.3998792269,11.9406082341,0.310381623803
2026-05-27T23:33:07.739,680688,0.96,-0.5,-0.32,-13.7,-15.4,-13.4,-13.6,18.7,29.2,101.123,35.8,0,1,1,1,3,NONE,173,731,1.12871608476,24.5847513715,11.7172244457,0.128716084762
2026-05-27T23:33:07.793,680737,0.87,-0.09,-0.36,-16.0,2.9,-3.6,-12.9,19.1,29.4,101.121,35.8,0,1,0,1,2,NONE,79,497,0.945832966226,16.6544288404,8.60537495604,0.0541670337739
2026-05-27T23:33:07.836,680785,0.92,-0.27,-0.36,2.4,-4.1,-6.4,-12.7,20.0,29.4,101.123,35.8,0,1,0,1,2,NONE,61,372,1.02415819091,7.9705708704,3.89198785256,0.0241581909061
2026-05-27T23:33:07.894,680838,0.88,-0.24,-0.35,1.4,-5.7,-9.0,-12.4,19.9,29.3,101.125,35.8,0,1,1,1,3,NONE,68,456,0.976985158536,10.7447661678,0.962079153508,0.0230148414638
2026-05-27T23:33:07.929,680887,0.85,-0.29,-0.28,1.8,-6.1,-7.6,-12.3,20.5,29.1,101.123,35.8,0,1,1,1,3,NONE,52,401,0.940744386111,9.9100958623,1.85927215901,0.0592556138887
2026-05-27T23:33:07.977,680935,0.87,-0.33,-0.37,-4.8,0.1,-3.4,-12.0,20.0,28.5,101.119,35.79,0,1,0,1,2,NONE,68,368,1.00134908998,5.88302643203,2.09372408773,0.00134908997812
2026-05-27T23:33:08.041,680987,0.89,-0.3,-0.3,-1.2,-1.5,-0.4,-11.2,20.5,30.0,101.122,35.8,0,1,0,1,2,NONE,73,429,0.985951317257,1.96214168703,1.51423228346,0.0140486827434
2026-05-27T23:33:08.091,681039,0.88,-0.31,-0.24,-3.8,-4.3,2.3,-11.0,20.9,29.3,101.125,35.8,0,1,1,1,3,NONE,92,415,0.96337946833,6.18223260643,1.18546423134,0.0366205316699
2026-05-27T23:33:08.136,681085,0.85,-0.24,-0.25,1.5,-1.6,6.7,-10.9,20.6,29.2,101.12,35.79,0,1,1,1,3,NONE,85,493,0.917932459389,7.04982269281,1.66981429301,0.082067540611
2026-05-27T23:33:08.185,681137,0.87,-0.32,-0.1,-1.8,2.0,15.3,-11.2,21.1,28.9,101.123,35.8,0,1,1,1,3,NONE,126,701,0.932362590412,15.5347996447,3.2917774555,0.0676374095879
2026-05-27T23:33:08.232,681185,0.95,-0.29,-0.13,17.8,-9.6,23.6,-10.0,20.8,29.0,101.12,35.8,0,1,1,1,3,NONE,115,698,1.00174847142,31.0798970397,1.88653857045,0.00174847142384
2026-05-27T23:33:08.292,681237,0.95,-0.23,-0.11,12.9,-15.7,19.2,-10.1,20.1,29.2,101.121,35.8,0,1,0,1,2,NONE,146,845,0.983615778645,27.9560369151,1.21626063853,0.0163842213547
2026-05-27T23:33:08.328,681286,0.89,-0.22,-0.07,18.9,-9.2,17.7,-9.5,19.5,28.8,101.126,35.8,0,1,0,1,2,NONE,163,865,0.919456361118,27.4798107708,1.4857367121,0.0805436388822
2026-05-27T23:33:08.391,681336,1.07,-0.18,-0.32,30.9,-3.8,17.2,-9.3,18.9,27.8,101.123,35.8,0,1,1,1,3,NONE,152,910,1.13123825961,35.5681036886,6.2128898268,0.131238259608
2026-05-27T23:33:08.439,681387,0.66,0.01,-0.28,31.1,-16.9,6.2,-9.2,18.6,28.2,101.12,35.8,0,1,1,1,3,NONE,97,498,0.71700767081,35.9341063615,8.89513429193,0.28299232919
2026-05-27T23:33:08.487,681439,1.08,-0.1,-0.35,29.1,26.7,4.1,-9.1,17.8,27.5,101.124,35.8,0,1,0,1,2,NONE,50,292,1.1396929411,39.7052893202,8.45716670281,0.139692941103
2026-05-27T23:33:08.541,681485,0.88,-0.19,-0.17,44.1,-1.2,6.4,-9.4,16.3,26.6,101.126,35.8,0,1,0,1,2,NONE,71,325,0.916187753684,44.5781336532,6.16793954744,0.0838122463163
2026-05-27T23:33:08.594,681537,0.99,-0.15,-0.06,17.6,31.1,5.7,-10.5,15.6,27.8,101.124,35.8,0,1,0,1,2,NONE,54,346,1.00309520984,36.1864615568,3.08891892389,0.00309520983803
2026-05-27T23:33:08.628,681585,0.99,-0.05,-0.42,5.5,36.4,5.2,-11.1,16.3,27.6,101.124,35.8,0,1,0,1,2,NONE,57,256,1.07656862299,37.17862289,7.78397570511,0.0765686229869
2026-05-27T23:33:08.692,681638,0.98,-0.03,-0.16,28.7,12.9,6.2,-11.9,15.6,27.3,101.123,35.8,0,1,1,1,3,NONE,39,212,0.993428407083,32.0708590468,4.92376918894,0.00657159291673
2026-05-27T23:33:08.744,681688,0.9,-0.09,-0.12,12.6,19.5,-4.1,-11.6,14.7,25.9,101.121,35.8,0,1,1,1,3,NONE,35,209,0.912414379545,23.575835086,2.15406592285,0.0875856204553
2026-05-27T23:33:08.790,681737,0.96,-0.16,-0.22,-2.6,11.1,-14.0,-11.7,14.9,27.6,101.124,35.8,0,1,0,1,2,NONE,116,632,0.997797574661,18.054639293,2.77581030791,0.00220242533869
2026-05-27T23:33:08.836,681785,0.91,-0.18,-0.07,-13.1,1.4,-17.4,-12.0,15.7,26.8,101.122,35.8,0,1,0,1,2,NONE,100,722,0.930268778365,21.8249856816,3.32028696886,0.0697312216354
2026-05-27T23:33:08.889,681837,1.05,0.01,-0.33,-16.5,27.0,-14.2,-11.6,16.1,26.8,101.121,35.8,0,1,1,1,3,NONE,69,367,1.10068160701,34.6827046235,6.75271148695,0.100681607005
2026-05-27T23:33:08.933,681887,1.0,-0.1,-0.45,-1.0,-16.1,-13.0,-11.4,17.0,26.8,101.125,35.8,0,1,1,1,3,NONE,60,333,1.10113577728,20.7173840047,3.40587727319,0.101135777277
2026-05-27T23:33:08.982,681935,1.18,-0.36,-0.59,-22.9,3.7,-8.2,-11.1,17.9,27.9,101.125,35.8,0,1,0,1,2,NONE,60,383,1.36751599625,24.6036582646,7.20484019408,0.36751599625
2026-05-27T23:33:09.032,681987,0.88,-0.24,-0.37,-6.0,-14.9,-8.8,-10.4,18.0,28.2,101.12,35.8,0,1,0,1,2,NONE,72,453,0.984327181378,18.3152941554,7.51723857142,0.0156728186218
2026-05-27T23:33:09.094,682039,0.88,-0.22,-0.34,12.5,-16.7,-3.1,-9.9,17.9,27.5,101.126,35.8,0,1,1,1,3,NONE,95,441,0.968710483065,21.089096709,0.693375245282,0.031289516935
2026-05-27T23:33:09.128,682085,0.87,-0.35,-0.29,10.9,-10.1,-10.0,-8.9,17.2,27.3,101.122,35.8,0,1,1,1,3,NONE,125,675,0.981580358402,17.9114488526,3.03570435734,0.0184196415983
2026-05-27T23:33:09.194,682139,0.85,-0.31,-0.32,-0.1,-10.9,-9.6,-8.2,17.7,26.9,101.122,35.8,0,1,0,1,2,NONE,65,368,0.959687449121,14.5251506016,0.997252742062,0.0403125508792
2026-05-27T23:33:09.239,682185,0.89,-0.28,-0.3,4.3,-6.3,-5.9,-7.7,18.1,26.8,101.122,35.8,0,1,0,1,2,NONE,47,283,0.98005101908,9.64313227121,1.17068800155,0.0199489809199
2026-05-27T23:33:09.293,682237,0.87,-0.33,-0.26,3.8,-4.7,-3.8,-7.2,17.4,26.3,101.123,35.8,0,1,0,1,2,NONE,40,209,0.966126285741,7.13932769944,1.29003921779,0.0338737142588
2026-05-27T23:33:09.333,682285,0.89,-0.32,-0.2,5.9,-6.1,1.6,-6.5,17.7,25.6,101.125,35.8,0,1,0,1,2,NONE,27,140,0.966695401872,8.63597128295,1.33398421613,0.0333045981282
2026-05-27T23:33:09.393,682337,0.85,-0.33,-0.2,3.2,0.2,3.7,-6.2,17.3,25.8,101.123,35.8,0,1,1,1,3,NONE,27,147,0.933488082409,4.89591666596,0.792904928003,0.0665119175908
2026-05-27T23:33:09.444,682388,0.88,-0.29,-0.23,8.1,7.8,4.0,-6.2,18.4,26.6,101.121,35.8,0,1,1,1,3,NONE,55,303,0.954672718789,11.935241933,1.14332390095,0.045327281211
2026-05-27T23:33:09.492,682437,0.91,-0.32,-0.14,2.3,1.5,6.1,-7.0,17.3,27.1,101.121,35.79,0,1,1,1,3,NONE,55,292,0.974730732049,6.68954408013,2.03058660634,0.0252692679514
2026-05-27T23:33:09.540,682485,0.89,-0.22,-0.15,2.5,-1.6,9.7,-7.1,17.6,27.6,101.127,35.8,0,1,1,1,3,NONE,53,342,0.928977932999,10.1439637223,2.13478140957,0.0710220670005
2026-05-27T23:33:09.592,682537,0.98,-0.29,-0.09,11.5,-3.5,15.1,-6.6,17.0,25.9,101.125,35.8,0,1,0,1,2,NONE,51,251,1.02596296229,19.3005181278,2.4777112936,0.0259629622944
2026-05-27T23:33:09.640,682587,0.92,-0.23,-0.1,12.2,-9.4,19.2,-6.4,16.6,26.5,101.123,35.8,0,1,0,1,2,NONE,36,240,0.953572231139,24.6138172578,1.70880074906,0.0464277688607
2026-05-27T23:33:09.688,682636,0.98,-0.26,-0.2,21.9,-1.9,15.3,-6.3,16.0,26.6,101.121,35.8,0,1,1,1,3,NONE,46,328,1.03344085462,26.7826436335,2.45746828139,0.0334408546211
2026-05-27T23:33:09.737,682687,0.98,-0.36,-0.33,-0.2,-5.0,12.1,-6.6,16.5,25.7,101.124,35.8,0,1,1,1,3,NONE,37,213,1.09494292089,13.0938917057,3.21592538566,0.0949429208867
2026-05-27T23:33:09.789,682739,1.03,-0.1,-0.22,7.7,-10.3,21.0,-6.4,16.3,26.0,101.12,35.8,0,1,1,1,3,NONE,45,174,1.05796975382,24.624784263,5.51356584109,0.057969753821
2026-05-27T23:33:09.833,682785,0.77,-0.03,-0.28,47.6,-9.5,17.0,-5.7,15.4,26.0,101.125,35.79,0,1,1,1,3,NONE,44,200,0.819878039711,51.4296607028,5.99700618441,0.180121960289
2026-05-27T23:33:09.893,682837,0.99,-0.02,-0.29,38.3,-5.6,10.7,-6.1,14.1,24.2,101.124,35.8,0,1,0,1,2,NONE,52,224,1.03179455319,40.1589342488,4.23950147789,0.0317945531936
2026-05-27T23:33:09.925,682885,0.9,-0.13,-0.03,29.0,-6.8,-0.2,-5.8,13.7,25.1,101.122,35.8,0,1,0,1,2,NONE,55,240,0.909835149904,29.7872455927,6.17313849585,0.0901648500965
2026-05-27T23:33:09.993,682937,1.08,-0.13,-0.16,-2.1,19.4,-1.2,-5.4,13.6,23.5,101.122,35.79,0,1,0,1,2,NONE,108,643,1.09949988631,19.5501918149,4.26992371369,0.099499886312
2026-05-27T23:33:10.047,682988,0.97,-0.09,-0.09,19.3,5.4,1.8,-5.4,13.3,22.5,101.124,35.8,0,1,0,1,2,NONE,127,657,0.978314877736,20.1218786399,2.67415327392,0.0216851222638
2026-05-27T23:33:10.089,683037,0.88,-0.02,-0.09,20.6,14.2,0.4,-5.8,13.0,24.1,101.124,35.8,0,1,0,0,1,NONE,138,760,0.884816365129,25.0231892452,2.32688862265,0.115183634871
2026-05-27T23:33:10.134,683085,0.9,-0.11,-0.06,12.5,11.7,-4.2,-5.9,12.7,22.2,101.125,35.8,0,1,0,0,1,NONE,257,1129,0.908680361843,17.6289534573,2.01986660726,0.0913196381565
2026-05-27T23:33:10.190,683137,0.87,-0.09,-0.05,-1.6,10.4,-20.3,-6.2,12.3,22.7,101.125,35.8,0,1,0,1,2,NONE,279,1163,0.876070773397,22.8650388147,0.719549497457,0.123929226603
2026-05-27T23:33:10.233,683187,0.9,-0.21,0.04,-27.1,8.1,-23.8,-5.9,13.0,22.5,101.123,35.8,0,1,0,1,2,NONE,547,1985,0.925040539652,36.9656597398,3.05941170816,0.0749594603478
2026-05-27T23:33:10.290,683235,1.36,-0.04,-0.7,25.5,46.3,-0.2,-5.9,14.5,24.6,101.125,35.8,0,1,0,0,1,NONE,167,890,1.53009803607,52.8581119602,18.4947909333,0.530098036075
2026-05-27T23:33:10.343,683287,0.99,-0.45,-0.38,-15.5,14.6,-16.2,-6.6,13.8,23.4,101.122,35.8,0,1,0,0,1,NONE,115,706,1.15195486023,26.7553732921,12.2745949209,0.151954860227
2026-05-27T23:33:10.392,683339,1.06,-0.12,-0.38,-7.2,4.0,-5.4,-5.9,15.0,24.5,101.12,35.8,0,1,0,1,2,NONE,119,750,1.13243101335,9.8488578018,6.48735684363,0.132431013351
2026-05-27T23:33:10.437,683385,0.9,-0.36,-0.28,-2.7,-2.4,-4.2,-5.5,15.0,25.5,101.12,35.8,0,1,0,1,2,NONE,142,768,1.00895986045,5.53985559379,6.63666848803,0.00895986045036
2026-05-27T23:33:10.492,683437,0.84,-0.32,-0.29,-1.3,-0.9,-9.0,-5.5,14.5,24.3,101.124,35.8,0,1,0,0,1,NONE,130,708,0.944510455209,9.13783344125,1.40002113255,0.0554895447905
2026-05-27T23:33:10.532,683485,0.87,-0.29,-0.26,-9.6,0.2,-6.3,-4.8,14.9,24.8,101.12,35.8,0,1,0,0,1,NONE,107,630,0.953205119583,11.4843371598,1.08253175473,0.0467948804166
2026-05-27T23:33:10.593,683537,0.85,-0.3,-0.24,-7.5,5.1,-5.6,-4.3,15.2,25.5,101.119,35.8,0,1,0,0,1,NONE,103,511,0.932791509395,10.6592682676,0.576923076923,0.0672084906047
2026-05-27T23:33:10.644,683588,0.88,-0.35,-0.29,-7.7,9.9,-3.3,-4.5,16.2,25.6,101.125,35.8,0,1,0,0,1,NONE,109,547,0.990454441153,12.9688087348,1.50610700939,0.00954555884685
2026-05-27T23:33:10.693,683637,0.86,-0.37,-0.21,-17.8,11.4,-0.7,-4.8,15.8,25.9,101.122,35.8,0,1,0,0,1,NONE,49,343,0.959479025305,21.1492316645,1.73169007638,0.0405209746951
2026-05-27T23:33:10.740,683685,0.89,-0.37,-0.23,-28.7,10.7,2.0,-5.0,16.6,26.6,101.125,35.8,0,1,0,0,1,NONE,56,301,0.990908673895,30.6949507248,0.751156515722,0.00909132610518
2026-05-27T23:33:10.793,683737,0.89,-0.27,-0.25,-7.2,0.1,9.8,-4.9,17.7,26.5,101.12,35.8,0,1,0,1,2,NONE,56,366,0.963068014213,12.1610032481,1.96116135138,0.0369319857871
2026-05-27T23:33:10.840,683787,0.85,-0.31,-0.14,-2.5,-0.3,14.1,-4.8,17.7,26.5,101.123,35.8,0,1,0,1,2,NONE,74,430,0.91553263186,14.3230583326,2.47386337537,0.0844673681403
2026-05-27T23:33:10.888,683835,0.93,-0.28,-0.19,8.7,5.5,15.9,-4.8,17.6,25.5,101.119,35.8,0,1,0,0,1,NONE,55,307,0.989646401499,18.9406969249,2.06239477846,0.010353598501
2026-05-27T23:33:10.932,683887,0.89,-0.33,-0.14,7.3,-3.2,19.5,-4.8,17.5,25.7,101.122,35.8,0,1,0,0,1,NONE,68,327,0.959479025305,21.0660864899,1.56231507781,0.0405209746951
2026-05-27T23:33:10.993,683939,0.92,-0.31,-0.21,8.2,-2.6,19.3,-4.8,16.8,25.9,101.126,35.8,0,1,0,0,1,NONE,80,463,0.993277403347,21.1303099835,1.51423228346,0.00672259665288
2026-05-27T23:33:11.028,683985,0.95,-0.23,-0.19,26.4,-4.1,25.3,-4.8,16.2,24.9,101.121,35.8,0,1,0,0,1,NONE,75,464,0.995740930162,36.7948365943,1.90760095378,0.00425906983794
2026-05-27T23:33:11.093,684037,0.93,-0.33,-0.27,8.5,-6.2,17.8,-5.2,15.7,25.4,101.124,35.79,0,1,0,1,2,NONE,44,296,1.0230835743,20.6767985917,2.49259257631,0.0230835742988
2026-05-27T23:33:11.140,684085,1.15,-0.07,-0.24,30.8,-13.3,21.9,-5.1,15.4,24.9,101.122,35.79,0,1,0,1,2,NONE,91,669,1.17686022959,40.0641984819,7.12305041553,0.176860229594
2026-05-27T23:33:11.194,684137,0.83,-0.09,-0.18,37.1,-8.0,15.5,-5.2,14.2,25.1,101.121,35.8,0,1,0,1,2,NONE,81,514,0.854049178912,40.9958534489,6.27288708858,0.145950821088
2026-05-27T23:33:11.238,684188,0.93,-0.0,-0.23,39.1,4.4,8.5,-5.1,13.8,23.7,101.124,35.8,0,1,0,1,2,NONE,76,380,0.95801878896,40.2544407488,2.81425492047,0.0419812110402
2026-05-27T23:33:11.287,684237,0.92,-0.16,-0.07,17.8,6.5,1.3,-4.9,12.8,23.7,101.123,35.79,0,1,0,1,2,NONE,111,718,0.936429388689,18.994209644,4.62234761343,0.0635706113112
2026-05-27T23:33:11.332,684285,0.97,-0.05,-0.27,11.1,13.6,2.4,-5.3,12.3,23.0,101.123,35.8,0,1,0,1,2,NONE,71,377,1.0081170567,17.7180698723,4.86805060231,0.0081170566953
2026-05-27T23:33:11.383,684337,0.94,-0.08,-0.1,24.1,2.9,0.1,-5.8,12.4,23.0,101.12,35.8,0,1,0,1,2,NONE,105,675,0.948683298051,24.274060229,3.3695029746,0.0513167019495
2026-05-27T23:33:11.430,684387,0.9,-0.07,-0.11,11.0,15.3,-3.8,-5.9,12.3,24.0,101.123,35.79,0,1,0,1,2,NONE,117,737,0.909395403551,19.2231631112,0.848528137424,0.0906045964488
2026-05-27T23:33:11.476,684435,0.93,-0.09,-0.08,2.7,15.9,-9.8,-5.6,11.8,24.0,101.124,35.79,0,1,0,0,1,NONE,71,395,0.93776329636,18.871671892,0.977169949963,0.06223670364
2026-05-27T23:33:11.543,684487,0.98,-0.19,-0.04,-3.3,12.4,-15.5,-5.8,12.0,22.6,101.123,35.79,0,1,0,0,1,NONE,117,675,0.999049548321,20.1221271241,2.28352732443,0.000950451679197
2026-05-27T23:33:11.590,684539,0.89,-0.18,0.02,-14.8,2.6,-13.5,-5.9,12.7,22.6,101.122,35.79,0,1,0,0,1,NONE,135,745,0.908240056373,20.2002475232,2.08899624831,0.0917599436272
2026-05-27T23:33:11.639,684585,1.07,0.06,-0.47,-29.2,45.2,-11.8,-6.0,13.2,24.0,101.121,35.79,0,1,0,0,1,NONE,104,427,1.17021365571,55.090108005,12.4900716715,0.170213655706
2026-05-27T23:33:11.687,684637,1.14,-0.32,-0.48,16.5,-30.1,4.9,-5.5,14.2,23.6,101.124,35.8,0,1,0,0,1,NONE,85,420,1.27765410029,34.6737652989,7.4331338808,0.277654100295
2026-05-27T23:33:11.741,684685,0.98,-0.21,-0.28,-22.0,5.0,4.1,-5.6,13.3,23.9,101.124,35.79,0,1,0,0,1,NONE,52,296,1.04062481231,22.9305473114,5.80723327699,0.0406248123123
2026-05-27T23:33:11.786,684737,1.05,-0.28,-0.35,1.0,-4.0,-4.0,-5.0,13.8,25.3,101.122,35.8,0,1,0,0,1,NONE,181,994,1.14166545012,5.74456264654,2.33160685634,0.141665450121
2026-05-27T23:33:11.839,684789,0.84,-0.27,-0.3,-0.4,-7.8,-11.2,-4.8,14.1,24.8,101.126,35.79,0,1,0,0,1,NONE,133,658,0.931933474021,13.654303351,4.15580438173,0.0680665259795
2026-05-27T23:33:11.884,684837,0.88,-0.25,-0.26,1.4,-6.8,-8.2,-4.2,15.0,24.9,101.122,35.8,0,1,0,0,1,NONE,334,1624,0.951052049049,10.7443008149,1.25,0.0489479509512
2026-05-27T23:33:11.928,684885,0.85,-0.27,-0.25,4.6,-7.1,-7.3,-3.6,14.7,23.5,101.125,35.79,0,1,0,0,1,NONE,302,1607,0.92622891339,11.1740771431,0.779511955578,0.0737710866098
2026-05-27T23:33:11.992,684937,0.87,-0.36,-0.24,-19.2,2.4,-4.3,-3.5,15.1,24.2,101.125,35.8,0,1,0,0,1,NONE,95,497,0.971648084442,19.8214530244,1.78338817221,0.0283519155579
2026-05-27T23:33:12.042,684987,0.9,-0.28,-0.25,-9.0,-3.5,-1.8,-3.3,15.4,24.5,101.12,35.8,0,1,0,0,1,NONE,76,467,0.975141015443,9.82293235241,1.72046505341,0.0248589845566
2026-05-27T23:33:12.092,685035,0.89,-0.35,-0.18,-19.6,1.3,3.4,-2.8,15.9,24.1,101.126,35.8,0,1,0,1,2,NONE,77,441,0.973139250056,19.9351448452,2.07289049397,0.0268607499438
2026-05-27T23:33:12.143,685087,0.88,-0.25,-0.18,-8.4,0.2,7.9,-3.0,16.6,25.7,101.124,35.79,0,1,0,1,2,NONE,97,653,0.932362590412,11.5329961415,1.93266838868,0.0676374095879
2026-05-27T23:33:12.184,685139,0.92,-0.31,-0.13,-2.1,-1.1,11.5,-3.3,16.4,24.5,101.123,35.79,0,1,1,1,3,NONE,94,644,0.979489663039,11.7418056533,1.68749315142,0.0205103369611
2026-05-27T23:33:12.240,685185,0.92,-0.24,-0.15,-0.4,-1.3,12.6,-3.2,16.3,24.9,101.124,35.8,0,1,1,1,3,NONE,131,667,0.962548700067,12.6732000694,1.58263258463,0.0374512999333
2026-05-27T23:33:12.279,685237,0.95,-0.25,-0.05,16.2,-5.1,13.3,-3.0,15.3,24.2,101.124,35.8,0,1,0,0,1,NONE,180,906,0.983615778645,21.5717407735,2.01694009263,0.0163842213547
2026-05-27T23:33:12.329,685285,0.97,-0.25,-0.13,10.1,-11.2,14.0,-3.2,15.5,25.2,101.117,35.79,0,1,0,0,1,NONE,64,443,1.01009900505,20.5779007676,1.71796067734,0.0100990050485
2026-05-27T23:33:12.393,685337,0.87,-0.24,-0.11,22.2,-7.4,18.2,-2.5,15.3,24.5,101.121,35.79,0,1,0,1,2,NONE,57,376,0.909175450614,29.6452357049,1.97056745499,0.0908245493855
2026-05-27T23:33:12.444,685389,1.09,-0.38,-0.29,20.1,13.9,10.7,-3.0,14.1,24.1,101.119,35.79,0,1,0,1,2,NONE,71,508,1.19021006549,26.6778934701,6.09345366067,0.190210065493
2026-05-27T23:33:12.492,685437,1.0,-0.07,-0.17,-1.1,-3.1,30.9,-2.8,14.5,24.5,101.125,35.79,0,1,0,0,1,NONE,90,547,1.0167595586,31.0745876883,7.17465639905,0.0167595585978
2026-05-27T23:33:12.536,685485,0.97,-0.14,-0.27,49.4,7.5,11.8,-3.1,13.3,23.0,101.123,35.8,0,1,0,0,1,NONE,68,477,1.01656283623,51.3405297986,2.61870939375,0.016562836228
2026-05-27T23:33:12.593,685537,0.86,-0.03,-0.19,27.4,11.8,11.8,-3.4,12.7,23.1,101.121,35.8,0,1,0,0,1,NONE,72,471,0.881249113475,32.0817705247,3.36401070856,0.118750886525
2026-05-27T23:33:12.637,685587,0.88,-0.12,-0.13,23.0,13.1,3.1,-4.6,12.6,23.1,101.121,35.79,0,1,0,0,1,NONE,71,463,0.897607932229,26.6499530956,2.2,0.102392067771
2026-05-27T23:33:12.681,685636,1.05,-0.14,-0.19,-2.2,30.9,1.9,-4.9,12.4,22.5,101.124,35.79,0,1,0,0,1,NONE,85,477,1.07619700799,31.0364302071,3.70170554025,0.0761970079869
2026-05-27T23:33:12.734,685687,0.96,-0.07,-0.2,4.3,12.8,1.9,-4.8,12.6,23.8,101.122,35.8,0,1,0,0,1,NONE,58,379,0.983107318659,13.6359818128,2.24422022397,0.0168926813415
2026-05-27T23:33:12.794,685739,0.97,-0.07,-0.14,4.6,16.5,2.5,-5.6,12.1,24.4,101.125,35.79,0,1,0,0,1,NONE,67,521,0.982547708765,17.3106903386,1.16976202506,0.0174522912347
2026-05-27T23:33:12.830,685785,0.94,-0.08,-0.16,5.0,15.4,-3.3,-5.4,12.4,24.0,101.126,35.8,0,1,0,0,1,NONE,55,335,0.956869897112,16.5242246414,0.813403779733,0.0431301028875
2026-05-27T23:33:12.893,685837,0.97,-0.14,-0.13,1.5,13.4,-8.5,-5.7,12.6,23.0,101.122,35.79,0,1,0,0,1,NONE,51,314,0.988635423197,15.9392597068,1.4131671593,0.011364576803
2026-05-27T23:33:12.939,685885,0.97,-0.14,-0.09,-7.9,7.3,-12.3,-5.9,13.2,23.9,101.126,35.8,0,1,0,0,1,NONE,43,228,0.984174781225,16.3398286405,0.833333333333,0.0158252187746
2026-05-27T23:33:12.992,685937,0.88,-0.19,-0.09,-19.5,1.3,-16.2,-5.5,14.0,24.4,101.123,35.79,0,1,0,0,1,NONE,66,275,0.904765162901,25.3846410256,1.97992887327,0.0952348370986
2026-05-27T23:33:13.044,685989,1.19,-0.01,-0.54,2.6,31.4,-8.4,-5.6,14.2,25.2,101.125,35.8,0,1,0,0,1,NONE,77,418,1.30682822131,32.6079744848,11.0639614336,0.306828221305
2026-05-27T23:33:13.088,686037,0.95,-0.36,-0.27,10.3,-2.9,-1.8,-5.6,13.8,24.5,101.122,35.79,0,1,0,0,1,NONE,122,592,1.05118980208,10.8508064216,10.4789802833,0.0511898020814
2026-05-27T23:33:13.131,686085,1.03,-0.23,-0.44,-25.3,9.2,-4.9,-5.7,14.9,25.4,101.126,35.8,0,1,0,0,1,NONE,101,519,1.14341593482,27.3631138579,4.75985819116,0.14341593482
2026-05-27T23:33:13.184,686137,0.9,-0.25,-0.32,-7.0,-3.7,-2.6,-5.6,15.5,25.8,101.125,35.8,0,1,0,0,1,NONE,102,479,0.98737024464,8.33366666,3.42394111822,0.0126297553602
2026-05-27T23:33:13.228,686187,0.91,-0.24,-0.3,5.9,-2.3,-3.6,-4.2,15.3,25.1,101.123,35.79,0,1,0,0,1,NONE,100,542,0.987775278087,7.28422954059,0.489897948557,0.0122247219129
2026-05-27T23:33:13.281,686235,0.83,-0.32,-0.28,-1.7,-4.9,-5.1,-4.4,15.6,25.5,101.122,35.8,0,1,0,0,1,NONE,88,595,0.932577074563,7.27392603757,2.39356776939,0.0674229254373
2026-05-27T23:33:13.343,686287,0.88,-0.33,-0.28,-11.0,-0.1,-2.9,-4.2,15.7,25.3,101.12,35.79,0,1,0,0,1,NONE,67,434,0.980663041008,11.3762911355,0.980580675691,0.0193369589915
2026-05-27T23:33:13.395,686339,0.87,-0.34,-0.28,-22.9,2.1,1.0,-3.6,16.7,26.5,101.126,35.79,0,1,0,0,1,NONE,90,476,0.975141015443,23.0178191843,0.27196414661,0.0248589845566
2026-05-27T23:33:13.437,686385,0.91,-0.27,-0.24,-13.3,-4.2,2.4,-3.7,17.0,26.6,101.124,35.79,0,1,0,0,1,NONE,82,509,0.979081201944,14.152384958,1.95652173913,0.0209187980561
2026-05-27T23:33:13.488,686437,0.86,-0.3,-0.26,-22.2,-2.6,2.7,-3.6,17.6,26.5,101.121,35.79,0,1,0,0,1,NONE,72,348,0.947206418897,22.5142177301,1.18546423134,0.0527935811028
2026-05-27T23:33:13.537,686485,0.89,-0.31,-0.2,-15.9,-4.6,4.8,-3.7,18.4,25.6,101.122,35.79,0,1,0,0,1,NONE,42,250,0.963431367561,17.2339780666,1.41298541315,0.0365686324392
2026-05-27T23:33:13.585,686537,0.9,-0.31,-0.19,-11.5,-2.2,6.9,-3.4,18.5,25.5,101.119,35.8,0,1,0,0,1,NONE,51,324,0.97066987179,13.5904378149,0.27196414661,0.0293301282104
2026-05-27T23:33:13.634,686589,0.91,-0.25,-0.16,1.9,-4.0,11.4,-3.3,18.9,26.8,101.119,35.8,0,1,0,0,1,NONE,71,376,0.957183368013,12.2298814385,1.30429422752,0.0428166319874
2026-05-27T23:33:13.693,686637,0.91,-0.25,-0.15,3.7,-3.2,10.6,-2.7,18.4,25.9,101.122,35.79,0,1,0,0,1,NONE,61,401,0.955562661472,11.6743308159,0.208333333333,0.0444373385277
2026-05-27T23:33:13.730,686685,0.92,-0.26,-0.15,6.5,-2.6,12.6,-2.9,19.0,26.7,101.124,35.79,0,1,0,0,1,NONE,63,395,0.967729300993,14.414229081,0.294627825494,0.0322706990072
2026-05-27T23:33:13.793,686737,0.91,-0.24,-0.12,21.1,-3.3,14.5,-2.7,18.4,27.8,101.126,35.8,0,1,0,0,1,NONE,50,260,0.948736001214,25.8137560227,0.719549497457,0.0512639987858
2026-05-27T23:33:13.839,686785,0.9,-0.26,-0.11,19.2,-3.5,20.2,-2.7,17.8,26.7,101.122,35.8,0,1,0,0,1,NONE,46,302,0.943239100123,28.0878977497,0.51031036308,0.0567608998774
2026-05-27T23:33:13.892,686837,1.0,-0.34,-0.36,33.9,18.4,13.3,-3.1,17.2,25.6,101.125,35.79,0,1,0,0,1,NONE,38,199,1.11588529877,40.8002450973,5.40175842507,0.115885298765
2026-05-27T23:33:13.941,686887,1.11,-0.14,-0.16,-14.4,8.7,14.5,-3.7,16.4,24.3,101.124,35.8,0,1,0,0,1,NONE,92,544,1.13017697729,22.210357944,6.0695963622,0.130176977292
2026-05-27T23:33:13.991,686936,0.9,-0.08,-0.18,43.2,-5.7,13.7,-4.0,17.0,26.0,101.121,35.8,0,1,0,0,1,NONE,94,523,0.921303424502,45.677346683,4.47585963254,0.0786965754975
2026-05-27T23:33:14.037,686987,0.95,-0.1,-0.2,34.6,11.4,8.2,-3.6,15.6,26.3,101.125,35.79,0,1,0,0,1,NONE,107,801,0.975961064797,37.3411301382,1.12638483265,0.0240389352028
2026-05-27T23:33:14.081,687039,0.95,-0.08,-0.2,27.3,5.7,2.4,-4.6,14.5,24.9,101.121,35.79,0,1,0,0,1,NONE,101,700,0.974114982946,27.991784509,0.384615384615,0.0258850170539
2026-05-27T23:33:14.129,687085,0.97,-0.06,-0.16,27.8,5.1,-0.1,-4.6,14.4,25.1,101.121,35.8,0,1,0,0,1,NONE,121,892,0.984936546179,28.2641115197,1.06499554034,0.0150634538205
2026-05-27T23:33:14.193,687137,0.94,-0.04,-0.23,32.0,4.7,-1.4,-4.1,14.0,24.7,101.119,35.79,0,1,0,0,1,NONE,153,896,0.968555625661,32.3736003558,1.51423228346,0.0314443743388
2026-05-27T23:33:14.240,687185,0.91,-0.13,-0.17,33.8,0.4,-3.3,-4.1,13.5,23.4,101.124,35.79,0,1,0,0,1,NONE,127,933,0.934826187053,33.9630681771,2.33853586673,0.065173812947
2026-05-27T23:33:14.298,687237,0.95,-0.1,-0.2,24.2,11.8,-5.1,-4.5,12.4,23.9,101.123,35.79,0,1,0,0,1,NONE,72,491,0.975961064797,27.4023721601,1.12133690285,0.0240389352028
2026-05-27T23:33:14.342,687289,0.91,-0.07,-0.17,16.7,8.2,-5.6,-3.8,12.3,23.1,101.12,35.79,0,1,0,0,1,NONE,53,432,0.928385695711,19.4291018835,1.12133690285,0.0716143042894
2026-05-27T23:33:14.391,687337,0.91,-0.1,-0.14,13.5,13.2,-9.3,-3.8,11.6,23.9,101.121,35.79,0,1,0,0,1,NONE,69,392,0.926120942426,21.0470900601,0.883883476483,0.073879057574
2026-05-27T23:33:14.436,687385,0.93,-0.09,-0.17,8.0,12.7,-11.2,-3.9,12.5,23.1,101.124,35.79,0,1,0,0,1,NONE,52,351,0.949684158023,18.727786842,0.779511955578,0.0503158419769
2026-05-27T23:33:14.483,687437,0.9,-0.12,-0.08,-6.0,8.6,-16.4,-4.4,12.0,23.6,101.121,35.79,0,1,0,0,1,NONE,46,207,0.911482309208,19.4658675635,1.91343737905,0.0885176907915
2026-05-27T23:33:14.539,687487,1.24,-0.06,-0.41,-4.3,30.9,-12.1,-3.9,12.5,22.4,101.126,35.8,0,1,0,0,1,NONE,49,165,1.30740200398,33.4620680772,9.55196314901,0.307402003976
2026-05-27T23:33:14.582,687536,0.9,-0.44,-0.23,-1.8,-25.1,-2.3,-4.2,12.7,22.1,101.122,35.8,0,1,0,0,1,NONE,48,215,1.02786185842,25.2693490221,11.035514967,0.0278618584226
2026-05-27T23:33:14.644,687587,1.0,-0.14,-0.41,-15.0,20.8,-2.4,-3.9,13.4,22.9,101.124,35.8,0,1,0,0,1,NONE,79,378,1.08981649832,25.7565525643,7.13466878379,0.0898164983152
2026-05-27T23:33:14.694,687639,0.94,-0.33,-0.32,3.2,-7.1,-5.3,-3.5,13.7,23.2,101.124,35.79,0,1,0,0,1,NONE,150,654,1.04637469388,9.42019108086,4.20446367482,0.0463746938836
2026-05-27T23:33:14.740,687685,0.93,-0.25,-0.28,8.0,-7.9,-4.0,-3.6,14.2,23.4,101.121,35.8,0,1,0,0,1,NONE,173,1183,1.00289580715,11.9335661057,1.95652173913,0.00289580715047
2026-05-27T23:33:14.790,687737,0.93,-0.3,-0.25,11.8,-17.6,-4.6,-3.0,13.5,23.1,101.121,35.79,0,1,0,0,1,NONE,200,1032,1.00866248071,21.6831731995,1.12133690285,0.00866248071394
2026-05-27T23:33:14.838,687785,0.88,-0.26,-0.24,14.1,-16.2,-3.1,-1.9,13.4,22.0,101.12,35.79,0,1,0,0,1,NONE,115,716,0.94847245611,21.6993087448,1.35015431217,0.0515275438896
2026-05-27T23:33:14.885,687837,0.91,-0.27,-0.25,12.1,-13.8,-2.4,-1.8,13.8,22.8,101.123,35.79,0,1,0,0,1,NONE,81,535,0.981580358402,18.5097271725,0.637812459684,0.0184196415983
2026-05-27T23:33:14.946,687889,0.89,-0.27,-0.2,19.5,-13.2,-2.9,-0.8,13.4,21.4,101.123,35.79,0,1,0,0,1,NONE,82,466,0.951314879522,23.7255136931,1.03560861676,0.048685120478
2026-05-27T23:33:14.978,687937,0.9,-0.29,-0.18,9.3,-11.5,-2.1,-0.5,13.3,21.4,101.128,35.8,0,1,0,0,1,NONE,102,588,0.962548700067,14.9382060503,0.625,0.0374512999333
2026-05-27T23:33:15.029,687985,0.89,-0.31,-0.15,7.6,-6.7,1.5,-0.3,12.9,20.2,101.125,35.8,0,1,0,0,1,NONE,54,392,0.954306030579,10.2420701033,0.779511955578,0.0456939694207
2026-05-27T23:33:15.093,688037,0.95,-0.26,-0.16,14.5,-8.7,3.4,0.3,13.6,21.7,101.123,35.79,0,1,0,0,1,NONE,53,298,0.997847683767,17.2481883107,1.51423228346,0.00215231623258
2026-05-27T23:33:15.142,688087,0.9,-0.29,-0.12,7.4,-7.6,2.1,0.2,12.6,20.3,101.123,35.79,0,1,0,0,1,NONE,45,244,0.953152663533,10.8134175911,1.41421356237,0.046847336467
2026-05-27T23:33:15.191,688135,0.94,-0.22,-0.14,19.4,-6.0,2.4,0.8,12.2,19.7,101.121,35.79,0,1,0,0,1,NONE,61,350,0.975499871861,20.4479827856,1.73054663811,0.0245001281394
2026-05-27T23:33:15.241,688187,0.9,-0.27,-0.13,21.9,-4.9,4.5,0.9,13.0,19.7,101.125,35.79,0,1,0,0,1,NONE,58,329,0.948577882938,22.8882065702,1.24629628816,0.0514221170615
2026-05-27T23:33:15.283,688239,0.92,-0.22,-0.14,28.3,-1.8,6.9,1.2,11.8,18.0,101.121,35.79,0,1,0,0,1,NONE,59,354,0.956242647031,29.1845849722,1.05331261059,0.0437573529694
2026-05-27T23:33:15.335,688287,0.93,-0.24,-0.09,38.1,-3.6,11.8,1.2,11.8,18.0,101.121,35.79,0,1,0,0,1,NONE,58,398,0.964676111449,40.0475966819,1.14108866147,0.0353238885512
2026-05-27T23:33:15.380,688339,0.99,-0.27,-0.12,34.1,3.0,15.7,1.8,9.8,18.2,101.123,35.79,0,1,0,0,1,NONE,59,315,1.03315052146,37.6603239497,1.4131671593,0.0331505214634
2026-05-27T23:33:15.428,688387,0.98,-0.33,-0.36,17.9,19.9,8.4,1.1,9.4,18.8,101.116,35.79,0,1,0,0,1,NONE,51,270,1.09494292089,28.0531638144,5.15809100131,0.0949429208867
2026-05-27T23:33:15.481,688435,1.0,-0.03,-0.15,20.4,9.5,17.1,-0.4,8.7,18.1,101.123,35.79,0,1,0,0,1,NONE,33,161,1.01163234428,28.2634038997,7.64046700871,0.0116323442832
2026-05-27T23:33:15.542,688487,0.85,-0.18,-0.17,54.8,13.6,8.3,0.5,8.1,17.4,101.122,35.79,0,1,0,0,1,NONE,46,227,0.885324799156,57.0691685589,4.09755302936,0.114675200844
2026-05-27T23:33:15.589,688539,1.0,-0.05,-0.23,32.2,16.7,4.8,-0.2,7.9,16.0,101.122,35.79,0,1,0,0,1,NONE,37,215,1.02732662771,36.5892060586,3.98777718333,0.027326627709
2026-05-27T23:33:15.642,688585,0.91,-0.1,-0.12,32.8,14.9,4.6,0.1,7.5,16.9,101.123,35.8,0,1,0,0,1,NONE,55,269,0.923309265631,36.318177267,3.27533025507,0.076690734369
2026-05-27T23:33:15.687,688637,1.0,-0.13,-0.18,18.0,13.9,1.3,-0.8,6.6,15.7,101.125,35.8,0,1,0,0,1,NONE,37,226,1.02435345462,22.7793766377,2.15864849237,0.0243534546239
2026-05-27T23:33:15.733,688685,0.88,-0.08,-0.24,13.8,20.6,1.2,-1.0,6.6,16.0,101.123,35.79,0,1,0,0,1,NONE,64,337,0.915641851381,24.8241817589,2.98287938818,0.0843581486192
2026-05-27T23:33:15.781,688737,0.95,-0.14,-0.21,8.9,23.3,1.1,-1.2,6.6,15.2,101.124,35.79,0,1,0,0,1,NONE,48,320,0.982954729375,24.9661771203,1.86449225285,0.0170452706253
2026-05-27T23:33:15.831,688788,0.93,-0.04,-0.22,-1.9,24.4,-3.1,-1.8,6.0,16.7,101.123,35.79,0,1,0,0,1,NONE,39,214,0.95650405122,24.6694142614,2.00920603254,0.0434959487801
2026-05-27T23:33:15.893,688837,0.98,-0.07,-0.18,7.2,16.0,-7.8,-1.4,6.8,17.0,101.124,35.8,0,1,0,0,1,NONE,64,386,0.998849337988,19.2010416384,1.44307506365,0.00115066201153
2026-05-27T23:33:15.941,688885,0.99,-0.09,-0.2,0.4,11.8,-11.3,-1.3,6.9,17.6,101.123,35.79,0,1,0,0,1,NONE,54,338,1.01400197238,16.3428883616,0.625,0.0140019723847
2026-05-27T23:33:15.992,688937,0.93,-0.16,-0.14,-15.3,-0.9,-12.3,-1.2,7.7,16.5,101.123,35.79,0,1,0,0,1,NONE,37,244,0.953991614219,19.6517174822,2.11538461538,0.0460083857811
2026-05-27T23:33:16.039,688987,1.09,-0.06,-0.57,-25.6,27.8,-5.8,-1.0,8.7,18.3,101.124,35.8,0,1,0,0,1,NONE,83,278,1.23150314657,38.2340162682,9.3914855055,0.231503146565
2026-05-27T23:33:16.089,689035,0.95,-0.35,-0.28,-2.8,-26.7,4.6,-0.2,9.6,18.2,101.124,35.79,0,1,0,0,1,NONE,54,144,1.050428484,27.2376577554,9.02831195001,0.0504284840007
2026-05-27T23:33:16.138,689087,0.95,-0.15,-0.39,-13.7,-2.0,1.1,-0.1,9.4,20.5,101.123,35.79,0,1,0,0,1,NONE,50,264,1.0378342835,13.8888444444,4.38950469635,0.0378342834962
2026-05-27T23:33:16.183,689139,0.87,-0.36,-0.32,-13.3,-8.7,-3.0,0.1,10.1,19.0,101.122,35.79,0,1,0,0,1,NONE,46,271,0.994434512675,16.1734350093,4.52638549844,0.00556548732458
2026-05-27T23:33:16.230,689185,0.88,-0.27,-0.27,-0.2,-14.6,-3.8,0.9,10.4,19.0,101.125,35.79,0,1,0,0,1,NONE,64,351,0.959270556204,15.08774337,2.24871313756,0.040729443796
2026-05-27T23:33:16.278,689237,0.9,-0.31,-0.22,-6.7,-12.6,-1.8,1.6,10.7,18.1,101.123,35.79,0,1,0,0,1,NONE,39,229,0.976985158536,14.3836712977,1.29003921779,0.0230148414638
2026-05-27T23:33:16.329,689285,0.85,-0.33,-0.22,-8.1,-9.9,-0.9,1.8,10.9,18.3,101.122,35.79,0,1,0,0,1,NONE,48,275,0.937976545549,12.8230261639,1.12190933482,0.062023454451
2026-05-27T23:33:16.393,689337,0.89,-0.31,-0.23,-20.6,-2.7,-0.4,1.8,11.1,19.0,101.126,35.8,0,1,0,0,1,NONE,62,368,0.970103087306,20.7800384985,0.881264556722,0.0298969126943
2026-05-27T23:33:16.442,689389,0.9,-0.29,-0.2,-17.4,0.1,2.5,2.0,11.6,19.0,101.121,35.79,0,1,0,0,1,NONE,47,355,0.966488489326,17.5789647022,0.719549497457,0.0335115106738
2026-05-27T23:33:16.490,689436,0.92,-0.27,-0.2,-16.3,1.0,4.2,2.0,12.0,19.6,101.117,35.8,0,1,0,0,1,NONE,66,396,0.979438614718,16.8620876525,0.601793005265,0.0205613852824
2026-05-27T23:33:16.536,689485,0.88,-0.26,-0.18,-10.3,5.8,6.3,2.1,12.7,19.7,101.125,35.79,0,1,0,0,1,NONE,43,266,0.935093578205,13.3947751008,0.935219529583,0.0649064217951
2026-05-27T23:33:16.593,689537,0.92,-0.35,-0.21,-15.1,5.6,8.2,2.1,12.5,20.8,101.122,35.79,0,1,0,0,1,NONE,34,194,1.00647901121,18.0723545782,1.97992887327,0.00647901120689
2026-05-27T23:33:16.632,689587,0.91,-0.29,-0.13,-17.4,5.9,10.2,1.5,13.3,20.0,101.122,35.79,0,1,0,0,1,NONE,48,183,0.963898334888,21.0145187906,2.00997512422,0.0361016651119
2026-05-27T23:33:16.692,689635,0.93,-0.22,-0.13,-18.1,8.5,13.4,1.5,13.5,21.3,101.125,35.8,0,1,0,0,1,NONE,51,273,0.964468765694,24.0711445511,1.51668956027,0.0355312343056
2026-05-27T23:33:16.742,689687,0.93,-0.21,-0.12,3.7,4.2,17.0,1.0,13.4,21.0,101.126,35.8,0,1,0,0,1,NONE,31,162,0.960937042683,17.8977652236,0.27196414661,0.0390629573172
2026-05-27T23:33:16.793,689739,1.04,-0.33,-0.12,-3.4,10.4,19.7,0.4,12.9,21.1,101.123,35.79,0,1,0,0,1,NONE,74,478,1.09767937031,22.5346400016,3.13054242233,0.0976793703081
2026-05-27T23:33:16.839,689785,0.99,-0.48,-0.34,-22.3,23.6,20.2,0.3,13.5,21.9,101.122,35.79,0,1,0,0,1,NONE,80,416,1.15156415366,38.2399006275,5.88965964528,0.151564153662
2026-05-27T23:33:16.888,689837,0.89,0.01,-0.28,-16.4,4.8,28.9,-1.1,14.3,21.9,101.123,35.79,0,1,0,0,1,NONE,44,212,0.933059483634,33.5739482337,9.68627712266,0.0669405163656
2026-05-27T23:33:16.935,689885,0.87,-0.2,-0.18,7.0,17.6,19.0,-0.5,13.8,22.6,101.123,35.79,0,1,0,0,1,NONE,79,564,0.91065910197,26.8283432213,4.86359063747,0.0893408980304
2026-05-27T23:33:16.984,689937,0.95,-0.12,-0.27,-19.8,17.5,15.8,-1.8,14.0,22.7,101.125,35.79,0,1,0,0,1,NONE,88,663,0.994886928249,30.7884718685,2.78016005669,0.00511307175137
2026-05-27T23:33:17.036,689987,0.94,-0.18,-0.2,-17.7,13.3,9.4,-2.2,14.2,23.4,101.12,35.8,0,1,0,0,1,NONE,35,210,0.977752524926,24.052858458,1.8547236991,0.0222474750736
2026-05-27T23:33:17.084,690035,1.02,-0.06,-0.28,-27.1,18.2,8.3,-2.8,14.8,23.4,101.122,35.8,0,1,0,0,1,NONE,47,277,1.05943381105,33.6829333639,3.43592135468,0.0594338110519
2026-05-27T23:33:17.141,690087,0.97,-0.15,-0.22,-18.2,3.5,9.2,-3.2,16.5,23.6,101.124,35.8,0,1,0,0,1,NONE,119,618,1.00588269694,20.6913025206,2.29161063227,0.00588269693837
2026-05-27T23:33:17.193,690139,0.96,-0.16,-0.2,-30.1,14.7,9.8,-3.0,16.5,24.4,101.121,35.79,0,1,0,0,1,NONE,183,742,0.99357938787,34.9018624145,0.471055719766,0.00642061213006
2026-05-27T23:33:17.236,690185,0.95,-0.11,-0.26,-33.6,13.9,9.0,-4.0,17.2,25.0,101.121,35.79,0,1,0,0,1,NONE,54,382,0.991060038545,37.4589108224,1.71174084218,0.00893996145541
2026-05-27T23:33:17.284,690239,0.93,-0.13,-0.21,-30.5,15.6,7.0,-4.0,18.8,26.2,101.124,35.79,0,1,0,0,1,NONE,91,491,0.962236977049,34.9658404732,1.06380789751,0.0377630229512
2026-05-27T23:33:17.336,690285,0.94,-0.12,-0.23,-39.1,19.7,5.2,-5.0,19.2,26.8,101.121,35.79,0,1,0,0,1,NONE,89,517,0.975141015443,44.090134951,0.53249777017,0.0248589845566
2026-05-27T23:33:17.389,690337,0.91,-0.15,-0.17,-40.2,13.5,0.5,-5.5,20.4,27.0,101.124,35.8,0,1,0,0,1,NONE,83,496,0.937816613203,42.4091971157,1.4131671593,0.0621833867968
2026-05-27T23:33:17.437,690385,0.98,-0.15,-0.17,-44.2,14.2,-0.1,-5.7,22.0,27.0,101.124,35.79,0,1,0,0,1,NONE,69,372,1.00588269694,46.4251009692,1.45833333333,0.00588269693837
2026-05-27T23:33:17.492,690437,0.95,-0.19,-0.15,-56.0,13.0,-3.4,-6.5,22.9,27.9,101.122,35.79,0,1,0,0,1,NONE,61,326,0.980357077804,57.5895823913,1.03560861676,0.0196429221962
2026-05-27T23:33:17.542,690489,0.87,-0.19,-0.08,-66.0,2.5,-10.6,-6.2,25.3,28.5,101.121,35.79,0,1,0,0,1,NONE,70,460,0.89409171789,66.8925257409,2.04425881014,0.10590828211
2026-05-27T23:33:17.588,690537,1.07,-0.28,-0.57,-95.9,35.7,-4.9,-6.1,27.6,28.1,101.124,35.8,0,1,0,0,1,NONE,87,555,1.24426685241,102.446620247,11.1842212762,0.244266852407
2026-05-27T23:33:17.640,690585,1.05,-0.38,-0.17,-9.8,-5.9,11.5,-7.3,30.1,30.2,101.122,35.79,0,1,0,0,1,NONE,102,601,1.12951316947,16.2203575793,8.59990310023,0.129513169467
2026-05-27T23:33:17.690,690638,0.95,-0.37,-0.39,-76.5,0.5,-0.1,-6.9,31.0,29.2,101.122,35.8,0,1,0,0,1,NONE,63,336,1.09155851882,76.5016993275,4.56354212168,0.0915585188161
2026-05-27T23:33:17.738,690687,0.88,-0.33,-0.22,-62.3,-3.7,-2.9,-6.6,33.3,28.3,101.123,35.79,0,1,0,0,1,NONE,42,296,0.965246082613,62.4771158105,3.83977300454,0.0347539173869
2026-05-27T23:33:17.783,690736,0.82,-0.24,-0.22,-30.4,-9.6,-1.2,-7.2,35.4,28.7,101.121,35.8,0,1,0,0,1,NONE,60,341,0.882269800005,31.9023510105,2.20748037273,0.117730199995
2026-05-27T23:33:17.843,690787,0.83,-0.32,-0.23,-25.0,0.2,2.6,-6.1,36.1,28.4,101.122,35.79,0,1,0,0,1,NONE,61,384,0.918803569867,25.1356320788,1.59294870679,0.0811964301332
2026-05-27T23:33:17.890,690839,0.86,-0.38,-0.21,-24.0,0.9,4.8,-5.5,36.9,28.3,101.122,35.79,0,1,0,0,1,NONE,150,903,0.96337946833,24.4918353743,1.34615384615,0.0366205316699
2026-05-27T23:33:17.940,690885,0.87,-0.39,-0.17,-29.8,0.8,7.4,-5.8,37.9,27.2,101.121,35.79,0,1,0,0,1,NONE,69,363,0.968452373635,30.7154684158,0.922313192852,0.0315476263646
2026-05-27T23:33:17.992,690937,0.86,-0.34,-0.13,-21.7,3.8,9.1,-5.8,38.5,27.3,101.12,35.79,0,1,0,0,1,NONE,54,415,0.933862944976,23.8356875294,1.24629628816,0.0661370550236
2026-05-27T23:33:18.040,690985,0.88,-0.35,-0.13,-32.4,8.5,8.1,-6.9,39.8,27.4,101.121,35.8,0,1,0,0,1,NONE,45,254,0.955928867647,34.4618629792,0.465847495312,0.0440711323535
2026-05-27T23:33:18.083,691037,0.91,-0.35,-0.09,-29.3,9.8,11.7,-6.1,40.5,27.0,101.124,35.79,0,1,0,0,1,NONE,120,615,0.979132268899,33.0366463189,0.961538461538,0.0208677311006
2026-05-27T23:33:18.140,691089,0.89,-0.34,-0.11,-24.9,13.4,16.7,-6.6,40.9,26.4,101.121,35.79,0,1,0,0,1,NONE,157,773,0.959062041789,32.839914738,0.576923076923,0.0409379582113
2026-05-27T23:33:18.182,691137,0.88,-0.27,-0.11,-21.5,13.7,21.8,-6.9,41.8,26.8,101.124,35.8,0,1,1,1,3,NONE,220,922,0.927038294786,33.5437028367,1.47313912747,0.0729617052139
2026-05-27T23:33:18.241,691185,0.93,-0.27,-0.05,-21.5,15.3,20.8,-6.4,42.4,26.2,101.12,35.79,0,1,1,1,3,NONE,213,998,0.969690672328,33.6002976177,1.62713534915,0.030309327672
2026-05-27T23:33:18.290,691237,0.92,-0.31,-0.11,-25.7,17.0,28.6,-6.7,42.9,26.0,101.123,35.79,0,1,0,1,2,NONE,245,1136,0.977036335046,42.0410513665,1.40002113255,0.0229636649541
2026-05-27T23:33:18.341,691285,0.99,-0.24,-0.26,-12.5,25.8,23.4,-6.9,43.2,26.6,101.123,35.79,0,1,0,1,2,NONE,164,964,1.05133248785,37.0060805814,3.74420849075,0.0513324878458
2026-05-27T23:33:18.387,691337,0.92,-0.18,-0.15,-24.4,23.7,26.2,-6.9,43.7,27.1,101.122,35.79,0,1,0,0,1,NONE,59,362,0.94936821097,42.9358824295,2.76013463354,0.0506317890302
2026-05-27T23:33:18.441,691387,1.0,-0.32,-0.24,-13.9,25.2,22.0,-7.2,43.6,26.0,101.122,35.8,0,1,0,0,1,NONE,57,395,1.07703296143,36.2249913734,3.69323706252,0.0770329614269
2026-05-27T23:33:18.484,691435,1.01,-0.08,-0.28,-20.1,14.3,21.8,-7.1,43.7,25.7,101.123,35.79,0,1,0,0,1,NONE,49,239,1.05114223586,32.9202065607,5.07324819245,0.0511422358558
2026-05-27T23:33:18.542,691487,0.99,-0.1,-0.22,-7.0,3.5,15.4,-7.9,44.2,25.2,101.12,35.8,0,1,0,0,1,NONE,45,267,1.01906820184,17.274547751,1.27562491937,0.0190682018393
2026-05-27T23:33:18.590,691539,0.97,-0.14,-0.16,-18.2,4.0,11.5,-6.6,44.4,24.9,101.119,35.79,0,1,0,0,1,NONE,34,240,0.993025679426,21.8972601026,1.43909899491,0.00697432057373
2026-05-27T23:33:18.639,691585,0.96,-0.13,-0.14,-27.8,9.0,8.7,-7.8,44.9,26.1,101.125,35.79,0,1,0,0,1,NONE,73,447,0.978825827203,30.4881944365,0.53249777017,0.0211741727968
2026-05-27T23:33:18.690,691637,0.99,-0.08,-0.22,-24.1,10.8,11.2,-7.4,46.1,25.2,101.121,35.79,0,0,0,0,0,NONE,70,436,1.01730034896,28.686059332,1.90374902627,0.0173003489629
2026-05-27T23:33:18.740,691685,0.95,-0.06,-0.2,-24.2,9.0,9.8,-7.7,46.5,23.5,101.125,35.8,0,0,0,0,0,NONE,78,519,0.972676719162,27.6166616375,1.02062072616,0.0273232808379
2026-05-27T23:33:18.789,691737,0.94,-0.12,-0.2,-27.6,14.9,7.9,-7.7,47.6,23.5,101.121,35.79,0,0,0,0,0,NONE,90,587,0.968504001024,32.3447059037,1.16976202506,0.0314959989757
2026-05-27T23:33:18.843,691789,0.92,-0.06,-0.2,-28.1,18.8,4.3,-9.1,48.7,22.8,101.122,35.79,0,0,0,0,0,NONE,81,546,0.943398113206,34.0813732118,1.21626063853,0.0566018867943
2026-05-27T23:33:18.892,691837,0.93,-0.07,-0.19,-28.6,20.0,-0.4,-8.8,49.3,21.4,101.123,35.79,0,1,0,0,1,NONE,54,345,0.951787791475,34.9015758957,0.360843918244,0.0482122085255
2026-05-27T23:33:18.945,691885,0.94,-0.12,-0.17,-18.4,20.0,-3.1,-9.5,49.6,22.7,101.121,35.79,0,1,0,0,1,NONE,61,363,0.96275645934,27.3526963936,1.14108866147,0.0372435406605
2026-05-27T23:33:18.992,691937,0.93,-0.17,-0.15,-37.3,17.9,-7.1,-10.0,51.1,21.1,101.122,35.79,0,1,0,0,1,NONE,52,320,0.957235603182,41.97749397,1.05331261059,0.0427643968176
2026-05-27T23:33:19.041,691987,0.91,-0.18,-0.09,-56.3,14.0,-11.4,-10.9,52.0,20.0,101.126,35.79,0,1,0,0,1,NONE,42,221,0.931987124375,59.1240221906,1.28062484749,0.0680128756254
2026-05-27T23:33:19.089,692035,1.13,-0.18,-0.38,-56.6,25.3,-15.1,-11.3,52.6,19.3,101.123,35.79,0,1,0,0,1,NONE,66,215,1.20569482043,63.8095604122,7.58344780133,0.205694820425
2026-05-27T23:33:19.143,692087,0.91,-0.35,-0.36,-38.8,6.3,-0.4,-11.7,54.4,18.8,101.122,35.79,0,1,0,0,1,NONE,39,202,1.03932670513,39.3101767994,5.36052302491,0.0393267051317
2026-05-27T23:33:19.189,692139,1.12,-0.38,-0.47,-63.0,17.2,1.2,-12.0,54.9,17.4,101.122,35.8,0,1,0,0,1,NONE,28,162,1.27267434955,65.3167666071,4.59530890206,0.272674349549
2026-05-27T23:33:19.245,692185,0.89,-0.15,-0.19,-42.5,1.5,6.8,-12.2,56.0,17.1,101.122,35.79,0,1,0,0,1,NONE,21,145,0.922333995904,43.0666924665,9.3301146669,0.0776660040961
2026-05-27T23:33:19.285,692237,0.91,-0.37,-0.31,-42.1,-12.6,0.0,-11.3,57.0,14.2,101.122,35.79,0,1,0,0,1,NONE,104,423,1.0300970828,43.9450793605,4.83454041922,0.0300970828034
2026-05-27T23:33:19.334,692285,0.85,-0.29,-0.26,-29.7,-6.9,-0.6,-11.9,56.7,13.3,101.124,35.8,0,1,0,0,1,NONE,259,1244,0.93498663092,30.4968850868,2.32923747656,0.0650133690795
2026-05-27T23:33:19.389,692337,0.81,-0.39,-0.17,-45.2,-1.8,-0.1,-11.7,58.1,11.4,101.122,35.79,0,1,0,0,1,NONE,236,1164,0.914931691439,45.2359370413,2.69916708608,0.0850683085607
2026-05-27T23:33:19.442,692387,0.86,-0.32,-0.21,-42.7,-19.6,7.6,-11.1,58.2,11.3,101.121,35.79,0,1,0,0,1,NONE,101,682,0.941328847959,47.5942223384,1.8973665961,0.0586711520409
2026-05-27T23:33:19.490,692435,0.87,-0.33,-0.17,-42.4,1.8,9.3,-11.0,58.0,9.4,101.12,35.8,0,1,0,0,1,NONE,84,582,0.945885828205,43.4452529052,0.883883476483,0.0541141717945
2026-05-27T23:33:19.543,692487,0.86,-0.32,-0.14,-37.7,9.2,8.9,-10.4,58.8,7.9,101.121,35.79,0,1,0,0,1,NONE,99,575,0.92822411087,39.8138166972,0.637812459684,0.0717758891302
2026-05-27T23:33:19.584,692539,0.91,-0.3,-0.12,-38.8,15.8,11.7,-10.4,59.2,6.7,101.12,35.8,0,1,0,0,1,NONE,46,271,0.965660395791,43.4967814901,1.10472358587,0.0343396042086
2026-05-27T23:33:19.633,692585,0.93,-0.29,-0.13,-27.0,17.4,14.6,-10.1,59.4,5.6,101.12,35.79,0,1,0,0,1,NONE,82,464,0.9828021164,35.2834238701,0.53249777017,0.0171978836002
2026-05-27T23:33:19.681,692639,0.89,-0.27,-0.11,-23.8,7.8,15.7,-10.2,59.6,4.8,101.122,35.79,0,1,0,0,1,NONE,68,399,0.936536171218,29.5596008092,0.907218423253,0.0634638287818
2026-05-27T23:33:19.734,692685,0.94,-0.23,-0.06,-13.7,8.5,14.0,-9.7,59.5,5.4,101.119,35.79,0,1,0,0,1,NONE,62,337,0.969587541174,21.3527515791,1.76609530536,0.0304124588259
2026-05-27T23:33:19.793,692737,0.95,-0.32,-0.06,-11.8,14.9,14.8,-9.6,59.7,4.0,101.12,35.79,0,1,0,0,1,NONE,78,478,1.00424100693,24.0892092025,1.74142021887,0.00424100693011
2026-05-27T23:33:19.843,692789,0.88,-0.28,-0.07,-6.8,11.5,23.7,-9.1,59.5,4.3,101.122,35.79,0,1,0,0,1,NONE,139,687,0.926120942426,27.2062492821,1.56231507781,0.073879057574
2026-05-27T23:33:19.890,692837,0.95,-0.25,-0.11,-32.6,26.7,29.1,-8.9,59.1,2.8,101.124,35.79,0,1,0,0,1,NONE,124,850,0.988483687271,51.2099599687,1.7921510973,0.0115163127294
2026-05-27T23:33:19.940,692885,0.97,-0.25,-0.2,-5.9,16.6,23.2,-7.7,59.5,1.9,101.121,35.79,0,1,0,0,1,NONE,142,832,1.02146952965,29.1309114173,1.9207384286,0.0214695296483
2026-05-27T23:33:19.988,692937,0.9,-0.27,-0.13,-19.3,25.3,14.8,-6.9,59.4,1.2,101.124,35.8,0,1,0,0,1,NONE,151,792,0.948577882938,35.0944440047,1.94221248815,0.0514221170615
2026-05-27T23:33:20.038,692987,1.05,-0.28,-0.26,-23.9,30.7,13.4,-6.8,59.5,1.2,101.123,35.8,0,1,0,0,1,NONE,121,686,1.11736296699,41.1492405762,3.97492138287,0.11736296699
2026-05-27T23:33:20.084,693035,0.89,-0.07,-0.25,-11.9,15.9,17.6,-6.9,59.8,1.1,101.124,35.8,0,1,0,0,1,NONE,126,634,0.927092228422,26.5363901087,5.50410200568,0.0729077715783
2026-05-27T23:33:20.145,693087,0.97,-0.15,-0.2,-0.5,13.2,10.8,-6.4,59.6,1.4,101.124,35.8,0,1,0,0,1,NONE,178,1041,1.00169855745,17.0625320513,2.37871478401,0.00169855745129
2026-05-27T23:33:20.194,693139,1.03,-0.08,-0.15,-17.6,22.3,9.8,-6.6,59.6,2.1,101.121,35.79,0,1,0,0,1,NONE,100,775,1.04393486387,30.0514558716,2.01694009263,0.0439348638684
2026-05-27T23:33:20.239,693185,0.97,-0.1,-0.27,-28.2,13.7,8.5,-6.5,59.8,0.5,101.123,35.8,0,1,0,0,1,NONE,73,516,1.01183002525,32.4835342905,2.9488391231,0.0118300252513
2026-05-27T23:33:20.289,693237,0.93,-0.12,-0.19,-29.2,9.6,9.3,-5.9,60.1,0.4,101.125,35.8,0,1,0,0,1,NONE,123,707,0.956765383989,32.1137042398,1.76252911344,0.0432346160108
2026-05-27T23:33:20.336,693285,0.91,-0.11,-0.22,-39.1,11.1,7.1,-6.6,59.6,-1.7,101.122,35.8,0,1,0,0,1,NONE,188,877,0.942655822663,41.2605138116,0.779511955578,0.0573441773372
2026-05-27T23:33:20.387,693337,0.87,-0.11,-0.2,-38.1,12.5,3.7,-6.1,59.8,-2.9,101.123,35.79,0,1,0,0,1,NONE,170,1011,0.899444272871,40.2684740212,0.860026145192,0.100555727129
2026-05-27T23:33:20.444,693389,0.95,-0.13,-0.25,-38.7,16.2,0.2,-6.5,60.1,-4.5,101.123,35.8,0,1,0,0,1,NONE,91,604,0.990908673895,41.9543799859,1.85454822327,0.00909132610518
2026-05-27T23:33:20.498,693437,0.9,-0.18,-0.13,-52.2,7.3,-4.5,-7.2,60.0,-4.6,101.123,35.8,0,1,0,0,1,NONE,262,1049,0.926984358013,52.8997164454,2.90174755775,0.0730156419874
2026-05-27T23:33:20.528,693485,0.99,-0.16,-0.13,-50.9,7.1,-12.6,-7.0,59.4,-6.9,101.125,35.8,0,1,0,0,1,NONE,196,940,1.01123686642,52.9148372387,1.9207384286,0.0112368664166
2026-05-27T23:33:20.592,693537,1.12,-0.02,-0.58,-25.3,19.8,-1.8,-7.5,59.1,-7.8,101.122,35.8,0,1,0,0,1,NONE,67,539,1.2614277625,32.1771658168,9.40146658583,0.261427762498
2026-05-27T23:33:20.642,693587,0.98,-0.39,-0.21,-20.0,6.8,-4.3,-7.4,59.3,-8.4,101.12,35.8,0,1,0,0,1,NONE,173,1072,1.07545339276,21.5575972687,10.8332820512,0.0754533927605
2026-05-27T23:33:20.691,693636,0.94,-0.28,-0.34,-50.2,4.6,-2.3,-7.2,59.2,-8.7,101.123,35.79,0,1,0,0,1,NONE,284,1514,1.03807514179,50.4627585453,3.56997054786,0.0380751417889
2026-05-27T23:33:20.740,693687,0.91,-0.32,-0.29,-39.4,-0.2,0.2,-7.7,58.8,-9.9,101.123,35.8,0,1,0,0,1,NONE,174,976,1.00727354775,39.4010152153,1.38648388468,0.00727354775155
2026-05-27T23:33:20.799,693739,0.91,-0.33,-0.22,-28.5,-1.8,-0.6,-8.1,58.4,-12.4,101.122,35.8,0,1,0,0,1,NONE,73,433,0.992673158698,28.5630880683,1.35982073305,0.00732684130173
2026-05-27T23:33:20.832,693785,0.9,-0.31,-0.21,-21.7,-4.6,-2.0,-7.7,58.1,-12.0,101.123,35.8,0,1,0,0,1,NONE,250,1106,0.974782026917,22.2721799562,0.53249777017,0.0252179730832
2026-05-27T23:33:20.881,693837,0.9,-0.28,-0.22,-24.4,-6.3,-2.5,-7.9,57.7,-14.2,101.121,35.8,0,1,0,1,2,NONE,185,1107,0.967884290605,25.3239017531,0.608130319263,0.032115709395
2026-05-27T23:33:20.941,693885,0.87,-0.3,-0.22,-11.6,-4.0,-2.4,-8.8,58.0,-14.2,101.122,35.79,0,1,0,1,2,NONE,53,371,0.946202938064,12.5027996865,0.751156515722,0.0537970619365
2026-05-27T23:33:20.993,693937,0.82,-0.34,-0.15,-14.3,-4.5,-0.5,-8.9,57.8,-14.7,101.124,35.8,0,1,0,1,2,NONE,59,306,0.900277734924,14.999666663,1.82439095779,0.0997222650759
2026-05-27T23:33:21.042,693989,0.92,-0.38,-0.15,-13.8,3.2,3.0,-8.4,57.0,-15.1,101.119,35.8,0,1,0,1,2,NONE,54,290,1.00662803458,14.4803314879,2.07121723351,0.00662803457881
2026-05-27T23:33:21.093,694037,0.9,-0.34,-0.12,-22.2,1.2,2.5,-8.3,56.6,-17.2,101.12,35.8,0,1,0,0,1,NONE,70,785,0.969535971483,22.3725277964,1.12190933482,0.0304640285167
2026-05-27T23:33:21.140,694085,0.87,-0.35,-0.09,-21.4,4.5,4.4,-8.6,56.3,-17.0,101.12,35.79,0,1,0,0,1,NONE,247,1428,0.942072184071,22.3062771434,0.908103946571,0.0579278159292
2026-05-27T23:33:21.188,694137,0.94,-0.3,-0.13,-17.9,6.8,5.5,-8.3,55.8,-16.7,101.123,35.79,0,1,0,1,2,NONE,224,1289,0.995238664844,19.9223492591,1.82439095779,0.00476133515624
2026-05-27T23:33:21.237,694187,0.87,-0.29,-0.11,-6.3,9.0,8.9,-8.0,56.0,-18.3,101.124,35.79,0,1,0,1,2,NONE,245,1362,0.923634126697,14.1385996478,1.46969384567,0.0763658733026
2026-05-27T23:33:21.285,694236,0.93,-0.29,-0.11,-1.2,13.1,10.9,-7.7,55.4,-17.8,101.126,35.8,0,1,0,1,2,NONE,55,372,0.980357077804,17.0839105594,1.22448979592,0.0196429221962
2026-05-27T23:33:21.334,694287,0.88,-0.37,-0.07,-8.2,16.1,11.1,-7.5,54.9,-18.3,101.121,35.79,0,1,0,1,2,NONE,52,359,0.957183368013,21.2051880444,2.00920603254,0.0428166319874
2026-05-27T23:33:21.393,694339,0.86,-0.31,-0.08,-16.2,22.7,22.7,-6.9,54.7,-18.8,101.121,35.79,0,1,0,1,2,NONE,182,891,0.917660067781,35.9585872915,1.23137004566,0.0823399322189
2026-05-27T23:33:21.441,694385,0.91,-0.24,-0.1,3.8,21.5,27.8,-6.0,54.1,-17.2,101.122,35.8,0,1,0,1,2,NONE,50,307,0.946414285606,35.3486916307,1.91994801442,0.0535857143935
2026-05-27T23:33:21.493,694437,0.95,-0.2,-0.15,7.6,22.2,30.3,-4.8,53.5,-18.7,101.123,35.8,0,1,0,0,1,NONE,86,540,0.982344135219,38.3234914902,1.45189123755,0.0176558647806
2026-05-27T23:33:21.537,694485,1.06,-0.39,-0.31,2.5,34.4,21.6,-4.3,53.4,-17.5,101.124,35.79,0,1,0,0,1,NONE,140,1016,1.17123866056,40.6960686062,5.65961571134,0.171238660564
2026-05-27T23:33:21.588,694537,1.1,-0.17,-0.17,-13.8,26.2,23.4,-3.2,53.3,-16.4,101.121,35.8,0,1,0,0,1,NONE,157,955,1.12596625171,37.7417540663,5.07342536857,0.125966251714
2026-05-27T23:33:21.633,694589,0.99,-0.26,-0.21,5.2,14.5,21.1,-2.7,52.7,-16.9,101.12,35.8,0,1,0,0,1,NONE,189,986,1.04489233895,26.1247009552,2.83938905004,0.0448923389517
2026-05-27T23:33:21.690,694637,1.01,-0.09,-0.31,5.7,9.0,19.7,-2.2,52.6,-17.7,101.124,35.8,0,1,0,1,2,NONE,162,794,1.06033013727,22.3959817825,4.130047417,0.0603301372686
2026-05-27T23:33:21.739,694685,0.86,-0.05,-0.26,30.5,1.5,16.7,-1.0,52.3,-18.2,101.121,35.8,0,1,0,1,2,NONE,118,730,0.899833317898,34.8050283723,3.39781383965,0.100166682102
2026-05-27T23:33:21.793,694737,0.87,-0.08,-0.25,18.0,2.4,7.0,-0.5,52.6,-15.9,101.12,35.8,0,1,0,0,1,NONE,97,529,0.908735385027,19.4617573718,0.637812459684,0.0912646149731
2026-05-27T23:33:21.841,694785,1.02,-0.09,-0.26,0.8,12.6,-1.3,-1.1,52.8,-16.3,101.123,35.79,0,1,0,0,1,NONE,61,400,1.05645634079,12.6921235418,3.13885816111,0.0564563407922
2026-05-27T23:33:21.890,694837,0.9,-0.07,-0.29,-0.3,4.3,-0.9,-0.8,52.9,-16.1,101.121,35.8,0,1,0,0,1,NONE,56,363,0.948156105291,4.40340777126,2.4096084781,0.0518438947093
2026-05-27T23:33:21.942,694887,0.94,-0.06,-0.23,-4.2,3.7,3.4,-0.9,52.7,-16.1,101.122,35.8,0,1,0,0,1,NONE,58,375,0.969587541174,6.54904573201,1.45602197786,0.0304124588259
2026-05-27T23:33:21.990,694935,0.92,-0.03,-0.26,-7.0,6.7,0.9,-1.0,52.9,-15.8,101.123,35.8,0,1,0,0,1,NONE,84,734,0.95650405122,9.73139250056,0.977169949963,0.0434959487801
2026-05-27T23:33:22.045,694987,0.89,-0.05,-0.25,-5.8,2.7,-2.0,-1.1,52.9,-15.7,101.124,35.8,0,1,0,0,1,NONE,216,1436,0.925796953981,6.70298440995,0.719549497457,0.0742030460193
2026-05-27T23:33:22.086,695039,0.92,-0.07,-0.22,-11.0,9.0,-8.0,-1.9,52.9,-17.0,101.124,35.8,0,1,0,0,1,NONE,150,770,0.948525170989,16.3095064303,0.902003030735,0.0514748290108
2026-05-27T23:33:22.129,695085,0.97,-0.13,-0.22,-8.2,-0.1,-9.8,-1.5,52.6,-15.3,101.121,35.8,0,1,0,0,1,NONE,146,853,1.00309520984,12.7784975643,1.69788036433,0.00309520983803
2026-05-27T23:33:22.182,695137,0.92,-0.14,-0.17,-14.3,0.8,-12.5,-2.0,52.5,-16.7,101.123,35.8,0,1,0,1,2,NONE,74,491,0.945991543303,19.0099973698,1.37335162087,0.0540084566974
2026-05-27T23:33:22.230,695185,0.8,-0.23,-0.12,-43.7,0.1,-17.3,-2.1,53.1,-16.4,101.123,35.8,0,1,0,1,2,NONE,74,378,0.841011296,46.9998936169,3.29403922934,0.158988704
2026-05-27T23:33:22.292,695237,1.15,-0.04,-0.69,-13.4,37.2,-5.9,-2.4,53.0,-18.3,101.122,35.81,0,1,0,0,1,NONE,168,881,1.34171532003,39.9776187385,13.3719546663,0.341715320029
2026-05-27T23:33:22.344,695289,1.05,-0.53,-0.3,-12.5,-1.5,-3.5,-2.0,52.5,-17.9,101.124,35.8,0,1,0,0,1,NONE,263,1498,1.21383689184,13.0671343454,12.196007689,0.213836891843
2026-05-27T23:33:22.388,695334,0.99,-0.13,-0.3,-31.6,0.8,-2.9,-2.0,52.5,-17.9,101.124,35.8,0,1,0,1,2,NONE,177,919,1.04259292152,31.7428732159,8.9883326294,0.0425929215183
2026-05-27T23:33:22.434,695385,0.96,-0.3,-0.29,-16.7,-6.4,-7.4,-2.9,51.2,-20.1,101.121,35.8,0,1,0,1,2,NONE,99,571,1.04675689632,19.3548443548,3.39051303251,0.0467568963231
2026-05-27T23:33:22.486,695437,0.84,-0.32,-0.28,-18.1,-8.4,-11.8,-3.8,50.7,-20.5,101.122,35.79,0,1,0,0,1,NONE,63,510,0.941488183675,23.1821051676,2.34741454149,0.0585118163248
2026-05-27T23:33:22.534,695487,0.84,-0.3,-0.23,-7.8,-7.3,-3.2,-4.2,50.7,-20.3,101.123,35.8,0,1,0,0,1,NONE,107,762,0.921140597303,11.1521298414,1.07703296143,0.0788594026969
2026-05-27T23:33:22.594,695535,0.87,-0.26,-0.26,-5.7,-3.6,-3.0,-4.4,49.8,-21.6,101.12,35.79,0,1,0,1,2,NONE,102,609,0.944510455209,7.37902432575,1.21478164476,0.0554895447905
2026-05-27T23:33:22.646,695587,0.92,-0.34,-0.21,-9.9,-3.7,2.1,-4.4,50.7,-22.2,101.123,35.8,0,1,0,1,2,NONE,121,718,1.00304536288,10.775435026,2.05328427924,0.00304536288246
2026-05-27T23:33:22.696,695639,0.87,-0.3,-0.2,-2.6,-1.0,1.5,-4.1,50.4,-21.9,101.123,35.8,0,1,0,0,1,NONE,125,642,0.941753683295,3.16385840391,1.24629628816,0.0582463167048
2026-05-27T23:33:22.740,695685,0.89,-0.36,-0.15,-12.6,-1.6,3.8,-4.7,49.9,-22.2,101.12,35.8,0,1,0,0,1,NONE,95,539,0.97169954204,13.2574507353,1.75266472789,0.0283004579604
2026-05-27T23:33:22.789,695737,0.88,-0.27,-0.13,-10.6,0.7,6.0,-4.2,50.0,-22.8,101.119,35.8,0,1,0,1,2,NONE,155,876,0.929623579735,12.2004098292,1.78338817221,0.0703764202646
2026-05-27T23:33:22.840,695785,0.86,-0.3,-0.06,-1.2,7.9,13.2,-4.4,49.5,-21.1,101.119,35.8,0,1,0,1,2,NONE,89,540,0.91279789658,15.4301652616,1.64041830709,0.0872021034205
2026-05-27T23:33:22.884,695837,0.9,-0.24,-0.26,-1.2,17.9,14.2,-3.1,49.3,-22.7,101.12,35.8,0,1,0,1,2,NONE,83,393,0.967057392299,22.879903846,4.08851762028,0.0329426077011
2026-05-27T23:33:22.944,695889,0.87,-0.36,-0.14,3.1,0.6,17.5,-2.5,48.3,-22.6,101.122,35.81,0,1,0,1,2,NONE,99,578,0.951892851113,17.7825757414,3.31417075762,0.048107148887
2026-05-27T23:33:22.981,695937,0.91,-0.26,-0.14,5.4,6.8,21.2,-3.3,48.8,-22.4,101.122,35.8,0,1,0,1,2,NONE,72,496,0.956713123146,22.9093867225,2.24381866964,0.0432868768539
2026-05-27T23:33:23.028,695985,0.91,-0.28,-0.17,13.1,1.3,23.4,-2.8,48.0,-22.7,101.117,35.8,0,1,0,1,2,NONE,88,547,0.96716079325,26.8488361014,0.751156515722,0.03283920675
2026-05-27T23:33:23.092,696037,1.0,-0.29,-0.43,20.0,14.6,16.8,-2.2,48.4,-22.9,101.125,35.8,0,1,0,0,1,NONE,72,387,1.12649900133,29.9232351192,5.29457688382,0.126499001331
2026-05-27T23:33:23.140,696087,1.08,-0.13,-0.12,-11.8,11.5,13.2,-1.4,48.2,-21.3,101.127,35.8,0,1,0,0,1,NONE,43,274,1.09439480993,21.1123186789,7.15821206727,0.0943948099292
2026-05-27T23:33:23.191,696135,0.95,-0.11,-0.34,23.2,10.7,9.5,-1.2,48.5,-22.2,101.122,35.8,0,1,0,0,1,NONE,46,258,1.01498768465,27.257659474,5.34000234082,0.0149876846544
2026-05-27T23:33:23.243,696187,0.85,-0.03,-0.19,46.4,16.0,11.8,-0.8,49.4,-20.9,101.126,35.8,0,1,0,0,1,NONE,44,211,0.871492971859,50.4796988898,3.79290056218,0.128507028141
2026-05-27T23:33:23.284,696239,0.89,-0.2,-0.05,-0.6,20.9,1.3,-1.2,49.4,-20.9,101.121,35.8,0,1,0,0,1,NONE,42,181,0.913564447644,20.9489856556,4.30442870877,0.0864355523555
2026-05-27T23:33:23.328,696285,0.98,0.03,-0.4,7.4,30.4,1.6,-0.4,49.4,-20.4,101.124,35.8,0,1,0,0,1,NONE,42,195,1.05891453857,31.3285811999,9.31236956113,0.0589145385724
2026-05-27T23:33:23.393,696337,0.98,-0.08,-0.14,23.9,16.7,2.3,0.4,49.6,-20.7,101.126,35.8,0,1,0,0,1,NONE,45,215,0.993176721435,29.2470511334,5.4290746975,0.00682327856519
2026-05-27T23:33:23.439,696385,0.92,-0.11,-0.22,-1.6,24.4,-4.3,-0.2,50.4,-19.5,101.124,35.8,0,1,0,0,1,NONE,46,254,0.952312973764,24.8276056034,2.17506385602,0.0476870262356
2026-05-27T23:33:23.487,696437,0.94,-0.26,-0.16,-11.4,22.3,-7.8,0.5,49.8,-20.4,101.126,35.8,0,1,0,0,1,NONE,40,204,0.988331928048,26.23146965,3.13054242233,0.0116680719515
2026-05-27T23:33:23.544,696488,0.84,-0.24,-0.28,-28.2,20.6,-18.5,0.3,50.3,-19.9,101.123,35.79,0,1,0,0,1,NONE,35,191,0.917387595294,39.5202479749,3.0878462251,0.0826124047056
2026-05-27T23:33:23.583,696537,0.83,-0.24,-0.15,-34.5,11.2,-17.0,0.1,49.3,-20.1,101.122,35.8,0,1,0,0,1,NONE,93,205,0.876926450736,40.0585821017,2.6608989409,0.123073549264
2026-05-27T23:33:23.631,696585,1.17,0.08,-0.82,26.1,55.2,-9.5,0.8,49.6,-20.8,101.122,35.8,0,1,0,0,1,NONE,69,201,1.43097868607,61.7940126549,17.013321986,0.430978686075
2026-05-27T23:33:23.683,696637,1.14,-0.6,-0.45,-11.0,9.0,-3.7,0.7,50.3,-19.9,101.12,35.8,0,1,0,0,1,NONE,75,306,1.36458784987,14.6863882558,14.8985722679,0.364587849865
2026-05-27T23:33:23.727,696687,0.97,-0.07,-0.49,-5.0,1.8,-2.6,0.5,49.9,-19.7,101.123,35.8,0,1,0,0,1,NONE,41,205,1.08899035808,5.9160797831,11.1606451426,0.088990358084
2026-05-27T23:33:23.776,696735,0.9,-0.33,-0.4,-9.3,-8.3,-4.5,0.7,49.4,-20.4,101.124,35.8,0,1,0,0,1,NONE,44,179,1.03870111197,13.252546925,5.91461231941,0.0387011119663
2026-05-27T23:33:23.840,696787,0.85,-0.28,-0.38,3.9,-11.3,-8.0,0.1,49.1,-20.8,101.123,35.8,0,1,0,0,1,NONE,35,166,0.972265395867,14.3840189099,1.4131671593,0.0277346041332
2026-05-27T23:33:23.890,696839,0.83,-0.34,-0.37,-8.2,-14.2,-6.1,-0.8,49.0,-20.2,101.125,35.8,0,1,0,0,1,NONE,44,277,0.970257697728,17.4954279742,1.23137004566,0.0297423022722
2026-05-27T23:33:23.944,696885,0.84,-0.3,-0.36,-10.4,-12.6,-4.8,-1.2,49.5,-22.0,101.122,35.8,0,1,0,0,1,NONE,71,532,0.961873172513,17.028211885,0.922313192852,0.0381268274871
2026-05-27T23:33:23.988,696937,0.82,-0.24,-0.33,-3.2,-12.0,-2.4,-1.6,48.6,-22.6,101.12,35.8,0,1,0,0,1,NONE,86,598,0.915914843203,12.6491106407,1.34615384615,0.0840851567968
2026-05-27T23:33:24.032,696985,0.86,-0.38,-0.3,-16.6,-2.0,1.3,-2.2,48.9,-22.0,101.12,35.8,0,1,0,0,1,NONE,60,385,0.986914383318,16.7705098312,3.09709765569,0.013085616682
2026-05-27T23:33:24.083,697037,0.86,-0.25,-0.34,-0.9,-5.9,4.9,-2.2,48.9,-23.4,101.126,35.8,0,1,0,0,1,NONE,46,276,0.957966596495,7.72204636091,2.61566740553,0.0420334035051
2026-05-27T23:33:24.144,697088,0.85,-0.33,-0.27,-8.7,-6.0,8.7,-2.3,48.3,-22.3,101.119,35.8,0,1,0,0,1,NONE,52,231,0.950946896519,13.6886814559,2.0935447553,0.0490531034805
2026-05-27T23:33:24.191,697137,0.88,-0.32,-0.23,-8.5,-5.0,12.3,-2.3,48.2,-22.9,101.118,35.8,0,1,0,0,1,NONE,33,192,0.964209520799,15.7651514423,1.04061622726,0.0357904792007
2026-05-27T23:33:24.241,697185,0.88,-0.27,-0.22,-1.0,-5.2,18.6,-2.2,47.6,-23.3,101.122,35.8,0,1,0,0,1,NONE,56,427,0.946414285606,19.3390796058,1.062295732,0.0535857143935
2026-05-27T23:33:24.287,697237,0.87,-0.18,-0.16,0.9,-14.6,23.2,-1.9,47.4,-24.3,101.123,35.8,0,1,0,0,1,NONE,94,665,0.902718117687,27.4264470904,2.08899624831,0.0972818823132
2026-05-27T23:33:24.340,697287,0.94,-0.19,-0.08,17.0,-8.2,29.2,-2.0,46.8,-23.6,101.121,35.8,0,1,0,0,1,NONE,52,301,0.962340895941,34.7689516667,2.13541565041,0.0376591040593
2026-05-27T23:33:24.384,697335,1.04,-0.22,-0.35,25.9,-4.0,22.0,-1.6,46.9,-24.0,101.125,35.8,0,1,0,0,1,NONE,81,583,1.11915146428,34.2171009877,6.03088117755,0.11915146428
2026-05-27T23:33:24.441,697387,0.88,-0.1,-0.25,13.5,-14.2,10.7,-1.9,46.9,-24.0,101.124,35.8,0,1,0,0,1,NONE,64,328,0.920271699011,22.3244260844,4.30013072596,0.0797283009893
2026-05-27T23:33:24.483,697439,1.03,-0.25,-0.19,10.2,10.5,6.2,-2.6,47.2,-22.5,101.124,35.8,0,1,0,1,2,NONE,38,239,1.07680081724,15.8974840777,4.23950147789,0.0768008172359
2026-05-27T23:33:24.539,697485,0.87,-0.07,-0.39,28.6,18.6,11.5,-1.8,47.1,-23.1,101.121,35.79,0,1,0,1,2,NONE,73,491,0.955981171363,36.0023610337,6.80542427935,0.0440188286373
2026-05-27T23:33:24.591,697537,0.71,-0.07,-0.17,40.8,10.6,6.9,-2.0,48.2,-23.4,101.125,35.8,0,1,0,1,2,NONE,92,488,0.733416661932,42.715453878,5.23133481105,0.266583338068
2026-05-27T23:33:24.640,697585,1.1,-0.18,-0.12,1.6,55.4,3.2,-1.7,48.5,-22.3,101.125,35.8,0,1,0,1,2,NONE,75,377,1.12107091658,55.5154032679,8.50602319275,0.121070916579
2026-05-27T23:33:24.690,697637,0.95,-0.09,-0.28,2.1,17.0,2.3,-0.3,48.4,-21.3,101.123,35.81,0,1,0,0,1,NONE,93,335,0.994484791236,17.2829395648,4.55894984274,0.00551520876385
2026-05-27T23:33:24.741,697686,1.0,-0.19,-0.09,-16.4,27.2,-2.9,0.1,48.4,-19.8,101.126,35.8,0,1,0,0,1,NONE,72,484,1.02186104731,31.8937297913,4.49906279287,0.0218610473054
2026-05-27T23:33:24.787,697735,1.1,-0.23,-0.1,-41.1,10.0,-14.2,0.7,47.5,-20.8,101.12,35.8,0,1,0,1,2,NONE,166,1142,1.12822870022,44.6189421659,2.20748037273,0.12822870022
2026-05-27T23:33:24.835,697787,1.08,-0.01,-0.16,-39.6,-3.2,-20.3,0.3,47.9,-20.5,101.121,35.8,0,1,0,1,2,NONE,166,989,1.09183332061,44.6149078224,4.40212428548,0.0918333206126
2026-05-27T23:33:24.886,697835,1.02,0.03,-0.68,-5.2,15.4,-16.4,-0.9,47.1,-22.8,101.12,35.8,0,1,0,1,2,NONE,177,1254,1.22625445973,23.0902576859,10.937003957,0.226254459727
2026-05-27T23:33:24.942,697887,0.9,-0.38,-0.2,73.6,-45.6,0.5,-0.7,47.2,-23.7,101.12,35.79,0,1,0,1,2,NONE,65,584,0.997196068985,86.5827349995,12.3571721742,0.00280393101457
2026-05-27T23:33:24.994,697938,1.04,-0.3,-0.49,30.3,-7.4,0.2,-1.6,48.6,-21.7,101.12,35.8,0,1,0,1,2,NONE,45,279,1.1881498222,31.1911846521,6.5061411855,0.188149822203
2026-05-27T23:33:25.040,697987,0.92,-0.31,-0.34,14.1,-19.2,-7.8,-2.8,48.7,-23.4,101.124,35.8,0,1,0,1,2,NONE,84,553,1.02863987867,25.0657136344,3.92558858401,0.0286398786747
2026-05-27T23:33:25.088,698035,0.81,-0.26,-0.26,3.2,-19.1,-12.5,-3.1,49.2,-22.1,101.12,35.8,0,1,1,1,3,NONE,78,511,0.88955044826,23.04994577,3.01903682212,0.11044955174
2026-05-27T23:33:25.135,698087,0.85,-0.27,-0.27,19.0,-10.1,-8.3,-3.6,49.4,-22.6,101.124,35.8,0,1,1,1,3,NONE,42,260,0.931826164046,23.0629573125,0.815892439831,0.0681738359544
2026-05-27T23:33:25.193,698139,0.87,-0.36,-0.24,1.4,-6.1,-8.4,-4.2,49.6,-22.7,101.122,35.81,0,1,0,1,2,NONE,63,320,0.971648084442,10.4752088285,1.86449225285,0.0283519155579
2026-05-27T23:33:25.241,698185,0.87,-0.31,-0.25,-14.2,-5.5,-5.5,-4.9,50.1,-23.4,101.122,35.8,0,1,0,1,2,NONE,92,507,0.956817641978,16.1907380931,1.10848250295,0.0431823580222
2026-05-27T23:33:25.294,698239,0.94,-0.3,-0.22,-7.9,-2.0,-0.4,-4.8,49.9,-22.0,101.121,35.8,0,1,0,1,2,NONE,54,319,1.01094015649,8.15904406165,1.42243439775,0.010940156488
2026-05-27T23:33:25.328,698285,0.92,-0.31,-0.19,-12.3,-10.1,1.4,-5.1,49.2,-23.7,101.126,35.8,0,1,0,1,2,NONE,75,385,0.989242134161,15.9768582644,0.813403779733,0.0107578658387
2026-05-27T23:33:25.393,698337,0.92,-0.3,-0.17,-16.2,-7.3,3.3,-5.3,49.5,-23.8,101.121,35.8,0,1,0,1,2,NONE,57,328,0.982496819333,18.0726312417,0.430013072596,0.0175031806667
2026-05-27T23:33:25.437,698389,0.89,-0.27,-0.13,-10.2,-11.4,7.8,-5.7,48.6,-24.4,101.121,35.8,0,1,0,1,2,NONE,33,183,0.939095309327,17.1709056255,1.12133690285,0.060904690673
2026-05-27T23:33:25.492,698436,0.85,-0.28,-0.09,-9.8,-4.0,10.5,-5.7,48.0,-25.0,101.122,35.8,0,1,0,1,2,NONE,41,184,0.899444272871,14.9093930125,1.2222473716,0.100555727129
2026-05-27T23:33:25.537,698485,0.86,-0.18,-0.12,5.4,6.9,15.5,-6.1,47.2,-25.8,101.122,35.8,0,1,0,1,2,NONE,63,366,0.886791971096,17.8050554619,2.14042622076,0.113208028904
2026-05-27T23:33:25.581,698537,0.99,-0.28,-0.1,16.9,-3.6,11.5,-5.2,47.3,-25.6,101.124,35.8,0,1,0,1,2,NONE,57,346,1.03368273663,20.7562038918,3.17744454651,0.0336827366267
2026-05-27T23:33:25.629,698585,0.94,-0.3,-0.05,13.7,-2.7,11.0,-4.7,47.6,-24.5,101.12,35.8,0,1,0,1,2,NONE,46,233,0.987977732543,17.7758262818,1.53093108924,0.0120222674574
2026-05-27T23:33:25.694,698637,0.92,-0.37,-0.08,15.1,-7.3,7.6,-5.5,47.6,-24.0,101.124,35.79,0,1,0,1,2,NONE,43,107,0.994836670012,18.4135819438,1.51423228346,0.00516332998828
2026-05-27T23:33:25.742,698687,1.08,-0.38,-0.29,8.7,16.5,2.7,-5.0,47.5,-24.5,101.123,35.8,0,1,0,1,2,NONE,33,186,1.18105884697,18.8475462594,5.28393792545,0.181058846967
2026-05-27T23:33:25.788,698735,0.94,-0.09,-0.18,3.1,-1.2,21.5,-4.8,47.8,-24.9,101.121,35.8,0,1,0,0,1,NONE,58,341,0.961301201497,21.755459085,7.08945813632,0.0386987985028
2026-05-27T23:33:25.838,698787,0.83,-0.02,-0.19,65.2,8.0,18.7,-4.7,47.4,-25.5,101.122,35.8,0,1,0,0,1,NONE,57,302,0.851704173995,68.2988286869,2.5147493905,0.148295826005
2026-05-27T23:33:25.888,698839,0.87,-0.04,-0.11,54.4,11.4,11.2,-4.8,51.9,-22.8,101.123,35.8,0,1,0,1,2,NONE,92,440,0.877838253894,56.6988536039,1.76252911344,0.122161746106
2026-05-27T23:33:25.933,698887,0.97,-0.24,-0.07,18.9,44.6,-1.9,-4.8,51.9,-22.8,101.124,35.8,0,1,0,1,2,NONE,109,597,1.00169855745,48.4765922895,4.7324236215,0.00169855745129
2026-05-27T23:33:25.985,698935,0.8,-0.2,-0.35,0.2,36.3,-0.2,-3.6,51.2,-20.3,101.121,35.8,0,1,0,0,1,NONE,58,340,0.895823643358,36.3011019117,6.875,0.104176356642
2026-05-27T23:33:26.029,698987,1.12,0.04,-0.33,-27.6,61.6,-1.2,-2.6,50.7,-19.8,101.121,35.8,0,1,0,0,1,NONE,90,568,1.16828934772,67.5111842586,7.70191707481,0.168289347722
2026-05-27T23:33:26.094,699039,0.97,-0.1,-0.18,-13.9,35.9,-7.8,-1.8,49.9,-20.4,101.121,35.8,0,1,0,0,1,NONE,91,344,0.991614844584,39.2792566121,4.88779424121,0.00838515541567
2026-05-27T23:33:26.141,699087,1.12,-0.21,-0.12,-4.1,4.3,-9.6,-2.6,49.8,-20.3,101.124,35.8,0,1,0,0,1,NONE,63,350,1.14581848475,11.2898184219,4.07183755952,0.145818484752
2026-05-27T23:33:26.189,699135,0.87,-0.21,0.05,-30.3,2.1,-14.5,-2.4,50.1,-19.8,101.124,35.8,0,1,0,1,2,NONE,43,229,0.896381615162,33.6563515551,6.2984235241,0.103618384838
2026-05-27T23:33:26.242,699187,0.89,-0.21,-0.31,-38.7,-0.4,-24.1,-3.8,49.6,-20.2,101.121,35.8,0,1,0,1,2,NONE,85,251,0.965556834164,45.5923239153,6.93375245282,0.0344431658364
2026-05-27T23:33:26.294,699239,1.03,-0.37,-0.37,21.0,-20.4,-2.1,-2.3,49.5,-21.1,101.125,35.81,0,1,0,0,1,NONE,125,150,1.15529217084,29.3525126693,4.24821577584,0.155292170838
2026-05-27T23:33:26.338,699285,1.0,-0.42,-0.45,-7.0,14.7,-4.0,-2.7,50.0,-19.9,101.123,35.8,0,1,0,0,1,NONE,31,172,1.17426572802,16.7657388743,2.15206411665,0.174265728019
2026-05-27T23:33:26.395,699339,0.96,-0.33,-0.57,7.6,-4.2,-4.0,-2.7,50.4,-20.3,101.12,35.8,0,1,0,1,2,NONE,45,347,1.16421647472,9.56033472217,2.87484716597,0.164216474716
2026-05-27T23:33:26.438,699385,0.82,-0.32,-0.33,0.9,-27.8,-7.8,-3.0,50.5,-21.7,101.12,35.8,0,1,0,1,2,NONE,44,310,0.940053189984,28.8875405668,6.04410381498,0.0599468100155
2026-05-27T23:33:26.488,699437,0.8,-0.27,-0.28,-5.3,-14.0,-5.3,-3.4,50.4,-20.8,101.127,35.8,0,1,0,0,1,NONE,44,224,0.88955044826,15.8801763214,1.4131671593,0.11044955174
2026-05-27T23:33:26.532,699489,0.86,-0.35,-0.34,-12.7,-1.2,-6.0,-4.0,50.4,-21.9,101.122,35.8,0,1,0,0,1,NONE,40,195,0.988787135839,14.0971628351,2.24267380571,0.0112128641614
2026-05-27T23:33:26.592,699537,0.88,-0.27,-0.29,2.3,-4.8,1.1,-4.0,50.3,-21.3,101.122,35.8,0,1,0,1,2,NONE,51,255,0.965090669316,5.43507129668,2.00909390854,0.0349093306844
2026-05-27T23:33:26.633,699585,0.88,-0.34,-0.33,-0.1,-9.4,0.9,-5.0,49.9,-22.4,101.121,35.8,0,1,0,1,2,NONE,36,234,0.999449848667,9.44351629426,1.6796370309,0.000550151333245
2026-05-27T23:33:26.691,699637,0.84,-0.37,-0.28,-17.5,-6.5,3.9,-4.8,49.9,-22.8,101.121,35.8,0,1,0,1,2,NONE,44,290,0.959635347411,19.0711824489,1.35982073305,0.0403646525893
2026-05-27T23:33:26.741,699687,0.89,-0.29,-0.22,-16.8,-11.7,9.5,-5.1,48.4,-23.6,101.121,35.8,0,1,0,1,2,NONE,34,211,0.9615612305,22.5694483761,2.2360679775,0.0384387695004
2026-05-27T23:33:26.787,699736,0.89,-0.3,-0.21,-8.2,-6.4,12.8,-5.1,48.4,-24.1,101.126,35.8,0,1,0,1,2,NONE,39,246,0.962392851179,16.493635136,0.288615012729,0.0376071488212
2026-05-27T23:33:26.835,699787,0.91,-0.3,-0.19,-12.0,-5.4,11.0,-5.0,47.7,-22.9,101.121,35.8,0,1,0,1,2,NONE,33,205,0.97683161292,17.1510932596,0.554593553872,0.0231683870799
2026-05-27T23:33:26.897,699839,0.88,-0.26,-0.18,-8.9,-3.4,8.5,-4.9,47.7,-24.3,101.123,35.8,0,1,0,1,2,NONE,60,473,0.935093578205,12.7679285712,0.980580675691,0.0649064217951
2026-05-27T23:33:26.933,699885,0.91,-0.28,-0.13,0.4,-3.5,6.0,-5.5,47.6,-23.4,101.124,35.8,0,1,0,1,2,NONE,117,557,0.960937042683,6.95772951472,1.34009000065,0.0390629573172
2026-05-27T23:33:26.993,699937,0.87,-0.24,-0.18,15.2,2.7,9.0,-5.2,47.8,-23.2,101.12,35.8,0,1,0,1,2,NONE,49,269,0.920271699011,17.869806938,1.45189123755,0.0797283009893
2026-05-27T23:33:27.041,699985,0.95,-0.29,-0.1,17.2,-1.9,10.3,-5.6,47.9,-23.1,101.122,35.8,0,1,0,1,2,NONE,58,306,0.998298552538,20.1380237362,2.57694101601,0.00170144746173
2026-05-27T23:33:27.089,700037,0.95,-0.3,-0.09,16.8,-4.3,16.3,-5.5,47.7,-22.6,101.121,35.8,0,1,0,1,2,NONE,53,355,1.00029995501,23.7995798282,0.27196414661,0.000299955013495
2026-05-27T23:33:27.143,700089,0.98,-0.23,-0.21,27.2,2.9,16.4,-5.2,47.5,-24.1,101.122,35.8,0,1,0,1,2,NONE,104,635,1.02829956725,31.8937297913,2.73320584684,0.0282995672468
2026-05-27T23:33:27.189,700137,0.92,-0.35,-0.26,18.0,8.0,5.9,-5.5,48.3,-23.6,101.124,35.8,0,1,0,1,2,NONE,82,532,1.01808644034,20.5623442243,2.98287938818,0.018086440338
2026-05-27T23:33:27.237,700185,1.08,-0.26,-0.24,0.9,14.3,14.8,-5.2,48.5,-23.2,101.122,35.8,0,1,0,1,2,NONE,106,395,1.13648581161,20.5995145574,3.84712194013,0.136485811614
2026-05-27T23:33:27.279,700237,0.89,-0.07,-0.24,49.5,-9.1,21.1,-4.8,48.9,-22.5,101.124,35.8,0,1,0,1,2,NONE,33,198,0.924445779914,54.5735283814,5.16731878559,0.0755542200864
2026-05-27T23:33:27.337,700287,0.82,-0.03,-0.21,21.8,-1.5,8.9,-5.2,49.8,-22.7,101.122,35.8,0,1,0,1,2,NONE,48,244,0.846994687114,23.5944908824,1.72046505341,0.153005312886
2026-05-27T23:33:27.391,700336,0.87,-0.17,-0.08,20.2,16.8,4.5,-5.1,49.4,-21.3,101.121,35.8,0,1,0,0,1,NONE,208,699,0.890056178002,26.6557686064,4.03028931799,0.109943821998
2026-05-27T23:33:27.441,700387,0.99,-0.11,-0.25,-6.4,17.2,5.0,-4.5,49.9,-20.3,101.124,35.8,0,1,0,0,1,NONE,233,885,1.02698588111,19.021040981,4.24635447602,0.0269858811103
2026-05-27T23:33:27.495,700439,0.93,-0.06,-0.16,24.3,10.6,3.5,-5.1,49.3,-22.1,101.121,35.81,0,1,0,0,1,NONE,334,1276,0.945568612,26.7413537428,2.29161063227,0.0544313879998
2026-05-27T23:33:27.537,700485,0.94,-0.14,-0.17,1.2,17.5,2.1,-4.3,50.3,-20.8,101.123,35.8,0,1,0,0,1,NONE,102,434,0.965453261427,17.6663521985,1.76609530536,0.034546738573
2026-05-27T23:33:27.585,700537,0.9,-0.13,-0.16,-3.9,23.9,-2.6,-3.9,49.7,-21.0,101.124,35.79,0,1,0,0,1,NONE,166,654,0.923309265631,24.3552869004,0.815892439831,0.076690734369
2026-05-27T23:33:27.633,700585,0.94,-0.12,-0.21,-9.0,27.8,-5.5,-3.3,50.0,-20.8,101.121,35.8,0,1,0,0,1,NONE,120,538,0.970618359604,29.7336509699,1.35015431217,0.0293816403962
2026-05-27T23:33:27.693,700637,0.99,-0.14,-0.16,-10.4,22.5,-11.9,-3.0,49.7,-21.3,101.124,35.8,0,1,0,0,1,NONE,198,966,1.01257098517,27.4958178638,1.4131671593,0.012570985166
2026-05-27T23:33:27.743,700689,0.89,-0.29,-0.05,-27.8,11.1,-16.8,-3.3,50.0,-19.5,101.123,35.8,0,1,0,0,1,NONE,299,1086,0.937389993546,34.3262290384,4.06129078499,0.0626100064541
2026-05-27T23:33:27.792,700737,1.19,0.08,-0.7,-0.5,43.5,-4.0,-3.3,49.2,-21.3,101.122,35.8,0,1,0,0,1,NONE,69,355,1.38293166859,43.6863823176,16.7886163483,0.382931668594
2026-05-27T23:33:27.841,700785,0.91,-0.41,-0.29,3.3,3.7,1.6,-2.9,49.8,-21.6,101.122,35.8,0,1,0,0,1,NONE,28,208,1.03937481209,5.20960651105,14.5326500222,0.0393748120866
2026-05-27T23:33:27.888,700837,0.99,-0.01,-0.46,-5.0,12.9,2.7,-2.7,49.7,-22.1,101.12,35.8,0,1,0,0,1,NONE,32,154,1.09169592836,14.0960987511,8.49860761307,0.091695928361
2026-05-27T23:33:27.935,700887,0.92,-0.34,-0.4,-7.6,-1.5,-5.4,-3.1,49.4,-21.7,101.125,35.8,0,1,0,0,1,NONE,36,248,1.05924501415,9.44298681562,6.8527366796,0.0592450141492
2026-05-27T23:33:27.983,700935,0.87,-0.28,-0.33,-4.7,-5.2,-6.6,-3.4,49.2,-21.6,101.12,35.8,0,1,0,0,1,NONE,48,292,0.97169954204,9.6275645934,2.18501843369,0.0283004579604
2026-05-27T23:33:28.034,700987,0.9,-0.26,-0.28,-1.4,-1.8,-4.2,-3.4,49.0,-21.3,101.118,35.8,0,1,0,0,1,NONE,48,269,0.977752524926,4.77912125814,1.18546423134,0.0222474750736
2026-05-27T23:33:28.094,701039,0.82,-0.28,-0.36,3.9,-6.5,-2.1,-3.6,49.1,-21.4,101.122,35.8,0,1,0,0,1,NONE,31,188,0.938296328459,7.86574853399,2.20944717175,0.0617036715408
2026-05-27T23:33:28.139,701085,0.85,-0.37,-0.32,-10.4,4.5,-2.3,-4.1,48.7,-21.5,101.119,35.8,0,1,0,0,1,NONE,32,177,0.980714025596,11.5628716156,2.23818046543,0.0192859744044
2026-05-27T23:33:28.192,701137,0.87,-0.34,-0.36,-19.1,-2.9,-0.7,-3.9,48.8,-23.0,101.123,35.8,0,1,0,0,1,NONE,27,134,1.00104944933,19.3315803803,1.03560861676,0.00104944932805
2026-05-27T23:33:28.240,701185,0.89,-0.29,-0.28,-6.4,-1.6,3.1,-4.4,47.5,-23.1,101.124,35.8,0,1,0,0,1,NONE,22,123,0.977036335046,7.28903285766,2.00909390854,0.0229636649541
2026-05-27T23:33:28.290,701237,0.89,-0.26,-0.28,-8.4,1.2,0.9,-4.4,47.9,-23.7,101.12,35.8,0,1,0,0,1,NONE,30,173,0.968555625661,8.532877592,0.576923076923,0.0314443743388
2026-05-27T23:33:28.338,701288,0.88,-0.28,-0.26,7.6,-3.2,1.0,-4.3,47.5,-24.4,101.122,35.8,0,1,0,0,1,NONE,45,188,0.959374796417,8.30662386292,0.588235294118,0.0406252035831
2026-05-27T23:33:28.382,701337,0.87,-0.34,-0.27,-6.7,-0.5,-1.2,-4.9,47.2,-23.1,101.123,35.8,0,1,0,0,1,NONE,34,212,0.972316820795,6.8249542123,1.25804367408,0.0276831792055
2026-05-27T23:33:28.438,701385,0.86,-0.37,-0.23,-8.6,1.9,5.8,-4.7,46.9,-24.1,101.123,35.8,0,1,0,0,1,NONE,36,181,0.9640539404,10.5456152025,1.062295732,0.0359460596004
2026-05-27T23:33:28.492,701437,0.88,-0.34,-0.25,-16.2,-0.1,9.7,-4.5,46.6,-23.1,101.126,35.8,0,1,0,0,1,NONE,40,221,0.975961064797,18.8822668131,0.792904928003,0.0240389352028
2026-05-27T23:33:28.541,701487,0.88,-0.28,-0.17,1.4,-2.5,16.2,-4.9,46.1,-24.9,101.119,35.8,0,1,0,0,1,NONE,29,211,0.938988817825,16.4514437056,2,0.0610111821752
2026-05-27T23:33:28.589,701536,0.91,-0.27,-0.15,11.7,-6.2,27.1,-4.7,45.8,-25.2,101.123,35.8,0,1,0,0,1,NONE,34,221,0.960989073819,30.1618964921,0.763603548321,0.0390109261807
2026-05-27T23:33:28.641,701587,1.27,-0.48,-0.34,42.7,6.0,31.5,-4.2,45.7,-23.8,101.121,35.8,0,1,0,0,1,NONE,33,216,1.39960708772,53.3998127338,8.98116273772,0.399607087721
2026-05-27T23:33:28.689,701639,0.82,-0.03,-0.23,-11.4,-22.7,24.2,-3.5,45.7,-24.4,101.123,35.8,0,1,0,0,1,NONE,37,188,0.852173691216,35.0840419564,12.4198614557,0.147826308784
2026-05-27T23:33:28.737,701685,0.74,0.0,-0.21,41.1,6.0,16.2,-4.1,45.8,-24.7,101.122,35.8,0,1,0,0,1,NONE,35,209,0.769220384545,44.583068535,1.90760095378,0.230779615455
2026-05-27T23:33:28.794,701739,0.96,-0.08,-0.25,6.6,18.7,4.8,-3.7,46.5,-24.0,101.124,35.81,0,1,0,0,1,NONE,71,369,0.995238664844,20.4031860257,4.39790447668,0.00476133515624
2026-05-27T23:33:28.832,701785,0.93,-0.08,-0.2,-5.6,22.9,0.2,-3.9,46.9,-24.3,101.124,35.8,0,1,0,0,1,NONE,56,305,0.954620343383,23.5756230034,1.26759823801,0.0453796566174
2026-05-27T23:33:28.892,701837,0.93,-0.05,-0.26,16.1,21.8,3.9,-3.4,46.4,-23.4,101.121,35.8,0,1,0,0,1,NONE,63,400,0.966953980291,27.3799196493,1.29003921779,0.0330460197093
2026-05-27T23:33:28.944,701889,0.95,-0.13,-0.2,14.9,18.5,-0.2,-2.8,46.3,-22.0,101.126,35.8,0,1,0,0,1,NONE,63,353,0.979489663039,23.7549994738,1.96116135138,0.0205103369611
2026-05-27T23:33:28.992,701937,0.92,-0.12,-0.22,-7.8,25.1,-2.7,-2.5,47.5,-22.6,101.122,35.8,0,1,0,0,1,NONE,61,353,0.953519795285,26.4223390335,0.779511955578,0.0464802047152
2026-05-27T23:33:29.043,701985,0.95,-0.09,-0.19,4.4,17.1,-6.8,-2.3,46.9,-21.4,101.121,35.8,0,1,0,0,1,NONE,46,210,0.972985097522,18.9211521848,1.08253175473,0.0270149024779
2026-05-27T23:33:29.093,702037,0.94,-0.12,-0.21,3.8,16.2,-10.9,-1.9,47.7,-21.7,101.123,35.8,0,1,0,0,1,NONE,79,405,0.970618359604,19.8919581741,0.719549497457,0.0293816403962
2026-05-27T23:33:29.132,702087,0.88,-0.24,-0.17,-20.0,6.5,-17.2,-2.4,47.1,-22.5,101.123,35.8,0,1,0,0,1,NONE,73,458,0.927846970141,27.1678118368,2.8,0.0721530298589
2026-05-27T23:33:29.183,702136,0.98,-0.16,-0.34,-29.8,28.0,-16.0,-3.1,47.6,-23.5,101.123,35.8,0,1,0,0,1,NONE,97,575,1.04957134107,43.9094522854,4.34363197016,0.0495713410722
2026-05-27T23:33:29.239,702187,1.06,-0.41,-0.52,-7.5,-8.5,1.4,-1.9,47.1,-22.3,101.118,35.8,0,1,0,0,1,NONE,34,229,1.24983998976,11.4219087722,6.24071782856,0.249839989759
2026-05-27T23:33:29.294,702239,1.03,-0.16,-0.46,-1.7,-1.3,7.6,-1.9,46.5,-22.5,101.124,35.8,0,1,0,0,1,NONE,134,677,1.13934191532,7.89556837726,4.97776119444,0.139341915318
2026-05-27T23:33:29.340,702285,0.95,-0.28,-0.43,26.5,-8.9,0.6,-2.5,46.4,-22.1,101.124,35.8,0,1,0,0,1,NONE,113,717,1.07972218649,27.9610443296,3.20237388319,0.0797221864906
2026-05-27T23:33:29.389,702337,0.86,-0.4,-0.38,-11.2,-8.2,-8.4,-2.2,46.6,-22.5,101.125,35.8,0,0,0,0,0,NONE,77,400,1.02176318196,16.2246725699,3.04065159632,0.0217631819556
2026-05-27T23:33:29.436,702386,0.82,-0.26,-0.34,3.2,-11.0,-2.6,-2.2,46.6,-22.5,101.124,35.8,0,0,0,0,0,NONE,70,399,0.924986486388,11.7473401245,3.08156507562,0.0750135136122
2026-05-27T23:33:29.484,702437,0.85,-0.28,-0.38,-0.4,-8.6,-2.5,-4.4,46.9,-23.6,101.125,35.8,0,1,0,0,1,NONE,68,348,0.972265395867,8.96493167849,1.05591466807,0.0277346041332
2026-05-27T23:33:29.536,702489,0.84,-0.29,-0.34,-0.2,-7.6,-2.4,-4.6,46.8,-22.8,101.123,35.8,0,1,0,0,1,NONE,37,222,0.951472542956,7.9724525712,0.815892439831,0.0485274570436
2026-05-27T23:33:29.584,702537,0.86,-0.32,-0.34,-10.2,-4.6,-3.2,-4.7,47.1,-23.8,101.124,35.8,0,1,0,0,1,NONE,67,503,0.978570385818,11.6378692208,0.751156515722,0.021429614182
2026-05-27T23:33:29.640,702585,0.89,-0.33,-0.31,-18.2,-3.1,-0.7,-5.0,45.6,-23.8,101.124,35.8,0,1,0,0,1,NONE,93,694,0.998548947223,18.4753890351,0.908103946571,0.00145105277708
2026-05-27T23:33:29.693,702637,0.87,-0.3,-0.28,-10.3,-5.3,2.7,-4.7,45.5,-25.0,101.12,35.8,0,1,0,0,1,NONE,68,381,0.961925153013,11.8941161925,0.902003030735,0.0380748469865
2026-05-27T23:33:29.741,702687,0.85,-0.37,-0.24,-18.7,1.5,3.7,-5.2,44.7,-24.2,101.126,35.8,0,1,0,0,1,NONE,37,234,0.95760116959,19.1214539196,1.66132477258,0.0423988304101
2026-05-27T23:33:29.786,702735,0.89,-0.3,-0.21,-14.7,-0.1,5.6,-5.4,44.4,-24.9,101.124,35.81,0,0,0,0,0,NONE,41,234,0.962392851179,15.7308613877,1.7921510973,0.0376071488212
2026-05-27T23:33:29.834,702787,0.92,-0.25,-0.29,-25.1,-6.8,3.6,-5.3,44.7,-25.7,101.123,35.8,0,0,0,0,0,NONE,44,276,0.996493853468,26.2528093735,1.90374902627,0.00350614653175
2026-05-27T23:33:29.887,702839,0.88,-0.34,-0.13,2.1,-10.6,12.4,-5.7,44.2,-26.8,101.123,35.8,0,1,0,0,1,NONE,34,214,0.952312973764,16.447796205,3.6131335054,0.0476870262356
2026-05-27T23:33:29.935,702885,0.89,-0.27,-0.21,4.8,-8.1,19.7,-5.4,43.6,-26.0,101.12,35.8,0,1,0,0,1,NONE,24,143,0.953467356547,21.8343765654,2.32110396783,0.0465326434534
2026-05-27T23:33:29.995,702937,0.89,-0.31,-0.13,16.2,-5.3,22.1,-6.3,43.3,-25.5,101.124,35.8,0,1,0,0,1,NONE,36,143,0.951367436903,27.9094965917,1.72005229038,0.0486325630967
2026-05-27T23:33:30.035,702985,1.04,-0.37,-0.19,7.0,6.4,25.9,-5.8,43.1,-26.9,101.121,35.8,0,1,0,0,1,NONE,36,177,1.12008928216,27.5820593865,3.59035165409,0.120089282156
2026-05-27T23:33:30.089,703037,0.93,-0.33,-0.3,-26.9,10.9,25.8,-4.7,42.3,-27.4,101.123,35.8,0,1,0,0,1,NONE,25,149,1.03140680626,38.8337482095,3.08891892389,0.0314068062603
2026-05-27T23:33:30.137,703089,0.99,-0.1,-0.16,-5.4,4.7,33.0,-4.7,41.9,-26.3,101.121,35.79,0,1,0,0,1,NONE,27,131,1.00781942827,33.7675880098,5.30504393236,0.00781942827076
2026-05-27T23:33:30.189,703137,0.89,0.01,-0.3,17.8,8.4,26.9,-4.3,41.5,-26.5,101.123,35.8,0,1,0,0,1,NONE,27,156,0.939255023942,33.3318166322,4.25428705347,0.0607449760582
2026-05-27T23:33:30.244,703189,0.85,0.04,-0.21,32.3,1.5,13.7,-4.2,41.9,-25.4,101.122,35.8,0,1,0,0,1,NONE,58,290,0.876470193446,35.1173746171,1.97992887327,0.123529806554
2026-05-27T23:33:30.290,703235,0.86,-0.03,-0.12,25.6,12.0,-2.5,-3.7,42.8,-26.7,101.121,35.8,0,1,0,0,1,NONE,45,233,0.86884981441,28.38326972,2.48815720484,0.13115018559
2026-05-27T23:33:30.337,703287,1.03,-0.09,-0.21,6.6,21.7,-3.4,-4.0,43.6,-25.4,101.122,35.8,0,1,0,0,1,NONE,26,154,1.05503554442,22.9349078917,3.87489263069,0.0550355444249
2026-05-27T23:33:30.390,703336,0.94,-0.05,-0.21,13.5,15.1,-2.0,-3.6,43.6,-27.2,101.126,35.81,0,0,0,0,0,NONE,29,122,0.964468765694,20.353378098,2.00997097996,0.0355312343056
2026-05-27T23:33:30.441,703387,0.93,-0.05,-0.15,11.8,17.8,-2.9,-3.8,43.7,-26.0,101.123,35.8,0,0,0,0,0,NONE,18,99,0.943345111823,21.5520300668,1.19269853535,0.0566548881772
2026-05-27T23:33:30.490,703439,0.91,-0.12,-0.13,6.0,24.0,-8.9,-2.9,44.7,-24.5,101.124,35.8,0,0,0,0,0,NONE,54,362,0.927038294786,26.290872941,1.45189123755,0.0729617052139
2026-05-27T23:33:30.540,703485,1.0,-0.11,-0.18,0.4,14.9,-15.5,-3.3,44.4,-24.5,101.125,35.8,0,0,0,0,0,NONE,64,389,1.02200782776,21.5039531249,2.24871313756,0.0220078277587
2026-05-27T23:33:30.590,703537,0.96,-0.22,-0.04,-3.2,-1.7,-18.6,-3.5,43.6,-25.6,101.122,35.8,0,1,0,0,1,NONE,47,321,0.985697722428,18.9496701818,3.50928607517,0.0143022775719
2026-05-27T23:33:30.631,703585,1.1,0.0,-0.36,10.1,9.9,-17.5,-3.9,45.2,-24.8,101.121,35.8,0,1,0,0,1,NONE,55,324,1.1574109037,22.5004444401,8.59990310023,0.157410903698
2026-05-27T23:33:30.690,703637,1.04,-0.33,-0.32,16.5,-6.5,-4.0,-4.2,45.4,-25.0,101.128,35.8,0,0,0,0,0,NONE,72,424,1.13705760628,18.1796589627,6.4959022131,0.13705760628
2026-05-27T23:33:30.727,703687,0.99,-0.17,-0.43,-10.0,8.1,-2.0,-4.4,45.9,-25.2,101.123,35.8,0,0,0,0,0,NONE,52,331,1.09265731133,13.0234404057,4.00998753115,0.0926573113287
2026-05-27T23:33:30.790,703735,0.95,-0.15,-0.39,16.5,-4.0,1.3,-4.5,45.6,-25.0,101.121,35.8,0,1,0,0,1,NONE,53,309,1.0378342835,17.0276246141,1.25,0.0378342834962
2026-05-27T23:33:30.839,703787,0.92,-0.31,-0.38,-4.8,1.3,-7.9,-4.5,45.4,-24.5,101.121,35.8,0,1,0,0,1,NONE,52,290,1.04254496306,9.33488082409,3.13644354429,0.0425449630591
2026-05-27T23:33:30.895,703839,0.83,-0.2,-0.32,3.0,-7.9,-5.6,-5.6,45.8,-24.6,101.123,35.79,0,0,0,0,0,NONE,30,153,0.911756546453,10.1375539456,2.96677858087,0.0882434535469
2026-05-27T23:33:30.937,703885,0.89,-0.25,-0.31,-1.0,-3.6,-7.3,-5.5,45.7,-24.8,101.124,35.8,0,0,0,0,0,NONE,53,280,0.97503846078,8.20060973343,1.71174084218,0.0249615392201
2026-05-27T23:33:30.991,703937,0.92,-0.28,-0.29,-2.4,-6.3,-4.5,-5.4,45.9,-24.6,101.125,35.8,0,1,0,0,1,NONE,167,721,1.00444014257,8.10555365166,0.902003030735,0.00444014256699
2026-05-27T23:33:31.035,703985,0.88,-0.23,-0.3,3.0,-5.9,-4.2,-6.3,45.8,-25.8,101.124,35.8,0,1,0,0,1,NONE,40,292,0.957757798193,7.83900503891,1.35015431217,0.0422422018067
2026-05-27T23:33:31.091,704037,0.9,-0.25,-0.24,1.3,-7.0,-2.9,-6.4,45.7,-25.0,101.122,35.8,0,1,0,0,1,NONE,24,152,0.96441692229,7.68765243751,1.27562491937,0.0355830777096
2026-05-27T23:33:31.144,704089,0.87,-0.3,-0.25,1.5,-4.9,-1.8,-6.6,45.7,-24.8,101.12,35.8,0,1,0,0,1,NONE,30,180,0.953624664111,5.4313902456,1.1377076506,0.0463753358894
2026-05-27T23:33:31.192,704137,0.92,-0.23,-0.21,13.1,-2.1,1.8,-7.5,45.7,-25.7,101.12,35.8,0,0,0,0,0,NONE,30,197,0.971287804927,13.3888012906,1.97642353761,0.028712195073
2026-05-27T23:33:31.239,704188,0.9,-0.32,-0.19,6.2,-1.1,0.7,-6.7,46.1,-26.9,101.124,35.8,0,0,0,0,0,NONE,38,232,0.973909646733,6.33561362458,1.84980022197,0.0260903532668
2026-05-27T23:33:31.287,704235,0.88,-0.34,-0.16,1.8,-3.8,5.4,-7.1,45.5,-25.7,101.119,35.8,0,0,0,0,0,NONE,30,210,0.956869897112,6.84397545291,0.877256516089,0.0431301028875
2026-05-27T23:33:31.336,704289,0.91,-0.21,-0.17,19.0,2.4,9.6,-7.6,45.9,-25.8,101.122,35.8,0,0,0,0,0,NONE,28,198,0.949262871917,21.4224181642,2.47760891857,0.0507371280831
2026-05-27T23:33:31.388,704337,0.97,-0.26,-0.15,19.3,-4.5,13.1,-7.8,46.6,-24.7,101.119,35.8,0,0,0,0,0,NONE,44,211,1.01538170163,23.7560518605,1.6796370309,0.0153817016275
2026-05-27T23:33:31.436,704389,0.89,-0.23,-0.14,29.6,8.5,12.1,-7.5,46.8,-25.9,101.122,35.8,0,0,0,0,0,NONE,31,214,0.929838695689,33.0880643133,1.65429332059,0.0701613043113
2026-05-27T23:33:31.485,704436,1.07,-0.21,-0.32,28.4,10.1,17.2,-7.5,47.5,-24.0,101.121,35.8,0,0,0,0,0,NONE,39,182,1.13639781767,34.7046106447,5.43282780204,0.136397817668
2026-05-27T23:33:31.542,704488,0.9,-0.11,-0.42,32.9,7.1,14.3,-6.7,48.5,-23.4,101.124,35.8,0,0,0,0,0,NONE,30,164,0.999249718539,36.569249377,4.25256622836,0.000750281461135
2026-05-27T23:33:31.576,704535,0.84,0.05,-0.31,51.2,6.7,14.7,-7.0,48.5,-23.9,101.121,35.8,0,0,0,0,0,NONE,27,175,0.896771988858,53.6881737443,4.32391519849,0.103228011142
2026-05-27T23:33:31.644,704589,0.95,-0.07,-0.27,75.0,19.3,8.5,-6.9,50.1,-22.7,101.121,35.8,0,0,0,0,0,NONE,26,76,0.990101004948,77.9085361177,3.10426937301,0.00989899505152
2026-05-27T23:33:31.690,704635,0.99,-0.18,-0.23,41.0,10.3,-1.0,-5.9,51.5,-21.3,101.124,35.8,0,0,0,0,0,NONE,26,132,1.03218215447,42.2858132238,2.68898192975,0.0321821544669
2026-05-27T23:33:31.740,704685,1.02,-0.16,-0.24,25.3,14.6,-2.3,-6.2,52.1,-21.1,101.124,35.8,0,0,0,0,0,NONE,53,252,1.06,29.3008532299,0.748331477355,0.06
2026-05-27T23:33:31.787,704735,0.98,0.03,-0.29,33.6,5.4,-1.8,-6.1,52.6,-20.0,101.123,35.8,0,0,0,0,0,NONE,63,399,1.02244804269,34.0787323708,4.00998753115,0.0224480426897
2026-05-27T23:33:31.838,704787,0.9,-0.05,-0.22,32.5,4.5,-4.7,-6.4,53.5,-20.8,101.124,35.8,0,0,0,0,0,NONE,36,250,0.927846970141,33.1449845376,2.55848744147,0.0721530298589
2026-05-27T23:33:31.891,704835,0.91,-0.12,-0.22,19.7,7.8,-10.8,-6.7,54.4,-19.4,101.125,35.8,0,0,0,0,0,NONE,37,201,0.943874991723,23.7817156656,1.47313912747,0.056125008277
2026-05-27T23:33:31.943,704887,0.92,-0.17,-0.21,8.7,4.2,-17.1,-7.6,54.4,-17.8,101.121,35.8,0,0,0,0,0,NONE,37,206,0.958853482029,19.640264764,0.99926008129,0.0411465179706
2026-05-27T23:33:31.989,704937,0.98,-0.15,-0.21,-2.7,-4.2,-22.1,-7.4,54.6,-18.4,101.123,35.8,0,0,0,0,0,NONE,42,222,1.01341008481,22.6570077459,1.26491106407,0.0134100848127
2026-05-27T23:33:32.037,704985,0.91,-0.18,-0.16,-7.9,-6.8,-22.6,-9.0,55.4,-17.8,101.121,35.8,0,0,0,0,0,NONE,45,186,0.941328847959,24.887948891,1.89800699566,0.0586711520409
2026-05-27T23:33:32.084,705037,1.06,-0.06,-0.42,18.7,4.1,-12.6,-9.3,54.9,-17.8,101.123,35.8,0,0,0,0,0,NONE,25,131,1.1417530381,22.9185514376,6.21662687509,0.141753038095
2026-05-27T23:33:32.143,705088,1.05,-0.32,-0.32,2.8,-4.6,-11.3,-10.2,55.3,-19.4,101.121,35.8,0,0,0,0,0,NONE,40,176,1.14337220536,12.517587627,5.46563131952,0.143372205364
2026-05-27T23:33:32.187,705135,0.93,-0.2,-0.38,-5.7,-3.4,-6.7,-10.3,56.1,-18.7,101.123,35.8,0,0,0,0,0,NONE,23,158,1.02435345462,9.43080060228,3.82978723404,0.0243534546239
2026-05-27T23:33:32.245,705189,0.91,-0.21,-0.34,13.5,-11.5,-4.3,-11.1,55.7,-18.4,101.12,35.81,0,0,0,0,0,NONE,29,183,0.993881280637,18.2480135905,0.848625128696,0.00611871936332
2026-05-27T23:33:32.280,705235,0.88,-0.28,-0.32,11.1,-6.9,-10.6,-11.6,56.2,-17.5,101.126,35.8,0,0,0,0,0,NONE,37,226,0.97734333783,16.8279529355,1.71174084218,0.0226566621704
2026-05-27T23:33:32.340,705285,0.88,-0.25,-0.28,8.8,-10.6,-10.9,-12.5,56.2,-18.0,101.119,35.8,0,0,0,0,0,NONE,30,216,0.956713123146,17.5672991663,1,0.0432868768539
2026-05-27T23:33:32.387,705335,0.9,-0.3,-0.29,5.4,-9.5,-7.9,-12.7,56.7,-18.2,101.121,35.8,0,0,0,0,0,NONE,39,230,0.992018144995,13.4840646691,1.09544511501,0.00798185500466
2026-05-27T23:33:32.440,705387,0.87,-0.27,-0.26,14.2,-7.6,-6.3,-13.0,56.5,-18.0,101.124,35.8,0,0,0,0,0,NONE,73,466,0.947311986623,17.2942186872,0.99926008129,0.0526880133768
2026-05-27T23:33:32.490,705435,0.89,-0.28,-0.25,8.2,-3.8,-4.2,-13.8,56.4,-17.9,101.121,35.8,0,0,0,0,0,NONE,56,295,0.965919251283,9.96594200264,0.51031036308,0.0340807487165
2026-05-27T23:33:32.531,705487,0.9,-0.3,-0.23,7.8,0.1,-1.4,-13.7,56.9,-17.1,101.123,35.8,0,0,0,0,0,NONE,45,228,0.976165969495,7.92527602043,0.576923076923,0.0238340305051
2026-05-27T23:33:32.582,705537,0.91,-0.27,-0.24,13.2,0.8,1.6,-14.4,57.0,-17.2,101.121,35.8,0,0,0,0,0,NONE,20,131,0.979081201944,13.3206606443,0.663324958071,0.0209187980561
2026-05-27T23:33:32.626,705585,0.9,-0.32,-0.24,14.3,3.1,1.6,-13.8,57.2,-17.8,101.124,35.8,0,0,0,0,0,NONE,34,144,0.98488578018,14.7193749867,1.062295732,0.0151142198204
2026-05-27T23:33:32.693,705637,0.91,-0.27,-0.19,16.8,2.6,3.4,-14.2,57.6,-16.4,101.122,35.8,0,0,0,0,0,NONE,30,203,0.968039255402,17.3366663462,1.37335162087,0.0319607445976
2026-05-27T23:33:32.744,705688,0.88,-0.31,-0.18,8.9,-1.9,2.0,-14.6,57.3,-16.3,101.121,35.8,0,0,0,0,0,NONE,33,177,0.950210502994,9.31772504424,0.999807747763,0.0497894970061
2026-05-27T23:33:32.791,705735,0.91,-0.29,-0.16,18.9,1.6,5.2,-14.3,57.9,-16.9,101.119,35.79,0,0,0,0,0,NONE,35,203,0.968400743494,19.6674858586,0.877256516089,0.0315992565059
2026-05-27T23:33:32.834,705789,0.92,-0.25,-0.16,24.6,-3.1,8.9,-14.5,58.2,-15.2,101.123,35.8,0,0,0,0,0,NONE,62,373,0.966695401872,26.3435001471,0.763538078818,0.0333045981282
2026-05-27T23:33:32.888,705835,0.9,-0.25,-0.19,34.4,-2.9,7.9,-14.4,58.9,-15.6,101.12,35.8,0,0,0,0,0,NONE,52,317,0.953205119583,35.4144038493,0.783815494666,0.0467948804166
2026-05-27T23:33:32.926,705885,0.89,-0.25,-0.17,34.3,-5.7,10.5,-14.5,59.6,-13.3,101.125,35.8,0,0,0,0,0,NONE,77,393,0.939946807006,36.3212059271,0.4472135955,0.0600531929944
2026-05-27T23:33:32.992,705938,1.04,-0.26,-0.37,46.7,7.6,1.9,-14.5,59.6,-13.3,101.123,35.8,0,0,0,0,0,NONE,68,390,1.13406349029,47.3525078533,4.72075320875,0.134063490286
2026-05-27T23:33:33.042,705987,0.94,-0.08,-0.27,17.2,0.4,9.0,-14.9,60.3,-11.4,101.122,35.8,0,0,0,0,0,NONE,47,250,0.981274681218,19.4164878389,4.67164209888,0.0187253187817
2026-05-27T23:33:33.091,706035,0.96,-0.14,-0.32,64.0,-1.9,9.0,-14.6,61.0,-9.5,101.122,35.8,0,0,0,0,0,NONE,41,270,1.02156742313,64.6576368266,1.6796370309,0.0215674231298
2026-05-27T23:33:33.138,706087,0.89,-0.16,-0.06,52.2,-5.3,5.4,-14.1,62.2,-7.1,101.124,35.81,0,0,0,0,0,NONE,59,382,0.906256034463,52.7455211369,5.19230769231,0.0937439655373
2026-05-27T23:33:33.191,706137,1.01,-0.16,-0.26,1.1,24.8,3.5,-15.1,61.9,-7.8,101.119,35.81,0,0,0,0,0,NONE,82,354,1.0551303237,25.0699022734,4.66476151588,0.0551303237041
2026-05-27T23:33:33.240,706185,0.96,-0.03,-0.26,24.4,-4.3,4.6,-13.8,62.1,-7.2,101.121,35.8,0,0,0,0,0,NONE,30,199,0.995037687728,25.1994047549,2.90174755775,0.00496231227154
2026-05-27T23:33:33.293,706237,0.85,-0.04,-0.1,32.7,-0.1,-1.5,-14.6,62.2,-6.0,101.121,35.8,0,0,0,0,0,NONE,43,257,0.856796358536,32.7345383349,3.73888886447,0.143203641464
2026-05-27T23:33:33.344,706288,0.95,-0.14,-0.2,13.2,15.0,-10.4,-15.0,62.7,-6.2,101.126,35.81,0,0,0,0,0,NONE,37,221,0.980866963456,22.525541059,3.39617805406,0.0191330365437
2026-05-27T23:33:33.391,706337,0.96,-0.15,-0.17,2.9,2.2,-17.3,-15.8,62.5,-6.0,101.121,35.8,0,0,0,0,0,NONE,61,430,0.986407623653,17.6788008643,0.676862202113,0.0135923763474
2026-05-27T23:33:33.434,706385,0.9,-0.26,-0.13,-20.1,0.7,-25.8,-17.0,62.5,-5.5,101.121,35.8,0,0,0,0,0,NONE,72,225,0.945780101292,32.71299436,2.74019717458,0.054219898708
2026-05-27T23:33:33.482,706437,1.14,-0.08,-0.62,9.6,34.5,-19.8,-16.8,62.8,-6.7,101.123,35.8,0,0,0,0,0,NONE,42,223,1.30015383705,40.9200439882,11.0489095556,0.300153837052
2026-05-27T23:33:33.529,706487,0.88,-0.29,-0.28,16.8,-13.5,-14.2,-17.9,62.8,-5.7,101.121,35.8,0,0,0,0,0,NONE,77,495,0.967935948294,25.8094943771,9.53519795285,0.0320640517059
2026-05-27T23:33:33.577,706535,0.95,-0.16,-0.36,29.2,1.1,-4.3,-18.5,62.5,-4.8,101.123,35.8,0,0,0,0,0,NONE,104,504,1.02844542879,29.5354024858,3.49851158828,0.0284454287905
2026-05-27T23:33:33.641,706587,0.87,-0.33,-0.3,4.9,-4.8,-8.7,-18.3,62.7,-4.1,101.121,35.8,0,0,0,0,0,NONE,59,412,0.977650244208,11.0788086002,3.79290056218,0.022349755792
2026-05-27T23:33:33.693,706639,0.9,-0.26,-0.32,21.1,-5.5,-8.9,-18.9,62.3,-4.7,101.124,35.8,0,0,0,0,0,NONE,103,842,0.989949493661,23.5514330774,1.51423228346,0.0100505063388
2026-05-27T23:33:33.741,706685,0.91,-0.29,-0.28,17.5,-9.6,-9.2,-19.0,62.0,-2.6,101.121,35.8,0,0,0,0,0,NONE,60,378,0.995288902781,21.9783984858,1.10848250295,0.0047110972185
2026-05-27T23:33:33.787,706739,0.87,-0.34,-0.27,20.4,-9.0,-7.8,-19.8,62.2,-3.2,101.122,35.8,0,0,0,0,0,NONE,29,160,0.972316820795,23.622023622,1.20013716637,0.0276831792055
2026-05-27T23:33:33.833,706785,0.9,-0.28,-0.23,21.0,-11.1,-2.1,-19.7,62.0,-2.1,101.12,35.8,0,0,0,0,0,NONE,36,127,0.970206163658,23.8457543391,1.69788036433,0.029793836342
2026-05-27T23:33:33.883,706837,0.89,-0.34,-0.25,10.9,-6.0,0.5,-19.8,62.6,-1.0,101.125,35.8,0,0,0,0,0,NONE,20,79,0.984987309563,12.4523090228,1.23137004566,0.0150126904371
2026-05-27T23:33:33.944,706888,0.9,-0.28,-0.25,16.9,-5.4,1.7,-19.5,61.9,-2.3,101.124,35.8,0,0,0,0,0,NONE,30,137,0.975141015443,17.823018824,1.19269853535,0.0248589845566
2026-05-27T23:33:33.991,706936,0.88,-0.33,-0.22,15.4,-5.6,0.6,-19.6,61.8,-0.3,101.123,35.8,0,0,0,0,0,NONE,14,69,0.965246082613,16.3975607942,1.28425291729,0.0347539173869
2026-05-27T23:33:34.039,706985,0.9,-0.31,-0.19,19.5,-2.1,1.9,-19.9,62.3,0.3,101.121,35.8,0,0,0,0,0,NONE,44,349,0.97066987179,19.7045679983,0.841450127677,0.0293301282104
2026-05-27T23:33:34.094,707037,0.9,-0.31,-0.18,18.4,-0.4,4.1,-20.1,61.9,1.9,101.122,35.8,0,0,0,0,0,NONE,73,387,0.968762096699,18.8555031755,0.192307692308,0.0312379033013
2026-05-27T23:33:34.141,707087,0.94,-0.29,-0.19,21.0,-1.6,2.9,-19.5,62.4,0.4,101.121,35.8,0,0,0,0,0,NONE,40,243,1.00189819842,21.2595860731,0.916515138991,0.00189819842138
2026-05-27T23:33:34.180,707135,0.89,-0.29,-0.15,30.0,-3.1,3.7,-19.1,62.0,2.7,101.124,35.8,0,0,0,0,0,NONE,56,312,0.947997890293,30.3858519709,1.33398421613,0.052002109707
2026-05-27T23:33:34.232,707187,0.89,-0.31,-0.15,32.2,-3.4,7.1,-18.5,61.9,4.2,101.118,35.8,0,0,0,0,0,NONE,47,258,0.954306030579,33.148303124,0.384615384615,0.0456939694207
2026-05-27T23:33:34.294,707239,0.89,-0.29,-0.18,40.0,-1.0,11.6,-19.0,61.7,3.5,101.12,35.8,0,0,0,0,0,NONE,36,169,0.953205119583,41.6600528084,0.693375245282,0.0467948804166
2026-05-27T23:33:34.339,707285,0.91,-0.28,-0.22,45.7,-1.4,13.1,-18.4,61.6,5.7,101.122,35.8,0,0,0,0,0,NONE,45,165,0.977189848494,47.5611185739,0.996212107599,0.0228101515059
2026-05-27T23:33:34.386,707337,1.08,-0.33,-0.37,50.0,4.7,4.0,-18.1,60.8,7.5,101.122,35.8,0,0,0,0,0,NONE,76,446,1.18836021475,50.3794601003,4.46468721779,0.18836021475
2026-05-27T23:33:34.433,707385,0.91,0.05,-0.29,39.1,-7.0,3.8,-18.9,60.2,8.8,101.119,35.79,0,0,0,0,0,NONE,78,460,0.956399498118,39.9030074055,8.83146599759,0.0436005018822
2026-05-27T23:33:34.485,707437,0.92,-0.2,-0.25,50.4,8.5,-6.3,-18.3,59.8,9.1,101.122,35.79,0,0,0,0,0,NONE,54,357,0.974114982946,51.4985436687,4.87263825358,0.0258850170539
2026-05-27T23:33:34.544,707488,0.99,-0.16,-0.23,34.7,4.8,-1.8,-18.4,59.6,11.0,101.125,35.81,0,0,0,0,0,NONE,69,397,1.02888288935,35.0766303969,1.62874977704,0.0288828893514
2026-05-27T23:33:34.591,707537,0.98,-0.16,-0.22,7.3,14.9,2.5,-18.3,59.5,11.8,101.129,35.81,0,0,0,0,0,NONE,57,388,1.01705457081,16.7794517193,0.288615012729,0.0170545708073
2026-05-27T23:33:34.639,707585,0.96,-0.02,-0.24,21.9,6.3,4.0,-18.7,59.8,12.1,101.123,35.8,0,0,0,0,0,NONE,49,241,0.989747442533,23.1365511691,2.97559517856,0.0102525574673
2026-05-27T23:33:34.690,707637,0.9,-0.06,-0.19,22.8,8.1,0.3,-18.7,58.6,12.0,101.125,35.81,0,0,0,0,0,NONE,53,318,0.921791733528,24.1979337961,1.68749315142,0.0782082664723
2026-05-27T23:33:34.736,707687,0.92,-0.15,-0.25,5.2,12.5,-3.4,-19.4,58.5,12.5,101.124,35.8,0,0,0,0,0,NONE,55,309,0.965090669316,13.958868149,2.2,0.0349093306844
2026-05-27T23:33:34.787,707735,0.96,-0.13,-0.22,7.2,8.8,-8.7,-19.3,58.8,12.6,101.121,35.8,0,0,0,0,0,NONE,44,204,0.993428407083,14.3167733795,1.12190933482,0.00657159291673
2026-05-27T23:33:34.842,707787,0.96,-0.16,-0.21,0.9,2.1,-9.9,-19.2,58.9,14.6,101.126,35.8,0,0,0,0,0,NONE,31,190,0.995640497368,10.1602165331,0.608130319263,0.0043595026316
2026-05-27T23:33:34.893,707839,0.95,-0.2,-0.14,-10.5,-6.2,-18.1,-19.3,59.0,13.1,101.122,35.8,0,0,0,0,0,NONE,53,205,0.980866963456,21.8242983851,1.56231507781,0.0191330365437
2026-05-27T23:33:34.934,707885,1.1,-0.1,-0.62,9.8,12.2,-6.1,-20.0,58.9,13.0,101.125,35.8,0,0,0,0,0,NONE,39,244,1.26664912269,16.795535121,11.1464728203,0.266649122686
2026-05-27T23:33:34.992,707937,0.91,-0.28,-0.25,24.4,-17.7,-1.2,-19.4,58.6,13.3,101.121,35.8,0,0,0,0,0,NONE,34,204,0.984377976186,30.1676979566,8.7155916874,0.015622023814
2026-05-27T23:33:35.037,707985,0.93,-0.16,-0.35,-2.6,-4.6,-3.2,-18.5,58.2,13.4,101.123,35.8,0,0,0,0,0,NONE,31,208,1.00647901121,6.17737808459,3.28083661417,0.00647901120689
2026-05-27T23:33:35.089,708037,0.91,-0.31,-0.34,1.6,-12.0,-4.4,-18.6,57.9,13.6,101.122,35.81,0,0,0,0,0,NONE,51,296,1.01970583994,12.8809937505,2.9164905554,0.0197058399362
2026-05-27T23:33:35.140,708088,0.9,-0.21,-0.31,17.0,-10.7,-7.2,-18.5,57.4,13.0,101.125,35.8,0,0,0,0,0,NONE,57,375,0.974782026917,21.338462925,2.05648793759,0.0252179730832
2026-05-27T23:33:35.192,708137,0.9,-0.31,-0.25,6.5,-10.0,-7.6,-18.6,57.4,12.2,101.125,35.8,0,0,0,0,0,NONE,55,334,0.984174781225,14.1424891727,2.37998036524,0.0158252187746
2026-05-27T23:33:35.229,708185,0.89,-0.24,-0.28,14.2,-4.9,-5.5,-18.2,57.1,13.0,101.121,35.8,0,0,0,0,0,NONE,59,358,0.96337946833,15.9968746948,1.60023869747,0.0366205316699
2026-05-27T23:33:35.293,708237,0.91,-0.27,-0.24,14.7,-5.1,-4.2,-18.3,56.9,13.8,101.123,35.8,0,1,0,0,1,NONE,42,249,0.979081201944,16.1164512223,1.03560861676,0.0209187980561
2026-05-27T23:33:35.340,708287,0.9,-0.26,-0.26,11.4,-3.1,-4.4,-18.3,56.6,13.4,101.12,35.8,0,1,0,0,1,NONE,44,252,0.972213968219,12.6067442268,0.489897948557,0.0277860317811
2026-05-27T23:33:35.388,708335,0.93,-0.28,-0.2,19.3,-4.0,-3.2,-18.1,57.2,14.0,101.12,35.8,0,1,0,0,1,NONE,30,139,0.991614844584,19.9682247584,1.45833333333,0.00838515541567
2026-05-27T23:33:35.435,708387,0.91,-0.27,-0.17,14.2,-4.1,-2.0,-17.9,56.4,15.0,101.12,35.8,0,1,0,0,1,NONE,36,173,0.964313227121,14.9147577922,0.719549497457,0.0356867728793
2026-05-27T23:33:35.482,708439,0.93,-0.3,-0.17,20.8,-2.9,0.0,-18.1,56.2,13.8,101.122,35.8,0,0,0,0,0,NONE,34,143,0.991866926558,21.0011904424,0.693375245282,0.0081330734418
2026-05-27T23:33:35.529,708485,0.94,-0.28,-0.18,22.2,-2.3,0.4,-18.1,55.9,16.0,101.119,35.81,0,0,0,0,0,NONE,26,146,0.997196068985,22.3224102641,0.53249777017,0.00280393101457
2026-05-27T23:33:35.593,708537,0.91,-0.32,-0.16,22.1,-4.3,1.6,-17.5,55.6,15.3,101.122,35.8,0,1,0,0,1,NONE,38,188,0.977803661274,22.5712206139,1.03560861676,0.0221963387264
2026-05-27T23:33:35.641,708585,0.88,-0.27,-0.14,25.0,-4.8,5.1,-17.7,55.8,15.6,101.122,35.8,0,1,0,0,1,NONE,41,199,0.93107464792,25.9624729177,1.28425291729,0.0689253520797
2026-05-27T23:33:35.693,708637,0.93,-0.32,-0.15,30.3,0.2,5.9,-16.7,54.6,16.6,101.121,35.8,0,0,0,0,0,NONE,48,209,0.994886928249,30.8697262702,1.37335162087,0.00511307175137
2026-05-27T23:33:35.739,708688,0.9,-0.32,-0.21,24.4,-3.8,7.4,-16.1,54.9,17.0,101.122,35.8,0,0,0,0,0,NONE,25,177,0.978008179925,25.7790612707,1.31533410441,0.0219918200751
2026-05-27T23:33:35.788,708737,0.93,-0.29,-0.21,27.8,-1.0,9.8,-16.2,54.5,17.2,101.121,35.8,0,1,0,0,1,NONE,40,152,0.996544028129,29.4937281468,0.865845038188,0.00345597187079
2026-05-27T23:33:35.835,708785,0.88,-0.18,-0.2,43.9,-6.0,14.3,-15.7,53.7,18.2,101.119,35.81,0,1,0,0,1,NONE,27,161,0.920217365626,46.55856527,2.5259074277,0.0797826343738
2026-05-27T23:33:35.881,708837,1.17,-0.35,-0.37,68.3,8.2,3.4,-15.5,53.2,20.0,101.12,35.8,0,0,0,0,0,NONE,23,117,1.27604858842,68.874450996,7.24415700071,0.276048588417
2026-05-27T23:33:35.933,708887,0.97,-0.13,-0.28,24.9,0.2,11.8,-14.7,52.1,20.2,101.119,35.81,0,0,0,0,0,NONE,45,175,1.01793909445,27.5552172918,6.2128898268,0.0179390944452
2026-05-27T23:33:35.977,708935,0.86,-0.12,-0.25,74.8,-6.7,16.2,-14.7,51.2,21.4,101.119,35.8,0,0,0,0,0,NONE,48,267,0.903603895521,76.8268833157,2.38448398797,0.0963961044794
2026-05-27T23:33:36.041,708987,0.94,-0.06,-0.08,53.3,5.9,14.2,-13.9,49.4,22.9,101.118,35.8,0,0,0,0,0,NONE,43,258,0.945304183848,55.4737775891,3.79290056218,0.0546958161523
2026-05-27T23:33:36.090,709039,1.0,-0.03,-0.33,11.4,19.0,10.0,-13.4,48.4,22.4,101.12,35.8,0,1,0,0,1,NONE,48,310,1.05347045521,24.3096688583,4.97776119444,0.0534704552098
2026-05-27T23:33:36.142,709085,0.96,0.02,-0.2,40.8,-3.6,7.8,-13.1,47.9,22.8,101.122,35.81,0,1,0,0,1,NONE,47,323,0.980815986819,41.6946039674,3.15029929265,0.0191840131809
2026-05-27T23:33:36.191,709137,0.94,-0.07,-0.19,29.8,1.5,6.1,-13.3,47.5,24.2,101.121,35.8,0,1,0,0,1,NONE,30,196,0.9615612305,30.4548846657,1.78338817221,0.0384387695004
2026-05-27T23:33:36.233,709185,1.0,-0.03,-0.24,28.4,4.8,5.6,-13.1,46.6,24.1,101.119,35.8,0,1,0,0,1,NONE,33,196,1.02883429181,29.3421198961,1.82811758071,0.028834291808
2026-05-27T23:33:36.293,709237,0.89,-0.05,-0.25,26.6,-5.6,4.1,-12.2,45.9,24.6,101.121,35.8,0,1,0,0,1,NONE,46,135,0.925796953981,27.4905438287,2.15864849237,0.0742030460193
2026-05-27T23:33:36.343,709289,0.95,-0.02,-0.18,25.5,3.8,8.4,-12.7,45.1,24.7,101.122,35.8,0,1,0,0,1,NONE,134,853,0.967109094156,27.1154937259,1.86449225285,0.0328909058436
2026-05-27T23:33:36.391,709337,0.93,-0.01,-0.16,21.7,1.2,4.2,-12.0,44.4,25.0,101.123,35.8,0,1,0,0,1,NONE,174,937,0.943716058992,22.1352659799,0.625,0.0562839410077
2026-05-27T23:33:36.440,709385,0.99,-0.07,-0.2,13.1,11.0,4.6,-11.7,43.8,24.8,101.123,35.8,0,1,0,0,1,NONE,88,560,1.01242283657,17.7135541324,1.95433989993,0.0124228365658
2026-05-27T23:33:36.489,709434,1.08,0.06,-0.19,31.1,4.3,0.4,-11.7,43.8,24.8,101.119,35.8,0,1,0,0,1,NONE,135,611,1.09822584198,31.3984076029,3.23326112607,0.0982258419833
2026-05-27T23:33:36.539,709489,0.8,-0.11,-0.21,24.0,11.4,4.9,-11.4,42.9,26.0,101.123,35.8,0,1,0,0,1,NONE,142,785,0.8343860018,27.0179569916,5.96685057506,0.1656139982
2026-05-27T23:33:36.583,709535,0.96,-0.04,-0.12,26.7,32.7,6.4,-12.2,42.3,26.2,101.123,35.8,0,1,0,0,1,NONE,174,1033,0.968297474953,42.6982435236,4.27106145748,0.0317025250472
2026-05-27T23:33:36.631,709585,0.82,-0.08,-0.18,3.4,33.7,-0.7,-12.6,41.9,27.3,101.121,35.8,0,1,0,0,1,NONE,130,826,0.843326745692,33.8783116462,3.1496031496,0.156673254308
2026-05-27T23:33:36.681,709635,0.91,-0.12,-0.3,-17.6,47.4,-7.9,-14.3,42.1,26.1,101.122,35.8,0,1,0,0,1,NONE,198,994,0.965660395791,51.175482411,3.10483493925,0.0343396042086
2026-05-27T23:33:36.743,709687,0.89,0.01,-0.39,-30.2,43.9,-11.7,-15.1,43.6,25.6,101.122,35.8,0,1,0,0,1,NONE,154,945,0.971750996912,54.5540099351,3.06488027894,0.0282490030877
2026-05-27T23:33:36.791,709735,1.22,0.1,-0.44,3.1,40.0,-2.6,-16.0,43.6,26.6,101.125,35.8,0,1,0,0,1,NONE,93,587,1.30076900332,40.2041042681,7.20182750727,0.300769003321
2026-05-27T23:33:36.838,709787,1.06,-0.13,-0.41,7.8,40.0,2.7,-16.6,43.5,25.6,101.12,35.8,0,1,0,0,1,NONE,95,472,1.1439405579,40.8427472142,5.41884723216,0.143940557896
2026-05-27T23:33:36.890,709837,1.45,-0.18,-0.87,23.9,38.3,3.0,-18.0,42.7,25.2,101.124,35.8,0,0,0,0,0,NONE,124,826,1.70052932936,45.2448892141,12.1028922163,0.700529329356
2026-05-27T23:33:36.940,709885,0.75,-0.04,-0.57,-28.9,6.7,-1.0,-17.9,43.3,25.2,101.121,35.8,0,0,0,0,0,NONE,148,984,0.942867965306,29.6833286543,16.1320505688,0.0571320346941
2026-05-27T23:33:36.983,709937,0.88,-0.16,-0.66,-31.9,36.4,-1.8,-19.0,44.9,25.1,101.123,35.8,0,0,0,0,0,NONE,94,535,1.11157545853,48.4335627432,3.81719870025,0.111575458527
2026-05-27T23:33:37.036,709985,0.87,-0.11,-0.63,-27.2,11.5,-4.6,-20.2,45.7,24.9,101.12,35.8,0,0,0,0,0,NONE,84,541,1.07976849371,29.8872882678,1.23251662148,0.0797684937059
2026-05-27T23:33:37.090,710037,0.85,-0.16,-0.6,-20.0,3.7,-5.4,-19.9,46.8,23.4,101.128,35.8,0,0,0,0,0,NONE,89,514,1.052663289,21.0440015206,1.18546423134,0.0526632889961
2026-05-27T23:33:37.127,710087,0.87,-0.23,-0.59,-13.7,-4.0,-2.0,-20.5,47.4,23.9,101.122,35.8,0,0,0,0,0,NONE,68,452,1.07605761928,14.4114537782,1.46969384567,0.0760576192751
2026-05-27T23:33:37.190,710135,0.89,-0.24,-0.61,-19.7,-4.8,-2.0,-20.1,47.3,22.3,101.12,35.8,0,0,0,0,0,NONE,60,300,1.10535062311,20.3747392621,0.625,0.105350623106
2026-05-27T23:33:37.238,710187,0.91,-0.22,-0.62,-26.4,-13.5,-4.9,-20.0,48.2,20.6,101.12,35.81,0,0,0,0,0,NONE,90,495,1.12289803633,30.0536187505,0.576923076923,0.122898036333
2026-05-27T23:33:37.290,710239,0.84,-0.21,-0.47,-19.8,-15.6,-3.5,-20.2,48.5,20.8,101.122,35.8,0,0,0,0,0,NONE,74,442,0.98519033694,25.4489685449,3.18906229842,0.01480966306
2026-05-27T23:33:37.336,710285,0.6,-0.17,-0.4,-15.9,-20.5,-0.3,-19.8,49.6,21.1,101.12,35.8,0,0,0,0,0,NONE,78,468,0.74087785768,25.9451344186,5.5039082179,0.25912214232
2026-05-27T23:33:37.389,710337,0.64,-0.19,-0.38,-9.2,-11.4,2.3,-19.0,49.9,20.0,101.118,35.8,0,0,0,0,0,NONE,63,377,0.768179666484,14.8286884113,0.942111439532,0.231820333516
2026-05-27T23:33:37.432,710385,0.63,-0.17,-0.29,-5.9,-13.7,1.6,-18.8,50.3,19.1,101.118,35.8,0,0,0,0,0,NONE,72,300,0.714072825418,15.0019998667,1.93200385323,0.285927174582
2026-05-27T23:33:37.479,710437,0.77,-0.27,-0.32,-19.2,4.6,2.2,-18.8,50.6,18.7,101.116,35.8,0,0,0,0,0,NONE,23,139,0.876470193446,19.8655480669,3.35850946088,0.123529806554
2026-05-27T23:33:37.542,710489,0.81,-0.23,-0.41,-33.3,-5.3,1.8,-19.7,51.0,17.9,101.121,35.8,0,0,0,0,0,NONE,56,175,0.936536171218,33.7671437939,2.04425881014,0.0634638287818
2026-05-27T23:33:37.590,710537,0.84,-0.27,-0.29,-23.1,-3.0,5.9,-18.3,52.0,17.3,101.119,35.8,0,1,0,0,1,NONE,27,136,0.92876261768,24.029565123,2.70833333333,0.0712373823199
2026-05-27T23:33:37.640,710585,0.84,-0.22,-0.31,-10.7,-8.1,12.5,-18.1,52.7,17.1,101.115,35.8,0,1,0,0,1,NONE,19,88,0.922008676749,18.3398473276,1.12190933482,0.0779913232512
2026-05-27T23:33:37.688,710637,0.84,-0.22,-0.31,0.0,-3.3,15.6,-17.8,52.6,16.6,101.118,35.8,0,1,0,0,1,NONE,23,130,0.922008676749,15.9452187191,0,0.0779913232512
2026-05-27T23:33:37.735,710687,0.87,-0.24,-0.25,6.5,-13.2,20.3,-17.1,52.6,17.6,101.121,35.8,0,1,0,0,1,NONE,32,193,0.936482781475,25.0714977614,1.4,0.0635172185245
2026-05-27T23:33:37.787,710735,0.9,-0.18,-0.33,27.2,-11.7,22.8,-16.2,52.5,17.7,101.117,35.8,0,1,0,0,1,NONE,30,152,0.975346092421,37.3707104562,2.17506385602,0.0246539075795
2026-05-27T23:33:37.836,710787,0.89,-0.18,-0.3,25.3,1.6,18.9,-15.2,51.5,17.5,101.119,35.8,0,1,0,0,1,NONE,47,295,0.956294933585,31.6205629298,0.608130319263,0.0437050664152
2026-05-27T23:33:37.881,710839,0.81,-0.17,-0.36,19.9,11.7,20.3,-15.3,51.3,18.3,101.115,35.8,0,1,0,0,1,NONE,55,295,0.902551937564,30.7406896474,1.93266838868,0.0974480624363
2026-05-27T23:33:37.931,710885,0.73,-0.06,-0.4,17.9,20.0,16.5,-14.6,51.0,17.9,101.115,35.8,0,1,0,0,1,NONE,47,279,0.834565755348,31.5065072644,3.0820536693,0.165434244652
2026-05-27T23:33:37.991,710937,0.79,-0.1,-0.43,35.5,19.7,11.2,-14.8,50.7,18.1,101.121,35.8,0,1,0,0,1,NONE,46,243,0.90498618774,42.1162676409,1.50197109152,0.0950138122601
2026-05-27T23:33:38.039,710985,0.97,-0.06,-0.54,15.5,46.7,6.8,-15.3,50.7,19.8,101.118,35.8,0,1,0,0,1,NONE,60,258,1.11180034179,49.6727289365,4.47310636533,0.111800341788
2026-05-27T23:33:38.087,711037,0.96,-0.03,-0.38,42.8,3.1,10.4,-15.8,49.7,19.8,101.119,35.8,0,0,0,0,0,NONE,56,261,1.03290851483,44.1543882304,3.13644354429,0.032908514826
2026-05-27T23:33:38.138,711089,1.03,-0.27,-0.23,6.3,20.5,7.1,-15.3,48.9,19.1,101.119,35.8,0,0,0,0,0,NONE,62,266,1.08935760887,22.5909273825,5.60668451427,0.0893576088686
2026-05-27T23:33:38.187,711137,1.0,0.08,-0.38,1.5,18.4,4.2,-15.3,49.2,20.3,101.118,35.8,0,0,0,0,0,NONE,62,348,1.07275346655,18.9327758134,7.95767885616,0.0727534665523
2026-05-27T23:33:38.235,711185,0.83,0.03,-0.34,12.0,12.8,2.4,-16.4,49.1,21.0,101.12,35.8,0,0,0,0,0,NONE,47,281,0.897440805847,17.7087548969,3.78456294262,0.102559194153
2026-05-27T23:33:38.284,711237,0.99,-0.1,-0.37,1.0,16.8,-6.2,-16.8,48.9,20.9,101.117,35.8,0,0,0,0,0,NONE,47,282,1.06160256217,17.9354397772,4.00628204923,0.0616025621672
2026-05-27T23:33:38.342,711285,0.96,-0.09,-0.36,-26.9,19.8,-13.4,-17.4,49.1,19.9,101.116,35.8,0,0,0,0,0,NONE,61,362,1.0292230079,35.9890261052,0.690963497991,0.0292230079045
2026-05-27T23:33:38.392,711337,0.95,-0.18,-0.32,-30.7,1.4,-15.7,-18.0,50.1,18.9,101.117,35.8,0,0,0,0,0,NONE,83,500,1.0184792585,34.5099985511,1.90374902627,0.0184792585026
2026-05-27T23:33:38.441,711387,0.93,0.11,-0.5,-31.7,0.4,-16.8,-18.2,51.4,18.5,101.12,35.8,0,0,0,0,0,NONE,130,662,1.06160256217,35.878823838,6.83812839891,0.0616025621672
2026-05-27T23:33:38.491,711435,1.31,-0.0,-0.77,28.3,-21.7,-21.2,-18.4,51.4,18.6,101.121,35.8,0,0,0,0,0,NONE,73,402,1.5195394039,41.4875885055,9.97827501236,0.519539403898
2026-05-27T23:33:38.538,711487,0.85,-0.51,-0.43,-23.9,-23.2,-18.9,-18.7,51.3,18.1,101.118,35.8,0,0,0,0,0,NONE,135,723,1.08050913925,38.2969972713,14.7375963292,0.0805091392487
2026-05-27T23:33:38.594,711539,0.91,-0.07,-0.51,10.1,-23.5,-10.6,-18.2,51.6,18.7,101.121,35.8,0,1,0,0,1,NONE,61,380,1.04551422755,27.6879034959,8.67731859437,0.0455142275455
2026-05-27T23:33:38.636,711585,0.81,-0.34,-0.43,-7.6,-19.8,-8.9,-18.3,51.2,17.9,101.119,35.8,0,1,0,0,1,NONE,56,294,0.978059302906,23.0002173903,6.49632730325,0.0219406970945
2026-05-27T23:33:38.680,711637,0.84,-0.26,-0.4,-4.4,-16.9,-8.1,-18.2,52.1,18.1,101.117,35.8,0,1,0,0,1,NONE,82,485,0.966022774059,19.2504545401,1.74142021887,0.0339772259413
2026-05-27T23:33:38.737,711685,0.84,-0.26,-0.4,-1.2,-17.9,-6.3,-18.3,52.0,16.9,101.118,35.8,0,1,0,0,1,NONE,89,562,0.966022774059,19.0142052161,0,0.0339772259413
2026-05-27T23:33:38.791,711737,0.84,-0.27,-0.37,-0.5,-12.5,-4.5,-17.1,52.2,18.5,101.121,35.8,0,1,0,0,1,NONE,53,361,0.956765383989,13.2947358003,0.608130319263,0.0432346160108
2026-05-27T23:33:38.843,711789,0.82,-0.3,-0.36,5.8,-15.6,-4.9,-17.9,52.7,16.4,101.118,35.8,0,1,0,0,1,NONE,54,306,0.944457516249,17.3496397657,0.719549497457,0.0555424837506
2026-05-27T23:33:38.892,711837,0.81,-0.32,-0.29,2.0,-2.7,-1.0,-17.3,52.9,17.0,101.115,35.8,0,1,0,0,1,NONE,113,608,0.917932459389,3.50570962859,1.53093108924,0.082067540611
2026-05-27T23:33:38.938,711885,0.84,-0.27,-0.32,4.4,-2.3,1.5,-17.7,52.5,16.5,101.118,35.8,0,1,0,0,1,NONE,138,729,0.938562730988,5.18652099196,1.3661330259,0.0614372690118
2026-05-27T23:33:38.988,711937,0.93,-0.34,-0.31,0.5,-3.4,4.3,-17.7,52.2,17.0,101.118,35.8,0,1,0,0,1,NONE,482,2101,1.03759336929,5.50454357781,2.20106214274,0.0375933692926
2026-05-27T23:33:39.038,711987,0.88,-0.32,-0.26,0.7,0.9,6.8,-17.2,52.3,15.5,101.122,35.8,0,1,0,0,1,NONE,114,563,0.971802449061,6.89492567038,1.46969384567,0.0281975509395
2026-05-27T23:33:39.085,712035,0.84,-0.28,-0.28,4.9,5.7,8.5,-17.2,52.0,16.2,101.12,35.8,0,1,0,0,1,NONE,93,561,0.9286549413,11.3468057179,1.25,0.0713450587005
2026-05-27T23:33:39.139,712087,0.9,-0.34,-0.16,-0.6,-1.9,12.4,-16.3,52.5,16.1,101.117,35.8,0,1,0,0,1,NONE,55,287,0.975294827219,12.5590604744,2.8263343186,0.0247051727811
2026-05-27T23:33:39.193,712139,0.94,-0.31,-0.27,-5.3,-0.9,15.5,-17.2,52.8,15.2,101.115,35.8,0,1,0,0,1,NONE,50,327,1.02596296229,16.4057916603,2.32366268723,0.0259629622944
2026-05-27T23:33:39.239,712185,0.96,-0.25,-0.18,15.9,-18.2,23.4,-15.8,52.8,16.2,101.119,35.8,0,1,0,0,1,NONE,162,1003,1.00821624665,33.6394114098,2.39130434783,0.00821624664553
2026-05-27T23:33:39.290,712237,0.93,-0.27,-0.2,20.6,-5.4,20.8,-14.7,52.5,16.1,101.118,35.8,0,1,0,0,1,NONE,139,940,0.988837701547,29.7684396635,0.792904928003,0.0111622984534
2026-05-27T23:33:39.340,712285,0.91,-0.31,-0.35,11.8,0.8,13.8,-14.2,52.1,17.2,101.119,35.8,0,1,0,0,1,NONE,128,805,1.0230835743,18.1747077005,3.26093246719,0.0230835742988
2026-05-27T23:33:39.390,712337,0.96,-0.05,-0.24,6.2,-13.2,6.3,-13.5,52.1,16.9,101.122,35.8,0,1,0,0,1,NONE,132,827,0.990807751282,15.8861574964,5.51356584109,0.00919224871825
2026-05-27T23:33:39.440,712389,0.98,-0.24,-0.37,-4.2,6.0,2.5,-13.6,52.3,16.9,101.115,35.8,0,1,0,0,1,NONE,225,1334,1.07466273779,7.73886296558,4.44393077242,0.0746627377927
2026-05-27T23:33:39.487,712437,0.94,0.04,-0.26,30.8,-3.2,14.3,-13.3,52.6,16.9,101.122,35.8,0,1,0,0,1,NONE,305,1766,0.976114747353,34.1082101553,6.32249621062,0.023885252647
2026-05-27T23:33:39.540,712485,0.92,-0.16,-0.04,12.9,4.8,5.7,-13.4,52.4,17.0,101.121,35.8,0,1,0,0,1,NONE,97,751,0.934665715644,14.8976508215,6.20819351073,0.0653342843562
2026-05-27T23:33:39.583,712538,0.96,-0.12,-0.27,-17.5,32.5,6.8,-13.2,51.9,16.2,101.118,35.8,0,1,0,0,1,NONE,73,439,1.00444014257,37.5331853165,4.46895067258,0.00444014256699
2026-05-27T23:33:39.642,712587,0.98,-0.0,-0.24,13.3,16.8,5.7,-13.7,53.3,15.7,101.12,35.8,0,1,0,0,1,NONE,64,355,1.00895986045,22.1725054967,2.55713552778,0.00895986045036
2026-05-27T23:33:39.693,712636,0.87,-0.06,-0.18,9.9,20.0,2.1,-14.0,52.7,17.0,101.119,35.8,0,1,0,0,1,NONE,67,400,0.890449324779,22.4147273015,2.83519265091,0.109550675221
2026-05-27T23:33:39.742,712687,0.93,-0.17,-0.17,0.9,22.5,-4.1,-14.7,53.2,16.6,101.12,35.8,0,1,0,0,1,NONE,53,290,0.960572745814,22.8882065702,2.4646676647,0.0394272541863
2026-05-27T23:33:39.794,712739,0.91,-0.22,-0.23,-21.6,18.2,-15.3,-15.1,53.3,15.4,101.115,35.79,0,1,0,0,1,NONE,51,315,0.9640539404,32.1230446876,1.55043418237,0.0359460596004
2026-05-27T23:33:39.842,712785,0.76,-0.29,-0.25,-34.7,5.8,-22.0,-15.3,53.3,16.7,101.121,35.8,0,1,0,0,1,NONE,96,369,0.850999412456,41.4937344668,3.62463739142,0.149000587544
2026-05-27T23:33:39.887,712838,1.2,0.33,-1.0,57.7,14.4,-3.7,-16.0,53.8,14.5,101.119,35.8,0,1,0,0,1,NONE,84,409,1.59652748176,59.5847295874,20.1498480375,0.596527481755
2026-05-27T23:33:39.936,712885,0.72,-0.61,-0.18,12.0,8.5,-8.5,-16.9,53.8,18.6,101.118,35.8,0,1,0,0,1,NONE,150,516,0.96067684473,16.9852877515,28.437505441,0.0393231552702
2026-05-27T23:33:39.980,712934,1.08,0.09,-0.57,30.1,30.2,4.2,-16.9,53.8,18.6,101.118,35.8,0,1,0,0,1,NONE,60,301,1.22449989792,42.8449530283,17.9278483587,0.224499897918
2026-05-27T23:33:40.034,712986,0.99,-0.31,-0.49,30.0,6.9,-5.7,-17.4,53.6,15.6,101.122,35.8,0,1,0,0,1,NONE,68,393,1.14730118103,31.3065488357,8.03330714393,0.147301181033
2026-05-27T23:33:40.080,713035,0.91,-0.29,-0.41,12.9,12.3,-13.2,-18.4,53.7,16.7,101.12,35.8,0,1,0,0,1,NONE,66,315,1.03937481209,22.1797204671,2.34471944757,0.0393748120866
2026-05-27T23:33:40.144,713087,0.89,-0.21,-0.45,24.6,5.1,-9.0,-18.6,52.7,16.6,101.119,35.8,0,1,0,0,1,NONE,63,324,1.01916632597,26.6865134478,1.76252911344,0.0191663259743
2026-05-27T23:33:40.189,713136,0.83,-0.29,-0.41,18.1,-2.9,-6.8,-19.0,52.7,17.9,101.116,35.8,0,1,0,0,1,NONE,70,362,0.970103087306,19.5514705329,2.19802645189,0.0298969126943
2026-05-27T23:33:40.239,713187,0.87,-0.24,-0.43,12.0,-7.0,-3.7,-19.3,52.7,18.0,101.118,35.8,0,1,0,0,1,NONE,57,263,0.999699954986,14.3767172887,1.31533410441,0.000300045013505
2026-05-27T23:33:40.290,713236,0.88,-0.27,-0.39,-1.0,-15.3,-3.5,-18.8,52.8,17.3,101.116,35.8,0,1,0,0,1,NONE,28,165,0.999699954986,15.7270467666,1.04061622726,0.000300045013505
2026-05-27T23:33:40.339,713287,0.89,-0.21,-0.37,5.2,-21.6,-2.9,-19.4,52.8,17.0,101.118,35.8,0,1,0,0,1,NONE,57,293,0.986458311334,22.4055796622,1.25551455636,0.013541688666
2026-05-27T23:33:40.387,713339,0.85,-0.28,-0.3,2.8,-17.4,1.6,-18.7,52.8,17.5,101.117,35.8,0,1,0,0,1,NONE,129,598,0.943874991723,17.6963273026,2.05328427924,0.056125008277
2026-05-27T23:33:40.433,713385,0.91,-0.27,-0.36,5.8,-8.4,9.6,-18.4,52.7,17.2,101.118,35.8,0,1,0,0,1,NONE,90,496,1.01518471226,14.0128512445,1.85739211855,0.0151847122568
2026-05-27T23:33:40.482,713437,0.83,-0.22,-0.25,12.9,-11.5,14.4,-17.7,52.4,17.8,101.119,35.8,0,1,0,0,1,NONE,89,544,0.894315380612,22.4948883082,2.78680322042,0.105684619388
2026-05-27T23:33:40.539,713485,0.95,-0.24,-0.25,8.8,-5.7,9.8,-17.2,52.2,18.4,101.117,35.8,0,1,0,0,1,NONE,109,560,1.01123686642,14.3516549568,2.53448438762,0.0112368664166
2026-05-27T23:33:40.592,713537,0.83,-0.21,-0.22,19.4,-4.5,3.2,-16.4,52.7,18.1,101.121,35.8,0,1,0,0,1,NONE,56,368,0.883968325224,20.1705230473,2.44767731949,0.116031674776
2026-05-27T23:33:40.644,713589,0.9,-0.19,-0.2,34.6,-15.5,8.7,-15.9,51.8,19.3,101.119,35.79,0,1,0,0,1,NONE,44,206,0.941328847959,38.8985860926,1.45189123755,0.0586711520409
2026-05-27T23:33:40.686,713637,0.9,-0.23,-0.25,34.4,-10.4,7.5,-16.0,51.8,18.9,101.119,35.8,0,1,0,0,1,NONE,46,237,0.961977130705,36.7119871432,1.33398421613,0.0380228692947
2026-05-27T23:33:40.737,713689,0.98,-0.32,-0.39,45.2,0.9,2.4,-15.4,51.1,21.2,101.119,35.8,0,1,0,0,1,NONE,38,159,1.1022250224,45.2726186563,3.5511894832,0.102225022398
2026-05-27T23:33:40.781,713737,1.0,-0.12,-0.37,-15.4,3.1,3.7,-15.9,51.6,20.9,101.117,35.8,0,1,0,0,1,NONE,75,248,1.0729864864,16.1387731876,4.20812705765,0.0729864864014
2026-05-27T23:33:40.829,713785,0.88,0.01,-0.32,47.6,-12.3,10.3,-15.6,51.4,21.2,101.118,35.8,0,1,0,0,1,NONE,46,134,0.936429388689,50.2308670043,3.83016173143,0.0635706113112
2026-05-27T23:33:40.877,713837,0.85,-0.02,-0.18,49.6,0.1,4.9,-15.2,50.4,23.2,101.118,35.8,0,1,0,0,1,NONE,33,81,0.869079973305,49.8415489326,2.81321900737,0.130920026695
2026-05-27T23:33:40.941,713887,0.96,-0.1,-0.22,25.3,7.8,-3.7,-15.2,50.2,22.5,101.121,35.8,0,1,0,0,1,NONE,38,190,0.989949493661,26.7323773728,2.83548937575,0.0100505063388
2026-05-27T23:33:40.990,713935,0.96,-0.1,-0.18,18.1,6.9,-4.8,-15.3,49.8,23.1,101.12,35.8,0,1,0,0,1,NONE,35,191,0.981835016691,19.9564525906,0.833333333333,0.0181649833093
2026-05-27T23:33:41.036,713987,0.98,0.01,-0.29,18.1,17.3,-2.9,-15.8,49.7,24.9,101.119,35.8,0,1,0,0,1,NONE,45,250,1.02205674989,25.2053565736,3.01622829642,0.0220567498921
2026-05-27T23:33:41.088,714039,0.94,-0.08,-0.22,31.6,2.1,-4.6,-16.5,49.0,23.6,101.118,35.8,0,1,0,0,1,NONE,34,131,0.968710483065,32.0020311855,2.32366268723,0.031289516935
2026-05-27T23:33:41.132,714085,0.89,-0.08,-0.22,30.2,13.0,-6.7,-17.2,48.6,24.9,101.115,35.8,0,1,0,0,1,NONE,34,165,0.920271699011,33.55488042,1.08695652174,0.0797283009893
2026-05-27T23:33:41.184,714138,0.88,-0.1,-0.25,18.2,16.5,-12.0,-16.8,47.4,26.6,101.118,35.8,0,1,0,1,2,NONE,39,189,0.920271699011,27.3402633491,0.705973091844,0.0797283009893
2026-05-27T23:33:41.229,714185,0.94,-0.17,-0.21,15.4,15.2,-16.8,-17.8,46.9,24.9,101.119,35.8,0,1,0,1,2,NONE,14,97,0.978059302906,27.3941599616,2.13827140875,0.0219406970945
2026-05-27T23:33:41.277,714237,0.91,-0.25,-0.21,1.9,14.1,-22.0,-18.4,46.5,25.8,101.12,35.8,0,1,0,0,1,NONE,34,163,0.966798841538,26.1996183178,1.64307764333,0.0332011584616
2026-05-27T23:33:41.341,714288,1.01,-0.1,-0.35,-5.6,21.7,-18.7,-19.0,46.6,26.3,101.124,35.8,0,1,0,0,1,NONE,54,98,1.07359210131,29.1880112375,4.47557341589,0.0735921013122
2026-05-27T23:33:41.392,714337,1.12,-0.12,-0.46,44.9,7.3,-8.4,-19.8,46.6,25.7,101.12,35.8,0,1,0,0,1,NONE,28,123,1.21671689394,46.2586208182,3.20089533497,0.21671689394
2026-05-27T23:33:41.437,714385,0.99,-0.29,-0.35,18.2,15.1,-13.7,-19.8,44.4,27.1,101.12,35.8,0,1,0,0,1,NONE,35,181,1.08935760887,27.3302030728,5.01300392313,0.0893576088686
2026-05-27T23:33:41.485,714437,0.97,-0.22,-0.49,15.9,5.1,-10.7,-20.3,44.1,26.7,101.12,35.8,0,1,0,0,1,NONE,41,249,1.10878311675,19.8320447761,3.03456419963,0.108783116755
2026-05-27T23:33:41.536,714487,0.97,-0.22,-0.46,12.0,-2.6,-9.8,-20.5,44.2,26.0,101.12,35.81,0,1,0,0,1,NONE,32,214,1.09585582993,15.7098695093,0.6,0.0958558299338
2026-05-27T23:33:41.585,714535,0.92,-0.23,-0.41,23.1,-11.4,-10.4,-20.1,43.3,26.8,101.118,35.81,0,1,0,0,1,NONE,28,184,1.03315052146,27.7800287977,1.48779758928,0.0331505214634
2026-05-27T23:33:41.633,714587,0.85,-0.24,-0.38,22.9,-17.6,-10.5,-21.0,43.0,28.1,101.117,35.8,0,1,0,0,1,NONE,42,195,0.961509230325,30.7314171492,1.47714341305,0.0384907696751
2026-05-27T23:33:41.683,714639,0.87,-0.27,-0.36,20.9,-19.6,-7.8,-20.3,42.3,27.1,101.119,35.81,0,1,0,0,1,NONE,57,186,0.979489663039,29.6952858212,0.792904928003,0.0205103369611
2026-05-27T23:33:41.730,714685,0.83,-0.25,-0.36,18.8,-15.4,-6.1,-19.2,41.4,27.8,101.119,35.8,0,1,0,0,1,NONE,21,130,0.938616002421,25.0561369728,0.972203468478,0.0613839975794
2026-05-27T23:33:41.792,714739,0.84,-0.23,-0.31,13.9,-14.5,-4.1,-18.9,40.9,27.2,101.119,35.8,0,1,0,0,1,NONE,21,120,0.924445779914,20.5004877991,1.01430103242,0.0755542200864
2026-05-27T23:33:41.840,714785,0.88,-0.29,-0.3,11.3,-10.5,-1.2,-18.0,40.1,27.6,101.123,35.8,0,1,0,0,1,NONE,41,165,0.973909646733,15.4719100308,1.58263258463,0.0260903532668
2026-05-27T23:33:41.892,714837,0.87,-0.31,-0.28,9.3,-10.5,2.6,-17.4,40.2,27.9,101.12,35.81,0,1,0,0,1,NONE,41,233,0.965090669316,14.2653426177,0.576923076923,0.0349093306844
2026-05-27T23:33:41.945,714888,0.94,-0.22,-0.19,10.3,-11.2,6.5,-17.7,39.8,28.3,101.121,35.8,0,1,0,0,1,NONE,53,323,0.983920728514,16.5462986798,2.84820373458,0.0160792714858
2026-05-27T23:33:41.989,714937,0.96,-0.25,-0.16,16.8,-19.6,5.7,-16.6,38.7,27.3,101.118,35.8,0,1,0,0,1,NONE,32,172,1.00483829545,26.4365277599,0.957227706086,0.00483829544858
2026-05-27T23:33:42.033,714985,0.9,-0.19,-0.18,16.3,-19.1,7.4,-15.8,39.2,28.0,101.117,35.8,0,1,0,0,1,NONE,17,94,0.937283308291,26.17747123,1.81620789314,0.0627166917095
2026-05-27T23:33:42.081,715037,0.91,-0.22,-0.18,29.1,-18.6,8.7,-15.5,38.2,28.0,101.117,35.8,0,1,0,1,2,NONE,37,182,0.953362470417,35.6154460873,0.608130319263,0.0466375295828
2026-05-27T23:33:42.134,715087,0.91,-0.17,-0.34,39.7,-12.4,4.5,-14.9,37.6,28.4,101.12,35.8,0,1,0,1,2,NONE,30,142,0.986204846875,41.8341965382,3.35261092285,0.0137951531249
2026-05-27T23:33:42.180,715136,0.99,-0.27,-0.32,7.4,-0.9,-0.3,-14.4,35.9,28.6,101.117,35.8,0,1,0,1,2,NONE,21,116,1.07489534374,7.46056298144,2.64520028506,0.0748953437428
2026-05-27T23:33:42.242,715187,0.91,-0.1,-0.32,25.1,-5.9,8.0,-14.6,37.0,28.7,101.12,35.8,0,1,0,1,2,NONE,36,155,0.969793792515,26.9966664609,3.6839792604,0.0302062074853
2026-05-27T23:33:42.291,715239,0.83,-0.12,-0.04,47.9,-9.5,7.3,-14.1,36.0,27.8,101.117,35.8,0,1,0,1,2,NONE,33,193,0.839583229942,49.3756012622,5.6132767382,0.160416770058
2026-05-27T23:33:42.339,715285,1.05,-0.2,-0.08,5.2,20.4,6.4,-13.7,34.0,27.1,101.117,35.8,0,1,0,1,2,NONE,41,148,1.07186752913,22.0036360632,5.16275742915,0.0718675291285
2026-05-27T23:33:42.385,715339,0.94,-0.02,-0.28,6.6,17.6,7.8,-14.7,34.3,28.9,101.117,35.8,0,1,0,1,2,NONE,25,110,0.981019877474,20.3509213551,5.3831266125,0.0189801225255
2026-05-27T23:33:42.437,715385,0.92,-0.14,-0.04,16.2,13.7,1.6,-15.4,34.4,29.4,101.114,35.8,0,1,0,1,2,NONE,40,169,0.931450481776,21.2765128722,5.8494017596,0.0685495182244
2026-05-27T23:33:42.485,715437,0.91,-0.19,-0.13,-5.7,28.8,-4.0,-15.6,33.6,28.9,101.114,35.8,0,1,0,0,1,NONE,50,177,0.93866927083,29.6298835637,1.98924623707,0.0613307291703
2026-05-27T23:33:42.540,715489,0.98,-0.08,-0.14,0.2,20.0,-6.5,-16.2,33.9,29.8,101.119,35.8,0,1,0,0,1,NONE,66,163,0.993176721435,21.0306918574,2.5147493905,0.00682327856519
2026-05-27T23:33:42.579,715537,1.0,-0.17,-0.12,-11.4,15.2,-7.8,-17.0,33.6,28.1,101.119,35.8,0,1,0,0,1,NONE,47,177,1.02142057939,20.5387438759,1.96541273585,0.0214205793893
2026-05-27T23:33:42.625,715585,1.01,-0.11,-0.19,-4.5,24.9,-7.1,-17.4,34.4,28.1,101.118,35.8,0,1,0,0,1,NONE,38,174,1.03358599062,26.2806012108,1.93200385323,0.0335859906171
2026-05-27T23:33:42.691,715637,1.01,-0.25,-0.36,3.1,0.2,-4.2,-17.7,33.6,29.3,101.119,35.8,0,1,0,0,1,NONE,52,215,1.10099954587,5.22398315464,4.23513760491,0.100999545867
2026-05-27T23:33:42.741,715687,1.09,-0.31,-0.45,-17.0,22.9,1.0,-18.1,33.7,29.0,101.118,35.8,0,1,0,0,1,NONE,56,276,1.21930307963,28.5378695771,2.69072480941,0.219303079632
2026-05-27T23:33:42.790,715735,0.91,-0.27,-0.46,-10.4,-2.9,-4.0,-18.5,34.5,28.0,101.119,35.8,0,1,0,1,2,NONE,75,255,1.05479855897,11.5139046374,3.84712194013,0.0547985589675
2026-05-27T23:33:42.843,715787,0.82,-0.27,-0.35,-16.1,1.2,-3.5,-18.1,34.7,27.7,101.119,35.8,0,1,0,1,2,NONE,57,276,0.931557835027,16.519685227,2.73320584684,0.0684421649731
2026-05-27T23:33:42.888,715839,0.87,-0.31,-0.39,-5.2,1.2,-4.0,-19.0,35.3,28.5,101.116,35.8,0,1,0,1,2,NONE,42,151,1.00254675701,6.66933280021,1.45189123755,0.00254675701435
2026-05-27T23:33:42.933,715885,0.8,-0.29,-0.3,-8.1,-0.5,-1.7,-19.0,35.8,28.1,101.116,35.8,0,1,0,1,2,NONE,28,176,0.902274902677,8.29156197589,2.51648628322,0.0977250973234
2026-05-27T23:33:42.992,715937,0.84,-0.25,-0.34,-0.2,22.7,-1.4,-18.3,35.9,28.4,101.119,35.8,0,1,0,0,1,NONE,32,166,0.940053189984,22.7440102005,1.33234677505,0.0599468100155
2026-05-27T23:33:43.040,715985,0.93,-0.4,-0.38,-18.7,13.1,-1.8,-19.0,35.6,29.1,101.118,35.8,0,1,0,0,1,NONE,68,290,1.08134175911,22.9028382521,3.73840800936,0.0813417591123
2026-05-27T23:33:43.088,716037,0.84,-0.36,-0.39,-23.4,-3.2,6.8,-19.6,36.0,27.6,101.117,35.79,0,1,0,0,1,NONE,56,296,0.993629709701,24.5772252299,1.90374902627,0.00637029029925
2026-05-27T23:33:43.140,716088,0.81,-0.31,-0.3,-33.9,-2.7,20.0,-18.7,36.7,28.8,101.122,35.8,0,1,0,0,1,NONE,51,288,0.917714552571,39.4525030892,2.10270692054,0.0822854474293
2026-05-27T23:33:43.193,716137,0.91,-0.2,-0.31,-22.2,-2.7,18.9,-18.9,37.9,27.0,101.122,35.8,0,1,0,1,2,NONE,44,264,0.981936861514,29.2803688501,3.04074784199,0.018063138486
2026-05-27T23:33:43.237,716185,0.88,-0.24,-0.22,-13.1,-4.5,17.5,-18.7,38.1,28.0,101.117,35.8,0,1,0,1,2,NONE,35,233,0.938296328459,22.3183780773,2.14492294604,0.0617036715408
2026-05-27T23:33:43.293,716238,0.89,-0.26,-0.25,-5.3,1.9,14.7,-18.3,38.7,27.2,101.116,35.8,0,1,0,1,2,NONE,35,177,0.960312449154,15.7413468293,0.705973091844,0.0396875508461
2026-05-27T23:33:43.329,716287,0.9,-0.36,-0.19,-18.4,6.4,11.9,-18.7,39.7,26.5,101.113,35.8,0,1,0,1,2,NONE,33,178,0.987775278087,22.8282719451,2.38871426749,0.0122247219129
2026-05-27T23:33:43.378,716335,0.9,-0.3,-0.22,-19.0,10.4,15.7,-18.0,39.3,25.8,101.116,35.79,0,1,1,1,3,NONE,34,201,0.973858305915,26.751635464,1.39754248594,0.0261416940848
2026-05-27T23:33:43.444,716387,0.9,-0.25,-0.21,-16.5,9.8,18.1,-18.4,41.2,26.7,101.115,35.79,0,1,1,1,3,NONE,27,189,0.957392291592,26.3799166034,0.980580675691,0.0426077084079
2026-05-27T23:33:43.490,716436,0.9,-0.16,-0.2,1.2,7.6,21.4,-18.4,41.2,26.7,101.117,35.8,0,1,0,1,2,NONE,26,117,0.935735005223,22.7411521256,1.84803778329,0.0642649947768
2026-05-27T23:33:43.538,716487,1.01,-0.27,-0.2,15.7,6.7,18.3,-19.0,40.4,26.6,101.115,35.79,0,1,0,1,2,NONE,23,149,1.06442472726,25.0253871099,3.05026454629,0.0644247272588
2026-05-27T23:33:43.594,716538,0.92,-0.31,-0.34,-21.6,19.5,11.2,-18.7,41.1,26.9,101.115,35.8,0,1,0,1,2,NONE,37,176,1.02863987867,31.1809236553,3.35632211149,0.0286398786747
2026-05-27T23:33:43.634,716587,0.99,0.03,-0.34,14.3,0.1,9.7,-18.5,41.1,26.6,101.118,35.8,0,1,0,1,2,NONE,24,168,1.04718670733,17.2797569427,7.084308146,0.0471867073259
2026-05-27T23:33:43.681,716635,0.94,-0.18,-0.33,21.9,15.9,2.1,-18.7,41.0,26.7,101.12,35.8,0,1,0,0,1,NONE,32,157,1.01237344888,27.1446127252,4.50212141354,0.0123734488814
2026-05-27T23:33:43.729,716687,0.98,-0.18,-0.23,-2.2,2.9,5.1,-18.9,41.4,27.2,101.122,35.8,0,1,0,0,1,NONE,39,143,1.02259473889,6.26578007913,2.07121723351,0.0225947388873
2026-05-27T23:33:43.794,716739,1.06,-0.06,-0.32,-0.5,17.6,8.2,-19.0,41.6,26.6,101.119,35.8,0,1,0,1,2,NONE,18,104,1.10887330205,19.4229245996,3.26923076923,0.10887330205
2026-05-27T23:33:43.830,716785,0.94,-0.14,-0.28,6.7,1.6,7.0,-19.6,41.4,26.3,101.118,35.8,0,1,0,1,2,NONE,22,84,0.99075728612,9.82089608946,3.25361511893,0.00924271387993
2026-05-27T23:33:43.892,716837,0.84,-0.14,-0.22,-6.5,10.3,6.8,-19.5,41.8,26.3,101.12,35.8,0,1,0,1,2,NONE,23,123,0.879545337092,13.9491935251,2.24267380571,0.120454662908
2026-05-27T23:33:43.942,716885,0.86,-0.14,-0.25,-12.1,11.7,1.8,-19.8,41.5,27.3,101.116,35.8,0,1,0,1,2,NONE,26,114,0.906476695784,16.927492431,0.751156515722,0.0935233042157
2026-05-27T23:33:43.990,716937,0.85,-0.08,-0.24,-17.7,13.8,-5.9,-20.4,42.6,26.0,101.115,35.79,0,1,0,0,1,NONE,36,168,0.886848352313,23.2064646166,1.18546423134,0.113151647687
2026-05-27T23:33:44.034,716988,0.94,-0.18,-0.18,-29.6,12.4,-5.7,-20.6,43.4,24.9,101.118,35.8,0,1,0,0,1,NONE,34,129,0.973858305915,32.5946314598,2.88841565934,0.0261416940848
2026-05-27T23:33:44.091,717037,0.87,-0.15,-0.23,-34.1,4.3,-9.5,-21.2,44.5,24.1,101.12,35.8,0,1,0,0,1,NONE,26,109,0.912304773637,35.6587997555,1.85927215901,0.0876952263635
2026-05-27T23:33:44.131,717085,0.98,-0.1,-0.24,-25.7,13.9,-11.5,-21.7,44.8,23.6,101.117,35.8,0,1,0,0,1,NONE,123,213,1.01390334845,31.3998407639,2.5259074277,0.0139033484509
2026-05-27T23:33:44.181,717137,0.99,-0.18,-0.66,3.3,9.5,-2.8,-22.0,44.8,23.8,101.122,35.8,0,1,0,1,2,NONE,75,275,1.20337026721,10.4393486387,8.22438645398,0.203370267208
2026-05-27T23:33:44.236,717187,1.04,-0.52,-0.42,-32.7,12.2,-3.5,-22.0,45.3,23.5,101.115,35.8,0,1,0,1,2,NONE,28,164,1.23628475684,35.0767729416,8.38331676605,0.236284756842
2026-05-27T23:33:44.291,717235,0.95,-0.23,-0.46,-24.8,1.5,2.3,-22.2,46.1,23.1,101.114,35.79,0,1,0,1,2,NONE,47,191,1.08027774206,24.9515530579,6.3805803463,0.0802777420645
2026-05-27T23:33:44.342,717287,0.99,-0.31,-0.4,-15.9,-5.4,2.7,-22.5,47.3,22.7,101.116,35.79,0,1,0,1,2,NONE,46,180,1.11184531298,17.0076453397,2.07121723351,0.111845312982
2026-05-27T23:33:44.387,717339,0.84,-0.33,-0.29,-20.1,-15.0,-2.1,-22.2,47.3,21.8,101.117,35.79,0,1,0,0,1,NONE,21,139,0.947945146092,25.1678366174,3.59774748728,0.0520548539077
2026-05-27T23:33:44.437,717385,0.87,-0.28,-0.36,-16.8,-12.8,0.2,-21.6,47.4,22.2,101.117,35.79,0,1,0,0,1,NONE,31,181,0.982293235241,21.1215529732,1.98052903894,0.0177067647591
2026-05-27T23:33:44.488,717437,0.78,-0.28,-0.26,-7.7,-13.4,1.8,-20.9,47.9,21.9,101.115,35.79,0,1,0,0,1,NONE,50,111,0.868562030024,15.5592416268,2.58723539367,0.131437969976
2026-05-27T23:33:44.540,717485,0.83,-0.35,-0.25,-14.8,-8.1,4.8,-21.0,49.0,22.1,101.119,35.79,0,1,0,0,1,NONE,31,104,0.934826187053,17.5410946067,1.80421959122,0.065173812947
2026-05-27T23:33:44.580,717537,0.82,-0.31,-0.27,-13.2,3.4,5.4,-20.5,49.6,20.3,101.115,35.79,0,1,0,1,2,NONE,22,133,0.917278583637,14.6615142465,0.881264556722,0.0827214163625
2026-05-27T23:33:44.634,717589,0.87,-0.29,-0.18,-5.5,12.4,6.4,-21.1,49.8,20.5,101.12,35.79,0,1,0,1,2,NONE,28,129,0.934558719396,14.9989999667,2.01694009263,0.0654412806035
2026-05-27T23:33:44.692,717637,0.93,-0.3,-0.21,-8.5,6.5,8.8,-21.4,50.3,20.9,101.119,35.79,0,1,0,0,1,NONE,31,126,0.999499874937,13.8542412279,1.41298541315,0.000500125062539
2026-05-27T23:33:44.740,717685,0.88,-0.33,-0.13,-9.5,-5.3,13.4,-20.8,50.0,21.3,101.119,35.79,0,1,0,0,1,NONE,34,166,0.94878870145,17.2597798364,2.06239477846,0.0512112985496
2026-05-27T23:33:44.791,717737,0.92,-0.27,-0.07,13.0,-9.9,16.2,-20.2,50.3,20.2,101.117,35.79,0,1,0,0,1,NONE,27,138,0.961353212924,23.0097805292,1.80400606147,0.0386467870756
2026-05-27T23:33:44.835,717787,0.95,-0.28,-0.07,13.5,-3.8,22.6,-19.4,49.7,21.6,101.119,35.8,0,1,0,0,1,NONE,32,137,0.99287461444,26.5979322505,0.632455532034,0.00712538555969
2026-05-27T23:33:44.888,717835,0.94,-0.26,-0.22,13.2,-2.9,16.4,-18.9,49.6,20.9,101.118,35.79,0,1,0,0,1,NONE,24,125,0.999799979996,21.2511176177,3.15953143502,0.000200020004001
2026-05-27T23:33:44.936,717887,0.84,-0.23,-0.27,29.1,1.5,10.7,-18.6,49.0,21.0,101.115,35.79,0,1,0,0,1,NONE,27,176,0.911811384004,31.0411017846,2.22612248131,0.0881886159956
2026-05-27T23:33:44.994,717939,0.99,-0.29,-0.26,-1.8,18.5,8.4,-18.3,48.9,23.3,101.116,35.79,0,1,0,0,1,NONE,36,142,1.06386089316,20.3973037434,3.11277193389,0.0638608931623
2026-05-27T23:33:45.032,717985,0.95,-0.1,-0.37,6.8,21.8,10.3,-19.1,48.7,21.6,101.117,35.8,0,1,0,0,1,NONE,17,122,1.02440226474,25.0513472692,4.85128556618,0.0244022647378
2026-05-27T23:33:45.089,718037,0.84,-0.17,-0.14,29.6,15.0,8.7,-18.7,49.0,21.8,101.116,35.79,0,1,0,0,1,NONE,34,101,0.868389313615,34.305247412,5.08434771785,0.131610686385
2026-05-27T23:33:45.140,718085,1.1,-0.08,-0.2,-7.1,32.5,8.6,-19.7,48.3,22.9,101.118,35.79,0,1,0,0,1,NONE,46,158,1.12089250154,34.3601513384,5.86671993347,0.120892501536
2026-05-27T23:33:45.188,718137,0.94,-0.11,-0.34,10.6,20.4,7.6,-20.2,48.5,22.6,101.118,35.8,0,1,0,0,1,NONE,50,178,1.0056341283,24.2132195298,4.1290212603,0.00563412829915
2026-05-27T23:33:45.238,718188,0.89,-0.11,-0.13,12.0,18.6,7.3,-20.2,48.3,23.2,101.115,35.79,0,1,0,0,1,NONE,26,116,0.906145683651,23.3077240416,4.23275159704,0.0938543163486
2026-05-27T23:33:45.286,718237,0.94,-0.17,-0.24,-17.3,23.3,-2.0,-20.7,48.4,22.2,101.122,35.8,0,1,0,0,1,NONE,22,109,0.984936546179,29.0891732437,2.7532117476,0.0150634538205
2026-05-27T23:33:45.337,718285,0.91,-0.08,-0.22,-14.1,20.1,-5.9,-21.4,49.1,22.2,101.117,35.79,0,1,0,0,1,NONE,40,144,0.939627585802,25.2513365983,2.01986660726,0.0603724141981
2026-05-27T23:33:45.391,718337,0.94,-0.22,-0.22,-26.4,5.1,-12.7,-22.3,49.9,21.4,101.12,35.79,0,1,0,0,1,NONE,56,278,0.990151503559,29.7365095463,2.75342712755,0.00984849644107
2026-05-27T23:33:45.427,718387,0.83,-0.14,-0.24,-13.2,24.7,-16.8,-22.6,49.9,21.8,101.119,35.79,0,1,0,0,1,NONE,151,617,0.875271386485,32.6583833035,2.74954541697,0.124728613515
2026-05-27T23:33:45.476,718436,1.11,-0.03,-0.7,31.1,15.0,-1.7,-23.5,50.0,20.6,101.121,35.8,0,1,0,0,1,NONE,91,420,1.31263094585,34.5702183968,11.2170661907,0.312630945849
2026-05-27T23:33:45.542,718487,0.95,-0.39,-0.46,-6.3,7.4,-6.7,-23.1,49.6,22.1,101.121,35.8,0,1,0,0,1,NONE,84,423,1.12525552654,11.8042365276,9.04514713308,0.125255526536
2026-05-27T23:33:45.588,718539,1.0,-0.29,-0.47,-6.3,-4.0,-11.3,-23.4,49.5,20.8,101.12,35.79,0,1,0,0,1,NONE,53,336,1.14236596588,13.541787179,2.15864849237,0.14236596588
2026-05-27T23:33:45.640,718585,0.92,-0.31,-0.4,-9.1,-11.6,-8.1,-24.0,50.3,19.9,101.118,35.79,0,1,0,0,1,NONE,83,426,1.05,16.8220093925,2.351446484,0.05
2026-05-27T23:33:45.692,718639,0.86,-0.28,-0.35,-0.7,-17.6,-5.7,-23.5,50.1,21.0,101.116,35.79,0,1,0,1,2,NONE,42,231,0.969793792515,18.5132385065,1.54937041951,0.0302062074853
2026-05-27T23:33:45.732,718685,0.83,-0.36,-0.31,-7.4,-17.1,-2.8,-23.4,50.3,20.7,101.119,35.79,0,1,0,1,2,NONE,48,228,0.95634721728,18.841709052,2.05086546349,0.0436527827196
2026-05-27T23:33:45.781,718737,0.85,-0.33,-0.32,-11.6,-12.9,-0.2,-22.6,50.1,20.6,101.119,35.79,0,1,0,1,2,NONE,63,376,0.966333275842,17.3496397657,0.719549497457,0.0336667241578
2026-05-27T23:33:45.831,718789,0.84,-0.3,-0.28,-7.1,-12.3,1.8,-21.9,51.0,21.3,101.116,35.79,0,1,0,1,2,NONE,72,436,0.934879671402,14.3157256191,0.980580675691,0.0651203285984
2026-05-27T23:33:45.891,718837,0.81,-0.36,-0.29,-12.7,-5.0,2.5,-22.4,51.1,19.8,101.118,35.79,0,1,0,0,1,NONE,63,357,0.932630687893,13.8758783506,1.41298541315,0.0673693121069
2026-05-27T23:33:45.938,718885,0.88,-0.3,-0.25,-9.5,-5.7,8.8,-21.9,51.0,20.4,101.117,35.79,0,1,0,0,1,NONE,94,540,0.96275645934,14.1484981535,2.09372408773,0.0372435406605
2026-05-27T23:33:45.991,718937,0.88,-0.29,-0.21,-1.0,-4.5,7.9,-21.4,51.4,19.7,101.118,35.79,0,1,0,0,1,NONE,81,435,0.950052630121,9.14658406182,0.792904928003,0.0499473698789
2026-05-27T23:33:46.040,718987,0.88,-0.26,-0.18,2.5,-2.5,13.3,-21.2,51.5,20.7,101.119,35.8,0,1,0,0,1,NONE,47,267,0.935093578205,13.761903938,0.848528137424,0.0649064217951
2026-05-27T23:33:46.083,719036,0.94,-0.26,-0.16,16.1,-5.2,14.8,-20.7,51.8,20.2,101.121,35.79,0,1,0,1,2,NONE,62,241,0.988331928048,22.4786565435,1.29072557558,0.0116680719515
2026-05-27T23:33:46.133,719087,0.91,-0.3,-0.18,11.0,0.2,18.8,-19.8,51.7,20.3,101.121,35.79,0,1,0,1,2,NONE,50,246,0.974935895329,21.7825618328,1.05591466807,0.0250641046715
2026-05-27T23:33:46.183,719139,0.87,-0.21,-0.28,25.4,0.7,18.6,-19.2,50.8,21.4,101.118,35.79,0,1,0,1,2,NONE,81,440,0.93776329636,31.4898396312,2.69916708608,0.06223670364
2026-05-27T23:33:46.228,719185,0.93,-0.19,-0.23,45.8,-20.6,14.5,-19.0,50.5,20.9,101.117,35.8,0,1,0,1,2,NONE,61,370,0.976678043165,52.2709288228,1.75266472789,0.0233219568353
2026-05-27T23:33:46.291,719237,1.02,-0.38,-0.33,18.7,24.0,12.6,-18.4,49.6,21.5,101.117,35.79,0,1,0,0,1,NONE,54,317,1.13740933705,32.9309884455,4.47709489493,0.137409337046
2026-05-27T23:33:46.339,719285,0.87,-0.05,-0.32,23.1,-1.9,26.1,-18.3,49.5,22.7,101.121,35.79,0,1,0,0,1,NONE,54,328,0.928331837222,34.9060166733,7.55477681853,0.071668162778
2026-05-27T23:33:46.387,719337,0.88,-0.13,-0.1,59.1,-6.2,16.7,-18.2,49.0,21.7,101.121,35.79,0,1,0,0,1,NONE,45,240,0.895153618101,61.7263314964,4.50591327456,0.104846381899
2026-05-27T23:33:46.435,719389,0.87,-0.22,-0.12,-26.2,4.4,-2.8,-17.9,48.5,24.0,101.119,35.79,0,1,0,0,1,NONE,62,368,0.905372851371,26.7140412517,1.78338817221,0.0946271486288
2026-05-27T23:33:46.484,719437,1.0,0.04,-0.17,19.0,11.8,8.9,-17.6,48.7,22.9,101.118,35.79,0,1,0,0,1,NONE,62,372,1.01513545894,24.0717676958,6.14495050156,0.0151354589413
2026-05-27T23:33:46.533,719485,1.01,-0.08,-0.11,20.9,18.9,6.1,-17.4,48.6,22.5,101.115,35.79,0,1,0,0,1,NONE,128,842,1.01911726509,28.8310596406,2.80283834314,0.0191172650878
2026-05-27T23:33:46.591,719537,0.9,-0.11,-0.09,10.4,34.9,-0.3,-18.1,48.3,23.3,101.115,35.79,0,1,0,0,1,NONE,108,594,0.911153115563,36.4178527648,2.22612248131,0.0888468844371
2026-05-27T23:33:46.641,719587,0.95,-0.12,-0.2,-13.1,19.0,-10.1,-18.9,48.2,24.3,101.121,35.79,0,1,0,0,1,NONE,106,431,0.978212655817,25.1916652883,2.4248711306,0.0217873441833
2026-05-27T23:33:46.689,719635,0.86,-0.09,-0.18,-10.7,20.4,-13.0,-19.7,48.7,24.2,101.116,35.79,0,1,0,0,1,NONE,58,278,0.88323269867,26.4508979054,2.01986660726,0.11676730133
2026-05-27T23:33:46.740,719687,0.92,-0.17,-0.21,-33.4,19.8,-18.9,-20.8,49.4,22.3,101.121,35.79,0,1,0,0,1,NONE,49,267,0.958853482029,43.1834459023,2.00775125171,0.0411465179706
2026-05-27T23:33:46.790,719739,0.95,0.09,-0.42,5.9,56.0,-13.5,-20.8,49.5,22.7,101.115,35.79,0,1,0,0,1,NONE,196,490,1.04259292152,57.905612854,6.45306220599,0.0425929215183
2026-05-27T23:33:46.839,719785,1.06,-0.35,-0.35,27.7,5.7,-7.3,-22.2,49.3,21.8,101.119,35.79,0,1,0,0,1,NONE,119,389,1.16987178785,29.2073620856,9.97634252659,0.169871787847
2026-05-27T23:33:46.890,719837,1.06,-0.17,-0.48,-8.2,15.3,-1.0,-23.9,49.0,22.7,101.118,35.79,0,0,0,0,0,NONE,83,404,1.17596768663,17.3876392877,4.26992371369,0.175967686631
2026-05-27T23:33:46.931,719885,0.96,-0.32,-0.5,-2.3,5.4,-6.8,-23.9,50.2,23.2,101.117,35.79,0,0,0,0,0,NONE,96,367,1.12871608476,8.98276126812,3.77882440567,0.128716084762
2026-05-27T23:33:46.990,719937,1.02,-0.25,-0.44,13.6,-3.2,-3.3,-24.6,49.4,22.9,101.119,35.79,0,0,0,0,0,NONE,69,301,1.1386395391,14.3558350506,2.11538461538,0.138639539099
2026-05-27T23:33:47.043,719989,0.84,-0.39,-0.38,-3.2,-11.8,-6.0,-23.7,49.8,22.7,101.115,35.79,0,0,0,0,0,NONE,54,296,1.00104944933,13.619104229,4.53454850867,0.00104944932805
2026-05-27T23:33:47.092,720037,0.86,-0.32,-0.32,-4.9,-6.8,-0.2,-23.7,49.5,21.8,101.118,35.79,0,1,0,0,1,NONE,41,245,0.971802449061,8.38391316749,1.96541273585,0.0281975509395
2026-05-27T23:33:47.140,720085,0.89,-0.33,-0.4,-11.7,-15.9,-3.0,-23.2,49.1,22.8,101.116,35.79,0,1,0,0,1,NONE,106,520,1.03004854255,19.9674735508,1.7921510973,0.0300485425454
2026-05-27T23:33:47.191,720137,0.81,-0.26,-0.28,-7.1,-8.4,2.3,-22.9,49.8,22.5,101.119,35.79,0,0,0,0,0,NONE,255,951,0.895600357302,11.2365475125,3.08292683498,0.104399642698
2026-05-27T23:33:47.237,720187,0.79,-0.35,-0.21,-10.2,-10.1,6.2,-22.8,50.0,22.1,101.117,35.79,0,0,0,0,0,NONE,313,1398,0.889213135306,15.6361760031,2.31516738056,0.110786864694
2026-05-27T23:33:47.284,720235,1.0,-0.33,-0.25,-25.8,-89.8,8.9,-21.6,50.6,21.1,101.119,35.79,0,1,0,0,1,NONE,217,1182,1.08231233939,93.8556870946,4.47310636533,0.0823123393919
2026-05-27T23:33:47.332,720287,0.89,-0.21,-0.18,-4.2,-27.5,11.6,-19.7,51.1,21.3,101.119,35.79,0,1,0,0,1,NONE,64,342,0.931987124375,30.140504309,3.40770098974,0.0680128756254
2026-05-27T23:33:47.392,720339,0.84,-0.31,-0.12,-4.3,-6.0,9.5,-19.4,50.9,21.1,101.116,35.79,0,1,0,0,1,NONE,261,1166,0.903382532486,12.0307938225,2.44011106547,0.0966174675145
2026-05-27T23:33:47.428,720385,0.84,-0.29,-0.01,0.0,7.0,18.1,-18.4,51.3,21.1,101.115,35.79,0,1,0,0,1,NONE,446,2133,0.88870692582,19.4064422293,2.4305086712,0.11129307418
2026-05-27T23:33:47.494,720437,0.96,-0.2,-0.17,9.8,-1.5,21.7,-18.9,51.3,21.2,101.116,35.79,0,1,0,0,1,NONE,255,1748,0.995238664844,23.8574935817,4.21763696143,0.00476133515624
2026-05-27T23:33:47.540,720485,0.96,-0.24,-0.05,1.0,-28.1,18.1,-17.7,51.4,21.3,101.121,35.79,0,1,0,0,1,NONE,81,476,0.990807751282,33.4397966501,2.63523138347,0.00919224871825
2026-05-27T23:33:47.593,720537,1.06,-0.34,-0.21,10.4,-4.0,17.5,-17.0,51.3,20.9,101.116,35.79,0,1,0,0,1,NONE,240,1053,1.13282831886,20.7463249758,4.10656855847,0.132828318855
2026-05-27T23:33:47.643,720589,0.91,-0.12,-0.14,-15.6,8.9,15.2,-15.9,52.1,21.3,101.122,35.79,0,1,0,0,1,NONE,165,914,0.928493403315,23.5289183772,5.29457688382,0.0715065966847
2026-05-27T23:33:47.684,720637,0.95,-0.08,-0.11,21.5,18.2,21.4,-16.6,51.6,21.8,101.117,35.79,0,1,0,0,1,NONE,49,308,0.959687449121,35.3758392127,1.33398421613,0.0403125508792
2026-05-27T23:33:47.732,720685,0.92,0.04,-0.32,28.9,30.7,10.8,-16.9,51.6,21.7,101.119,35.79,0,1,0,0,1,NONE,44,197,0.974884608556,43.5240163588,5.0775240029,0.0251153914437
2026-05-27T23:33:47.793,720737,0.96,-0.01,-0.26,32.7,18.9,7.4,-16.8,51.2,22.5,101.12,35.79,0,1,0,0,1,NONE,33,152,0.994635611669,38.4871407096,1.68749315142,0.00536438833108
2026-05-27T23:33:47.833,720787,1.01,-0.12,-0.17,28.3,17.2,3.1,-17.3,50.1,22.8,101.118,35.79,0,1,0,0,1,NONE,140,664,1.03121287812,33.2616896745,3.01330383466,0.0312128781197
2026-05-27T23:33:47.886,720835,0.95,0.02,-0.29,28.3,25.3,0.5,-17.8,49.7,23.4,101.116,35.79,0,1,0,0,1,NONE,88,476,0.993478736562,37.9635351357,4.03973321451,0.00652126343842
2026-05-27T23:33:47.939,720887,0.98,-0.06,-0.24,39.6,28.4,4.2,-18.1,48.9,23.4,101.117,35.79,0,1,0,0,1,NONE,56,322,1.01074230148,48.9117572778,1.90374902627,0.0107423014795
2026-05-27T23:33:47.993,720939,0.96,-0.03,-0.25,15.6,22.9,-3.5,-19.2,49.0,23.6,101.117,35.79,0,1,0,0,1,NONE,84,471,0.992471662064,27.9288381427,0.719549497457,0.00752833793604
2026-05-27T23:33:48.031,720985,0.87,-0.06,-0.19,24.5,23.4,-7.9,-20.3,48.4,23.3,101.122,35.79,0,1,0,0,1,NONE,105,808,0.892524509467,34.7882163958,2.4402113392,0.107475490533
2026-05-27T23:33:48.088,721037,0.93,-0.1,-0.2,-4.3,25.8,-14.9,-20.9,48.0,24.7,101.12,35.79,0,1,0,0,1,NONE,61,375,0.95650405122,30.102159391,1.40002113255,0.0434959487801
2026-05-27T23:33:48.141,721085,0.85,-0.18,-0.2,-20.7,6.2,-20.2,-21.5,48.6,24.2,101.119,35.79,0,1,0,0,1,NONE,73,561,0.891571646027,29.5798918186,2.35702260396,0.108428353973
2026-05-27T23:33:48.191,721137,0.84,-0.24,-0.28,-37.0,-6.5,-28.5,-21.9,49.0,23.1,101.116,35.79,0,1,0,0,1,NONE,265,1121,0.917387595294,47.1540030114,1.93266838868,0.0826124047056
2026-05-27T23:33:48.239,721188,1.54,0.05,-0.6,13.9,-32.0,-7.6,-23.0,49.2,22.8,101.12,35.79,0,1,0,0,1,NONE,316,1080,1.65351141514,35.7067220562,16.1273764823,0.653511415141
2026-05-27T23:33:48.288,721237,0.87,-0.49,-0.28,2.9,-14.8,-13.5,-21.9,49.6,23.6,101.115,35.79,0,1,0,0,1,NONE,76,484,1.03701494685,20.2410474037,18.7366501135,0.0370149468547
2026-05-27T23:33:48.335,721285,0.97,-0.09,-0.34,11.5,6.1,-0.7,-21.6,49.1,23.3,101.119,35.79,0,1,0,0,1,NONE,381,2550,1.03179455319,13.0364872569,8.68027777333,0.0317945531936
2026-05-27T23:33:48.388,721337,0.94,-0.37,-0.38,11.0,14.4,-7.6,-22.3,48.6,23.9,101.117,35.79,0,1,0,0,1,NONE,519,3099,1.07930533215,19.6499363867,5.4697933282,0.0793053321466
2026-05-27T23:33:48.442,721387,0.83,-0.31,-0.19,-1.3,-17.8,-2.7,-22.3,48.6,24.1,101.117,35.79,0,1,0,0,1,NONE,141,753,0.906145683651,18.050484758,4.5519226707,0.0938543163486
2026-05-27T23:33:48.479,721435,0.91,-0.27,-0.12,-6.7,-6.0,-5.1,-21.2,48.9,23.8,101.121,35.79,0,1,0,0,1,NONE,94,741,0.956765383989,10.3392456205,2.36621181075,0.0432346160108
2026-05-27T23:33:48.532,721487,0.79,-0.32,-0.17,-11.0,20.8,-3.0,-21.6,48.4,23.8,101.118,35.79,0,1,0,0,1,NONE,229,1845,0.869137503506,23.7200337268,2.67853620715,0.130862496494
2026-05-27T23:33:48.593,721539,0.91,-0.31,-0.3,-5.8,7.6,0.3,-21.4,48.8,22.8,101.119,35.79,0,1,0,0,1,NONE,70,554,1.00707497238,9.5650405122,3.40770098974,0.00707497238289
2026-05-27T23:33:48.624,721585,0.88,-0.27,-0.34,-8.6,16.2,-2.0,-22.3,49.3,22.8,101.117,35.79,0,1,0,0,1,NONE,51,246,0.981274681218,18.4499322492,1.39198352988,0.0187253187817
2026-05-27T23:33:48.692,721637,0.9,-0.31,-0.34,-22.1,8.9,1.2,-22.5,49.5,22.7,101.12,35.79,0,1,0,0,1,NONE,50,330,1.01079176886,23.854978516,0.860026145192,0.0107917688624
2026-05-27T23:33:48.739,721685,0.89,-0.29,-0.25,-25.3,-0.1,4.9,-22.7,50.0,21.3,101.117,35.78,0,1,0,0,1,NONE,33,165,0.968865315717,25.770331779,1.93200385323,0.0311346842827
2026-05-27T23:33:48.789,721737,0.82,-0.27,-0.24,-19.3,7.8,14.6,-22.7,51.0,20.7,101.117,35.8,0,1,0,0,1,NONE,33,142,0.896046873774,25.4261676231,1.4131671593,0.103953126226
2026-05-27T23:33:48.834,721788,0.91,-0.25,-0.27,2.9,-7.4,17.7,-22.4,51.5,20.9,101.121,35.79,0,1,0,0,1,NONE,27,119,0.981580358402,19.4025771484,1.90105092448,0.0184196415983
2026-05-27T23:33:48.882,721837,0.91,-0.19,-0.19,8.2,-5.4,21.1,-22.2,50.8,20.4,101.117,35.79,0,1,0,0,1,NONE,36,99,0.94884139876,23.2725159792,2.04081632653,0.0511586012404
2026-05-27T23:33:48.934,721885,0.92,-0.25,-0.12,1.3,3.6,17.9,-21.2,51.3,20.9,101.116,35.79,0,1,0,0,1,NONE,60,89,0.960885008729,18.3046442194,1.93200385323,0.0391149912711
2026-05-27T23:33:48.978,721937,0.92,-0.27,-0.25,23.5,4.0,18.5,-20.4,51.6,21.5,101.118,35.79,0,0,0,0,0,NONE,38,90,0.990858213873,30.1744925392,2.52941277653,0.00914178612679
2026-05-27T23:33:49.036,721987,0.9,-0.16,-0.34,30.2,10.8,15.6,-20.3,50.5,21.5,101.119,35.79,0,0,0,0,0,NONE,69,257,0.975294827219,35.665669768,2.87054001888,0.0247051727811
2026-05-27T23:33:49.090,722035,0.87,-0.23,-0.3,4.8,16.0,1.6,-20.6,49.7,22.4,101.118,35.79,0,0,0,0,0,NONE,48,299,0.948577882938,16.7809415707,1.7921510973,0.0514221170615
2026-05-27T23:33:49.139,722087,1.04,-0.01,-0.43,29.8,22.8,11.0,-20.7,50.3,23.1,101.118,35.79,0,0,0,0,0,NONE,57,214,1.12543324991,39.1008951304,5.90231125124,0.125433249909
2026-05-27T23:33:49.186,722139,0.88,-0.08,-0.2,59.1,-3.7,7.7,-21.3,49.9,23.2,101.121,35.78,0,1,0,0,1,NONE,66,374,0.905980132232,59.7142361586,5.55366503007,0.0940198677675
2026-05-27T23:33:49.239,722185,0.93,-0.17,-0.17,22.3,17.7,-0.2,-21.0,48.9,24.9,101.116,35.79,0,1,0,0,1,NONE,121,561,0.960572745814,28.4713891477,2.3312620206,0.0394272541863
2026-05-27T23:33:49.283,722239,1.06,0.03,-0.41,13.2,20.9,-0.4,-21.4,48.4,23.8,101.114,35.79,0,1,0,0,1,NONE,62,351,1.13692567919,24.722661669,6.26626826507,0.136925679189
2026-05-27T23:33:49.330,722285,0.94,-0.08,-0.23,24.3,-4.2,-2.7,-21.6,48.1,24.2,101.116,35.78,0,1,0,0,1,NONE,38,247,0.971030380575,24.8076601073,5.27593960848,0.0289696194248
2026-05-27T23:33:49.391,722337,0.91,-0.08,-0.27,15.4,10.9,-2.4,-22.0,47.8,24.1,101.114,35.79,0,0,0,0,0,NONE,75,402,0.952575456329,19.0192008244,0.961538461538,0.0474245436712
2026-05-27T23:33:49.443,722388,0.97,-0.08,-0.26,4.7,6.1,-5.9,-22.4,48.3,24.7,101.115,35.79,0,0,0,0,0,NONE,67,368,1.00742245359,9.70103087306,1.19269853535,0.00742245359134
2026-05-27T23:33:49.491,722436,0.9,-0.11,-0.22,-7.9,4.2,-9.8,-22.1,47.5,24.5,101.118,35.79,0,1,0,0,1,NONE,83,462,0.933005894944,13.2698907305,1.7921510973,0.0669941050561
2026-05-27T23:33:49.540,722485,0.82,-0.13,-0.17,-11.0,6.9,-11.7,-22.4,48.0,24.9,101.118,35.78,0,1,0,0,1,NONE,69,461,0.84746681351,17.4785582929,1.96809199204,0.15253318649
2026-05-27T23:33:49.589,722537,0.96,-0.06,-0.48,-20.0,28.0,-12.8,-23.3,48.3,23.9,101.12,35.78,0,0,0,0,0,NONE,51,331,1.07498837203,36.7129404979,6.67836744392,0.0749883720301
2026-05-27T23:33:49.638,722587,1.08,-0.35,-0.57,-24.2,2.5,-12.1,-24.0,48.7,23.8,101.119,35.79,0,0,0,0,0,NONE,141,364,1.27035428129,27.1716764297,6.52993108693,0.270354281293
2026-05-27T23:33:49.686,722635,0.91,-0.08,-0.45,-12.9,10.1,2.2,-24.3,48.9,22.3,101.116,35.78,0,0,0,0,0,NONE,55,345,1.01833196945,16.5305777274,7.10169189544,0.0183319694481
2026-05-27T23:33:49.734,722687,1.01,-0.35,-0.47,-4.3,-6.7,-8.3,-24.7,49.4,23.6,101.121,35.78,0,0,0,0,0,NONE,49,227,1.16769002736,11.5008695323,5.55033449602,0.167690027362
2026-05-27T23:33:49.785,722739,0.9,-0.26,-0.37,-9.1,-8.7,-8.8,-24.1,48.8,22.2,101.122,35.79,0,0,0,0,0,NONE,65,341,1.00722390758,15.3603385379,3.34195138404,0.00722390757964
2026-05-27T23:33:49.830,722785,0.87,-0.26,-0.38,-3.7,-14.6,-8.7,-24.6,49.1,22.7,101.119,35.78,0,0,0,0,0,NONE,38,234,0.984327181378,17.3936770121,0.687451665254,0.0156728186218
2026-05-27T23:33:49.891,722837,0.82,-0.3,-0.32,-2.4,-13.5,-3.5,-24.6,49.1,22.1,101.116,35.79,0,0,0,0,0,NONE,29,163,0.929946235005,14.1513250263,1.68749315142,0.070053764995
2026-05-27T23:33:49.943,722885,0.86,-0.32,-0.33,-10.5,-9.8,-2.7,-24.7,49.5,22.5,101.114,35.77,0,0,0,0,0,NONE,31,149,0.975141015443,14.6143764834,0.954703269782,0.0248589845566
2026-05-27T23:33:49.991,722937,0.87,-0.28,-0.29,-11.8,-4.6,1.2,-24.2,50.2,22.7,101.119,35.79,0,0,0,0,0,NONE,45,199,0.958853482029,12.721635115,1.10472358587,0.0411465179706
2026-05-27T23:33:50.035,722989,0.85,-0.33,-0.26,-11.3,-5.1,3.5,-23.7,50.5,22.9,101.118,35.78,0,0,0,0,0,NONE,56,298,0.948156105291,12.8821582043,1.18546423134,0.0518438947093
2026-05-27T23:33:50.084,723037,0.88,-0.33,-0.24,-11.8,-5.3,10.9,-23.1,50.9,22.3,101.119,35.79,0,0,0,0,0,NONE,40,201,0.97,16.9156732056,0.751156515722,0.03
2026-05-27T23:33:50.132,723085,0.9,-0.27,-0.19,-6.7,-4.2,13.0,-22.8,51.3,21.1,101.115,35.79,0,0,0,0,0,NONE,39,195,0.958644876897,15.2161098839,1.6796370309,0.0413551231035
2026-05-27T23:33:50.184,723138,0.94,-0.24,-0.21,0.9,-4.2,14.3,-22.4,51.2,21.0,101.118,35.78,0,0,0,0,0,NONE,32,157,0.992622788374,14.9311754393,1.01606883153,0.00737721162569
2026-05-27T23:33:50.241,723187,0.89,-0.21,-0.21,6.8,-6.8,13.4,-22.0,51.5,21.1,101.119,35.78,0,0,0,0,0,NONE,40,273,0.938243038876,16.493635136,1.18999018262,0.0617569611236
2026-05-27T23:33:50.280,723236,0.91,-0.27,-0.17,18.5,-4.8,16.8,-21.5,51.6,20.9,101.118,35.78,0,0,0,0,0,NONE,33,182,0.964313227121,25.4466107763,1.52720709664,0.0356867728793
2026-05-27T23:33:50.339,723287,0.98,-0.23,-0.21,22.3,1.5,19.5,-21.3,51.0,21.8,101.113,35.78,0,0,0,0,0,NONE,35,160,1.02829956725,29.6612541879,1.76470588235,0.0282995672468
2026-05-27T23:33:50.387,723339,0.88,-0.22,-0.39,30.9,-7.5,7.7,-20.5,51.5,22.0,101.121,35.78,0,0,0,0,0,NONE,45,231,0.98737024464,32.7162039363,3.96452464002,0.0126297553602
2026-05-27T23:33:50.439,723385,1.07,-0.13,-0.14,31.3,-8.1,7.6,-20.4,50.2,23.4,101.118,35.77,0,0,0,0,0,NONE,43,253,1.08692226033,33.2123471016,7.10107955264,0.0869222603296
2026-05-27T23:33:50.484,723437,0.89,-0.16,-0.3,42.1,-5.1,6.1,-19.8,50.4,24.0,101.119,35.79,0,1,0,0,1,NONE,46,169,0.952732911156,42.8442528235,4.66717734597,0.0472670888439
2026-05-27T23:33:50.538,723486,0.93,-0.05,-0.04,31.2,0.2,0.5,-19.8,50.4,24.0,101.116,35.79,0,1,0,0,1,NONE,27,128,0.932201694914,31.2046470898,5.81901119567,0.0677983050863
2026-05-27T23:33:50.589,723537,1.02,-0.13,-0.22,1.8,18.8,2.8,-19.8,48.9,25.4,101.119,35.79,0,0,0,0,0,NONE,27,156,1.05152270541,19.0924068677,4.24635447602,0.0515227054134
2026-05-27T23:33:50.643,723589,0.92,0.01,-0.18,22.9,-0.9,5.2,-19.6,48.3,24.4,101.119,35.79,0,0,0,0,0,NONE,29,178,0.937496666661,23.500212765,3.39683110243,0.0625033333393
2026-05-27T23:33:50.691,723637,0.92,-0.11,-0.11,27.5,15.4,0.2,-20.1,47.3,25.6,101.121,35.78,0,0,0,0,0,NONE,32,158,0.933059483634,31.5190418636,2.89425916447,0.0669405163656
2026-05-27T23:33:50.740,723685,0.82,-0.13,-0.19,2.3,18.1,-2.3,-20.4,47.0,26.5,101.115,35.78,0,0,0,0,0,NONE,27,127,0.851704173995,18.3899429037,2.70030862434,0.148295826005
2026-05-27T23:33:50.791,723737,0.94,-0.11,-0.11,9.2,11.4,-8.4,-21.3,47.6,25.0,101.121,35.78,0,1,0,0,1,NONE,31,106,0.952785390316,16.8866811422,2.80004226511,0.0472146096838
2026-05-27T23:33:50.839,723787,0.88,-0.13,-0.09,-2.4,11.2,-12.8,-21.1,47.4,26.2,101.119,35.78,0,1,0,0,1,NONE,30,142,0.89409171789,17.1767284429,1.32664991614,0.10590828211
2026-05-27T23:33:50.891,723835,0.62,-0.17,-0.12,-0.2,7.9,-18.0,-21.7,46.9,25.9,101.117,35.78,0,1,0,0,1,NONE,34,130,0.65398776747,19.658331567,5.51591762286,0.34601223253
2026-05-27T23:33:50.942,723887,0.39,-0.3,-0.26,-42.5,35.7,-1.7,-22.6,47.9,24.7,101.117,35.79,0,1,0,0,1,NONE,56,238,0.556506963119,55.5304421016,5.74996784143,0.443493036881
2026-05-27T23:33:50.992,723939,0.11,-0.33,-0.35,-72.9,53.5,-16.0,-24.4,49.6,23.3,101.122,35.79,0,0,0,0,0,NONE,50,287,0.493457191659,91.8295159521,5.68528673042,0.506542808341
2026-05-27T23:33:51.027,723985,0.33,0.18,-0.18,-127.4,64.6,-4.5,-26.3,52.1,20.0,101.123,35.79,0,0,0,0,0,NONE,50,337,0.416773319683,142.913155448,12.6274223752,0.583226680317
2026-05-27T23:33:51.092,724037,0.2,-0.04,-0.35,-98.4,78.2,-21.9,-28.0,54.5,17.5,101.121,35.79,0,0,0,0,0,NONE,337,1578,0.405092582011,127.582953407,5.90231125124,0.594907417989
2026-05-27T23:33:51.140,724085,1.42,-0.24,-2.03,68.7,117.2,-18.6,-31.6,54.5,15.1,101.121,35.78,0,0,0,0,0,NONE,253,593,2.48895560426,137.118525371,43.4553570409,1.48895560426
2026-05-27T23:33:51.188,724138,1.31,-1.42,-1.65,126.9,94.5,2.8,-34.5,52.0,16.3,101.119,35.79,0,0,0,0,0,NONE,283,645,2.54066920318,158.245695044,23.4820398257,1.54066920318
2026-05-27T23:33:51.240,724188,1.37,-0.14,-1.26,73.2,81.5,-6.4,-36.2,50.5,17.6,101.122,35.78,0,0,0,0,0,NONE,81,363,1.86657440248,109.733540907,26.7888036314,0.866574402482
2026-05-27T23:33:51.290,724237,1.0,-0.6,-0.95,23.0,45.3,-31.6,-37.4,49.3,18.5,101.121,35.78,0,0,0,0,0,NONE,125,378,1.50416089565,59.8301763327,13.607822921,0.504160895649
2026-05-27T23:33:51.335,724285,0.99,-0.72,-0.77,-8.9,24.4,-14.6,-38.5,48.6,18.5,101.121,35.78,0,0,0,0,0,NONE,43,250,1.44616734855,29.7947982037,4.51175163077,0.446167348546
2026-05-27T23:33:51.381,724337,0.88,-0.22,-0.63,-39.7,-11.2,0.9,-38.5,49.1,16.6,101.118,35.78,0,0,0,0,0,NONE,76,419,1.10440028975,41.2594231661,10.2068111613,0.10440028975
2026-05-27T23:33:51.432,724387,0.53,-0.32,-0.49,-30.5,-43.6,15.2,-37.7,50.1,16.1,101.123,35.79,0,0,0,0,0,NONE,28,138,0.789556837726,55.3376002371,7.8,0.210443162274
2026-05-27T23:33:51.491,724435,0.38,-0.07,-0.6,-9.3,-39.7,23.0,-36.9,50.7,16.6,101.122,35.78,0,0,0,0,0,NONE,92,126,0.713652576538,46.8143140503,6.4918485212,0.286347423462
2026-05-27T23:33:51.541,724487,0.62,-0.28,-0.69,7.8,-33.5,15.4,-35.5,51.2,17.4,101.122,35.78,0,0,0,0,0,NONE,29,171,0.968968523741,37.6862043724,6.37232366376,0.0310314762594
2026-05-27T23:33:51.588,724539,0.68,-0.45,-0.6,-3.1,-21.7,8.4,-34.5,50.5,18.5,101.119,35.78,0,0,0,0,0,NONE,43,88,1.01237344888,23.4746671968,3.87489263069,0.0123734488814
2026-05-27T23:33:51.639,724585,0.76,-0.65,-0.58,-29.8,-14.2,30.9,-34.0,51.3,18.4,101.12,35.78,0,0,0,0,0,NONE,74,194,1.15607093208,45.216036978,4.702892968,0.15607093208
2026-05-27T23:33:51.687,724637,0.76,-0.46,-0.54,-34.5,-8.3,24.9,-32.9,52.5,16.6,101.12,35.79,0,0,0,0,0,NONE,42,203,1.03961531347,43.3491637751,3.73393996903,0.0396153134694
2026-05-27T23:33:51.731,724685,0.69,-0.31,-0.39,-40.8,4.3,14.2,-32.7,53.2,15.9,101.12,35.78,0,0,0,0,0,NONE,35,159,0.851058164875,43.4139378541,4.6538141466,0.148941835125
2026-05-27T23:33:51.788,724737,0.8,-0.29,-0.41,-24.5,-3.8,17.0,-31.9,54.3,16.1,101.12,35.78,0,0,0,0,0,NONE,40,249,0.944563391203,30.0614370914,2.18419551762,0.0554366087975
2026-05-27T23:33:51.843,724789,0.88,-0.25,-0.44,-4.0,-15.7,10.4,-31.7,54.6,14.8,101.122,35.78,0,0,0,0,0,NONE,33,223,1.01513545894,19.2522725931,1.81422714078,0.0151354589413
2026-05-27T23:33:51.891,724837,0.72,-0.36,-0.3,17.5,-30.2,0.0,-31.0,54.8,15.3,101.118,35.78,0,0,0,0,0,NONE,43,219,0.859069263797,34.9040112308,4.98696216816,0.140930736203
2026-05-27T23:33:51.939,724885,0.88,-0.37,-0.39,30.7,-19.1,-3.1,-30.7,54.1,15.9,101.12,35.77,0,0,0,0,0,NONE,49,244,1.03121287812,36.2892546079,3.83016173143,0.0312128781197
2026-05-27T23:33:51.988,724937,0.79,-0.25,-0.34,52.5,-31.7,-0.2,-29.6,53.8,17.4,101.121,35.77,0,0,0,0,0,NONE,54,330,0.895656184035,61.3284599513,3.04065159632,0.104343815965
2026-05-27T23:33:52.040,724987,0.87,-0.18,-0.4,81.6,-34.5,0.7,-29.4,52.3,19.2,101.119,35.78,0,0,0,0,0,NONE,27,140,0.974320275885,88.5962753167,2.44131112315,0.0256797241153
2026-05-27T23:33:52.088,725035,0.96,-0.25,-0.3,86.3,-32.1,7.4,-28.3,51.3,22.0,101.118,35.78,0,0,0,0,0,NONE,32,181,1.03638795825,92.373481043,3.15953143502,0.0363879582473
2026-05-27T23:33:52.131,725087,0.91,-0.19,-0.43,79.6,-34.2,2.9,-27.3,49.6,23.2,101.115,35.77,0,0,0,0,0,NONE,20,108,1.02425582742,86.6845430282,2.9164905554,0.0242558274181
2026-05-27T23:33:52.180,725139,0.81,-0.33,-0.33,72.3,-28.8,3.4,-26.0,48.5,25.2,101.12,35.78,0,0,0,0,0,NONE,41,233,0.934826187053,77.899229778,3.8268747581,0.065173812947
2026-05-27T23:33:52.231,725185,0.87,-0.34,-0.5,70.9,-13.1,4.5,-25.2,47.0,27.0,101.119,35.78,0,0,0,0,0,NONE,45,225,1.05948100502,72.240362679,3.92510219245,0.0594810050209
2026-05-27T23:33:52.293,725237,0.82,-0.25,-0.45,18.7,-30.9,5.4,-25.0,44.9,27.5,101.121,35.78,0,0,0,0,0,NONE,59,241,0.968194195397,36.5193099606,2.20106214274,0.0318058046032
2026-05-27T23:33:52.329,725285,0.99,-0.06,-0.41,25.9,6.0,-4.1,-24.2,44.8,27.6,101.117,35.77,0,0,0,0,0,NONE,56,294,1.07321945566,26.900185873,5.3764532919,0.0732194556567
2026-05-27T23:33:52.389,725337,1.0,-0.16,-0.42,79.8,-13.9,3.4,-24.0,43.1,28.9,101.122,35.77,0,1,0,0,1,NONE,52,233,1.09635760589,81.0728684579,1.94221248815,0.0963576058933
2026-05-27T23:33:52.441,725389,0.83,-0.15,-0.24,29.5,-3.5,-2.9,-23.7,41.0,29.4,101.119,35.78,0,1,0,0,1,NONE,36,122,0.876926450736,29.8481155184,4.76519680514,0.123073549264
2026-05-27T23:33:52.489,725437,0.98,-0.12,-0.32,23.7,8.5,-0.9,-23.4,41.2,29.1,101.119,35.77,0,0,0,0,0,NONE,23,130,1.03788245963,25.1942453747,3.59639093784,0.0378824596263
2026-05-27T23:33:52.537,725485,0.92,-0.05,-0.24,13.2,-4.8,-1.8,-24.1,40.8,29.4,101.117,35.77,0,0,0,0,0,NONE,44,219,0.952102935611,14.1605084654,2.54303241994,0.0478970643885
2026-05-27T23:33:52.581,725537,0.96,-0.04,-0.29,21.9,4.5,-7.3,-23.5,39.9,30.3,101.12,35.77,0,0,0,0,0,NONE,42,280,1.00364336295,23.5191411408,1.24629628816,0.0036433629532
2026-05-27T23:33:52.634,725587,0.94,-0.1,-0.27,15.6,-2.0,-6.1,-23.9,39.7,29.2,101.118,35.77,0,0,0,0,0,NONE,44,243,0.983107318659,16.8692027079,1.32664991614,0.0168926813415
2026-05-27T23:33:52.682,725635,0.98,-0.07,-0.28,25.0,-2.0,-7.1,-23.5,39.4,30.3,101.12,35.79,0,0,0,0,0,NONE,23,163,1.02161636635,26.0654944323,1.062295732,0.0216163663528
2026-05-27T23:33:52.741,725687,0.91,-0.13,-0.26,16.7,-6.8,-10.4,-22.8,38.4,30.2,101.125,35.77,0,0,0,0,0,NONE,27,127,0.955300999685,20.8156191356,1.81422714078,0.0446990003146
2026-05-27T23:33:52.793,725739,0.92,-0.14,-0.39,-1.2,0.1,-5.6,-23.1,38.0,29.2,101.123,35.78,0,0,0,0,0,NONE,35,124,1.00900941522,5.72800139665,2.5147493905,0.00900941521871
2026-05-27T23:33:52.839,725785,0.93,-0.23,-0.35,16.2,-12.1,5.3,-23.0,38.3,30.5,101.118,35.77,0,0,0,0,0,NONE,37,131,1.01995097921,20.9031098165,2.15206411665,0.0199509792142
2026-05-27T23:33:52.892,725837,0.91,-0.23,-0.24,-10.0,-6.2,4.3,-22.1,37.8,32.2,101.122,35.78,0,1,0,0,1,NONE,24,98,0.968813707583,12.5271704706,2.15006536298,0.0311862924174
2026-05-27T23:33:52.940,725885,1.02,-0.09,-0.26,7.8,-8.2,5.2,-21.8,38.0,31.0,101.119,35.77,0,1,0,0,1,NONE,30,188,1.05645634079,12.4547179816,3.73259851399,0.0564563407922
2026-05-27T23:33:52.986,725937,1.01,-0.24,-0.18,44.5,-24.8,2.0,-21.0,37.7,29.8,101.122,35.77,0,1,0,0,1,NONE,40,220,1.05361283212,50.9832325378,3.27488199345,0.0536128321162
2026-05-27T23:33:53.040,725989,0.9,-0.3,-0.17,-5.8,-12.9,1.4,-19.6,36.9,30.0,101.12,35.78,0,1,0,0,1,NONE,46,267,0.963794583923,14.213022198,2.41727020961,0.0362054160766
2026-05-27T23:33:53.084,726037,0.92,-0.15,-0.17,6.0,-17.1,10.9,-19.4,37.6,30.9,101.118,35.77,0,1,0,0,1,NONE,39,206,0.94752308679,21.1475766933,3.15265540634,0.05247691321
2026-05-27T23:33:53.130,726085,0.81,-0.08,-0.2,28.3,-9.2,9.8,-18.5,37.7,32.1,101.116,35.77,0,1,0,0,1,NONE,41,208,0.838152730712,31.3300175551,2.78731003339,0.161847269288
2026-05-27T23:33:53.191,726137,0.77,-0.16,-0.14,30.0,-13.4,6.5,-18.1,36.9,30.8,101.119,35.78,0,1,0,0,1,NONE,54,218,0.798811617342,33.493432192,2.07121723351,0.201188382658
2026-05-27T23:33:53.240,726187,0.74,-0.12,-0.24,21.5,0.5,-1.8,-17.3,35.7,32.3,101.12,35.78,0,1,0,0,1,NONE,44,204,0.787146746166,21.581010171,2.2360679775,0.212853253834
2026-05-27T23:33:53.291,726236,0.35,0.05,-0.21,32.3,24.6,-19.2,-17.1,35.5,31.4,101.121,35.77,0,1,0,0,1,NONE,43,218,0.411217703899,44.9120251158,8.70402780087,0.588782296101
2026-05-27T23:33:53.341,726287,0.31,0.15,-0.38,19.5,22.5,-5.4,-17.7,34.7,30.4,101.12,35.77,0,1,0,0,1,NONE,89,251,0.512835256198,30.2598744214,3.94600231323,0.487164743802
2026-05-27T23:33:53.388,726339,0.54,0.0,-0.05,99.4,16.1,-3.5,-18.3,34.4,32.5,101.123,35.78,0,1,0,0,1,NONE,61,206,0.542309874518,100.756240502,8.25580305141,0.457690125482
2026-05-27T23:33:53.437,726385,0.52,-1.13,-1.0,153.9,181.5,-12.3,-18.7,31.5,32.8,101.122,35.77,0,1,0,0,1,NONE,116,404,1.59602631557,238.282920076,32.0959690418,0.596026315573
2026-05-27T23:33:53.484,726437,2.45,0.84,-0.93,-16.5,88.6,-46.1,-23.4,28.8,32.0,101.122,35.77,0,1,0,0,1,NONE,92,360,2.75190842871,101.229541143,53.0528791694,1.75190842871
2026-05-27T23:33:53.531,726485,1.21,-1.0,-0.42,23.6,49.9,-17.3,-23.7,30.2,31.6,101.119,35.77,0,1,0,0,1,NONE,106,469,1.62496153801,57.8468668123,47.4309622563,0.624961538006
2026-05-27T23:33:53.593,726537,1.35,0.22,-0.78,27.2,8.1,10.4,-24.2,29.1,32.6,101.124,35.77,0,1,0,0,1,NONE,57,330,1.57457930889,30.2259822007,24.6093742662,0.574579308895
2026-05-27T23:33:53.642,726589,0.92,-0.01,-0.28,76.5,-27.2,8.8,-24.9,29.2,31.6,101.12,35.77,0,1,0,0,1,NONE,56,342,0.961717214154,81.6671904745,13.4312846848,0.0382827858461
2026-05-27T23:33:53.691,726637,0.73,-0.2,-0.22,34.9,-30.8,-1.1,-23.8,27.1,32.4,101.121,35.78,0,1,0,0,1,NONE,33,201,0.788225855958,46.5602835043,5.73579162414,0.211774144042
2026-05-27T23:33:53.740,726685,0.7,-0.09,-0.26,-13.7,-7.6,-7.3,-22.5,25.8,32.4,101.126,35.78,0,1,0,0,1,NONE,45,256,0.752130307859,17.2840967366,2.5173012445,0.247869692141
2026-05-27T23:33:53.783,726737,1.0,-0.04,-0.38,-5.3,-12.6,-11.7,-22.2,26.4,32.4,101.122,35.78,0,1,0,0,1,NONE,43,193,1.07051389529,17.9927763283,6.2876087401,0.0705138952858
2026-05-27T23:33:53.837,726787,0.84,-0.01,-0.28,0.9,-23.1,-9.2,-21.7,27.3,34.2,101.122,35.77,0,1,0,0,1,NONE,57,286,0.885494212291,24.8809163818,3.82099463491,0.114505787709
2026-05-27T23:33:53.884,726836,0.93,-0.04,-0.31,0.2,-19.4,-11.0,-20.4,26.1,32.5,101.119,35.77,0,1,0,0,1,NONE,48,215,0.981121806913,22.3024662313,2.03058660634,0.0188781930871
2026-05-27T23:33:53.936,726887,1.03,0.07,-0.47,10.3,-6.0,-9.0,-20.0,26.6,33.8,101.128,35.78,0,1,0,0,1,NONE,39,259,1.13432799489,14.936197642,4.28241758193,0.134327994894
2026-05-27T23:33:53.992,726939,0.81,-0.02,-0.3,43.2,-23.6,-4.6,-19.2,25.8,32.9,101.125,35.78,0,1,0,0,1,NONE,43,196,0.864002314812,49.4404692534,5.61986122931,0.135997685188
2026-05-27T23:33:54.028,726985,0.87,-0.1,-0.19,38.1,-4.1,-7.7,-18.1,24.8,32.8,101.117,35.77,0,1,0,0,1,NONE,44,216,0.896102672689,39.0859309727,3.2317540755,0.103897327311
2026-05-27T23:33:54.088,727036,0.99,-0.15,-0.18,17.4,6.5,-15.7,-18.1,24.8,32.8,101.125,35.77,0,1,0,0,1,NONE,38,239,1.01734949747,24.320773014,2.55654996282,0.0173494974688
2026-05-27T23:33:54.140,727085,0.82,-0.13,-0.24,12.5,1.6,-9.5,-17.5,22.0,33.0,101.121,35.77,0,1,0,0,1,NONE,38,187,0.864233764672,15.7816348963,3.70170554025,0.135766235328
2026-05-27T23:33:54.189,727137,0.99,-0.03,-0.27,20.1,0.2,-2.1,-17.5,21.8,33.6,101.122,35.78,0,1,0,0,1,NONE,43,208,1.02659631794,20.2103933658,3.83652641217,0.0265963179361
2026-05-27T23:33:54.235,727189,0.91,-0.08,-0.23,37.2,-3.5,-4.1,-16.2,20.9,33.0,101.125,35.77,0,1,0,0,1,NONE,29,154,0.942019108086,37.5885620901,1.97056745499,0.0579808919135
2026-05-27T23:33:54.285,727237,0.95,-0.15,-0.3,25.6,6.8,-5.2,-16.3,19.9,31.8,101.125,35.77,0,1,0,0,1,NONE,23,130,1.00747208398,26.9933325101,2.22439130251,0.00747208398049
2026-05-27T23:33:54.333,727288,0.93,-0.15,-0.33,10.6,-3.8,-6.7,-16.1,19.5,33.4,101.121,35.77,0,1,0,0,1,NONE,47,72,0.998148285577,13.1030530793,0.706970838326,0.00185171442315
2026-05-27T23:33:54.382,727337,0.92,-0.22,-0.27,8.5,-1.7,-8.0,-15.8,20.1,32.7,101.12,35.77,0,1,0,0,1,NONE,18,102,0.983717439105,11.7957619508,1.89257520316,0.0162825608946
2026-05-27T23:33:54.426,727385,0.94,-0.21,-0.31,-2.4,-4.0,-6.2,-15.3,20.0,31.9,101.121,35.77,0,1,0,0,1,NONE,30,159,1.01183002525,7.75886589651,0.954703269782,0.0118300252513
2026-05-27T23:33:54.492,727437,0.96,-0.22,-0.23,15.3,-8.5,-7.5,-14.7,19.2,32.1,101.122,35.77,0,1,0,1,2,NONE,59,174,1.01138518874,19.0417961338,1.59742766595,0.0113851887387
2026-05-27T23:33:54.541,727487,0.99,-0.26,-0.21,20.6,-10.4,-7.3,-13.8,18.0,32.5,101.124,35.77,0,1,0,1,2,NONE,37,140,1.04489233895,24.2035121418,1.07703296143,0.0448923389517
2026-05-27T23:33:54.589,727536,0.94,-0.31,-0.21,5.1,-10.9,-11.0,-12.8,18.5,32.2,101.121,35.77,0,1,0,0,1,NONE,40,112,1.01183002525,16.3039872424,1.44307506365,0.0118300252513
2026-05-27T23:33:54.633,727587,0.87,-0.15,-0.22,14.6,-6.0,-6.6,-13.2,17.9,31.7,101.119,35.77,0,1,0,0,1,NONE,31,102,0.909835149904,17.1090619264,3.42997170285,0.0901648500965
2026-05-27T23:33:54.685,727639,0.92,-0.17,-0.24,29.8,-6.4,-4.2,-12.0,17.0,31.4,101.124,35.77,0,1,0,0,1,NONE,34,167,0.965867485735,30.7675153368,1.10472358587,0.034132514265
2026-05-27T23:33:54.738,727685,0.91,-0.3,-0.2,17.7,-2.1,-4.8,-11.6,16.4,31.4,101.125,35.77,0,1,0,0,1,NONE,19,110,0.978825827203,18.4591440755,2.96482210804,0.0211741727968
2026-05-27T23:33:54.778,727737,0.92,-0.29,-0.19,7.1,-2.5,-2.8,-11.3,16.2,31.2,101.121,35.77,0,1,0,1,2,NONE,18,100,0.98315817649,8.0311892021,0.333086693763,0.0168418235096
2026-05-27T23:33:54.826,727785,0.92,-0.2,-0.21,8.7,0.2,0.1,-11.4,15.8,30.8,101.123,35.77,0,1,0,1,2,NONE,46,113,0.964624279189,8.70287308881,1.9207384286,0.0353757208115
2026-05-27T23:33:54.892,727837,0.9,-0.25,-0.2,12.8,8.4,-2.2,-11.0,15.1,31.9,101.119,35.77,0,1,0,0,1,NONE,14,65,0.955248658727,15.4673850408,1.05331261059,0.0447513412729
2026-05-27T23:33:54.942,727889,0.92,-0.21,-0.22,22.8,4.9,3.4,-11.1,14.6,32.1,101.126,35.78,0,1,0,0,1,NONE,22,86,0.968968523741,23.5671381377,0.942111439532,0.0310314762594
2026-05-27T23:33:54.986,727937,0.91,-0.28,-0.15,35.1,10.2,6.3,-10.8,13.8,30.4,101.119,35.77,0,1,0,0,1,NONE,16,56,0.963846460802,37.0909692513,2.07289049397,0.0361535391983
2026-05-27T23:33:55.039,727985,0.91,-0.2,-0.17,32.2,9.6,11.8,-11.7,13.2,30.1,101.122,35.77,0,1,0,0,1,NONE,30,124,0.947100839404,35.6123574058,1.71796067734,0.0528991605959
2026-05-27T23:33:55.087,728037,0.92,-0.15,-0.16,49.1,10.4,15.8,-11.4,11.9,29.9,101.123,35.77,0,1,0,1,2,NONE,27,87,0.945780101292,52.6175826127,0.99926008129,0.054219898708
2026-05-27T23:33:55.131,728087,1.01,-0.29,-0.36,40.2,29.5,7.4,-12.4,10.8,30.6,101.127,35.77,0,1,0,1,2,NONE,49,100,1.1107655018,50.4088285918,5.2038447325,0.110765501805
2026-05-27T23:33:55.190,728135,1.04,-0.12,-0.21,12.0,17.6,7.6,-12.9,9.7,29.1,101.123,35.77,0,1,0,0,1,NONE,30,155,1.06775465347,22.6168079092,4.76441526085,0.0677546534668
2026-05-27T23:33:55.228,728187,1.0,-0.13,-0.38,46.1,3.9,7.1,-13.7,9.6,28.8,101.118,35.77,0,1,0,0,1,NONE,59,210,1.07763630228,46.8063029944,3.36401070856,0.0776363022838
2026-05-27T23:33:55.293,728239,0.88,-0.05,-0.25,56.7,-3.4,10.4,-13.3,8.6,28.1,101.123,35.78,0,1,0,1,2,NONE,97,173,0.916187753684,57.7460821182,3.73393996903,0.0838122463163
2026-05-27T23:33:55.329,728285,0.92,-0.1,-0.33,25.3,10.4,1.2,-13.4,6.9,26.8,101.122,35.77,0,1,0,1,2,NONE,33,174,0.982496819333,27.3804674905,2.2275979926,0.0175031806667
2026-05-27T23:33:55.392,728337,0.9,-0.08,-0.23,17.5,2.3,-0.9,-13.6,6.6,26.9,101.125,35.77,0,1,0,0,1,NONE,34,128,0.932362590412,17.6734263797,1.99852016258,0.0676374095879
2026-05-27T23:33:55.438,728385,1.05,-0.0,-0.29,11.9,13.9,-1.7,-13.4,6.1,25.5,101.125,35.77,0,1,0,0,1,NONE,47,159,1.08931170929,18.3768876581,3.75578257861,0.0893117092917
2026-05-27T23:33:55.494,728437,0.92,-0.05,-0.33,-2.7,8.9,-4.3,-13.6,6.7,26.6,101.122,35.77,0,1,0,0,1,NONE,44,138,0.978672570373,10.2464628043,2.78680322042,0.0213274296273
2026-05-27T23:33:55.537,728489,0.91,-0.07,-0.25,6.8,9.0,-4.4,-13.6,6.5,27.5,101.123,35.77,0,1,0,0,1,NONE,20,95,0.946308617735,12.1078486941,1.59742766595,0.0536913822647
2026-05-27T23:33:55.586,728537,0.81,-0.1,-0.17,-5.3,18.1,-13.5,-13.6,6.4,27.6,101.124,35.77,0,1,0,1,2,NONE,42,149,0.833666600027,23.1937491579,2.74019717458,0.166333399973
2026-05-27T23:33:55.633,728585,1.06,-0.07,-0.24,-3.7,16.7,-17.3,-13.5,7.2,26.2,101.125,35.77,0,1,0,1,2,NONE,46,264,1.08908218239,24.328378491,5.44463931057,0.0890821823903
2026-05-27T23:33:55.682,728637,0.96,-0.2,-0.16,-30.5,0.8,-19.5,-13.0,7.5,27.3,101.126,35.77,0,1,0,0,1,NONE,57,293,0.99357938787,36.2096672175,3.50928607517,0.00642061213006
2026-05-27T23:33:55.730,728687,0.96,-0.11,-0.44,-34.1,38.3,-7.4,-12.1,8.3,29.0,101.121,35.77,0,1,0,0,1,NONE,45,246,1.06174384858,51.8117747235,5.88217646794,0.0617438485812
2026-05-27T23:33:55.791,728735,1.08,-0.43,-0.41,-3.9,-30.5,-1.5,-12.5,9.1,28.8,101.118,35.77,0,1,0,1,2,NONE,53,191,1.23263944444,30.7848988954,7.14738199934,0.232639444444
2026-05-27T23:33:55.839,728787,1.03,-0.12,-0.44,-27.2,5.6,4.8,-12.1,9.1,29.5,101.124,35.77,0,1,0,1,2,NONE,71,350,1.12645461515,28.1822639261,6.06608088292,0.126454615153
2026-05-27T23:33:55.893,728839,0.95,-0.27,-0.36,-8.3,-17.9,-5.7,-11.7,9.6,29.8,101.118,35.77,0,1,0,0,1,NONE,60,343,1.05118980208,20.5375266281,3.6131335054,0.0511898020814
2026-05-27T23:33:55.938,728885,0.79,-0.31,-0.35,-11.4,-12.2,-11.1,-10.7,9.5,31.6,101.116,35.77,0,1,0,0,1,NONE,63,133,0.917986928012,20.0501870315,3.59189383519,0.0820130719885
2026-05-27T23:33:55.986,728937,0.78,-0.26,-0.35,-10.1,-11.3,-5.8,-9.3,10.3,30.1,101.124,35.77,0,1,0,1,2,NONE,83,165,0.893588272081,16.2277540036,0.980580675691,0.106411727919
2026-05-27T23:33:56.039,728985,0.82,-0.33,-0.28,-7.6,-5.3,-0.8,-8.8,10.7,29.4,101.125,35.77,0,1,0,1,2,NONE,76,218,0.927200086281,9.3,2.22439130251,0.0727999137187
2026-05-27T23:33:56.091,729037,0.87,-0.35,-0.27,-15.0,-4.7,3.5,-8.4,11.4,30.9,101.121,35.77,0,1,0,0,1,NONE,104,343,0.975858596314,16.104036761,1.05331261059,0.024141403686
2026-05-27T23:33:56.142,729088,0.86,-0.33,-0.23,-16.1,1.4,11.8,-8.3,12.0,29.2,101.122,35.77,0,1,0,0,1,NONE,29,98,0.949420876113,20.0102473748,0.898544253913,0.0505791238866
2026-05-27T23:33:56.190,729137,0.9,-0.3,-0.21,-17.6,4.3,12.1,-8.3,11.8,29.8,101.121,35.77,0,1,0,0,1,NONE,64,311,0.971648084442,21.7866931864,1.09901322595,0.0283519155579
2026-05-27T23:33:56.239,729185,0.88,-0.22,-0.22,-6.7,0.2,13.1,-8.1,12.9,30.2,101.123,35.77,0,1,0,0,1,NONE,55,238,0.933380951166,14.7152981621,1.73054663811,0.0666190488338
2026-05-27T23:33:56.287,729237,0.93,-0.26,-0.18,4.5,0.7,15.5,-8.6,12.9,30.8,101.125,35.77,0,1,0,0,1,NONE,123,201,0.982293235241,16.1551849262,1.45189123755,0.0177067647591
2026-05-27T23:33:56.337,729285,0.95,-0.19,-0.13,15.4,-9.4,18.3,-8.1,12.8,31.4,101.119,35.77,0,1,0,0,1,NONE,90,389,0.977496803064,25.6984435326,1.83995018048,0.0225031969362
2026-05-27T23:33:56.393,729337,0.94,-0.24,-0.11,12.3,-15.7,17.0,-7.9,12.4,30.9,101.12,35.77,0,1,0,1,2,NONE,40,229,0.976370831191,26.2064877464,1.05331261059,0.0236291688093
2026-05-27T23:33:56.435,729387,1.04,-0.22,-0.34,36.7,-3.7,5.9,-7.4,11.9,29.3,101.121,35.77,0,1,0,1,2,NONE,47,237,1.11606451426,37.3549193548,5.03189825016,0.116064514264
2026-05-27T23:33:56.487,729435,0.89,-0.22,-0.26,5.6,-15.1,3.8,-6.9,10.7,29.7,101.12,35.77,0,1,0,1,2,NONE,50,203,0.952942810456,16.5472052021,3.54166666667,0.0470571895439
2026-05-27T23:33:56.533,729487,0.95,-0.15,-0.27,37.8,-3.7,5.7,-6.7,10.9,29.1,101.118,35.77,0,1,0,1,2,NONE,37,150,0.99894944817,38.4059891163,1.78338817221,0.00105055182957
2026-05-27T23:33:56.593,729539,0.84,-0.12,-0.14,52.8,-7.8,2.7,-6.7,9.6,27.1,101.123,35.77,0,1,0,1,2,NONE,56,162,0.86,53.4412761824,3.32531085881,0.14
2026-05-27T23:33:56.633,729585,1.0,-0.2,-0.02,-2.7,26.2,-5.9,-5.9,9.0,27.4,101.121,35.77,0,1,0,1,2,NONE,26,161,1.02,26.9914801373,4.6827520062,0.02
2026-05-27T23:33:56.689,729639,0.94,-0.04,-0.33,-3.4,20.7,-0.9,-6.9,9.0,27.8,101.121,35.77,0,1,0,1,2,NONE,41,204,0.997045635866,20.9966664021,6.5551370446,0.00295436413372
2026-05-27T23:33:56.739,729685,0.96,-0.06,-0.05,29.6,9.7,-0.7,-7.0,9.5,27.6,101.122,35.77,0,1,0,1,2,NONE,34,162,0.963171843442,31.1567007239,6.11793359977,0.0368281565577
2026-05-27T23:33:56.790,729737,0.89,-0.16,-0.13,5.9,20.4,-5.6,-7.1,8.5,27.9,101.125,35.77,0,1,0,0,1,NONE,27,127,0.913564447644,21.9620126582,2.8066383691,0.0864355523555
2026-05-27T23:33:56.838,729788,0.88,-0.2,-0.08,-12.5,14.8,-11.1,-7.0,8.5,27.5,101.123,35.77,0,1,0,0,1,NONE,28,184,0.905980132232,22.3271135618,1.27073347028,0.0940198677675
2026-05-27T23:33:56.882,729837,0.84,-0.17,-0.12,-36.6,7.4,-22.1,-7.2,9.2,27.0,101.124,35.77,0,1,0,1,2,NONE,112,293,0.865390085453,43.3904367344,1.30676004846,0.134609914547
2026-05-27T23:33:56.934,729885,1.23,-0.29,-0.64,7.6,15.2,4.6,-6.7,9.7,29.2,101.123,35.77,0,1,0,1,2,NONE,77,499,1.41654509282,17.6056809013,13.7705023914,0.416545092823
2026-05-27T23:33:56.990,729937,0.91,-0.36,-0.36,-10.7,17.7,0.6,-7.1,10.1,28.5,101.125,35.77,0,1,0,1,2,NONE,45,212,1.04273678366,20.6915441666,8.28710054862,0.0427367836612
2026-05-27T23:33:57.034,729987,1.05,-0.11,-0.52,-6.2,10.9,-1.7,-7.3,10.1,29.2,101.124,35.77,0,1,0,1,2,NONE,69,327,1.17686022959,12.6546434165,6.56353563257,0.176860229594
2026-05-27T23:33:57.090,730035,0.91,-0.38,-0.3,-11.0,-3.7,-3.5,-7.3,10.4,29.8,101.119,35.77,0,1,0,1,2,NONE,68,289,1.0307764064,12.1218810421,7.82013515797,0.0307764064044
2026-05-27T23:33:57.141,730087,0.84,-0.23,-0.27,4.6,-7.0,-1.6,-6.7,11.1,29.0,101.12,35.77,0,1,0,1,2,NONE,57,317,0.911811384004,8.52760224213,3.23511612332,0.0881886159956
2026-05-27T23:33:57.188,730139,0.87,-0.34,-0.29,-2.7,-3.4,-2.6,-6.6,11.2,29.5,101.124,35.77,0,1,0,0,1,NONE,107,658,0.978059302906,5.06063237155,2.22612248131,0.0219406970945
2026-05-27T23:33:57.239,730185,0.85,-0.26,-0.3,-5.5,-2.9,0.5,-5.9,10.9,29.4,101.121,35.77,0,1,0,0,1,NONE,223,977,0.93813645063,6.2377880695,1.80578779629,0.0618635493703
2026-05-27T23:33:57.283,730239,0.85,-0.31,-0.31,-5.1,-2.3,-0.1,-6.3,11.7,28.7,101.121,35.77,0,1,0,1,2,NONE,148,807,0.956399498118,5.59553393342,0.944262872888,0.0436005018822
2026-05-27T23:33:57.339,730285,0.83,-0.29,-0.29,1.3,-3.8,2.4,-5.0,11.3,28.9,101.12,35.77,0,1,0,1,2,NONE,144,717,0.925796953981,4.67867502612,0.753065568508,0.0742030460193
2026-05-27T23:33:57.383,730337,0.88,-0.33,-0.22,-5.8,-3.2,6.8,-5.3,11.6,29.8,101.119,35.76,0,1,0,1,2,NONE,26,154,0.965246082613,9.49315542904,1.82439095779,0.0347539173869
2026-05-27T23:33:57.444,730389,0.88,-0.28,-0.22,-7.3,2.4,7.1,-5.1,11.5,28.9,101.12,35.76,0,1,0,1,2,NONE,44,274,0.949315542904,10.4623133197,0.961538461538,0.0506844570955
2026-05-27T23:33:57.490,730436,0.91,-0.25,-0.14,2.9,-2.0,11.9,-4.7,12.1,29.6,101.121,35.77,0,1,0,1,2,NONE,119,760,0.954044024141,12.4104794428,1.92667768897,0.0459559758586
2026-05-27T23:33:57.537,730485,0.96,-0.26,-0.12,10.5,2.3,13.4,-5.2,11.9,29.0,101.124,35.77,0,1,0,1,2,NONE,58,227,1.00179838291,17.1784749032,1.11780113777,0.00179838290946
2026-05-27T23:33:57.589,730537,0.96,-0.22,-0.16,23.6,-8.9,17.8,-5.9,11.5,29.6,101.124,35.77,0,1,1,1,3,NONE,68,390,0.997797574661,30.8708600463,1.08785658644,0.00220242533869
2026-05-27T23:33:57.642,730586,0.94,-0.24,-0.08,20.2,-17.6,15.5,-5.9,11.5,29.6,101.125,35.77,0,1,1,1,3,NONE,71,446,0.973447481891,30.9523827839,1.73169007638,0.026552518109
2026-05-27T23:33:57.686,730637,0.91,-0.26,-0.18,23.1,-12.1,14.7,-4.0,10.2,28.1,101.119,35.77,0,1,0,0,1,NONE,78,349,0.96337946833,29.9350964588,2.08434231622,0.0366205316699
2026-05-27T23:33:57.743,730688,0.98,-0.27,-0.4,25.1,-16.4,3.4,-4.2,8.9,26.3,101.12,35.77,0,1,0,0,1,NONE,25,175,1.09238271682,30.1749896437,4.53106666992,0.0923827168168
2026-05-27T23:33:57.786,730737,0.98,-0.1,-0.09,4.5,0.2,8.0,-3.8,9.1,26.8,101.119,35.77,0,1,0,0,1,NONE,51,190,0.989191589127,9.18095855562,7.21537531823,0.0108084108728
2026-05-27T23:33:57.832,730785,0.93,-0.15,-0.31,39.7,8.0,8.3,-3.9,8.7,26.7,101.125,35.77,0,1,0,0,1,NONE,137,1020,0.991715685063,41.3398113203,4.81425833679,0.00828431493699
2026-05-27T23:33:57.883,730837,0.87,-0.0,-0.21,49.7,4.6,3.9,-4.3,6.7,26.0,101.12,35.77,0,1,1,1,3,NONE,145,887,0.894986033411,50.0645583222,3.65384615385,0.105013966589
2026-05-27T23:33:57.938,730887,0.97,-0.19,-0.01,29.1,10.3,-0.7,-4.3,6.7,23.9,101.123,35.77,0,1,1,1,3,NONE,163,831,0.988483687271,30.8770141043,5.86856030045,0.0115163127294
2026-05-27T23:33:57.976,730935,0.91,-0.07,-0.23,7.6,27.5,0.4,-4.4,5.7,24.6,101.122,35.77,0,1,0,0,1,NONE,87,536,0.941222609163,28.5336643283,5.36837446947,0.0587773908368
2026-05-27T23:33:58.041,730987,0.96,-0.0,-0.08,35.3,4.8,-0.9,-4.5,5.5,24.2,101.118,35.77,0,1,0,0,1,NONE,117,616,0.963327566303,35.6362175322,3.32531085881,0.0366724336966
2026-05-27T23:33:58.094,731039,0.9,-0.12,-0.27,19.5,50.1,-1.6,-5.2,5.5,22.4,101.123,35.77,0,1,0,1,2,NONE,52,397,0.947259204231,53.7849421307,4.47296282677,0.0527407957692
2026-05-27T23:33:58.135,731085,0.99,-0.19,-0.24,12.5,22.8,0.5,-6.1,5.0,22.8,101.125,35.77,0,1,0,1,2,NONE,110,625,1.03624321469,26.0065376396,2.56300567882,0.0362432146943
2026-05-27T23:33:58.186,731137,0.99,-0.15,-0.15,0.7,19.7,-1.3,-6.4,5.3,23.6,101.126,35.77,0,1,0,1,2,NONE,75,409,1.01247222184,19.7552524661,1.89401111573,0.0124722218412
2026-05-27T23:33:58.236,731185,0.91,-0.22,-0.04,-17.0,9.3,-9.8,-5.6,5.4,24.8,101.125,35.77,0,1,0,1,2,NONE,68,338,0.937069901341,21.7147415366,3.186887196,0.0629300986586
2026-05-27T23:33:58.280,731237,0.97,0.22,-0.51,-5.2,51.8,-15.5,-5.5,6.1,23.6,101.121,35.77,0,1,0,0,1,NONE,139,902,1.11776562839,54.3187812824,12.4347408926,0.117765628385
2026-05-27T23:33:58.342,731288,1.02,-0.45,-0.48,-1.1,-29.8,-2.1,-6.6,6.3,24.7,101.123,35.77,0,1,0,0,1,NONE,181,1084,1.21379569945,29.8941465842,13.186912296,0.213795699449
2026-05-27T23:33:58.390,731337,0.92,-0.39,-0.29,-20.0,12.3,4.0,-5.5,6.4,23.8,101.123,35.76,0,1,0,1,2,NONE,73,491,1.04048065816,23.8178504488,4.54969322645,0.0404806581576
2026-05-27T23:33:58.439,731385,0.97,-0.14,-0.49,-7.3,-3.4,-2.0,-5.3,6.8,24.8,101.122,35.77,0,1,0,1,2,NONE,44,228,1.09571894206,8.29759001156,6.75077156084,0.095718942065
2026-05-27T23:33:58.487,731437,0.96,-0.36,-0.41,-18.2,-27.1,-2.3,-4.4,7.0,24.0,101.122,35.77,0,1,0,0,1,NONE,81,432,1.10421918114,32.7252196326,4.50591327456,0.104219181141
2026-05-27T23:33:58.545,731487,0.81,-0.14,-0.19,-16.1,-56.9,-5.7,-3.0,7.0,24.4,101.122,35.77,0,1,0,0,1,NONE,55,179,0.8436824047,59.4079960948,6.90796641567,0.1563175953
2026-05-27T23:33:58.586,731535,0.89,-0.2,-0.25,-6.4,-17.5,-6.0,-2.4,7.5,24.3,101.121,35.77,0,1,0,1,2,NONE,42,208,0.945832966226,19.5757503049,2.42956328952,0.0541670337739
2026-05-27T23:33:58.632,731587,0.87,-0.32,-0.23,3.1,-10.9,-4.5,-1.2,8.0,24.0,101.123,35.77,0,1,0,1,2,NONE,35,154,0.955091618642,12.1930307963,2.37092846268,0.0449083813581
2026-05-27T23:33:58.681,731639,0.99,-0.33,-0.37,7.1,-12.5,0.9,-1.5,7.9,23.7,101.124,35.76,0,1,0,1,2,NONE,28,122,1.10720368496,14.403818938,3.5511894832,0.107203684965
2026-05-27T23:33:58.733,731685,0.85,-0.28,-0.19,-9.6,-9.5,6.4,-0.8,8.2,24.7,101.121,35.77,0,1,0,1,2,NONE,36,206,0.914877040919,14.9455679049,5.07505109997,0.0851229590814
2026-05-27T23:33:58.794,731739,0.89,-0.2,-0.18,-6.7,0.1,1.0,-0.3,8.5,24.4,101.124,35.77,0,1,0,0,1,NONE,34,166,0.929784921366,6.77495387438,1.66666666667,0.0702150786338
2026-05-27T23:33:58.842,731785,0.98,-0.25,-0.16,-9.0,-23.4,2.3,-0.6,8.0,24.6,101.118,35.77,0,1,0,0,1,NONE,60,234,1.02396288995,25.1763778173,2.28001923515,0.0239628899526
2026-05-27T23:33:58.890,731837,0.83,-0.25,-0.06,-2.9,-3.1,2.7,0.3,9.2,24.6,101.12,35.77,0,1,0,1,2,NONE,23,130,0.868907359849,5.03090449124,3.46687622641,0.131092640151
2026-05-27T23:33:58.942,731889,0.86,-0.24,-0.01,8.7,11.5,10.2,-0.3,8.4,23.9,101.12,35.77,0,1,0,1,2,NONE,47,250,0.892916569451,17.6629555851,1.1377076506,0.107083430549
2026-05-27T23:33:58.987,731937,1.03,-0.31,-0.16,15.9,20.1,12.0,-0.9,8.8,24.9,101.125,35.77,0,1,0,0,1,NONE,51,291,1.08747413762,28.2987632239,4.94325438238,0.0874741376235
2026-05-27T23:33:59.035,731985,0.93,-0.18,-0.06,24.7,-14.3,17.6,-0.8,7.9,23.5,101.124,35.77,0,1,0,0,1,NONE,106,741,0.949157521173,33.53117952,4.0019526484,0.0508424788266
2026-05-27T23:33:59.087,732037,0.87,-0.24,0.01,24.2,-4.5,20.1,-0.1,7.2,23.5,101.124,35.77,0,1,0,0,1,NONE,138,823,0.902551937564,31.7789238333,2.11538461538,0.0974480624363
2026-05-27T23:33:59.132,732085,1.08,-0.27,-0.15,32.2,20.7,18.7,-0.7,5.9,22.4,101.12,35.76,0,1,0,0,1,NONE,73,414,1.12329871361,42.6030515339,5.53555427316,0.123298713611
2026-05-27T23:33:59.192,732137,0.96,-0.25,-0.35,-19.5,-2.2,8.1,-1.3,5.4,22.6,101.122,35.76,0,1,0,1,2,NONE,157,757,1.05195056918,21.2296961825,4.50180765797,0.0519505691809
2026-05-27T23:33:59.227,732187,1.0,-0.15,-0.18,-2.0,-1.6,18.1,-1.4,6.4,23.4,101.122,35.77,0,1,0,1,2,NONE,163,909,1.02708324882,18.2803172839,4.0249223595,0.0270832488168
2026-05-27T23:33:59.289,732235,0.89,0.02,-0.22,9.2,18.4,11.8,-1.2,6.2,22.8,101.121,35.77,0,1,0,0,1,NONE,128,499,0.917005997799,23.7158175065,4.29995155011,0.0829940022006
2026-05-27T23:33:59.338,732287,0.85,-0.06,-0.11,28.5,19.9,6.3,-2.4,6.0,22.6,101.121,35.77,0,1,0,0,1,NONE,66,318,0.85918566096,35.3263357851,2.72643209207,0.14081433904
2026-05-27T23:33:59.386,732339,1.09,-0.18,-0.18,0.9,44.7,-0.5,-3.1,5.6,23.2,101.123,35.77,0,1,0,1,2,NONE,157,846,1.11933015683,44.7118552512,5.33285562456,0.119330156835
2026-05-27T23:33:59.434,732385,1.01,-0.02,-0.28,0.3,2.0,5.1,-3.4,5.9,22.1,101.123,35.77,0,1,0,1,2,NONE,76,397,1.04828431258,5.48634668974,4.4551959852,0.0482843125794
2026-05-27T23:33:59.481,732437,0.94,0.0,-0.07,23.4,14.3,5.1,-3.8,5.9,22.2,101.122,35.77,0,1,0,0,1,NONE,157,795,0.942602779542,27.8937268933,4.27425207133,0.0573972204582
2026-05-27T23:33:59.529,732485,0.89,-0.01,-0.08,14.0,32.6,-2.6,-4.1,5.3,22.4,101.119,35.77,0,1,0,0,1,NONE,66,355,0.89364422451,35.5741479167,1.08253175473,0.10635577549
2026-05-27T23:33:59.591,732537,1.03,-0.07,-0.11,11.6,38.0,-8.1,-4.4,5.0,22.6,101.122,35.77,0,1,0,1,2,NONE,48,360,1.03821962994,40.5483661816,2.98541821082,0.0382196299435
2026-05-27T23:33:59.640,732589,0.98,-0.17,-0.1,-9.6,7.4,-18.9,-4.4,4.7,24.3,101.124,35.77,0,1,0,1,2,NONE,55,324,0.999649938729,22.4528394641,2.15864849237,0.000350061271447
2026-05-27T23:33:59.691,732637,0.92,-0.29,-0.13,-40.5,-22.1,-24.5,-4.2,5.1,22.9,101.123,35.77,0,1,0,0,1,NONE,119,1016,0.973344748792,52.2389701277,2.86410980935,0.0266552512085
2026-05-27T23:33:59.735,732685,1.23,-0.06,-0.67,4.6,-15.9,5.4,-2.7,6.1,24.5,101.118,35.77,0,1,0,0,1,NONE,189,1645,1.4019272449,17.4106289375,13.8286889794,0.401927244903
2026-05-27T23:33:59.787,732737,0.73,-0.36,-0.15,5.8,-4.2,-2.9,-2.9,6.6,23.3,101.121,35.77,0,1,0,0,1,NONE,157,1175,0.827647267862,7.72593036469,15.0246346036,0.172352732138
2026-05-27T23:33:59.835,732787,1.03,0.0,-0.32,-6.3,10.3,-2.5,-2.2,6.6,22.9,101.12,35.77,0,1,0,0,1,NONE,132,907,1.07856385995,12.3300446066,9.96995486449,0.0785638599545
2026-05-27T23:33:59.881,732835,1.01,-0.35,-0.35,9.1,-4.1,-8.8,-2.1,6.6,23.3,101.123,35.77,0,1,0,0,1,NONE,137,1143,1.12476664246,13.3063894427,7.33025503573,0.124766642464
2026-05-27T23:33:59.931,732887,0.78,-0.2,-0.15,0.9,-19.8,-11.5,-1.4,5.8,22.7,101.122,35.77,0,1,0,0,1,NONE,112,741,0.819084855189,22.9150605498,6.53280298133,0.180915144811
2026-05-27T23:33:59.991,732939,0.91,-0.28,-0.17,2.4,-5.7,-6.7,-0.3,6.5,22.6,101.125,35.77,0,1,0,0,1,NONE,89,495,0.96716079325,9.11811384004,2.96053929199,0.03283920675
2026-05-27T23:34:00.039,732985,0.88,-0.33,-0.21,2.5,-4.3,-4.0,-0.4,6.6,23.0,101.122,35.77,0,1,0,0,1,NONE,166,639,0.9630160954,6.38278935889,1.53718865475,0.0369839045997
2026-05-27T23:34:00.090,733037,0.86,-0.31,-0.18,-18.5,-0.2,-2.9,0.2,7.3,22.4,101.12,35.77,0,1,0,1,2,NONE,118,414,0.931718841711,18.726985876,0.792904928003,0.0682811582886
2026-05-27T23:34:00.135,733085,0.96,-0.36,-0.23,-25.5,1.0,-3.2,0.8,7.7,23.2,101.118,35.77,0,1,0,1,2,NONE,94,448,1.05076162853,25.7194478945,2.5515518154,0.0507616285343
2026-05-27T23:34:00.189,733137,0.95,-0.23,-0.17,-8.5,-25.3,1.8,0.5,8.1,24.1,101.123,35.77,0,1,0,1,2,NONE,79,246,0.992118944482,26.7503271008,2.76013463354,0.00788105551804
2026-05-27T23:34:00.240,733189,0.8,-0.25,-0.1,-12.3,-0.7,4.6,1.4,8.7,23.5,101.122,35.76,0,1,0,1,2,NONE,92,653,0.844097150807,13.1506653824,3.2064100001,0.155902849193
2026-05-27T23:34:00.291,733237,0.96,-0.22,-0.1,1.9,5.7,8.6,1.4,9.0,24.8,101.121,35.77,0,1,0,0,1,NONE,86,508,0.989949493661,10.4909484795,3.39142095752,0.0100505063388
2026-05-27T23:34:00.331,733285,0.92,-0.27,-0.06,3.2,5.4,10.7,1.0,7.9,25.0,101.123,35.77,0,1,0,0,1,NONE,51,293,0.96067684473,12.405240828,1.57288217401,0.0393231552702
2026-05-27T23:34:00.391,733337,0.95,-0.24,-0.09,15.6,-0.4,8.4,1.2,8.1,24.3,101.121,35.77,0,1,0,1,2,NONE,232,1226,0.983971544304,17.7223023335,0.99926008129,0.016028455696
2026-05-27T23:34:00.440,733387,0.88,-0.24,-0.04,25.9,2.2,10.6,0.9,7.7,23.3,101.116,35.77,0,1,0,1,2,NONE,514,2133,0.913016976841,28.0715158123,1.72046505341,0.0869830231589
2026-05-27T23:34:00.487,733436,0.95,-0.36,-0.14,22.6,2.4,13.5,0.4,6.8,23.3,101.126,35.77,0,1,0,0,1,NONE,159,837,1.02552425617,26.4342580755,3.49331485074,0.0255242561734
2026-05-27T23:34:00.535,733487,1.06,-0.29,-0.19,23.1,5.5,12.0,-0.0,6.8,23.1,101.123,35.77,0,1,0,0,1,NONE,33,182,1.11525781773,26.6056385001,2.73808628309,0.115257817726
2026-05-27T23:34:00.582,733539,1.02,-0.28,-0.11,-8.4,-0.2,-1.5,0.1,6.5,22.2,101.119,35.77,0,1,0,1,2,NONE,35,146,1.06343782141,8.53522114535,1.73076923077,0.0634378214075
2026-05-27T23:34:00.634,733585,1.03,-0.11,-0.17,32.7,-16.7,18.4,-0.4,6.3,21.3,101.12,35.77,0,1,0,1,2,NONE,218,963,1.04971424683,41.0699403457,3.92510219245,0.049714246831
2026-05-27T23:34:00.693,733637,0.81,-0.13,-0.15,56.0,-13.0,19.2,-0.3,4.9,21.8,101.121,35.77,0,1,0,0,1,NONE,523,1939,0.833966426183,60.610560136,4.265590964,0.166033573817
2026-05-27T23:34:00.729,733685,0.87,-0.11,0.08,35.1,8.0,10.5,-0.3,3.8,21.2,101.118,35.77,0,1,0,0,1,NONE,270,1219,0.88056799851,37.5001333331,4.96952518412,0.11943200149
2026-05-27T23:34:00.791,733737,1.05,-0.07,-0.12,-18.3,10.4,0.3,-0.7,3.6,18.7,101.122,35.77,0,1,0,0,1,NONE,85,618,1.05915060308,21.0508907175,5.23133481105,0.0591506030778
2026-05-27T23:34:00.843,733789,0.84,-0.02,-0.06,17.2,-4.0,6.2,-0.6,4.1,19.6,101.121,35.77,0,1,0,0,1,NONE,104,306,0.842377587546,18.7157687526,4.30872240431,0.157622412454
2026-05-27T23:34:00.891,733837,0.98,-0.06,-0.07,7.8,9.6,2.4,-0.5,3.8,18.5,101.122,35.77,0,1,0,0,1,NONE,38,235,0.984327181378,12.6,3.04052489986,0.0156728186218
2026-05-27T23:34:00.939,733885,0.95,-0.04,0.02,-10.0,-55.7,-3.7,-0.7,3.7,18.8,101.121,35.77,0,1,0,0,1,NONE,92,482,0.951052049049,56.7113745205,2.01986660726,0.0489479509512
2026-05-27T23:34:00.991,733937,0.86,-0.09,0.03,14.8,2.3,-0.8,-0.0,3.7,18.2,101.128,35.77,0,1,0,1,2,NONE,34,214,0.865216735853,14.9989999667,1.98924623707,0.134783264147
2026-05-27T23:34:01.036,733987,0.94,-0.21,0.14,-7.9,19.1,-5.7,0.8,3.2,18.9,101.12,35.77,0,1,0,1,2,NONE,316,1519,0.973293378175,21.4408488638,3.62767142944,0.0267066218246
2026-05-27T23:34:01.084,734035,0.78,-0.31,0.16,-26.1,36.1,-15.9,1.3,3.2,19.0,101.124,35.77,0,1,0,0,1,NONE,211,716,0.854458893101,47.2993657463,3.95284707521,0.145541106899
2026-05-27T23:34:01.128,734087,1.66,0.1,-0.45,-2.7,38.1,6.8,-0.3,4.7,20.7,101.119,35.77,0,1,0,0,1,NONE,83,360,1.72281745986,38.796133828,22.0492321647,0.72281745986
2026-05-27T23:34:01.192,734139,0.76,-0.47,-0.13,-39.2,11.0,-0.6,-0.5,5.6,21.8,101.12,35.77,0,1,0,1,2,NONE,74,516,0.902995016598,40.718546143,21.3911514638,0.0970049834025
2026-05-27T23:34:01.228,734185,1.17,0.1,-0.33,-20.0,4.2,-0.8,-1.2,6.2,23.1,101.124,35.77,0,1,0,1,2,NONE,67,455,1.21975407357,20.4518947777,15.8710541291,0.219754073574
2026-05-27T23:34:01.289,734237,0.9,-0.34,-0.16,-2.1,8.4,-5.2,-0.9,6.1,21.9,101.121,35.77,0,1,0,0,1,NONE,62,413,0.975294827219,10.1,10.4520601859,0.0247051727811
2026-05-27T23:34:01.337,734285,0.97,-0.22,-0.17,-10.2,5.2,-8.7,-1.1,6.4,22.7,101.122,35.77,0,1,0,0,1,NONE,60,278,1.00905896755,14.3794992959,2.90174755775,0.00905896755343
2026-05-27T23:34:01.389,734337,0.84,-0.27,-0.15,-10.4,6.6,-10.5,-0.4,6.6,23.2,101.122,35.77,0,1,0,0,1,NONE,59,320,0.894986033411,16.1854873266,2.70600909221,0.105013966589
2026-05-27T23:34:01.438,734389,0.9,-0.3,-0.2,-13.0,8.2,-3.5,-0.7,7.2,23.1,101.12,35.77,0,1,0,0,1,NONE,58,400,0.969535971483,15.7635655865,1.60896158949,0.0304640285167
2026-05-27T23:34:01.483,734437,0.95,-0.25,-0.22,-7.9,10.4,0.2,-0.3,8.0,24.0,101.119,35.77,0,1,0,1,2,NONE,83,472,1.00667770413,13.0617762957,1.53093108924,0.00667770413375
2026-05-27T23:34:01.539,734485,0.86,-0.22,-0.22,-2.0,6.0,1.4,-0.8,6.9,23.7,101.119,35.77,0,1,0,1,2,NONE,49,318,0.914549069214,6.47765389628,1.97642353761,0.0854509307861
2026-05-27T23:34:01.579,734537,0.86,-0.27,-0.2,-4.0,11.2,2.4,-0.5,7.8,24.5,101.123,35.77,0,1,0,0,1,NONE,39,298,0.923309265631,12.1326007105,1.03560861676,0.076690734369
2026-05-27T23:34:01.631,734587,0.88,-0.28,-0.19,5.0,8.2,3.7,-0.4,7.4,24.0,101.121,35.77,0,1,0,0,1,NONE,47,245,0.94281493412,10.292230079,0.489897948557,0.0571850658798
2026-05-27T23:34:01.680,734635,0.92,-0.26,-0.15,-4.7,12.1,7.2,-0.9,8.4,25.1,101.121,35.77,0,1,0,0,1,NONE,51,274,0.967729300993,14.843853947,1.25,0.0322706990072
2026-05-27T23:34:01.741,734687,0.95,-0.25,-0.14,2.9,5.6,12.8,-1.4,8.3,23.7,101.123,35.77,0,1,0,0,1,NONE,45,287,0.992270124512,14.2691975948,0.637812459684,0.00772987548753
2026-05-27T23:34:01.788,734739,0.89,-0.2,-0.13,16.3,-5.0,19.2,-1.3,7.5,25.0,101.119,35.77,0,1,0,0,1,NONE,65,378,0.921411959983,25.677421989,1.51423228346,0.0785880400168
2026-05-27T23:34:01.836,734785,0.98,-0.22,-0.06,13.4,3.3,11.6,-1.6,7.3,24.6,101.126,35.77,0,1,0,0,1,NONE,48,373,1.00618089825,18.0280337253,2.51648628322,0.00618089824842
2026-05-27T23:34:01.891,734837,0.91,-0.21,-0.12,21.1,-6.4,13.0,-1.9,6.6,23.5,101.123,35.77,0,1,0,0,1,NONE,55,317,0.941594392507,25.5962887935,1.78338817221,0.0584056074933
2026-05-27T23:34:01.931,734885,1.02,-0.17,-0.16,34.7,-4.7,8.1,-1.7,5.5,23.3,101.121,35.77,0,1,0,0,1,NONE,73,490,1.04637469388,35.9414802144,2.57694101601,0.0463746938836
2026-05-27T23:34:01.979,734937,0.81,-0.28,-0.36,25.7,7.6,-0.9,-2.1,5.1,22.6,101.118,35.77,0,1,0,0,1,NONE,62,333,0.929569792969,26.8152941435,5.96463939203,0.0704302070312
2026-05-27T23:34:02.042,734989,0.94,0.06,-0.29,28.1,8.8,10.8,-2.1,4.9,22.2,101.121,35.77,0,1,0,0,1,NONE,41,253,0.985545534209,31.363832674,7.12836653571,0.0144544657906
2026-05-27T23:34:02.090,735037,0.95,-0.17,-0.11,60.8,18.4,1.6,-2.8,3.5,20.6,101.122,35.77,0,1,0,1,2,NONE,79,438,0.971339281611,63.5433710154,6.08818299842,0.0286607183893
2026-05-27T23:34:02.139,735085,1.03,-0.14,-0.13,-5.9,31.7,1.8,-3.5,3.7,20.4,101.124,35.77,0,1,0,1,2,NONE,52,372,1.0475686135,32.2945815889,1.82811758071,0.0475686135046
2026-05-27T23:34:02.187,735137,0.99,-0.05,-0.33,27.3,22.0,3.5,-3.4,3.4,20.8,101.121,35.77,0,1,0,0,1,NONE,84,580,1.04474877363,35.2354934689,4.28721092492,0.0447487736293
2026-05-27T23:34:02.237,735187,0.99,-0.11,-0.16,22.9,14.4,6.7,-4.3,2.4,20.4,101.125,35.77,0,1,0,0,1,NONE,67,357,1.00886074361,27.8686203462,3.60555127546,0.00886074361133
2026-05-27T23:34:02.287,735235,0.86,-0.14,-0.15,-0.2,20.7,2.1,-4.4,2.6,20.8,101.123,35.77,0,1,0,0,1,NONE,74,409,0.884137998279,20.8072102887,2.78731003339,0.115862001721
2026-05-27T23:34:02.334,735287,0.97,-0.14,-0.14,-7.5,21.4,-2.4,-4.8,2.7,21.8,101.12,35.77,0,1,0,0,1,NONE,70,476,0.99,22.802850699,2.12410788792,0.01
2026-05-27T23:34:02.383,735339,0.92,-0.05,-0.21,-17.6,17.5,-10.2,-5.2,3.2,21.5,101.12,35.77,0,1,0,0,1,NONE,76,432,0.944986772394,26.8337474088,2.39421146115,0.0550132276058
2026-05-27T23:34:02.434,735385,0.88,-0.27,-0.04,-35.9,-1.9,-11.5,-4.7,3.6,21.4,101.121,35.77,0,1,0,0,1,NONE,71,362,0.921357693841,37.7448009665,6.10633561095,0.078642306159
2026-05-27T23:34:02.491,735437,1.19,0.07,-0.75,-21.7,42.2,-7.7,-4.7,4.7,23.5,101.121,35.77,0,1,0,0,1,NONE,52,316,1.40836784968,48.073069384,16.2701854603,0.408367849676
2026-05-27T23:34:02.539,735485,1.12,-0.44,-0.4,-12.5,-17.2,1.2,-4.5,4.7,24.6,101.125,35.77,0,1,0,0,1,NONE,61,393,1.26806939873,21.2962438003,12.9686454146,0.268069398732
2026-05-27T23:34:02.586,735537,0.96,-0.1,-0.39,-22.8,2.7,-8.7,-4.0,5.8,24.2,101.119,35.77,0,1,0,0,1,NONE,53,294,1.0410091258,24.5523929587,7.22882543431,0.0410091258005
2026-05-27T23:34:02.639,735589,0.94,-0.27,-0.38,6.9,-10.6,-8.4,-3.8,6.3,24.0,101.121,35.76,0,1,0,0,1,NONE,47,265,1.04923781861,15.1832144159,3.29739003836,0.0492378186093
2026-05-27T23:34:02.683,735637,0.81,-0.32,-0.26,-5.6,-12.9,-15.7,-2.9,6.0,23.3,101.119,35.77,0,1,0,1,2,NONE,55,382,0.908900434591,21.0774761297,3.83016173143,0.0910995654088
2026-05-27T23:34:02.733,735689,0.83,-0.21,-0.33,6.2,-13.4,-6.1,-1.7,6.7,23.5,101.124,35.78,0,1,0,1,2,NONE,33,147,0.917551088496,15.9752934245,2.53671268428,0.0824489115041
2026-05-27T23:34:02.787,735735,0.88,-0.31,-0.29,2.4,-10.2,-3.1,-1.3,6.7,23.0,101.121,35.77,0,1,0,0,1,NONE,47,317,0.977036335046,10.927488275,2.58137871457,0.0229636649541
2026-05-27T23:34:02.845,735789,0.85,-0.3,-0.29,2.4,-17.3,-1.4,-0.6,6.1,24.0,101.121,35.77,0,1,0,0,1,NONE,33,212,0.946889645101,17.5217008307,0.585606974105,0.0531103548987
2026-05-27T23:34:02.889,735835,0.86,-0.27,-0.26,7.3,-12.1,2.8,-0.0,5.8,22.8,101.119,35.77,0,1,0,0,1,NONE,42,206,0.93813645063,14.4062486443,0.947586726857,0.0618635493703
2026-05-27T23:34:02.940,735885,0.88,-0.3,-0.29,10.6,-8.9,0.1,-0.6,6.0,22.3,101.123,35.77,0,1,0,0,1,NONE,47,304,0.973909646733,13.8412427188,0.938083151965,0.0260903532668
2026-05-27T23:34:02.990,735935,0.89,-0.19,-0.22,28.9,-10.9,6.7,0.2,6.3,22.5,101.121,35.77,0,1,0,1,2,NONE,28,164,0.93626919206,31.6055374895,2.61533936612,0.0637308079404
2026-05-27T23:34:03.040,735987,0.95,-0.28,-0.19,33.1,-4.8,4.2,0.9,4.9,21.7,101.123,35.77,0,1,0,1,2,NONE,20,133,1.00846417884,33.7089009017,2.15864849237,0.0084641788383
2026-05-27T23:34:03.083,736035,0.86,-0.31,-0.18,34.2,-7.0,5.8,1.5,4.2,20.2,101.119,35.77,0,1,0,1,2,NONE,27,153,0.931718841711,35.3875684386,1.98737333629,0.0682811582886
2026-05-27T23:34:03.143,736087,0.92,-0.38,-0.16,19.2,-1.2,6.5,1.4,3.5,21.2,101.12,35.77,0,1,0,1,2,NONE,39,220,1.00816665289,20.3059104696,1.81422714078,0.00816665289028
2026-05-27T23:34:03.191,736137,0.9,-0.3,-0.11,23.3,-6.3,12.1,1.4,2.7,19.1,101.122,35.77,0,1,0,0,1,NONE,43,249,0.955039266208,26.9998148142,1.9287301522,0.0449607337915
2026-05-27T23:34:03.240,736185,0.94,-0.29,-0.05,18.9,-12.8,12.8,1.6,2.4,18.8,101.123,35.77,0,1,0,0,1,NONE,36,226,0.984987309563,26.1704031303,1.51668956027,0.0150126904371
2026-05-27T23:34:03.290,736237,1.02,-0.24,-0.2,28.3,-4.8,16.2,0.8,2.2,17.7,101.122,35.77,0,1,0,0,1,NONE,36,202,1.06677082825,32.9601274269,3.40770098974,0.0667708282476
2026-05-27T23:34:03.339,736285,1.01,-0.14,-0.26,14.9,-4.0,8.7,0.8,1.6,15.6,101.122,35.77,0,1,0,0,1,NONE,39,218,1.05228323183,17.7115781341,2.43847914807,0.0522832318345
2026-05-27T23:34:03.386,736337,1.0,-0.05,-0.22,27.0,-3.7,11.7,1.1,1.7,15.4,101.125,35.77,0,1,0,1,2,NONE,60,247,1.02513413756,29.657714005,1.90374902627,0.0251341375644
2026-05-27T23:34:03.434,736387,0.81,-0.03,-0.2,62.6,-1.6,6.9,0.7,0.5,14.7,101.121,35.77,0,1,0,1,2,NONE,53,289,0.83486525859,62.999444442,3.84187454246,0.16513474141
2026-05-27T23:34:03.491,736435,0.92,-0.12,-0.03,39.5,7.7,1.6,-0.1,-0.4,12.7,101.121,35.77,0,1,0,0,1,NONE,35,204,0.928277975609,40.2753026059,4.61635829295,0.0717220243914
2026-05-27T23:34:03.529,736487,1.1,-0.16,-0.2,8.7,30.3,3.0,0.6,-0.6,13.5,101.122,35.77,0,1,0,0,1,NONE,26,153,1.12942463228,31.6667017544,4.82305238615,0.12942463228
2026-05-27T23:34:03.593,736539,0.97,0.04,-0.16,39.2,4.2,3.5,-0.4,-1.1,13.1,101.123,35.77,0,1,0,1,2,NONE,36,161,0.983920728514,39.579413841,4.6513025471,0.0160792714858
2026-05-27T23:34:03.635,736585,0.91,-0.11,-0.12,29.8,19.3,-1.6,-0.3,-1.5,11.5,101.12,35.77,0,1,0,1,2,NONE,68,501,0.924445779914,35.5399774901,3.61811238632,0.0755542200864
2026-05-27T23:34:03.688,736637,0.88,-0.1,-0.11,15.9,24.7,-4.6,0.1,-1.2,11.6,101.12,35.77,0,1,0,0,1,NONE,67,474,0.892468486839,29.7331464867,0.637812459684,0.107531513161
2026-05-27T23:34:03.737,736685,0.92,-0.13,-0.1,7.7,23.1,-9.6,-0.6,-1.6,10.5,101.122,35.77,0,1,0,0,1,NONE,52,395,0.934505216679,26.1736508726,1.062295732,0.0654947833211
2026-05-27T23:34:03.792,736737,0.93,-0.14,-0.11,2.9,14.0,-13.3,0.3,-2.0,10.8,101.122,35.77,0,1,0,0,1,NONE,68,372,0.946889645101,19.5269045166,0.333086693763,0.0531103548987
2026-05-27T23:34:03.838,736787,0.94,-0.15,-0.26,-12.0,18.3,-19.8,0.3,-1.8,11.4,101.124,35.77,0,1,0,0,1,NONE,90,300,0.986762382745,29.5115231732,3.01330383466,0.0132376172553
2026-05-27T23:34:03.885,736835,1.44,-0.22,-0.8,16.7,3.8,-6.2,1.0,-1.2,12.3,101.124,35.77,0,1,0,0,1,NONE,67,361,1.66192659284,18.2145546199,15.4011746486,0.661926592843
2026-05-27T23:34:03.929,736887,0.97,-0.22,-0.31,-7.4,15.3,3.0,1.7,-1.3,11.1,101.122,35.77,0,1,0,0,1,NONE,47,275,1.04182532125,17.2583313214,13.0571116898,0.0418253212511
2026-05-27T23:34:03.978,736939,0.99,-0.27,-0.46,14.5,-3.5,-12.6,1.5,-1.2,12.2,101.122,35.77,0,1,0,0,1,NONE,37,192,1.12454435217,19.5258802618,3.06488027894,0.124544352171
2026-05-27T23:34:04.026,736985,0.88,-0.24,-0.35,-0.7,-7.2,-10.7,2.0,-1.7,10.0,101.122,35.77,0,1,0,0,1,NONE,35,245,0.976985158536,12.9158816966,3.44412598212,0.0230148414638
2026-05-27T23:34:04.092,737037,0.86,-0.23,-0.34,8.3,-17.3,-12.2,3.1,-0.8,10.0,101.122,35.77,0,1,0,1,2,NONE,66,479,0.952942810456,22.738073797,0.471055719766,0.0470571895439
2026-05-27T23:34:04.136,737085,0.84,-0.28,-0.29,0.8,-15.6,-8.1,3.5,-1.4,10.0,101.122,35.77,0,1,0,1,2,NONE,54,274,0.931718841711,17.5957381204,1.53093108924,0.0682811582886
2026-05-27T23:34:04.189,737137,0.87,-0.22,-0.33,6.0,-15.6,-6.0,4.0,-0.7,9.1,101.119,35.77,0,1,0,0,1,NONE,43,262,0.956138065344,17.7583783043,1.50197109152,0.0438619346559
2026-05-27T23:34:04.237,737188,0.86,-0.28,-0.24,11.5,-16.2,-1.3,4.7,-0.9,9.7,101.118,35.77,0,1,0,0,1,NONE,65,424,0.935735005223,19.909294312,2.12995695906,0.0642649947768
2026-05-27T23:34:04.283,737237,0.88,-0.3,-0.27,9.5,-10.2,-2.7,5.3,-0.6,9.0,101.123,35.77,0,1,0,0,1,NONE,61,415,0.968142551487,14.1978871668,0.841450127677,0.0318574485129
2026-05-27T23:34:04.333,737285,0.85,-0.35,-0.21,4.3,-6.2,-1.5,5.1,-0.9,7.9,101.121,35.77,0,1,0,0,1,NONE,48,267,0.942920993509,7.69285382677,1.74304172195,0.057079006491
2026-05-27T23:34:04.392,737337,0.86,-0.29,-0.2,3.2,0.7,-0.8,5.7,-0.9,7.8,101.118,35.77,0,1,0,0,1,NONE,41,193,0.929354614773,3.37194306002,1.18546423134,0.0706453852269
2026-05-27T23:34:04.439,737387,0.91,-0.31,-0.15,7.9,-3.4,4.5,5.8,-0.2,8.3,101.121,35.77,0,1,0,0,1,NONE,42,243,0.972985097522,9.7066987179,1.46969384567,0.0270149024779
2026-05-27T23:34:04.486,737435,0.9,-0.23,-0.16,18.7,-3.8,7.5,5.7,-0.8,8.1,101.121,35.77,0,1,0,0,1,NONE,44,293,0.942602779542,20.5031704865,1.69250800097,0.0573972204582
2026-05-27T23:34:04.539,737487,0.97,-0.31,-0.1,21.2,-9.9,12.7,5.9,-1.1,7.4,101.122,35.77,0,1,0,0,1,NONE,59,431,1.02323017938,26.6221712112,2.34741454149,0.0232301793829
2026-05-27T23:34:04.591,737539,0.9,-0.22,-0.12,33.0,-14.0,15.2,5.0,-1.4,4.9,101.118,35.77,0,1,0,0,1,NONE,54,361,0.93423765713,38.93635833,2.22612248131,0.0657623428699
2026-05-27T23:34:04.639,737585,1.01,-0.24,-0.19,32.7,7.5,13.5,4.6,-1.7,4.2,101.118,35.77,0,1,0,0,1,NONE,85,463,1.05536723466,36.1633792669,2.8675882518,0.0553672346629
2026-05-27T23:34:04.686,737636,1.06,-0.3,-0.41,31.7,5.3,7.0,4.6,-1.7,4.2,101.117,35.77,0,1,0,0,1,NONE,60,373,1.1754573578,32.8934643964,4.57749707056,0.175457357797
2026-05-27T23:34:04.739,737685,0.87,0.0,-0.21,30.5,-0.7,16.3,3.4,-2.9,2.9,101.122,35.77,0,1,0,0,1,NONE,54,367,0.894986033411,34.5894492584,8.3174219887,0.105013966589
2026-05-27T23:34:04.791,737737,0.85,-0.15,-0.14,72.9,2.5,9.5,3.6,-2.8,0.6,101.121,35.77,0,1,0,0,1,NONE,59,322,0.874414089548,73.5588879742,3.2064100001,0.125585910452
2026-05-27T23:34:04.839,737788,0.96,-0.09,-0.05,19.0,20.9,1.4,3.1,-2.7,0.0,101.118,35.77,0,1,0,0,1,NONE,48,304,0.965505049184,28.2802050912,3.02495070991,0.0344949508159
2026-05-27T23:34:04.888,737837,1.01,-0.07,-0.29,14.2,25.1,-1.7,3.3,-3.3,0.8,101.118,35.77,0,1,0,0,1,NONE,44,212,1.05313816757,28.8884059789,5.01974443929,0.0531381675735
2026-05-27T23:34:04.935,737885,0.94,-0.1,-0.12,33.8,10.9,2.3,2.8,-2.6,-1.0,101.124,35.77,0,1,0,0,1,NONE,35,216,0.952890339966,35.5884812826,3.88082000212,0.0471096600343
2026-05-27T23:34:04.992,737937,0.89,-0.12,-0.19,17.2,20.9,-2.4,3.7,-2.9,-1.4,101.122,35.77,0,1,0,0,1,NONE,55,340,0.917932459389,27.1737005209,1.69841555122,0.082067540611
2026-05-27T23:34:05.041,737987,0.91,-0.08,-0.17,0.5,24.8,-4.3,3.6,-2.9,-0.8,101.121,35.77,0,1,0,0,1,NONE,37,214,0.929193198425,25.1749875869,0.979795897113,0.0708068015746
2026-05-27T23:34:05.077,738035,0.93,-0.13,-0.16,2.1,21.8,-10.9,3.7,-2.5,-0.5,101.12,35.76,0,1,0,0,1,NONE,58,157,0.952575456329,24.4634421127,1.14108866147,0.0474245436712
2026-05-27T23:34:05.141,738087,0.92,-0.25,-0.05,-24.9,12.9,-15.5,4.7,-2.2,0.8,101.122,35.77,0,1,0,0,1,NONE,145,406,0.954672718789,32.0416915908,3.13644354429,0.045327281211
2026-05-27T23:34:05.189,738139,1.19,0.07,-0.58,-7.6,42.5,-7.8,4.9,-1.6,1.8,101.119,35.77,0,1,0,1,2,NONE,269,395,1.32566964211,43.873112495,12.9889575314,0.325669642105
2026-05-27T23:34:05.238,738185,1.28,-0.45,-0.36,19.4,-42.2,2.3,4.6,-1.7,0.9,101.122,35.77,0,1,0,1,2,NONE,124,477,1.40374499109,46.5025805736,12.4293846599,0.403744991086
2026-05-27T23:34:05.294,738239,0.96,-0.17,-0.38,-26.7,-12.1,1.8,5.2,-2.4,0.9,101.119,35.77,0,1,0,1,2,NONE,57,305,1.04637469388,29.3690313085,7.88288764955,0.0463746938836
2026-05-27T23:34:05.340,738285,0.9,-0.18,-0.35,15.6,-25.6,-3.9,5.4,-2.1,0.5,101.121,35.77,0,1,0,1,2,NONE,41,170,0.982293235241,30.2312751964,1.47441956155,0.0177067647591
2026-05-27T23:34:05.383,738337,0.79,-0.3,-0.35,3.1,-22.0,-10.5,5.7,-1.4,-1.0,101.118,35.77,0,1,0,0,1,NONE,30,165,0.914658406182,24.5735630302,3.13054242233,0.0853415938177
2026-05-27T23:34:05.430,738389,0.8,-0.21,-0.3,8.7,-18.1,-7.3,5.9,-1.4,-0.1,101.123,35.77,0,1,0,0,1,NONE,27,144,0.879829528943,21.3679666791,1.98924623707,0.120170471057
2026-05-27T23:34:05.478,738436,0.92,-0.31,-0.33,16.6,-9.9,-5.2,6.1,-1.2,-2.3,101.122,35.77,0,1,0,1,2,NONE,29,134,1.02537797909,20.0152441904,3.38424972778,0.0253779790887
2026-05-27T23:34:05.524,738485,0.83,-0.28,-0.32,15.4,-12.3,-4.4,6.6,-1.2,-0.5,101.12,35.76,0,1,0,1,2,NONE,23,107,0.932577074563,20.1943061282,1.94681469677,0.0674229254373
2026-05-27T23:34:05.588,738537,0.86,-0.26,-0.22,19.8,-8.8,-3.5,6.8,-0.9,-2.3,101.118,35.77,0,1,0,1,2,NONE,41,157,0.924986486388,21.9483484572,2.04425881014,0.0750135136122
2026-05-27T23:34:05.644,738587,0.85,-0.34,-0.16,13.2,-2.6,-3.9,7.5,-1.3,-2.4,101.118,35.77,0,1,0,1,2,NONE,19,131,0.929354614773,14.0074979921,2.00997512422,0.0706453852269
2026-05-27T23:34:05.682,738635,0.92,-0.28,-0.18,8.4,-0.1,0.7,6.9,-0.3,-3.3,101.123,35.77,0,1,0,1,2,NONE,27,112,0.978365984691,8.42970936628,1.96541273585,0.0216340153092
2026-05-27T23:34:05.734,738687,0.94,-0.31,-0.16,5.4,-0.8,2.0,7.0,-0.2,-3.0,101.121,35.77,0,1,0,1,2,NONE,28,119,1.00264649802,5.8137767415,0.792904928003,0.0026464980241
2026-05-27T23:34:05.783,738739,0.9,-0.27,-0.1,3.5,-3.1,8.0,7.5,-1.2,-2.8,101.12,35.77,0,1,1,1,3,NONE,22,139,0.944933860119,9.26606712689,1.58580985601,0.0550661398807
2026-05-27T23:34:05.831,738785,0.96,-0.25,-0.12,11.9,-0.6,11.2,6.5,-0.9,-3.1,101.121,35.77,0,1,1,1,3,NONE,25,113,0.999249718539,16.3526756221,1.44201077842,0.000750281461136
2026-05-27T23:34:05.890,738837,0.92,-0.26,-0.13,16.7,-6.7,13.1,6.3,-0.3,-3.1,101.117,35.77,0,1,1,1,3,NONE,41,211,0.964831591523,22.2573583338,0.815892439831,0.0351684084774
2026-05-27T23:34:05.939,738885,0.9,-0.29,-0.1,24.0,-4.4,14.5,5.4,-0.7,-3.5,101.122,35.77,0,1,1,1,3,NONE,39,165,0.950841732361,28.38326972,0.977169949963,0.0491582676386
2026-05-27T23:34:05.990,738937,1.13,-0.24,-0.31,47.4,5.6,8.4,5.8,-1.1,-5.6,101.12,35.77,0,1,0,0,1,NONE,31,147,1.1960769206,48.4631819013,6.06608088292,0.196076920603
2026-05-27T23:34:06.040,738988,0.74,0.02,-0.34,12.0,-6.5,12.7,5.5,-1.4,-5.2,101.123,35.77,0,1,0,0,1,NONE,33,131,0.814616474177,18.642424735,9.20942632613,0.185383525823
2026-05-27T23:34:06.090,739037,1.01,-0.16,-0.18,35.3,19.0,7.5,4.9,-1.1,-6.4,101.122,35.77,0,1,0,0,1,NONE,41,158,1.03831594421,40.7840655158,7.38369490413,0.0383159442097
2026-05-27T23:34:06.130,739085,1.04,-0.05,-0.03,9.2,4.0,3.2,5.1,-1.4,-6.7,101.122,35.77,0,1,0,0,1,NONE,32,166,1.0416333328,10.5299572649,3.92530076696,0.0416333328
2026-05-27T23:34:06.181,739137,0.96,-0.13,-0.21,-9.7,16.7,1.3,4.7,-1.1,-6.9,101.126,35.77,0,1,0,0,1,NONE,31,153,0.991261822124,19.3563942923,4.08851762028,0.0087381778763
2026-05-27T23:34:06.241,739187,0.93,-0.08,-0.16,24.6,10.8,0.1,4.5,-0.4,-5.2,101.12,35.77,0,1,0,0,1,NONE,32,120,0.947048045244,26.8665219186,1.53622914957,0.0529519547563
2026-05-27T23:34:06.290,739235,0.88,-0.07,-0.09,15.0,9.6,-2.1,5.1,-0.7,-6.4,101.123,35.77,0,1,0,0,1,NONE,30,147,0.887355622059,17.9323729607,1.80421959122,0.112644377941
2026-05-27T23:34:06.340,739287,0.97,-0.07,-0.1,27.5,12.5,-7.4,5.3,0.2,-7.0,101.124,35.77,0,1,0,0,1,NONE,33,135,0.977650244208,31.1008038481,1.74142021887,0.022349755792
2026-05-27T23:34:06.386,739339,0.89,-0.16,-0.15,17.7,6.6,-14.6,5.8,0.4,-8.0,101.118,35.76,0,1,1,1,3,NONE,33,226,0.916624241442,23.8748821987,2.50738554046,0.0833757585575
2026-05-27T23:34:06.439,739385,0.91,-0.31,-0.09,-14.5,8.3,-10.9,5.7,0.9,-8.1,101.12,35.77,0,1,1,1,3,NONE,50,312,0.965556834164,19.9486841671,3.53887404263,0.0344431658364
2026-05-27T23:34:06.486,739439,1.32,-0.08,-0.41,-2.6,25.8,-7.8,6.4,1.2,-7.1,101.122,35.77,0,1,0,1,2,NONE,88,407,1.38452157802,27.0784046797,10.5311608949,0.384521578019
2026-05-27T23:34:06.534,739485,1.1,-0.11,-0.57,42.8,9.2,3.0,6.9,1.0,-6.8,101.124,35.77,0,1,0,1,2,NONE,74,458,1.24378454726,43.8802917037,5.94953573191,0.243784547259
2026-05-27T23:34:06.590,739537,0.89,-0.23,-0.42,32.3,-7.3,-0.4,7.2,1.0,-8.3,101.121,35.77,0,1,1,1,3,NONE,37,244,1.01064335945,33.1170650874,5.47317287337,0.0106433594498
2026-05-27T23:34:06.630,739588,0.77,-0.19,-0.34,0.7,-0.9,-7.9,7.9,1.6,-7.2,101.121,35.76,0,1,1,1,3,NONE,51,305,0.862902080192,7.98185442112,2.93463324453,0.137097919808
2026-05-27T23:34:06.684,739637,0.89,-0.32,-0.4,10.1,-2.5,-9.4,7.6,1.7,-8.5,101.119,35.76,0,1,1,1,3,NONE,62,396,1.02688850417,14.0221253739,3.81255952903,0.0268885041717
2026-05-27T23:34:06.727,739685,0.92,-0.27,-0.34,12.1,-3.8,-8.8,8.4,1.8,-8.9,101.124,35.77,0,1,1,1,3,NONE,52,406,1.01730034896,15.4366447131,1.74304172195,0.0173003489629
2026-05-27T23:34:06.792,739737,0.95,-0.24,-0.27,8.2,-10.6,-10.0,8.7,2.3,-9.6,101.121,35.76,0,1,0,1,2,NONE,50,265,1.01636607578,16.7212439729,1.57410630228,0.0163660757818
2026-05-27T23:34:06.840,739787,0.85,-0.31,-0.24,-3.4,-12.7,-7.3,8.4,2.5,-9.2,101.123,35.77,0,1,0,1,2,NONE,106,681,0.936055553907,15.0379519882,2.513961018,0.0639444460931
2026-05-27T23:34:06.890,739835,0.9,-0.28,-0.23,4.2,-9.9,-3.5,8.7,2.9,-10.1,101.123,35.77,0,1,0,1,2,NONE,81,505,0.970206163658,11.3092882181,1.23251662148,0.029793836342
2026-05-27T23:34:06.929,739887,0.87,-0.25,-0.22,17.2,-9.8,1.7,8.2,2.4,-10.1,101.12,35.76,0,1,0,1,2,NONE,55,405,0.931557835027,19.8688197938,0.838249796835,0.0684421649731
2026-05-27T23:34:06.992,739939,0.9,-0.36,-0.21,4.3,-4.8,-0.9,8.5,3.1,-9.8,101.121,35.77,0,1,0,0,1,NONE,73,431,0.991816515289,6.506919394,2.20106214274,0.00818348471101
2026-05-27T23:34:07.025,739985,0.89,-0.32,-0.19,-1.5,-3.1,-0.1,8.4,2.6,-10.1,101.12,35.76,0,1,0,0,1,NONE,56,345,0.964676111449,3.44528663539,0.996212107599,0.0353238885512
2026-05-27T23:34:07.091,740037,0.9,-0.26,-0.26,10.4,-5.1,1.5,8.3,3.4,-11.1,101.123,35.77,0,1,0,0,1,NONE,49,358,0.972213968219,11.6798972598,1.78338817221,0.0277860317811
2026-05-27T23:34:07.141,740085,0.91,-0.35,-0.15,4.5,-2.8,2.0,7.7,3.0,-11.3,101.124,35.76,0,1,0,0,1,NONE,52,290,0.986458311334,5.66480361531,2.96829309349,0.013541688666
2026-05-27T23:34:07.196,740137,0.91,-0.34,-0.14,4.9,0.3,7.1,8.5,3.6,-11.9,101.12,35.76,0,1,0,0,1,NONE,60,378,0.981478476585,8.63191751582,0.27196414661,0.0185215234148
2026-05-27T23:34:07.237,740188,0.9,-0.23,-0.18,26.0,-2.4,12.1,8.6,2.6,-11.0,101.121,35.77,0,1,0,0,1,NONE,60,406,0.946202938064,28.7779429425,2.30340002441,0.0537970619365
2026-05-27T23:34:07.286,740237,0.91,-0.28,-0.13,20.9,-3.8,18.1,7.9,2.7,-11.0,101.121,35.77,0,1,0,0,1,NONE,77,387,0.960937042683,27.9080633509,1.45743437317,0.0390629573172
2026-05-27T23:34:07.333,740285,0.87,-0.2,-0.14,41.9,-11.0,23.3,7.6,2.7,-12.7,101.123,35.76,0,1,0,0,1,NONE,67,400,0.903603895521,49.1884132698,1.875,0.0963961044794
2026-05-27T23:34:07.387,740337,1.21,-0.37,-0.48,38.9,5.7,2.0,6.2,3.0,-14.1,101.123,35.77,0,1,1,1,3,NONE,79,371,1.35329228181,39.3662291819,9.80769230769,0.353292281808
2026-05-27T23:34:07.441,740387,0.89,0.11,-0.08,2.6,-5.5,6.9,6.1,3.9,-15.1,101.123,35.77,0,1,1,1,3,NONE,74,378,0.900333271628,9.19891297926,14.0399430198,0.0996667283722
2026-05-27T23:34:07.491,740435,0.95,-0.26,-0.13,44.4,7.0,1.4,6.3,3.9,-14.9,101.122,35.76,0,1,0,0,1,NONE,84,415,0.993478736562,44.9702123633,7.8781960005,0.00652126343842
2026-05-27T23:34:07.537,740487,1.09,-0.07,-0.13,5.6,15.3,8.3,6.2,4.4,-16.2,101.121,35.76,0,1,0,0,1,NONE,59,309,1.09995454452,18.2849665026,4.53862450816,0.0999545445154
2026-05-27T23:34:07.592,740539,0.91,-0.11,-0.24,15.4,8.7,8.4,6.3,4.6,-16.9,101.122,35.76,0,1,0,0,1,NONE,52,277,0.94752308679,19.5808579996,4.1290212603,0.05247691321
2026-05-27T23:34:07.634,740585,0.91,-0.13,-0.08,20.1,12.0,6.6,6.6,3.7,-15.0,101.123,35.76,0,1,0,0,1,NONE,42,215,0.922713389954,24.3222120705,3.50532945578,0.0772866100462
2026-05-27T23:34:07.688,740637,0.88,-0.1,-0.14,-0.4,26.6,-2.0,6.6,4.4,-16.7,101.121,35.77,0,1,0,0,1,NONE,47,295,0.896660470858,26.6780808905,1.4131671593,0.103339529142
2026-05-27T23:34:07.735,740685,0.96,-0.13,-0.14,-7.0,19.5,-6.3,6.9,4.8,-15.0,101.122,35.76,0,1,0,0,1,NONE,50,294,0.978825827203,21.6550225121,1.78000078027,0.0211741727968
2026-05-27T23:34:07.790,740737,0.95,-0.2,-0.14,-7.8,12.2,-11.4,7.2,4.8,-14.6,101.12,35.77,0,1,0,0,1,NONE,45,336,0.980866963456,18.4293244586,1.35982073305,0.0191330365437
2026-05-27T23:34:07.843,740788,0.96,-0.16,-0.17,-17.6,8.9,-14.8,7.5,4.9,-14.3,101.122,35.77,0,1,0,0,1,NONE,55,257,0.987977732543,24.6578587878,0.999807747763,0.0120222674574
2026-05-27T23:34:07.889,740837,1.33,-0.11,-0.63,23.7,7.0,-1.5,8.0,4.9,-12.8,101.123,35.76,0,1,0,0,1,NONE,62,355,1.47577098494,24.757625088,12.090867954,0.475770984943
2026-05-27T23:34:07.939,740885,0.95,-0.39,-0.34,-22.1,-4.8,-8.4,8.3,4.9,-13.7,101.121,35.77,0,1,0,0,1,NONE,50,314,1.08175782872,24.1248834194,11.5413658204,0.0817578287214
2026-05-27T23:34:07.989,740937,0.92,-0.07,-0.37,-3.2,-3.8,-3.6,8.4,5.0,-14.2,101.125,35.76,0,1,0,0,1,NONE,60,353,0.994082491547,6.13514466007,6.20769707368,0.00591750845315
2026-05-27T23:34:08.039,740987,0.93,-0.29,-0.32,20.6,-13.6,-7.6,8.7,5.4,-14.0,101.125,35.77,0,1,0,0,1,NONE,51,259,1.02537797909,25.8278919,4.51663591625,0.0253779790887
2026-05-27T23:34:08.089,741036,0.8,-0.27,-0.29,8.9,-10.7,-13.9,8.3,5.8,-13.4,101.12,35.76,0,1,0,0,1,NONE,136,586,0.892748564827,19.6700279613,2.7532117476,0.107251435173
2026-05-27T23:34:08.130,741084,0.88,-0.29,-0.25,8.7,-8.2,-7.8,8.3,5.8,-13.4,101.123,35.77,0,1,0,0,1,NONE,104,591,0.959687449121,14.2748029759,1.90940653956,0.0403125508792
2026-05-27T23:34:08.190,741136,0.88,-0.28,-0.26,-2.4,-5.9,-4.6,9.3,6.5,-14.8,101.124,35.77,0,1,0,0,1,NONE,71,391,0.959374796417,7.85684415017,0.27196414661,0.0406252035831
2026-05-27T23:34:08.226,741187,0.89,-0.24,-0.22,4.3,-9.6,-0.4,9.0,6.8,-14.7,101.123,35.76,0,1,0,0,1,NONE,96,551,0.947681381056,10.52663289,1.12638483265,0.0523186189441
2026-05-27T23:34:08.291,741239,0.88,-0.33,-0.2,-1.4,-4.3,-1.5,8.9,6.6,-15.2,101.121,35.76,0,1,0,0,1,NONE,78,455,0.960885008729,4.76445169983,1.78338817221,0.0391149912711
2026-05-27T23:34:08.340,741287,0.87,-0.29,-0.2,1.0,0.2,0.5,8.7,7.0,-15.7,101.118,35.77,0,1,0,0,1,NONE,57,288,0.938616002421,1.13578166916,0.85898033867,0.0613839975794
2026-05-27T23:34:08.389,741335,0.88,-0.29,-0.17,13.3,2.0,1.8,9.0,7.0,-15.6,101.121,35.76,0,1,0,0,1,NONE,104,488,0.942019108086,13.5694509837,0.658807845868,0.0579808919135
2026-05-27T23:34:08.440,741387,0.91,-0.31,-0.16,11.8,9.3,2.6,9.1,7.2,-16.0,101.122,35.76,0,1,0,0,1,NONE,110,594,0.974576831245,15.2476227655,0.719549497457,0.0254231687548
2026-05-27T23:34:08.494,741439,0.91,-0.24,-0.13,21.5,3.9,5.7,8.7,7.2,-15.5,101.121,35.77,0,1,0,0,1,NONE,69,388,0.950052630121,22.5820725355,1.46457175113,0.0499473698789
2026-05-27T23:34:08.532,741485,0.92,-0.21,-0.12,26.0,1.5,14.7,8.6,7.1,-15.4,101.12,35.76,0,1,0,0,1,NONE,62,386,0.951262319237,29.9055178855,0.721005389208,0.0487376807631
2026-05-27T23:34:08.584,741537,0.85,-0.23,-0.27,22.6,17.9,18.4,8.5,7.3,-16.9,101.123,35.76,0,1,0,0,1,NONE,61,245,0.921032029845,34.2013157642,3.2064100001,0.0789679701552
2026-05-27T23:34:08.634,741585,0.84,-0.37,-0.1,23.6,16.8,27.5,8.5,7.4,-18.2,101.12,35.76,0,1,0,0,1,NONE,60,384,0.923309265631,39.9430845078,4.59279326772,0.076690734369
2026-05-27T23:34:08.692,741637,1.01,-0.27,-0.4,47.2,26.1,29.8,8.1,7.1,-18.3,101.122,35.77,0,1,0,0,1,NONE,104,581,1.11937482552,61.6205322924,6.90435502731,0.119374825516
2026-05-27T23:34:08.739,741688,0.87,-0.09,-0.34,6.5,8.4,16.3,7.7,7.3,-16.5,101.12,35.76,0,1,0,0,1,NONE,58,356,0.938402898546,19.4550764583,4.62346122453,0.0615971014538
2026-05-27T23:34:08.787,741737,1.12,-0.03,-0.38,30.4,28.6,4.5,7.3,7.6,-17.8,101.124,35.77,0,1,0,0,1,NONE,37,247,1.18308917669,41.9805907533,5.31004564541,0.18308917669
2026-05-27T23:34:08.839,741785,1.03,-0.2,-0.26,26.7,-1.9,4.2,7.3,7.5,-17.8,101.123,35.76,0,1,0,0,1,NONE,72,403,1.08097178502,27.0950179922,4.72324335365,0.0809717850157
2026-05-27T23:34:08.884,741837,1.01,-0.06,-0.25,6.5,13.4,-0.1,7.6,8.2,-18.2,101.127,35.77,0,1,0,0,1,NONE,109,569,1.04220919205,14.8936227964,2.72643209207,0.0422091920531
2026-05-27T23:34:08.940,741887,0.94,0.01,-0.36,13.3,15.2,1.6,7.7,8.4,-16.9,101.117,35.77,0,1,0,0,1,NONE,109,559,1.00662803458,20.2605528059,2.95972971739,0.00662803457881
2026-05-27T23:34:08.990,741936,0.92,-0.04,-0.26,14.5,7.4,0.8,8.1,8.5,-16.8,101.119,35.76,0,1,0,0,1,NONE,68,476,0.956869897112,16.29877296,2.3179217738,0.0431301028875
2026-05-27T23:34:09.044,741987,0.88,-0.05,-0.24,12.5,9.6,-4.0,8.2,9.0,-16.8,101.121,35.76,0,1,0,0,1,NONE,129,610,0.913509715329,16.2606887923,0.898544253913,0.0864902846713
2026-05-27T23:34:09.093,742039,0.89,-0.08,-0.23,7.6,7.4,-8.9,8.6,9.0,-17.2,101.123,35.77,0,1,0,0,1,NONE,77,424,0.922713389954,13.8466602471,0.637812459684,0.0772866100462
2026-05-27T23:34:09.139,742085,0.93,-0.12,-0.24,-1.5,-0.5,-14.9,8.6,10.2,-17.9,101.121,35.76,0,1,0,0,1,NONE,65,328,0.967935948294,14.9836577644,1.24881796664,0.0320640517059
2026-05-27T23:34:09.191,742137,0.91,-0.27,-0.22,-30.6,-7.9,-20.5,8.8,10.3,-17.8,101.119,35.76,0,1,0,0,1,NONE,98,405,0.974371592361,37.6698818687,2.93544952355,0.0256284076391
2026-05-27T23:34:09.239,742185,1.17,-0.12,-0.62,-8.5,-1.2,-1.2,9.4,10.7,-15.9,101.117,35.76,0,1,0,0,1,NONE,60,372,1.32954879564,8.66775634175,10.4187497917,0.329548795645
2026-05-27T23:34:09.293,742237,0.94,-0.22,-0.35,-26.4,-12.5,-2.5,9.3,10.3,-17.0,101.12,35.76,0,1,0,0,1,NONE,47,238,1.02688850417,29.3165482279,7.0867406818,0.0268885041717
2026-05-27T23:34:09.346,742289,0.95,-0.14,-0.32,-8.9,-17.9,-2.9,8.9,9.7,-17.5,101.121,35.76,0,1,0,0,1,NONE,52,347,1.01217587405,20.1997524737,1.65429332059,0.0121758740456
2026-05-27T23:34:09.379,742337,1.1,-0.35,-0.52,-11.3,-69.2,-10.2,9.2,10.0,-18.4,101.123,35.76,0,1,0,0,1,NONE,80,544,1.26605687076,70.8545693657,6.80201154888,0.266056870761
2026-05-27T23:34:09.427,742385,0.65,-0.08,-0.15,-13.0,-29.1,-7.1,8.3,9.7,-19.5,101.123,35.76,0,1,0,0,1,NONE,73,465,0.67186308129,32.6530243622,13.3772064639,0.32813691871
2026-05-27T23:34:09.491,742437,0.88,-0.3,-0.11,2.6,-24.2,-6.5,8.0,9.4,-19.1,101.126,35.76,0,1,0,0,1,NONE,312,1343,0.936215787092,25.1922607163,6.16885189706,0.0637842129082
2026-05-27T23:34:09.540,742487,0.86,-0.33,-0.08,-7.0,-4.3,-3.5,7.8,9.4,-20.9,101.118,35.76,0,1,0,0,1,NONE,388,2154,0.924608025057,8.92972563968,0.938083151965,0.0753919749429
2026-05-27T23:34:09.594,742535,0.91,-0.24,-0.22,1.8,7.5,2.8,8.3,9.9,-19.9,101.12,35.77,0,1,0,0,1,NONE,523,3144,0.966488489326,8.20548596976,3.6204473327,0.0335115106738
2026-05-27T23:34:09.642,742587,0.83,-0.26,-0.13,-7.0,-6.8,4.1,8.2,9.0,-20.1,101.124,35.76,0,1,0,0,1,NONE,165,758,0.879431634637,10.5853672586,2.34741454149,0.120568365363
2026-05-27T23:34:09.688,742639,0.94,-0.36,-0.12,-7.1,4.7,4.5,7.6,9.0,-19.3,101.121,35.77,0,1,0,0,1,NONE,67,303,1.0137060718,9.63068014213,2.86532008188,0.0137060717979
2026-05-27T23:34:09.734,742685,0.86,-0.25,-0.08,-5.1,13.2,6.7,7.7,8.9,-19.6,101.12,35.77,0,1,0,0,1,NONE,71,344,0.899166280507,15.6569473398,3.0820536693,0.100833719493
2026-05-27T23:34:09.784,742737,0.93,-0.26,-0.06,2.0,30.1,9.3,7.8,7.8,-18.6,101.125,35.77,0,1,0,0,1,NONE,42,299,0.967522609555,31.5673882353,1.4131671593,0.0324773904451
2026-05-27T23:34:09.832,742785,0.95,-0.2,-0.13,17.9,14.3,14.4,8.0,7.8,-18.9,101.12,35.76,0,1,0,0,1,NONE,41,293,0.979489663039,27.0603030286,1.96541273585,0.0205103369611
2026-05-27T23:34:09.892,742837,0.92,-0.22,-0.07,31.9,11.6,15.0,7.5,7.6,-18.6,101.123,35.76,0,1,0,0,1,NONE,57,267,0.948525170989,37.1102411741,1.34615384615,0.0514748290108
2026-05-27T23:34:09.939,742889,1.07,-0.25,-0.21,40.3,19.3,18.5,7.8,7.5,-18.6,101.124,35.77,0,1,0,0,1,NONE,50,244,1.11870460802,48.3614515911,3.98777718333,0.118704608018
2026-05-27T23:34:09.990,742937,0.93,-0.14,-0.34,12.1,11.8,13.1,7.8,8.4,-18.9,101.121,35.76,0,1,0,0,1,NONE,49,467,1.00004999875,21.3836386053,4.59279326772,4.99987500624e-05
2026-05-27T23:34:10.035,742985,0.85,0.01,-0.32,54.7,17.4,5.9,7.3,8.0,-19.3,101.122,35.77,0,1,0,0,1,NONE,60,288,0.908295106229,57.7032061501,3.56609224346,0.0917048937708
2026-05-27T23:34:10.087,743037,0.9,-0.26,-0.27,37.1,15.5,6.6,7.2,9.3,-20.9,101.118,35.76,0,1,0,0,1,NONE,32,222,0.974935895329,40.7457973293,5.36741759114,0.0250641046715
2026-05-27T23:34:10.135,743087,0.93,-0.03,-0.16,0.4,24.8,-3.8,7.4,9.6,-20.3,101.121,35.76,0,1,0,0,1,NONE,42,247,0.944139820154,25.0926283996,5.1341990612,0.0558601798462
2026-05-27T23:34:10.186,743135,1.02,-0.02,-0.33,-3.7,36.4,-2.4,8.4,10.0,-20.1,101.12,35.77,0,1,0,0,1,NONE,33,188,1.07224064463,36.6661969667,4.01278339255,0.0722406446316
2026-05-27T23:34:10.238,743187,1.05,-0.05,-0.32,16.1,7.6,1.7,8.8,10.1,-18.9,101.12,35.76,0,1,0,0,1,NONE,39,224,1.09881754627,17.8846302729,0.838249796835,0.0988175462742
2026-05-27T23:34:10.293,743239,0.91,-0.11,-0.22,9.9,9.1,0.5,8.5,10.5,-19.0,101.121,35.77,0,1,0,0,1,NONE,52,285,0.942655822663,13.4562253251,3.50401291506,0.0573441773372
2026-05-27T23:34:10.325,743285,0.94,-0.11,-0.24,0.3,15.7,-2.1,8.8,10.7,-19.9,101.121,35.76,0,1,0,0,1,NONE,36,231,0.976370831191,15.8426639174,0.783815494666,0.0236291688093
2026-05-27T23:34:10.389,743337,0.97,-0.15,-0.17,-9.9,4.6,-10.7,8.9,10.5,-18.6,101.121,35.76,0,1,0,0,1,NONE,42,212,0.996142560079,15.2859412533,1.65429332059,0.00385743992137
2026-05-27T23:34:10.437,743385,0.96,-0.22,-0.12,-18.4,-8.2,-13.9,8.7,10.6,-18.5,101.122,35.76,0,1,0,0,1,NONE,45,234,0.992169340385,24.4746807946,1.80421959122,0.007830659615
2026-05-27T23:34:10.487,743437,0.86,-0.29,-0.14,-37.4,-11.3,-17.5,9.1,10.6,-18.6,101.121,35.76,0,1,0,0,1,NONE,49,203,0.918313671901,42.8100455501,2.37871478401,0.0816863280992
2026-05-27T23:34:10.540,743489,1.26,0.07,-0.8,4.3,14.9,-4.8,9.1,10.1,-16.6,101.121,35.76,0,1,0,0,1,NONE,42,242,1.49415527975,16.2339151162,16.3766683508,0.494155279748
2026-05-27T23:34:10.590,743537,1.0,-0.38,-0.33,10.1,-25.1,-12.5,9.9,10.0,-16.1,101.12,35.77,0,1,0,0,1,NONE,29,190,1.11950882087,29.8038588106,14.5982067011,0.119508820867
2026-05-27T23:34:10.628,743585,0.75,-0.23,-0.32,-30.2,-7.3,-14.6,10.2,10.6,-19.0,101.118,35.76,0,1,0,0,1,NONE,45,192,0.847230783199,34.329142139,6.07748006076,0.152769216801
2026-05-27T23:34:10.682,743637,0.83,-0.22,-0.33,4.5,-9.3,-7.3,9.4,10.7,-17.7,101.119,35.76,0,1,0,0,1,NONE,40,230,0.919891297926,12.6502964392,1.56231507781,0.080108702074
2026-05-27T23:34:10.740,743687,0.96,-0.25,-0.28,18.0,-6.8,-7.0,10.1,10.7,-18.1,101.122,35.76,0,1,0,0,1,NONE,36,202,1.0307764064,20.4753510348,2.84956136976,0.0307764064044
2026-05-27T23:34:10.789,743735,0.85,-0.34,-0.28,5.4,-9.3,-6.0,10.4,11.3,-18.8,101.119,35.77,0,1,0,0,1,NONE,37,276,0.957340064972,12.3146254511,2.96097300074,0.0426599350283
2026-05-27T23:34:10.840,743787,0.8,-0.35,-0.27,1.0,-8.3,-3.2,10.4,11.2,-18.6,101.121,35.75,0,1,0,0,1,NONE,29,170,0.914002188181,8.95153618101,0.99926008129,0.0859978118188
2026-05-27T23:34:10.889,743839,0.82,-0.29,-0.22,-1.9,-1.2,1.2,10.2,10.9,-18.7,101.118,35.76,0,1,0,0,1,NONE,36,175,0.897162192694,2.54754784057,1.55043418237,0.102837807306
2026-05-27T23:34:10.931,743885,0.84,-0.28,-0.26,4.0,0.7,6.3,9.4,11.3,-19.8,101.12,35.77,0,1,0,0,1,NONE,34,183,0.922821759605,7.49533188058,0.996212107599,0.0771782403953
2026-05-27T23:34:10.979,743937,0.92,-0.32,-0.19,7.3,4.9,8.3,9.6,11.3,-18.8,101.121,35.76,0,1,0,0,1,NONE,35,211,0.992421281513,12.0909056733,2.18419551762,0.00757871848695
2026-05-27T23:34:11.036,743985,0.94,-0.27,-0.19,0.9,-1.2,11.5,9.3,11.0,-19.2,101.119,35.76,0,1,0,0,1,NONE,30,214,0.996293129556,11.5974135047,1.12190933482,0.00370687044425
2026-05-27T23:34:11.091,744037,0.93,-0.24,-0.14,9.3,-2.4,10.1,9.0,10.6,-19.1,101.121,35.76,0,1,0,0,1,NONE,29,171,0.970618359604,13.9377186082,1.1377076506,0.0293816403962
2026-05-27T23:34:11.143,744089,0.89,-0.25,-0.1,15.9,-11.5,12.9,8.9,10.9,-18.5,101.118,35.76,0,1,0,0,1,NONE,42,187,0.929838695689,23.4833983912,1.10472358587,0.0701613043113
2026-05-27T23:34:11.191,744137,1.01,-0.27,-0.13,23.6,-17.0,14.2,8.6,10.3,-18.4,101.118,35.76,0,1,0,0,1,NONE,37,194,1.05351791632,32.3666495022,2.61040918461,0.0535179163166
2026-05-27T23:34:11.242,744188,0.79,-0.3,0.01,-16.1,-4.3,1.0,8.1,10.9,-19.8,101.122,35.77,0,1,0,0,1,NONE,35,180,0.845103543952,16.694310408,5.14682539153,0.154896456048
2026-05-27T23:34:11.288,744235,0.95,-0.39,-0.04,-7.1,-22.4,-2.4,7.6,10.8,-21.0,101.122,35.77,0,1,0,1,2,NONE,246,1074,1.02771591405,23.6205419074,4.0481484235,0.0277159140541
2026-05-27T23:34:11.329,744289,0.98,-0.19,-0.2,15.1,-9.4,6.8,7.3,10.3,-19.9,101.118,35.76,0,1,0,1,2,NONE,96,522,1.01808644034,19.0423212871,4.7754803549,0.018086440338
2026-05-27T23:34:11.376,744335,0.9,-0.12,-0.28,15.6,11.3,3.7,6.7,10.1,-20.8,101.119,35.76,0,1,0,0,1,NONE,182,1072,0.950157881618,19.6147903379,2.89220319471,0.0498421183824
2026-05-27T23:34:11.440,744385,1.0,-0.13,-0.32,56.2,24.3,8.7,6.7,10.8,-22.0,101.12,35.76,0,1,0,0,1,NONE,103,554,1.05796975382,61.84351219,2.16333076528,0.057969753821
2026-05-27T23:34:11.489,744437,1.04,-0.2,-0.14,44.7,6.5,10.6,6.4,11.7,-21.4,101.12,35.76,0,1,0,0,1,NONE,263,1417,1.06826962889,46.3971981913,3.79290056218,0.0682696288859
2026-05-27T23:34:11.536,744489,0.98,-0.33,-0.09,2.4,23.9,7.7,6.7,13.1,-22.3,101.122,35.76,0,1,0,0,1,NONE,193,1015,1.03797880518,25.2241947344,2.9164905554,0.0379788051786
2026-05-27T23:34:11.584,744537,0.91,0.21,-0.26,48.0,11.4,7.3,7.2,14.0,-22.6,101.118,35.76,0,1,0,1,2,NONE,137,997,0.969432823872,49.8723370216,11.8841339141,0.0305671761282
2026-05-27T23:34:11.632,744585,0.97,-0.08,-0.24,54.6,15.7,4.2,7.4,14.5,-22.5,101.116,35.76,0,1,0,1,2,NONE,121,1058,1.00244700608,56.9674468447,6.18367586652,0.00244700608062
2026-05-27T23:34:11.681,744637,0.85,-0.16,-0.18,47.2,20.8,-0.7,7.9,16.0,-22.3,101.122,35.77,0,1,0,1,2,NONE,145,989,0.883459110542,51.5845907224,3.00394218304,0.116540889458
2026-05-27T23:34:11.746,744687,0.82,-0.13,-0.09,41.6,22.4,-8.4,7.4,17.1,-22.4,101.122,35.76,0,1,0,1,2,NONE,135,831,0.835104783845,47.9883319152,1.98997487421,0.164895216155
2026-05-27T23:34:11.785,744735,0.94,-0.3,-0.11,1.0,25.0,-11.7,9.2,17.6,-23.2,101.12,35.77,0,1,0,0,1,NONE,145,967,0.992824254337,27.6204634284,4.35511353341,0.00717574566291
2026-05-27T23:34:11.841,744787,1.0,-0.08,0.03,-21.6,-15.3,-28.3,8.3,17.2,-23.2,101.123,35.76,0,1,0,0,1,NONE,201,952,1.00364336295,38.7497096763,5.14580313856,0.0036433629532
2026-05-27T23:34:11.890,744839,1.53,-0.1,-1.04,36.9,58.3,-10.3,10.2,18.4,-21.8,101.124,35.76,0,1,0,0,1,NONE,107,638,1.85270073136,69.7609489614,22.9660799529,0.852700731365
2026-05-27T23:34:11.938,744885,0.92,-0.72,-0.31,0.5,-4.2,-7.6,10.0,18.8,-23.2,101.122,35.77,0,1,0,0,1,NONE,82,501,1.20867696263,8.69770084563,24.6851631123,0.208676962633
2026-05-27T23:34:11.991,744937,0.88,-0.15,-0.51,-10.1,19.6,-0.4,10.1,18.2,-21.6,101.12,35.76,0,1,0,0,1,NONE,67,390,1.028105053,22.0528909669,11.6421622059,0.028105052998
2026-05-27T23:34:12.037,744985,0.93,-0.33,-0.43,-2.3,-2.9,-4.5,9.9,18.3,-21.2,101.12,35.77,0,1,0,0,1,NONE,66,417,1.0764292824,5.82666285278,4.23383363185,0.0764292823962
2026-05-27T23:34:12.096,745038,0.82,-0.24,-0.3,-2.9,-9.5,-6.1,9.8,18.1,-21.9,101.119,35.76,0,1,0,0,1,NONE,66,313,0.905538513814,11.6563287531,3.63421892156,0.0944614861863
2026-05-27T23:34:12.131,745089,0.86,-0.29,-0.32,-7.9,-5.4,-4.6,9.6,18.2,-21.4,101.12,35.76,0,1,0,0,1,NONE,82,506,0.962340895941,10.6174384858,1.31533410441,0.0376591040593
2026-05-27T23:34:12.184,745137,0.85,-0.27,-0.31,-11.4,-12.7,-4.6,10.0,18.2,-22.7,101.123,35.76,0,1,0,1,2,NONE,66,413,0.944192776926,17.6751237619,0.51031036308,0.0558072230736
2026-05-27T23:34:12.231,745185,0.84,-0.29,-0.27,-12.6,-13.0,-2.5,9.1,18.4,-23.2,101.117,35.76,0,1,0,1,2,NONE,70,371,0.92876261768,18.2759404683,0.954703269782,0.0712373823199
2026-05-27T23:34:12.292,745238,0.87,-0.3,-0.28,-12.4,-6.7,-0.6,8.8,17.7,-22.3,101.117,35.75,0,1,0,0,1,NONE,50,272,0.961925153013,14.1070904158,0.625778262331,0.0380748469865
2026-05-27T23:34:12.341,745287,0.9,-0.31,-0.24,0.0,-8.5,4.3,8.7,17.4,-21.6,101.118,35.76,0,1,0,0,1,NONE,42,209,0.981682229645,9.52575456329,1.04061622726,0.0183177703554
2026-05-27T23:34:12.388,745336,0.92,-0.31,-0.18,-9.0,-14.6,4.3,8.1,17.9,-24.0,101.121,35.76,0,1,0,1,2,NONE,20,124,0.98737024464,17.6819116614,1.29072557558,0.0126297553602
2026-05-27T23:34:12.439,745387,0.87,-0.28,-0.16,-12.3,-9.9,3.4,8.0,16.9,-24.0,101.123,35.77,0,1,0,1,2,NONE,24,128,0.927846970141,16.151160949,1.20870862803,0.0721530298589
2026-05-27T23:34:12.486,745439,0.88,-0.28,-0.14,-0.4,-1.7,7.8,7.8,16.4,-23.2,101.121,35.76,0,1,0,1,2,NONE,30,179,0.934023554307,7.99312204336,0.430013072596,0.0659764456932
2026-05-27T23:34:12.534,745485,0.9,-0.35,-0.15,-3.4,3.1,10.6,7.5,15.7,-22.6,101.122,35.76,0,1,0,1,2,NONE,37,192,0.977241014285,11.5555181623,1.59749331051,0.0227589857154
2026-05-27T23:34:12.583,745537,0.89,-0.26,-0.12,0.2,-0.7,12.4,8.4,15.3,-22.7,101.125,35.76,0,1,0,1,2,NONE,63,236,0.934933152691,12.4213525834,1.83449846426,0.0650668473094
2026-05-27T23:34:12.641,745585,0.91,-0.23,-0.14,21.5,2.1,12.9,7.5,15.6,-23.1,101.121,35.76,0,1,0,1,2,NONE,25,151,0.948999473129,25.1608823375,0.85898033867,0.0510005268705
2026-05-27T23:34:12.690,745638,0.93,-0.3,-0.12,27.0,1.6,15.0,7.2,15.8,-23.9,101.118,35.76,0,1,0,1,2,NONE,30,160,0.984530344885,30.9283041889,1.42449706326,0.0154696551147
2026-05-27T23:34:12.741,745688,1.09,-0.33,-0.33,25.7,18.6,5.9,7.6,16.6,-23.8,101.121,35.77,0,1,0,1,2,NONE,24,115,1.18570654042,32.2685605505,5.31413210223,0.185706540422
2026-05-27T23:34:12.788,745737,1.0,0.13,-0.35,46.8,2.9,24.7,7.0,16.9,-24.2,101.12,35.76,0,1,0,1,2,NONE,21,114,1.06742681248,52.9975471131,9.57445233122,0.0674268124794
2026-05-27T23:34:12.837,745785,0.78,-0.35,-0.01,54.8,8.4,6.3,6.9,17.7,-23.9,101.121,35.76,0,1,0,1,2,NONE,47,234,0.854985379992,55.7968637111,13.0835987234,0.145014620008
2026-05-27T23:34:12.884,745838,1.11,-0.15,-0.11,3.3,30.7,6.9,7.1,18.7,-25.1,101.12,35.76,0,1,1,1,3,NONE,34,221,1.12547767637,31.6384260038,7.52118167094,0.125477676367
2026-05-27T23:34:12.936,745887,0.98,-0.03,-0.28,23.0,11.1,5.9,8.1,19.1,-24.5,101.121,35.76,0,1,1,1,3,NONE,36,193,1.01965680501,26.2110663652,5.00728332506,0.0196568050084
2026-05-27T23:34:12.986,745935,0.95,-0.1,-0.04,39.6,-6.3,5.6,7.4,19.5,-24.7,101.126,35.77,0,1,0,0,1,NONE,23,126,0.956085770211,40.487158458,5.24569929667,0.043914229789
2026-05-27T23:34:13.039,745987,0.89,-0.07,-0.07,17.2,7.1,-3.5,7.1,19.7,-24.5,101.12,35.76,0,1,0,0,1,NONE,35,163,0.895488693396,18.9340962288,1.4131671593,0.104511306604
2026-05-27T23:34:13.092,746039,0.9,-0.06,-0.13,9.9,12.1,-15.7,7.5,20.3,-25.1,101.121,35.76,0,1,0,0,1,NONE,60,356,0.91131772725,22.1564888915,1.18546423134,0.0886822727501
2026-05-27T23:34:13.129,746085,0.9,-0.1,-0.19,10.2,10.1,-18.7,7.8,21.5,-25.1,101.123,35.76,0,1,0,0,1,NONE,51,286,0.925256721132,23.5741383724,1.56763098933,0.074743278868
2026-05-27T23:34:13.190,746137,0.85,-0.22,-0.14,-12.0,4.5,-16.5,7.8,21.2,-24.7,101.124,35.76,0,1,0,1,2,NONE,52,246,0.889100669216,20.8925824158,2.67853620715,0.110899330784
2026-05-27T23:34:13.238,746185,1.29,-0.05,-0.44,3.1,34.6,-4.7,8.3,21.3,-23.6,101.124,35.76,0,1,0,1,2,NONE,68,398,1.36389149129,35.0550994864,11.6461873828,0.363891491285
2026-05-27T23:34:13.294,746238,1.21,-0.23,-0.42,13.8,8.6,-8.7,9.1,21.9,-23.6,101.122,35.77,0,1,1,1,3,NONE,77,470,1.30130703525,18.4415292208,3.73565846665,0.301307035253
2026-05-27T23:34:13.342,746288,0.89,-0.23,-0.38,-9.8,-9.2,-8.1,9.0,22.0,-23.4,101.119,35.75,0,1,1,1,3,NONE,78,440,0.994685880065,15.6936292807,6.44980619864,0.00531411993534
2026-05-27T23:34:13.391,746337,0.88,-0.25,-0.41,10.3,2.6,-10.4,9.3,22.2,-23.3,101.12,35.76,0,1,0,1,2,NONE,96,579,1.00249688279,14.8664050799,0.763603548321,0.00249688278817
2026-05-27T23:34:13.432,746385,0.9,-0.31,-0.32,34.4,-13.4,-12.8,9.2,22.7,-24.9,101.12,35.76,0,1,0,1,2,NONE,57,351,1.00424100693,39.0737763724,2.29166666667,0.00424100693011
2026-05-27T23:34:13.478,746437,0.81,-0.33,-0.26,9.2,-6.7,-10.4,8.7,23.9,-25.0,101.125,35.76,0,1,0,0,1,NONE,42,230,0.912469177562,15.417198189,2.11538461538,0.0875308224384
2026-05-27T23:34:13.541,746489,0.84,-0.34,-0.33,4.3,-5.6,-7.1,9.2,24.1,-23.9,101.121,35.76,0,1,0,0,1,NONE,92,603,0.96441692229,10.012991561,1.47714341305,0.0355830777096
2026-05-27T23:34:13.590,746537,0.83,-0.31,-0.29,6.1,-5.2,-3.7,8.7,24.2,-24.5,101.122,35.76,0,1,0,1,2,NONE,91,516,0.932255329832,8.82836338174,1.062295732,0.0677446701681
2026-05-27T23:34:13.638,746585,0.86,-0.32,-0.3,8.0,-3.6,-0.8,9.1,25.3,-26.1,101.12,35.76,0,1,0,1,2,NONE,61,387,0.965401470892,8.80908621822,0.690963497991,0.0345985291082
2026-05-27T23:34:13.684,746637,0.88,-0.36,-0.2,0.5,-9.1,4.0,7.9,24.9,-24.5,101.123,35.75,0,1,0,1,2,NONE,70,365,0.971596624119,9.95288902781,2.10662522117,0.0284033758807
2026-05-27T23:34:13.738,746687,0.85,-0.31,-0.2,-5.3,-6.8,5.8,7.8,24.8,-25.6,101.121,35.76,0,1,0,1,2,NONE,103,626,0.926606712689,10.3908613695,1.16619037897,0.0733932873112
2026-05-27T23:34:13.779,746736,0.92,-0.3,-0.18,10.4,-3.6,11.1,7.6,24.7,-26.6,101.12,35.76,0,1,0,0,1,NONE,86,616,0.984276383949,15.6310588253,1.49968759762,0.0157236160509
2026-05-27T23:34:13.827,746787,0.85,-0.25,-0.15,8.5,-5.4,10.2,7.3,24.2,-25.9,101.118,35.75,0,1,0,0,1,NONE,114,574,0.898610037781,14.3335271305,1.78635952532,0.101389962219
2026-05-27T23:34:13.893,746839,0.92,-0.38,-0.16,-13.7,3.4,10.5,6.7,25.0,-25.5,101.121,35.76,0,1,0,1,2,NONE,108,807,1.00816665289,17.5926120858,2.84589395903,0.00816665289028
2026-05-27T23:34:13.939,746885,0.92,-0.19,-0.14,13.0,-3.2,15.7,6.3,24.4,-25.3,101.12,35.76,0,1,0,1,2,NONE,57,335,0.949789450352,20.6332256325,4.15325503794,0.050210549648
2026-05-27T23:34:13.987,746937,0.92,-0.16,-0.17,26.4,-6.2,15.7,6.4,23.7,-25.0,101.121,35.76,0,1,0,1,2,NONE,52,341,0.949157521173,31.3351240623,0.815892439831,0.0508424788266
2026-05-27T23:34:14.039,746985,0.88,-0.18,-0.15,37.8,-5.6,9.6,6.1,23.6,-26.0,101.122,35.76,0,1,0,1,2,NONE,46,261,0.91065910197,39.4,1.02062072616,0.0893408980304
2026-05-27T23:34:14.089,747037,1.11,-0.38,-0.55,52.7,29.7,-3.1,5.8,24.9,-26.8,101.122,35.76,0,1,0,0,1,NONE,44,267,1.29576232389,60.5721883376,9.67099304668,0.295762323885
2026-05-27T23:34:14.133,747089,0.84,0.12,-0.23,43.3,-5.6,12.4,6.3,26.0,-25.5,101.119,35.75,0,1,0,0,1,NONE,73,424,0.879147314163,45.3873330347,12.5413517198,0.120852685837
2026-05-27T23:34:14.185,747137,0.9,-0.46,0.11,51.9,20.3,0.4,5.6,27.1,-25.5,101.121,35.76,0,1,0,1,2,NONE,67,343,1.01671038157,55.730243136,14.0621141922,0.0167103815738
2026-05-27T23:34:14.245,747188,1.16,-0.11,-0.36,-6.0,32.0,7.5,6.0,28.8,-26.0,101.123,35.76,0,1,0,1,2,NONE,43,193,1.219549097,33.4103277446,12.570447392,0.219549097003
2026-05-27T23:34:14.277,747237,0.94,-0.05,-0.19,32.2,-8.6,-0.1,6.7,28.5,-24.5,101.118,35.75,0,1,1,1,3,NONE,92,455,0.960312449154,33.3288163606,5.80467863401,0.0396875508461
2026-05-27T23:34:14.325,747285,0.89,-0.07,-0.12,38.8,4.9,0.1,6.1,28.9,-24.8,101.126,35.76,0,1,1,1,3,NONE,68,347,0.900777441991,39.1083111371,1.83995018048,0.0992225580089
2026-05-27T23:34:14.389,747338,0.89,-0.16,-0.17,16.1,17.0,-7.6,6.0,30.5,-24.7,101.121,35.77,0,1,0,1,2,NONE,55,264,0.920108689232,24.6164579093,1.94257172471,0.0798913107681
2026-05-27T23:34:14.437,747387,0.9,-0.15,-0.2,-8.0,11.1,-12.4,6.4,30.1,-24.7,101.124,35.76,0,1,0,1,2,NONE,37,227,0.934077084613,18.4653729992,0.676862202113,0.0659229153865
2026-05-27T23:34:14.485,747435,0.91,-0.24,-0.08,-17.4,-3.6,-8.7,6.7,30.3,-24.2,101.119,35.75,0,1,0,1,2,NONE,56,338,0.944510455209,19.7840845126,3.13193674549,0.0554895447905
2026-05-27T23:34:14.541,747487,1.11,0.01,-0.4,4.7,23.4,-4.2,5.8,30.3,-23.9,101.121,35.75,0,1,0,1,2,NONE,96,227,1.17991525119,24.2340669307,8.70497715212,0.179915251194
2026-05-27T23:34:14.581,747539,1.18,-0.32,-0.44,18.2,-32.3,1.0,6.4,29.2,-23.6,101.121,35.76,0,1,0,0,1,NONE,48,270,1.29938446966,37.0881382655,6.53280298133,0.299384469662
2026-05-27T23:34:14.633,747585,1.01,-0.1,-0.41,-4.1,-5.9,-0.1,6.5,29.7,-24.6,101.117,35.76,0,1,0,0,1,NONE,163,707,1.09462322285,7.18540186768,6.07918758874,0.0946232228488
2026-05-27T23:34:14.693,747639,1.01,-0.28,-0.34,50.0,-18.6,-3.4,6.1,29.6,-24.4,101.124,35.76,0,1,0,0,1,NONE,110,649,1.10186206033,53.4557761145,3.57651998441,0.101862060332
2026-05-27T23:34:14.729,747685,0.76,-0.35,-0.28,-16.2,-10.0,-11.7,5.8,30.7,-24.9,101.12,35.75,0,1,0,0,1,NONE,50,255,0.882326470191,22.3456930973,5.79257069325,0.117673529809
2026-05-27T23:34:14.791,747738,0.92,-0.23,-0.31,12.9,-9.1,-9.1,5.5,30.7,-24.9,101.122,35.76,0,1,0,0,1,NONE,93,513,0.997697348899,18.2216903716,3.81580158795,0.00230265110105
2026-05-27T23:34:14.839,747789,0.89,-0.23,-0.23,15.4,-16.6,-3.8,4.8,31.1,-25.8,101.122,35.76,0,1,0,0,1,NONE,39,207,0.947575854483,22.9599651568,1.67529485202,0.0524241455166
2026-05-27T23:34:14.889,747837,0.85,-0.24,-0.23,9.9,-12.0,-3.9,4.5,31.5,-26.0,101.122,35.76,0,1,0,0,1,NONE,34,203,0.912688336728,16.0380796855,0.85898033867,0.0873116632716
2026-05-27T23:34:14.932,747885,0.87,-0.3,-0.22,-1.3,-5.2,-3.4,4.2,31.9,-26.0,101.121,35.76,0,1,0,0,1,NONE,38,161,0.946202938064,6.34744042902,1.33398421613,0.0537970619365
2026-05-27T23:34:14.980,747937,0.88,-0.27,-0.18,-3.1,-7.6,1.3,4.2,32.0,-26.1,101.122,35.76,0,1,0,0,1,NONE,29,149,0.937923237797,8.31023465373,0.980580675691,0.0620767622028
2026-05-27T23:34:15.032,747987,0.89,-0.24,-0.15,7.4,-9.9,5.3,3.6,31.8,-26.0,101.122,35.75,0,1,0,0,1,NONE,13,78,0.933916484489,13.4484199815,0.871779788708,0.0660835155112
2026-05-27T23:34:15.081,748038,0.92,-0.25,-0.15,10.3,-3.8,5.3,3.6,31.8,-26.0,101.12,35.76,0,1,0,1,2,NONE,36,179,0.965090669316,12.1909802723,0.62005444317,0.0349093306844
2026-05-27T23:34:15.143,748087,0.86,-0.25,-0.17,4.3,-11.2,10.4,2.5,31.0,-26.8,101.12,35.76,0,1,0,1,2,NONE,38,199,0.911592014006,15.8773423469,1.29072557558,0.0884079859937
2026-05-27T23:34:15.192,748139,0.99,-0.26,-0.09,14.9,-3.2,11.4,2.7,31.7,-25.3,101.121,35.76,0,1,0,1,2,NONE,44,228,1.02752128932,19.0318154678,2.94174202707,0.0275212893172
2026-05-27T23:34:15.238,748185,0.92,-0.29,-0.03,13.1,-10.2,15.6,2.0,32.0,-26.3,101.119,35.75,0,1,0,1,2,NONE,37,210,0.965090669316,22.7817909744,2.10768689453,0.0349093306844
2026-05-27T23:34:15.289,748237,0.92,-0.13,-0.18,38.0,2.8,12.1,2.3,32.5,-27.3,101.117,35.76,0,1,0,0,1,NONE,76,366,0.946414285606,39.9781190153,4.21763696143,0.0535857143935
2026-05-27T23:34:15.336,748285,1.1,-0.22,-0.33,63.7,4.8,5.4,1.8,33.4,-26.5,101.12,35.77,0,1,0,0,1,NONE,80,427,1.1693160394,64.1084237835,5.22912516584,0.169316039401
2026-05-27T23:34:15.380,748337,1.03,-0.16,-0.31,-4.1,11.0,5.7,2.1,34.0,-26.6,101.12,35.76,0,1,0,1,2,NONE,34,184,1.08747413762,13.0499042142,1.81422714078,0.0874741376235
2026-05-27T23:34:15.444,748388,0.83,-0.15,-0.21,70.9,-6.0,7.6,1.6,34.6,-26.8,101.12,35.76,0,1,0,1,2,NONE,50,261,0.869195029898,71.5581581652,4.38882927169,0.130804970102
2026-05-27T23:34:15.493,748437,0.88,-0.14,0.07,41.8,2.7,2.9,1.8,36.0,-26.8,101.122,35.76,0,1,0,1,2,NONE,50,258,0.893812060782,41.9873790561,5.80826509011,0.106187939218
2026-05-27T23:34:15.537,748485,1.09,-0.11,-0.26,7.3,27.3,-1.0,1.9,36.1,-27.0,101.123,35.76,0,1,0,1,2,NONE,44,153,1.12596625171,28.2768456515,8.17293551914,0.125966251714
2026-05-27T23:34:15.588,748537,0.92,-0.04,-0.23,41.4,-4.4,-0.1,2.0,36.8,-25.9,101.119,35.76,0,1,0,1,2,NONE,34,170,0.949157521173,41.6332799573,3.58229538658,0.0508424788266
2026-05-27T23:34:15.634,748587,0.91,-0.06,-0.0,41.4,5.7,-1.8,2.6,38.0,-24.6,101.118,35.75,0,1,0,1,2,NONE,50,215,0.911975876874,41.8292959539,4.62168800332,0.0880241231261
2026-05-27T23:34:15.680,748635,0.87,-0.15,-0.13,22.8,21.5,-4.8,2.2,38.7,-25.2,101.12,35.76,0,1,0,1,2,NONE,27,168,0.89235643103,31.703785263,3.39781383965,0.10764356897
2026-05-27T23:34:15.740,748687,0.91,-0.13,-0.14,2.3,18.1,-10.1,2.9,38.9,-24.1,101.123,35.77,0,1,0,1,2,NONE,21,109,0.929838695689,20.8544959181,0.881264556722,0.0701613043113
2026-05-27T23:34:15.791,748739,0.98,-0.21,-0.11,0.4,-3.7,-14.0,2.6,39.4,-24.9,101.117,35.76,0,1,0,1,2,NONE,34,155,1.00826583796,14.48620033,2.12410788792,0.0082658379614
2026-05-27T23:34:15.838,748785,0.95,-0.19,-0.02,-6.4,-3.9,-8.4,1.7,40.2,-24.7,101.12,35.76,0,1,0,1,2,NONE,59,283,0.96902012363,11.257441983,2.10768689453,0.0309798763699
2026-05-27T23:34:15.890,748839,1.21,-0.16,-0.59,18.5,20.3,1.4,2.2,39.9,-25.5,101.12,35.76,0,1,0,1,2,NONE,50,309,1.35565482332,27.5009090759,11.61511243,0.355654823323
2026-05-27T23:34:15.939,748885,1.03,-0.26,-0.34,7.9,-7.4,9.9,2.0,39.5,-25.2,101.123,35.75,0,1,0,1,2,NONE,63,339,1.11539230767,14.6690149635,7.04092814813,0.115392307666
2026-05-27T23:34:15.986,748937,0.97,-0.22,-0.41,8.7,-8.9,1.0,2.3,40.3,-25.6,101.119,35.76,0,1,0,1,2,NONE,42,241,1.07582526462,12.4859921512,1.93266838868,0.0758252646225
2026-05-27T23:34:16.041,748989,0.98,-0.28,-0.25,-0.1,-12.5,-1.3,1.5,39.8,-25.2,101.119,35.76,0,1,0,1,2,NONE,33,201,1.04942841585,12.5678160394,3.2917774555,0.0494284158531
2026-05-27T23:34:16.083,749037,0.91,-0.15,-0.2,4.5,-14.8,-5.1,1.0,40.6,-24.9,101.12,35.76,0,1,0,0,1,NONE,64,375,0.943716058992,16.2880324165,3.24759526419,0.0562839410077
2026-05-27T23:34:16.140,749085,0.88,-0.2,-0.21,13.3,-17.7,-3.1,-0.2,40.9,-26.5,101.12,35.76,0,1,0,0,1,NONE,29,180,0.926552750792,22.3559835391,1.23251662148,0.0734472492081
2026-05-27T23:34:16.191,749137,0.87,-0.17,-0.23,15.4,-15.1,-3.4,-0.4,40.7,-26.5,101.123,35.76,0,1,0,0,1,NONE,30,154,0.915805656239,21.8341475675,0.719549497457,0.0841943437606
2026-05-27T23:34:16.240,749187,0.85,-0.22,-0.17,25.0,-11.2,-0.3,-1.5,41.2,-27.0,101.121,35.76,0,1,0,0,1,NONE,34,218,0.894315380612,27.3958025982,1.61245154966,0.105684619388
2026-05-27T23:34:16.291,749236,0.94,-0.26,-0.17,24.3,-9.1,2.0,-1.5,42.0,-26.6,101.12,35.76,0,1,0,1,2,NONE,50,240,0.99,26.0249879923,2.00997097996,0.01
2026-05-27T23:34:16.340,749287,0.89,-0.27,-0.13,13.2,-8.9,-1.9,-2.0,42.4,-25.7,101.12,35.76,0,1,0,1,2,NONE,43,323,0.939095309327,16.0330907813,1.27073347028,0.060904690673
2026-05-27T23:34:16.391,749339,0.89,-0.27,-0.1,6.3,-2.9,-2.3,-1.6,42.7,-25.0,101.122,35.76,0,1,0,1,2,NONE,50,227,0.935414346693,7.30684610485,0.576923076923,0.0645856533065
2026-05-27T23:34:16.431,749385,0.93,-0.25,-0.08,10.7,-1.2,0.4,-2.2,42.7,-25.2,101.121,35.76,0,1,0,1,2,NONE,55,354,0.966333275842,10.7745069493,1.06499554034,0.0336667241578
2026-05-27T23:34:16.483,749437,0.91,-0.26,-0.06,9.9,3.2,2.9,-2.0,43.0,-26.5,101.122,35.76,0,1,0,0,1,NONE,68,407,0.948314293892,10.8009258862,0.576923076923,0.0516857061079
2026-05-27T23:34:16.528,749485,0.89,-0.25,-0.02,9.7,2.1,6.4,-2.5,43.1,-26.6,101.12,35.76,0,1,0,0,1,NONE,31,152,0.924662100445,11.8093183546,0.954703269782,0.0753378995547
2026-05-27T23:34:16.591,749537,0.92,-0.18,-0.11,22.1,0.3,9.8,-2.1,43.1,-26.1,101.124,35.76,0,1,0,0,1,NONE,139,724,0.943874991723,24.1772620452,2.26727425434,0.056125008277
2026-05-27T23:34:16.642,749589,0.88,-0.23,-0.06,40.3,-8.1,19.4,-2.3,43.6,-26.3,101.121,35.76,0,1,0,0,1,NONE,106,645,0.911537163258,45.4539327231,1.56231507781,0.0884628367422
2026-05-27T23:34:16.688,749637,1.13,-0.24,-0.31,54.3,3.0,12.5,-2.2,44.1,-25.5,101.118,35.76,0,1,0,0,1,NONE,57,444,1.1960769206,55.8008960502,7.36864132659,0.196076920603
2026-05-27T23:34:16.738,749685,0.99,-0.06,-0.12,-6.5,-1.7,-3.5,-2.1,45.0,-25.5,101.118,35.76,0,1,0,0,1,NONE,100,534,0.999049548321,7.57561878661,6.18367586652,0.000950451679197
2026-05-27T23:34:16.782,749737,0.86,-0.13,-0.18,29.2,32.0,-2.2,-1.8,45.3,-24.8,101.122,35.76,0,1,0,1,2,NONE,94,557,0.888200427831,43.3760302471,3.06488027894,0.111799572169
2026-05-27T23:34:16.834,749787,1.01,-0.16,-0.16,29.5,35.5,4.8,-2.3,46.0,-24.3,101.122,35.76,0,1,0,1,2,NONE,94,774,1.03503623125,46.4062495791,3.08544972411,0.0350362312499
2026-05-27T23:34:16.880,749835,1.09,-0.02,-0.16,18.6,39.1,8.6,-1.3,46.5,-24.6,101.125,35.76,0,1,0,1,2,NONE,154,793,1.10186206033,44.1444220712,3.35927406179,0.101862060332
2026-05-27T23:34:16.931,749887,0.96,0.0,-0.28,35.8,26.9,10.1,0.0,46.9,-23.5,101.12,35.76,0,1,0,1,2,NONE,166,784,1,45.9049016991,3.42394111822,0
2026-05-27T23:34:16.991,749939,0.98,-0.09,-0.09,32.7,21.0,9.3,0.8,46.9,-22.4,101.121,35.76,0,1,0,0,1,NONE,105,586,0.988230742286,39.9597297288,4.06129078499,0.0117692577136
2026-05-27T23:34:17.038,749985,0.93,-0.1,-0.19,10.3,27.7,-0.8,0.8,47.7,-21.0,101.118,35.75,0,1,0,0,1,NONE,57,357,0.954463199919,29.5638292513,2.4402113392,0.0455368000808
2026-05-27T23:34:17.086,750037,0.97,-0.11,-0.19,6.0,15.9,-7.8,1.2,47.9,-20.5,101.122,35.76,0,1,0,1,2,NONE,69,379,0.994535067255,18.6989304507,0.792904928003,0.00546493274495
2026-05-27T23:34:17.136,750085,0.92,-0.09,-0.18,2.7,2.5,-11.3,1.1,48.5,-21.3,101.122,35.76,0,1,0,1,2,NONE,96,629,0.941753683295,11.8840228879,1.14108866147,0.0582463167048
2026-05-27T23:34:17.182,750137,0.83,-0.16,-0.11,-7.1,-7.6,-10.6,0.8,48.7,-20.9,101.125,35.76,0,1,0,0,1,NONE,94,582,0.852408352845,14.8502525231,2.57290156928,0.147591647155
2026-05-27T23:34:17.230,750188,1.16,0.04,-0.47,7.6,17.4,-7.8,0.2,48.5,-19.9,101.12,35.75,0,1,0,0,1,NONE,133,577,1.25223799655,20.5270553173,10.3476665113,0.252237996549
2026-05-27T23:34:17.290,750237,1.1,-0.4,-0.33,11.8,-13.4,-4.5,-0.0,48.8,-21.4,101.12,35.76,0,1,0,0,1,NONE,107,572,1.21610032481,18.4133104031,9.50240549128,0.216100324809
2026-05-27T23:34:17.332,750285,1.0,-0.18,-0.44,-29.5,-5.6,-3.4,-0.6,48.5,-21.8,101.123,35.76,0,1,0,0,1,NONE,87,500,1.10724884285,30.218702818,5.53163251973,0.107248842853
2026-05-27T23:34:17.390,750337,0.85,-0.21,-0.36,-0.2,-10.8,-1.6,-0.9,48.7,-22.1,101.12,35.75,0,1,0,0,1,NONE,127,556,0.946678403683,10.9197069558,3.31974548108,0.0533215963169
2026-05-27T23:34:17.436,750387,0.93,-0.29,-0.35,-6.8,-7.1,-5.4,-1.1,48.8,-23.1,101.118,35.76,0,1,0,0,1,NONE,76,500,1.03513284172,11.2165056947,2.27156333832,0.0351328417165
2026-05-27T23:34:17.484,750435,0.92,-0.19,-0.27,-4.4,-13.1,-7.2,-1.8,48.4,-22.8,101.121,35.76,0,1,0,0,1,NONE,63,364,0.977445650663,15.5823618235,2.67609012056,0.022554349337
2026-05-27T23:34:17.536,750487,0.84,-0.25,-0.27,-3.1,-13.2,-12.4,-2.3,48.6,-23.5,101.116,35.75,0,1,0,0,1,NONE,70,382,0.917060521449,18.3741666478,1.92307692308,0.0829394785512
2026-05-27T23:34:17.593,750539,0.86,-0.24,-0.22,-0.7,-9.6,-8.9,-2.6,48.2,-22.2,101.122,35.76,0,1,0,0,1,NONE,80,550,0.919565114606,13.1095385121,1.05331261059,0.0804348853942
2026-05-27T23:34:17.632,750585,0.88,-0.29,-0.21,0.6,-6.6,-4.0,-3.7,48.1,-24.5,101.123,35.76,0,1,0,0,1,NONE,90,538,0.950052630121,7.74080099215,1.19070121197,0.0499473698789
2026-05-27T23:34:17.694,750639,0.89,-0.29,-0.18,6.6,-3.6,-0.9,-3.8,48.2,-22.8,101.122,35.76,0,1,0,1,2,NONE,42,244,0.953205119583,7.57165767847,0.585606974105,0.0467948804166
2026-05-27T23:34:17.735,750685,0.87,-0.27,-0.14,4.6,-1.3,0.1,-4.4,48.2,-23.7,101.123,35.76,0,1,0,1,2,NONE,39,254,0.9216289926,4.78121323515,1.06499554034,0.0783710074005
2026-05-27T23:34:17.791,750737,0.92,-0.34,-0.13,4.4,2.7,2.1,-3.7,48.4,-23.4,101.118,35.76,0,1,0,0,1,NONE,56,282,0.98939375377,5.57314991724,1.66543346882,0.0106062462295
2026-05-27T23:34:17.842,750789,0.9,-0.25,-0.13,11.2,2.1,3.7,-4.3,48.6,-24.1,101.122,35.76,0,1,0,0,1,NONE,54,324,0.943080060228,11.9808180021,1.77298931871,0.0569199397718
2026-05-27T23:34:17.891,750837,0.93,-0.24,-0.1,19.2,1.6,6.2,-4.3,48.6,-24.8,101.117,35.76,0,1,0,1,2,NONE,32,225,0.965660395791,20.2395652127,0.908103946571,0.0343396042086
2026-05-27T23:34:17.933,750885,0.89,-0.27,-0.12,21.2,-0.5,9.6,-4.3,49.3,-23.8,101.124,35.76,0,1,0,1,2,NONE,43,173,0.93776329636,23.2776717049,1.12190933482,0.06223670364
2026-05-27T23:34:17.987,750937,0.91,-0.23,-0.18,25.8,3.5,9.4,-3.9,49.2,-22.5,101.121,35.76,0,1,0,1,2,NONE,39,208,0.955719624158,27.6812210713,1.43909899491,0.0442803758424
2026-05-27T23:34:18.041,750987,0.88,-0.25,-0.21,32.8,-0.9,4.5,-4.3,49.6,-22.6,101.122,35.76,0,1,0,1,2,NONE,49,234,0.938616002421,33.1194806723,0.938083151965,0.0613839975794
2026-05-27T23:34:18.075,751035,1.06,-0.41,-0.36,35.6,19.7,-4.9,-4.2,50.5,-21.5,101.122,35.76,0,1,0,0,1,NONE,54,287,1.19218287188,40.9812152089,5.9109420663,0.192182871878
2026-05-27T23:34:18.139,751087,0.98,0.02,-0.39,15.8,10.6,12.0,-3.9,50.6,-19.8,101.119,35.76,0,1,0,0,1,NONE,32,151,1.05494075663,22.4944437584,8.43088854492,0.0549407566304
2026-05-27T23:34:18.193,751139,0.78,-0.35,-0.12,69.3,-3.5,6.7,-3.7,50.7,-19.6,101.121,35.76,0,1,0,0,1,NONE,55,232,0.863307592924,69.7110464704,9.611537692,0.136692407076
2026-05-27T23:34:18.235,751185,1.06,-0.29,0.0,-8.4,26.4,9.9,-4.2,52.0,-20.2,101.123,35.76,0,1,0,0,1,NONE,46,111,1.09895404817,29.4198912303,6.74964117229,0.0989540481749
2026-05-27T23:34:18.283,751237,1.0,-0.01,-0.44,7.5,21.7,9.2,-3.6,51.6,-19.0,101.126,35.76,0,1,0,0,1,NONE,33,158,1.09256578749,24.7341868676,10.0956959603,0.0925657874929
2026-05-27T23:34:18.332,751285,0.95,-0.16,-0.15,17.8,7.0,11.0,-3.0,51.7,-19.7,101.125,35.76,0,1,0,0,1,NONE,54,267,0.974987179403,22.0644510469,6.88131023538,0.0250128205971
2026-05-27T23:34:18.379,751337,0.89,-0.08,-0.17,4.3,16.7,4.2,-2.2,52.4,-19.7,101.122,35.75,0,1,0,0,1,NONE,43,285,0.909615303301,17.7488027765,1.96116135138,0.0903846966987
2026-05-27T23:34:18.443,751389,0.93,-0.19,-0.14,-14.7,16.5,-4.2,-2.1,52.0,-18.2,101.128,35.76,0,1,0,0,1,NONE,36,153,0.959479025305,22.4939991998,2.32366268723,0.0405209746951
2026-05-27T23:34:18.491,751437,1.01,-0.06,-0.14,-11.8,7.3,-10.2,-2.2,51.8,-17.9,101.12,35.76,0,1,0,1,2,NONE,43,243,1.02142057939,17.2212078554,3.18007031718,0.0214205793893
2026-05-27T23:34:18.539,751485,0.89,-0.16,-0.03,-32.8,-10.6,-18.7,-3.2,51.6,-19.2,101.123,35.76,0,1,0,1,2,NONE,53,234,0.904765162901,39.2159406364,3.9802027447,0.0952348370986
2026-05-27T23:34:18.587,751537,1.14,0.04,-0.57,16.3,25.6,-11.4,-3.6,51.6,-21.1,101.124,35.76,0,1,0,0,1,NONE,71,238,1.2751862609,32.4192843845,12.0725739352,0.275186260905
2026-05-27T23:34:18.635,751587,1.11,-0.31,-0.43,28.3,-3.2,-7.8,-4.3,51.7,-19.4,101.12,35.76,0,1,0,0,1,NONE,47,306,1.23008129813,29.529138152,7.56306816048,0.230081298126
2026-05-27T23:34:18.687,751636,0.84,-0.31,-0.42,4.5,-11.5,-4.6,-4.9,52.4,-19.0,101.123,35.76,0,1,0,0,1,NONE,48,313,0.988989383158,13.1780119897,5.51398207596,0.0110106168416
2026-05-27T23:34:18.735,751687,0.8,-0.27,-0.35,-10.5,-3.1,-2.6,-4.8,52.0,-18.7,101.118,35.75,0,1,0,0,1,NONE,40,223,0.914002188181,11.2525552654,1.76470588235,0.0859978118188
2026-05-27T23:34:18.782,751739,0.95,-0.27,-0.32,9.9,-2.9,-1.5,-5.0,51.9,-20.5,101.119,35.75,0,1,0,0,1,NONE,66,322,1.03817146946,10.4244903952,2.94174202707,0.0381714694596
2026-05-27T23:34:18.830,751785,0.84,-0.26,-0.26,18.7,-8.9,-5.5,-5.7,52.3,-18.9,101.122,35.77,0,1,0,0,1,NONE,31,214,0.916951470908,21.4277856999,2.73256632391,0.0830485290922
2026-05-27T23:34:18.881,751837,0.87,-0.41,-0.26,-8.4,-3.4,-5.8,-5.9,52.0,-19.3,101.121,35.76,0,1,0,0,1,NONE,31,168,0.996293129556,10.7591821251,2.94174202707,0.00370687044425
2026-05-27T23:34:18.935,751885,0.85,-0.27,-0.25,-2.5,-0.1,-3.1,-6.2,52.6,-21.1,101.12,35.76,0,1,0,0,1,NONE,46,317,0.92622891339,3.98371685741,2.95363476641,0.0737710866098
2026-05-27T23:34:18.991,751937,0.83,-0.31,-0.24,-4.9,-0.7,1.5,-6.6,52.1,-20.1,101.121,35.76,0,1,0,0,1,NONE,47,279,0.917932459389,5.17204021639,0.881264556722,0.082067540611
2026-05-27T23:34:19.037,751989,0.88,-0.37,-0.22,-15.6,7.6,5.0,-6.9,51.5,-21.2,101.121,35.76,0,1,0,0,1,NONE,36,208,0.979642792042,18.0587928722,1.55043418237,0.0203572079579
2026-05-27T23:34:19.085,752037,0.94,-0.31,-0.21,-13.6,3.7,6.5,-6.1,51.2,-20.9,101.121,35.76,0,1,0,0,1,NONE,37,244,1.01183002525,15.520953579,1.78000078027,0.0118300252513
2026-05-27T23:34:19.133,752085,0.9,-0.31,-0.15,-17.0,2.3,6.7,-5.8,51.1,-21.4,101.122,35.76,0,1,0,0,1,NONE,34,178,0.963638936532,18.4168401198,1.50231303144,0.0363610634683
2026-05-27T23:34:19.185,752137,0.93,-0.3,-0.16,-13.2,3.2,7.4,-5.6,50.9,-21.5,101.119,35.75,0,1,0,0,1,NONE,35,146,0.990201999594,15.4673850408,0.637812459684,0.00979800040598
2026-05-27T23:34:19.241,752187,0.93,-0.25,-0.18,1.0,1.6,12.3,-5.4,50.1,-22.4,101.121,35.76,0,1,0,0,1,NONE,19,93,0.979693829724,12.4438739949,1.07703296143,0.0203061702756
2026-05-27T23:34:19.277,752235,0.94,-0.27,-0.12,7.9,-7.0,13.0,-5.5,50.4,-22.4,101.119,35.75,0,1,0,0,1,NONE,74,451,0.98534258002,16.7454471424,1.33398421613,0.0146574199802
2026-05-27T23:34:19.332,752287,0.91,-0.24,-0.14,13.4,-7.2,15.4,-5.3,50.2,-21.9,101.122,35.76,0,1,0,0,1,NONE,172,911,0.951472542956,21.6462467878,0.902003030735,0.0485274570436
2026-05-27T23:34:19.393,752339,0.93,-0.29,-0.08,17.3,-4.3,17.6,-5.3,50.8,-22.7,101.123,35.76,0,1,0,1,2,NONE,79,454,0.977445650663,25.0507484918,1.55043418237,0.022554349337
2026-05-27T23:34:19.438,752385,0.9,-0.27,-0.07,18.5,-3.4,20.9,-5.4,50.5,-20.4,101.121,35.75,0,1,0,1,2,NONE,30,190,0.942231394085,28.117965787,0.813403779733,0.0577686059147
2026-05-27T23:34:19.489,752437,1.0,-0.24,-0.26,28.2,8.1,17.6,-5.0,50.1,-21.2,101.122,35.76,0,1,0,0,1,NONE,26,178,1.06075444849,34.2141783476,4.1691314209,0.0607544484941
2026-05-27T23:34:19.538,752485,0.77,-0.3,-0.16,-12.8,13.9,0.5,-4.8,50.3,-21.0,101.119,35.76,0,1,0,0,1,NONE,27,135,0.841724420461,18.9023808024,5.37241539926,0.158275579539
2026-05-27T23:34:19.584,752537,1.17,-0.19,-0.35,-1.6,32.5,4.5,-4.2,50.1,-21.2,101.12,35.76,0,1,0,0,1,NONE,25,120,1.23592070943,32.8490486925,8.77479580504,0.235920709431
2026-05-27T23:34:19.631,752589,0.91,-0.07,-0.25,23.1,-2.8,10.6,-4.0,50.6,-22.1,101.121,35.76,0,1,0,0,1,NONE,26,114,0.946308617735,25.5697086413,5.83298111081,0.0536913822647
2026-05-27T23:34:19.683,752637,0.96,-0.11,-0.14,18.6,8.5,12.9,-3.7,50.8,-21.2,101.122,35.76,0,1,0,0,1,NONE,67,454,0.976370831191,24.1789164356,2.65165042945,0.0236291688093
2026-05-27T23:34:19.739,752685,0.97,-0.25,-0.18,-17.3,19.7,14.4,-3.5,51.0,-21.9,101.121,35.75,0,1,0,0,1,NONE,44,241,1.01774260007,29.9122048669,3.04052489986,0.0177426000714
2026-05-27T23:34:19.791,752737,0.99,-0.07,-0.2,-13.1,5.5,14.6,-3.1,49.8,-20.9,101.124,35.76,0,1,0,0,1,NONE,30,204,1.01242283657,20.3720396622,3.50401291506,0.0124228365658
2026-05-27T23:34:19.843,752787,0.91,-0.1,-0.19,-19.3,10.6,10.4,-2.4,49.0,-21.7,101.124,35.76,0,1,0,0,1,NONE,30,180,0.93498663092,24.3517966483,1.72046505341,0.0650133690795
2026-05-27T23:34:19.886,752835,0.95,-0.05,-0.23,-16.4,10.2,7.7,-2.2,48.5,-22.1,101.12,35.77,0,1,0,0,1,NONE,44,236,0.978723658649,20.7915848362,1.57288217401,0.0212763413506
2026-05-27T23:34:19.941,752887,0.9,-0.04,-0.28,-22.8,18.9,4.1,-1.9,47.8,-21.7,101.121,35.76,0,1,0,0,1,NONE,31,234,0.943398113206,29.8974915336,1.37335162087,0.0566018867943
2026-05-27T23:34:19.984,752939,0.92,0.01,-0.26,-15.1,13.9,0.0,-1.9,47.1,-21.9,101.121,35.76,0,1,0,0,1,NONE,37,146,0.956085770211,20.5236449005,1.10472358587,0.043914229789
2026-05-27T23:34:20.030,752985,0.97,-0.09,-0.22,-10.6,12.9,-4.8,-1.5,47.1,-20.8,101.12,35.76,0,1,0,0,1,NONE,38,161,0.9986991539,17.3726797012,2.58137871457,0.00130084610029
2026-05-27T23:34:20.080,753037,0.93,-0.16,-0.17,-23.6,6.1,-9.2,-1.3,46.5,-20.8,101.117,35.77,0,1,0,0,1,NONE,21,125,0.958853482029,26.0539824211,1.82439095779,0.0411465179706
2026-05-27T23:34:20.140,753085,1.01,-0.12,-0.2,-42.7,6.8,-12.0,-1.8,45.9,-23.3,101.124,35.76,0,1,0,0,1,NONE,84,263,1.03658091821,44.872374575,1.96541273585,0.0365809182114
2026-05-27T23:34:20.191,753137,0.99,-0.2,-0.39,-24.2,14.8,-8.5,-1.7,45.7,-23.8,101.12,35.76,0,1,0,0,1,NONE,99,658,1.08268185539,29.6130039003,3.98313753408,0.0826818553943
2026-05-27T23:34:20.236,753188,1.01,-0.38,-0.31,-36.6,9.4,-4.5,-2.2,44.7,-24.1,101.12,35.76,0,1,0,0,1,NONE,48,223,1.12276444546,38.0548288657,3.8821548771,0.122764445465
2026-05-27T23:34:20.284,753237,0.89,-0.35,-0.35,-44.3,18.5,-3.9,-1.8,44.5,-24.4,101.119,35.77,0,1,0,0,1,NONE,37,181,1.01838106817,48.1658592781,2.65306122449,0.0183810681665
2026-05-27T23:34:20.332,753285,0.86,-0.32,-0.3,-52.6,13.4,0.5,-1.8,42.9,-24.5,101.122,35.76,0,1,0,0,1,NONE,42,221,0.965401470892,54.2823175629,1.3661330259,0.0345985291082
2026-05-27T23:34:20.387,753337,0.9,-0.29,-0.29,-34.7,7.4,1.5,-0.9,41.4,-24.0,101.121,35.76,0,1,0,0,1,NONE,61,415,0.989039938526,35.511969813,0.980580675691,0.0109600614738
2026-05-27T23:34:20.428,753387,0.9,-0.36,-0.26,-21.5,-1.3,4.3,-0.6,40.3,-25.9,101.12,35.76,0,1,0,0,1,NONE,53,199,1.00359354322,21.9642891986,1.52315462117,0.00359354322355
2026-05-27T23:34:20.491,753435,0.85,-0.46,-0.15,-38.9,-2.8,5.7,-1.2,39.6,-26.6,101.124,35.76,0,1,0,0,1,NONE,42,251,0.978059302906,39.4149717747,3.26758065445,0.0219406970945
2026-05-27T23:34:20.540,753487,0.9,-0.3,-0.23,-51.6,3.5,10.9,-1.6,38.6,-25.9,101.121,35.76,0,1,0,0,1,NONE,41,235,0.976165969495,52.8547065076,3.57195685019,0.0238340305051
2026-05-27T23:34:20.590,753539,0.84,-0.27,-0.25,-48.0,0.4,8.7,-0.8,36.4,-27.2,101.121,35.76,0,1,0,0,1,NONE,39,157,0.917060521449,48.7837062963,1.34615384615,0.0829394785512
2026-05-27T23:34:20.636,753585,0.88,-0.24,-0.22,-24.7,2.9,6.8,-1.1,35.4,-26.7,101.121,35.76,0,1,0,0,1,NONE,41,174,0.938296328459,25.7825522398,1.26759823801,0.0617036715408
2026-05-27T23:34:20.696,753639,0.91,-0.31,-0.23,-8.9,-0.7,4.8,-1.0,34.8,-27.9,101.119,35.76,0,1,0,0,1,NONE,40,229,0.988483687271,10.1360741907,1.42243439775,0.0115163127294
2026-05-27T23:34:20.734,753685,0.89,-0.29,-0.19,-3.9,-2.8,4.0,-0.9,34.6,-26.3,101.12,35.76,0,1,0,0,1,NONE,45,329,0.955143968206,6.24899991999,1.06499554034,0.0448560317942
2026-05-27T23:34:20.779,753737,0.96,-0.32,-0.16,5.6,2.9,1.7,-0.9,34.3,-27.5,101.119,35.75,0,1,0,0,1,NONE,72,502,1.02449987799,6.53146231712,1.57410630228,0.0244998779893
2026-05-27T23:34:20.831,753788,0.93,-0.31,-0.14,12.9,-2.8,1.3,-1.3,34.2,-27.6,101.12,35.76,0,1,0,0,1,NONE,60,328,0.990252493054,13.2642376336,0.733658311132,0.00974750694583
2026-05-27T23:34:20.896,753837,0.9,-0.33,-0.1,10.6,2.3,3.2,-0.8,34.2,-28.0,101.121,35.76,0,1,0,0,1,NONE,77,485,0.963794583923,11.308846095,1.09901322595,0.0362054160766
2026-05-27T23:34:20.939,753885,0.94,-0.3,-0.15,9.9,7.0,4.2,-1.3,34.8,-28.3,101.12,35.76,0,1,0,0,1,NONE,55,320,0.998048095034,12.8316016148,1.47313912747,0.0019519049665
2026-05-27T23:34:20.992,753937,0.93,-0.28,-0.16,18.2,3.4,6.0,-0.9,35.2,-28.2,101.12,35.76,0,1,0,0,1,NONE,35,203,0.984327181378,19.4627850011,0.471055719766,0.0156728186218
