pc_timestamp_iso,ms,ax,ay,az,gx,gy,gz,mx,my,mz,press,baro_t,prox,cr,cg,cb,light,gesture,mic,p2p,svm,omega,jerk,svm_dev
2026-05-27T23:42:15.029,1227995,0.97,-0.26,-0.06,2.9,4.1,-0.5,-2.8,20.1,26.4,101.13,36.81,0,0,0,0,0,NONE,21,129,1.00603180864,5.04678115238,0,0.00603180864225
2026-05-27T23:42:15.061,1228034,0.92,-0.27,-0.07,13.1,4.8,3.9,-2.3,20.3,25.6,101.134,36.82,0,1,0,0,1,NONE,42,185,0.961353212924,14.4865454819,1.33234677505,0.0386467870756
2026-05-27T23:42:15.111,1228083,0.91,-0.28,-0.14,23.6,21.7,4.0,-2.3,20.7,25.6,101.132,36.84,0,1,0,0,1,NONE,36,158,0.962340895941,32.3086675677,1.45743437317,0.0376591040593
2026-05-27T23:42:15.176,1228135,0.91,-0.27,-0.08,6.4,30.8,7.7,-2.9,20.0,26.3,101.131,36.84,0,1,0,0,1,NONE,32,173,0.952575456329,32.3865712912,1.16976202506,0.0474245436712
2026-05-27T23:42:15.222,1228186,0.95,-0.29,-0.24,18.3,38.6,14.5,-4.4,19.7,26.6,101.132,36.85,0,1,0,0,1,NONE,43,278,1.02186104731,45.1120826387,3.25749955409,0.0218610473054
2026-05-27T23:42:15.271,1228233,0.96,-0.22,-0.16,8.9,21.8,14.3,-5.7,19.4,26.8,101.129,36.85,0,1,0,0,1,NONE,66,307,0.997797574661,27.5488656754,2.27171877703,0.00220242533869
2026-05-27T23:42:15.319,1228287,0.9,-0.2,-0.26,8.9,12.0,9.5,-5.6,18.7,26.0,101.133,36.85,0,1,0,0,1,NONE,53,252,0.957914401186,17.7048016086,2.19114066041,0.0420855988138
2026-05-27T23:42:15.372,1228333,0.91,-0.26,-0.28,8.8,20.4,4.8,-6.5,18.9,27.6,101.135,36.86,0,1,0,0,1,NONE,40,254,0.986965044974,22.7297162323,1.39198352988,0.0130349550263
2026-05-27T23:42:15.414,1228383,0.83,-0.19,-0.39,8.7,39.0,6.8,-7.1,18.3,26.6,101.131,36.86,0,1,0,0,1,NONE,78,392,0.936536171218,40.5330729158,3.05941170816,0.0634638287818
2026-05-27T23:42:15.466,1228433,0.86,-0.19,-0.21,7.8,62.9,9.1,-8.2,17.9,26.5,101.137,36.87,0,0,0,0,0,NONE,79,385,0.905428075553,64.0317108939,3.64965751818,0.0945719244468
2026-05-27T23:42:15.515,1228485,0.88,-0.16,-0.38,14.1,62.1,17.3,-10.2,18.4,27.4,101.131,36.87,0,0,0,0,0,NONE,75,430,0.971802449061,65.9887111558,3.34195138404,0.0281975509395
2026-05-27T23:42:15.559,1228533,1.02,-0.23,-0.45,42.4,27.9,11.9,-11.6,17.3,27.6,101.136,36.88,0,1,0,0,1,NONE,78,420,1.13833211323,52.1323316187,3.57217254156,0.138332113225
2026-05-27T23:42:15.624,1228585,0.98,-0.16,-0.38,28.8,6.5,18.2,-12.7,16.7,27.6,101.131,36.87,0,1,0,0,1,NONE,54,268,1.0632027088,34.683281275,2.05328427924,0.0632027088002
2026-05-27T23:42:15.674,1228635,0.95,-0.29,-0.46,27.6,11.9,18.6,-12.7,16.4,27.8,101.127,36.87,0,0,0,0,0,NONE,73,351,1.09462322285,35.3458625584,3.11126983722,0.0946232228488
2026-05-27T23:42:15.722,1228683,1.03,-0.17,-0.47,14.5,7.6,24.0,-13.5,15.0,26.9,101.131,36.88,0,0,0,0,0,NONE,59,260,1.14485806981,29.0518501993,3.01184006142,0.144858069806
2026-05-27T23:42:15.772,1228735,0.97,-0.15,-0.37,10.9,16.5,20.1,-14.5,15.2,27.9,101.132,36.88,0,0,0,0,0,NONE,61,273,1.04895185781,28.1969856545,2.27541530119,0.0489518578085
2026-05-27T23:42:15.821,1228783,0.99,-0.06,-0.59,11.7,15.2,20.0,-15.2,14.8,27.0,101.133,36.89,0,0,0,0,0,NONE,79,404,1.15403639457,27.7115499386,4.96952518412,0.154036394573
2026-05-27T23:42:15.866,1228835,0.9,-0.04,-0.56,7.7,8.9,18.6,-16.1,14.9,26.0,101.13,36.89,0,0,0,0,0,NONE,60,277,1.06075444849,22.0104520626,1.86449225285,0.0607544484941
2026-05-27T23:42:15.919,1228885,0.93,0.0,-0.53,10.1,13.7,16.9,-16.4,14.4,27.5,101.129,36.89,0,0,0,0,0,NONE,69,412,1.07042047813,23.9856206924,1.16619037897,0.07042047813
2026-05-27T23:42:15.974,1228933,0.93,-0.04,-0.59,4.4,2.4,6.6,-17.1,14.2,26.6,101.129,36.9,0,0,0,0,0,NONE,70,477,1.10208892563,8.28733974204,1.50231303144,0.102088925632
2026-05-27T23:42:16.021,1228985,0.99,0.02,-0.59,5.2,-5.0,3.1,-16.9,14.4,27.3,101.133,36.88,0,0,0,0,0,NONE,46,235,1.15264912267,7.85175139698,1.63178487966,0.152649122674
2026-05-27T23:42:16.074,1229037,0.98,-0.02,-0.59,10.7,-7.0,1.8,-16.8,14.5,28.0,101.132,36.89,0,0,0,0,0,NONE,61,391,1.14407167608,12.9123971438,0.792904928003,0.144071676076
2026-05-27T23:42:16.122,1229083,0.93,0.01,-0.53,7.7,-5.4,1.9,-17.0,14.3,26.5,101.132,36.89,0,0,0,0,0,NONE,76,477,1.07046718773,9.59479025305,1.81882614464,0.0704671877269
2026-05-27T23:42:16.173,1229135,0.95,-0.07,-0.54,-0.3,0.4,1.6,-16.4,14.4,26.5,101.128,36.89,0,0,0,0,0,NONE,152,979,1.09498858442,1.67630546142,1.59742766595,0.0949885844154
2026-05-27T23:42:16.226,1229183,0.97,-0.02,-0.56,-4.1,0.4,0.5,-16.2,14.6,26.2,101.13,36.89,0,0,0,0,0,NONE,204,1157,1.12022319205,4.14969878425,1.1967838847,0.120223192047
2026-05-27T23:42:16.270,1229235,0.98,-0.03,-0.44,-1.2,-10.1,1.9,-16.0,14.5,26.4,101.125,36.89,0,0,0,0,0,NONE,144,804,1.07466273779,10.3469802358,2.32366268723,0.0746627377927
2026-05-27T23:42:16.323,1229285,0.99,-0.02,-0.47,4.2,-15.6,4.3,-14.9,14.4,27.1,101.132,36.9,0,0,0,0,0,NONE,144,789,1.09608393839,16.7179544203,0.663324958071,0.0960839383916
2026-05-27T23:42:16.363,1229333,0.94,0.11,-0.36,2.2,-18.6,-0.9,-14.6,14.4,26.8,101.134,36.9,0,0,0,0,0,NONE,168,998,1.01257098517,18.7512666239,3.69754986444,0.012570985166
2026-05-27T23:42:16.415,1229382,0.9,0.05,-0.3,6.3,-29.7,-1.6,-14.6,14.4,26.8,101.128,36.91,0,0,0,0,0,NONE,103,553,0.95,30.4029603822,1.91445541217,0.05
2026-05-27T23:42:16.464,1229434,0.84,0.06,-0.28,7.1,-27.1,-5.2,-11.1,13.4,25.4,101.128,36.9,0,0,0,0,0,NONE,49,301,0.887468309293,28.4931570732,1.23137004566,0.112531690707
2026-05-27T23:42:16.528,1229485,0.66,0.15,-0.19,8.2,-18.7,-12.6,-11.0,13.6,24.9,101.128,36.9,0,0,0,0,0,NONE,46,519,0.702993598833,23.9935407975,4.32262895785,0.297006401167
2026-05-27T23:42:16.572,1229537,0.87,-0.02,-0.34,2.9,-32.1,-7.3,-9.4,13.5,25.2,101.128,36.9,0,0,0,0,0,NONE,48,274,0.93429117517,33.0470876175,5.94289890014,0.0657088248303
2026-05-27T23:42:16.621,1229585,0.7,0.08,-0.2,9.1,-18.4,-3.7,-7.9,13.1,25.5,101.129,36.9,0,0,0,0,0,NONE,28,159,0.732393336944,20.8580919549,5.03891109269,0.267606663056
2026-05-27T23:42:16.672,1229633,0.93,-0.07,-0.25,-2.8,-4.7,-10.9,-7.2,13.5,24.0,101.129,36.91,0,0,0,0,0,NONE,26,155,0.965556834164,12.1959009507,5.8147023904,0.0344431658364
2026-05-27T23:42:16.719,1229685,0.85,-0.17,-0.35,-2.2,-16.7,-2.1,-6.2,13.4,23.3,101.129,36.9,0,0,0,0,0,NONE,36,278,0.934826187053,16.9746870369,3.12463015563,0.065173812947
2026-05-27T23:42:16.767,1229737,0.93,0.01,-0.28,12.9,-26.6,6.3,-5.2,13.1,23.8,101.129,36.91,0,1,0,0,1,NONE,37,163,0.971287804927,30.2268092924,4.02010480007,0.028712195073
2026-05-27T23:42:16.819,1229783,0.67,0.01,-0.19,12.5,-0.9,-0.2,-5.4,12.5,23.1,101.128,36.91,0,1,0,0,1,NONE,48,249,0.696491205975,12.5339538853,5.98122456183,0.303508794025
2026-05-27T23:42:16.864,1229837,0.91,-0.05,-0.25,-11.2,-14.2,-10.1,-3.8,13.2,22.5,101.129,36.9,0,1,0,0,1,NONE,30,198,0.945039681707,20.7144876837,4.71404520791,0.0549603182935
2026-05-27T23:42:16.911,1229883,0.9,-0.02,-0.18,-21.1,-9.6,-13.9,-3.6,13.7,23.5,101.128,36.9,0,1,0,0,1,NONE,38,201,0.918041393402,27.0292434226,1.66981429301,0.0819586065977
2026-05-27T23:42:16.975,1229936,0.95,0.02,-0.28,-25.6,13.2,-16.1,-3.0,14.9,24.4,101.126,36.91,0,1,0,0,1,NONE,27,146,0.99060587521,32.9971210865,2.24044190321,0.00939412479029
2026-05-27T23:42:17.024,1229986,0.99,-0.11,-0.37,-10.8,4.1,-5.4,-2.7,16.0,25.1,101.127,36.9,0,1,0,0,1,NONE,24,167,1.06259117256,12.751862609,3.26190128606,0.0625911725589
2026-05-27T23:42:17.072,1230035,0.83,-0.14,-0.25,2.3,-0.5,-3.1,-3.1,15.7,25.5,101.13,36.9,0,1,0,0,1,NONE,50,169,0.878066056741,3.89230009121,4.12729559513,0.121933943259
2026-05-27T23:42:17.122,1230083,0.95,-0.12,-0.16,4.8,6.5,-8.9,-2.3,15.8,24.5,101.127,36.91,0,1,0,0,1,NONE,54,258,0.970824391947,12.0208152802,3.15265540634,0.0291756080526
2026-05-27T23:42:17.173,1230135,0.93,-0.26,-0.19,-23.7,13.9,-12.5,-2.4,16.5,25.6,101.132,36.91,0,1,0,0,1,NONE,80,378,0.984174781225,30.1852613042,2.78016005669,0.0158252187746
2026-05-27T23:42:17.217,1230185,0.96,-0.26,-0.23,-25.9,10.6,-13.5,-2.9,17.8,25.9,101.127,36.9,0,1,0,0,1,NONE,102,555,1.0208329932,31.0712085378,1,0.0208329931972
2026-05-27T23:42:17.266,1230234,0.92,-0.15,-0.15,-16.2,6.5,-6.5,-2.4,18.7,26.2,101.13,36.91,0,1,0,0,1,NONE,157,910,0.944139820154,18.6263254562,2.89335650587,0.0558601798462
2026-05-27T23:42:17.314,1230285,0.98,-0.3,-0.21,-23.1,12.6,-9.9,-2.7,20.0,27.5,101.127,36.91,0,1,0,0,1,NONE,127,818,1.0461835403,28.113697729,3.37915449796,0.0461835403026
2026-05-27T23:42:17.365,1230337,0.96,-0.27,-0.11,-20.8,-4.7,-8.7,-2.8,20.6,26.6,101.126,36.91,0,1,0,0,1,NONE,139,986,1.00329457289,23.0308488771,2.04425881014,0.00329457289472
2026-05-27T23:42:17.413,1230383,0.82,-0.29,-0.01,-4.1,-2.5,-2.2,-2.6,20.8,26.8,101.132,36.91,0,1,0,0,1,NONE,151,959,0.869827569119,5.2820450585,3.76532784254,0.130172430881
2026-05-27T23:42:17.475,1230435,0.96,-0.24,-0.08,-15.1,-3.2,1.6,-2.3,21.9,26.5,101.128,36.91,0,0,0,0,0,NONE,117,871,0.992773891679,15.5180540017,3.15993783176,0.00722610832073
2026-05-27T23:42:17.522,1230483,0.93,-0.21,-0.1,8.4,-7.3,6.1,-1.9,21.6,26.2,101.126,36.91,0,0,0,0,0,NONE,86,549,0.958644876897,12.6909416514,0.977169949963,0.0413551231035
2026-05-27T23:42:17.571,1230535,0.87,-0.31,-0.09,8.2,-6.0,9.5,-1.7,21.4,26.6,101.129,36.91,0,0,0,0,0,NONE,76,553,0.927954740276,13.910068296,2.25090382898,0.0720452597244
2026-05-27T23:42:17.625,1230587,0.9,-0.3,-0.2,0.7,-0.9,15.0,-1.7,21.3,26.4,101.126,36.92,0,0,0,0,0,NONE,149,847,0.969535971483,15.0432709209,2.20106214274,0.0304640285167
2026-05-27T23:42:17.668,1230635,0.87,-0.28,-0.27,3.2,10.4,15.3,-1.6,21.3,26.4,101.128,36.91,0,1,0,0,1,NONE,184,981,0.952995278058,18.7747170418,1.64041830709,0.0470047219424
2026-05-27T23:42:17.716,1230683,0.91,-0.22,-0.34,3.8,24.2,11.7,-2.2,21.2,25.8,101.129,36.91,0,1,0,0,1,NONE,174,804,0.996042167782,27.1471913833,2.09372408773,0.00395783221793
2026-05-27T23:42:17.765,1230735,0.68,-0.08,-0.29,-14.1,27.8,6.2,-3.0,21.2,28.0,101.128,36.91,0,0,0,0,0,NONE,191,857,0.743572457801,31.7819130953,5.26656305293,0.256427542199
2026-05-27T23:42:17.823,1230785,0.81,-0.06,-0.15,27.9,45.4,3.2,-4.8,21.0,27.7,101.127,36.91,0,0,0,0,0,NONE,76,396,0.825953993876,53.3836117175,3.84187454246,0.174046006124
2026-05-27T23:42:17.872,1230833,0.85,-0.14,-0.28,36.6,52.2,-3.5,-5.9,20.1,27.8,101.13,36.91,0,1,0,0,1,NONE,111,554,0.905814550557,63.8486491635,3.2874445496,0.0941854494434
2026-05-27T23:42:17.920,1230885,0.79,0.02,-0.27,42.1,60.4,-3.0,-7.6,19.2,28.7,101.128,36.91,0,1,0,0,1,NONE,80,502,0.835104783845,73.685615964,3.2917774555,0.164895216155
2026-05-27T23:42:17.969,1230937,0.66,-0.31,-0.24,31.5,66.6,-2.0,-9.3,18.4,27.2,101.133,36.91,0,0,0,0,0,NONE,143,772,0.767658778364,73.7008141068,6.84518143483,0.232341221636
2026-05-27T23:42:18.016,1230983,0.57,-0.17,-0.24,45.0,66.1,5.0,-10.7,18.0,29.0,101.127,36.92,0,0,0,0,0,NONE,149,862,0.641404708433,80.1199725412,3.61811238632,0.358595291567
2026-05-27T23:42:18.076,1231035,0.7,-0.31,-0.4,38.0,51.6,-5.4,-13.2,16.2,28.5,101.132,36.91,0,0,0,0,0,NONE,79,481,0.863770802933,64.30956383,4.79228299784,0.136229197067
2026-05-27T23:42:18.123,1231083,0.39,-0.03,-0.35,-4.0,24.5,4.3,-14.3,16.2,28.2,101.133,36.91,0,0,0,0,0,NONE,94,539,0.52488093888,25.1940469159,8.76486831998,0.47511906112
2026-05-27T23:42:18.174,1231135,0.75,-0.08,-0.48,20.2,15.3,-3.4,-15.5,16.6,28.5,101.131,36.91,0,0,0,0,0,NONE,129,784,0.894035793467,25.5673620071,7.4231765637,0.105964206533
2026-05-27T23:42:18.221,1231187,0.9,-0.26,-0.55,-8.4,22.5,4.0,-16.2,16.5,27.8,101.13,36.91,0,0,0,0,0,NONE,129,760,1.08632407688,24.3476898288,4.70269971563,0.0863240768758
2026-05-27T23:42:18.273,1231235,0.86,-0.1,-0.71,4.9,19.8,9.8,-16.2,17.0,27.5,101.128,36.91,0,0,0,0,0,NONE,122,833,1.11968745639,22.6294056484,4.78713553878,0.119687456391
2026-05-27T23:42:18.322,1231283,1.15,-0.08,-0.73,13.2,4.5,3.8,-17.4,16.1,28.3,101.129,36.91,0,0,0,0,0,NONE,157,915,1.36447792214,14.4544110914,6.07033428514,0.364477922137
2026-05-27T23:42:18.378,1231335,0.8,-0.12,-0.58,-8.8,-3.4,-0.8,-16.8,16.1,28.0,101.136,36.91,0,0,0,0,0,NONE,147,877,0.99538937105,9.46784030284,7.36314989195,0.00461062894966
2026-05-27T23:42:18.411,1231385,0.79,-0.16,-0.76,3.3,-18.8,-5.1,-16.9,17.2,27.9,101.133,36.91,0,0,0,0,0,NONE,109,761,1.10783572789,19.7570240674,3.69323706252,0.107835727895
2026-05-27T23:42:18.458,1231434,1.15,-0.14,-0.62,-0.7,0.5,5.0,-16.3,17.0,28.8,101.132,36.91,0,0,0,0,0,NONE,96,426,1.31396346981,5.07346035759,7.89350187992,0.313963469812
2026-05-27T23:42:18.521,1231485,1.11,-0.11,-0.93,10.0,-16.5,-6.0,-16.4,16.4,28.8,101.133,36.91,0,0,0,0,0,NONE,58,305,1.45227407882,20.2051973512,6.15698763455,0.452274078816
2026-05-27T23:42:18.568,1231537,1.03,-0.23,-0.47,-11.4,-17.8,-3.3,-16.2,16.9,29.2,101.133,36.91,0,0,0,0,0,NONE,85,485,1.15529217084,21.3936906587,9.270746764,0.155292170838
2026-05-27T23:42:18.616,1231583,0.96,-0.18,-0.43,-14.3,-42.2,2.5,-15.4,17.7,29.2,101.132,36.91,0,0,0,0,0,NONE,93,497,1.06719257868,44.6271217983,2.06235499576,0.0671925786848
2026-05-27T23:42:18.671,1231635,0.88,-0.27,-0.42,-2.4,-49.9,11.5,-13.8,18.6,28.4,101.131,36.91,0,0,0,0,0,NONE,64,381,1.01178060863,51.2642175401,2.32366268723,0.0117806086302
2026-05-27T23:42:18.722,1231683,0.85,-0.12,-0.4,2.8,-54.0,5.3,-12.4,17.5,27.7,101.133,36.91,0,0,0,0,0,NONE,75,486,0.947048045244,54.3316666411,3.21401012928,0.0529519547563
2026-05-27T23:42:18.775,1231735,0.89,-0.14,-0.38,2.6,-38.4,-7.9,-10.1,17.4,28.1,101.132,36.91,0,0,0,0,0,NONE,91,540,0.977803661274,39.290329599,0.942111439532,0.0221963387264
2026-05-27T23:42:18.822,1231787,0.87,-0.21,-0.23,-4.3,-12.3,-8.3,-9.0,17.8,26.5,101.136,36.91,0,0,0,0,0,NONE,120,675,0.924067097131,15.4489481843,3.2064100001,0.0759329028691
2026-05-27T23:42:18.872,1231835,0.96,-0.19,-0.26,-3.2,-8.4,-4.3,-8.6,18.5,27.2,101.137,36.91,0,0,0,0,0,NONE,61,348,1.01257098517,9.96443676281,2.01986660726,0.012570985166
2026-05-27T23:42:18.920,1231883,0.96,-0.23,-0.14,-3.2,-19.6,-5.7,-8.3,18.8,28.1,101.135,36.91,0,0,0,0,0,NONE,197,1015,0.997045635866,20.6613165118,2.63523138347,0.00295436413372
2026-05-27T23:42:18.975,1231935,0.94,-0.22,-0.14,-5.2,-17.9,-5.1,-7.4,18.9,28.0,101.135,36.91,0,1,0,0,1,NONE,242,1554,0.975499871861,19.325113195,0.430013072596,0.0245001281394
2026-05-27T23:42:19.025,1231985,0.95,-0.23,-0.14,1.2,-12.8,-6.7,-6.6,18.8,27.3,101.131,36.91,0,1,0,0,1,NONE,139,816,0.987420882907,14.4972411168,0.282842712475,0.0125791170934
2026-05-27T23:42:19.073,1232033,0.92,-0.21,-0.14,-2.5,-15.0,-2.5,-5.9,18.8,26.2,101.132,36.91,0,0,0,0,0,NONE,117,716,0.953991614219,15.4110350074,0.751156515722,0.0460083857811
2026-05-27T23:42:19.124,1232085,0.93,-0.23,-0.21,14.2,-2.5,-2.3,-4.8,18.9,26.9,101.136,36.91,0,0,0,0,0,NONE,124,607,0.980765007532,14.6006849154,1.4131671593,0.0192349924676
2026-05-27T23:42:19.169,1232137,0.96,-0.2,-0.18,-1.8,-13.5,-0.4,-4.8,18.9,25.4,101.133,36.91,0,1,0,0,1,NONE,131,645,0.996995486449,13.6253440324,0.99926008129,0.00300451355084
2026-05-27T23:42:19.217,1232183,0.91,-0.21,-0.21,-6.0,-2.0,-1.9,-4.7,19.4,26.4,101.132,36.91,0,1,0,0,1,NONE,64,389,0.957235603182,6.60378679244,1.28610430067,0.0427643968176
2026-05-27T23:42:19.275,1232235,0.94,-0.27,-0.14,-0.1,-7.1,0.7,-4.3,19.7,26.3,101.133,36.91,0,1,0,0,1,NONE,70,419,0.987977732543,7.13512438574,1.86449225285,0.0120222674574
2026-05-27T23:42:19.322,1232283,0.91,-0.27,-0.09,-2.7,-3.1,-1.2,-4.1,20.0,26.0,101.131,36.91,0,1,0,0,1,NONE,113,711,0.953467356547,4.28252262107,1.21478164476,0.0465326434534
2026-05-27T23:42:19.375,1232335,0.95,-0.26,-0.17,1.5,5.3,1.5,-4.2,20.4,26.4,101.131,36.91,0,0,0,0,0,NONE,155,988,0.999499874937,5.70876519048,1.73076923077,0.000500125062539
2026-05-27T23:42:19.425,1232387,0.94,-0.25,-0.09,6.5,7.6,2.7,-3.9,20.2,26.1,101.132,36.91,0,0,0,0,0,NONE,144,927,0.97683161292,10.3585713301,1.56231507781,0.0231683870799
2026-05-27T23:42:19.473,1232435,0.91,-0.14,-0.1,15.3,23.1,4.1,-4.3,19.8,24.6,101.131,36.91,0,1,0,0,1,NONE,93,613,0.926120942426,28.0091056623,2.38448398797,0.073879057574
2026-05-27T23:42:19.519,1232483,0.91,-0.27,-0.19,19.8,37.9,1.8,-4.6,19.9,26.1,101.133,36.91,0,1,0,0,1,NONE,133,640,0.968039255402,42.7982476277,3.29403922934,0.0319607445976
2026-05-27T23:42:19.579,1232535,0.95,-0.21,-0.11,-2.4,25.8,2.2,-5.6,19.4,27.1,101.136,36.91,0,0,0,0,0,NONE,68,393,0.979132268899,26.004614975,2.07121723351,0.0208677311006
2026-05-27T23:42:19.624,1232585,0.91,-0.26,-0.21,15.0,42.8,3.5,-6.4,19.7,25.3,101.132,36.91,0,0,0,0,0,NONE,121,727,0.969432823872,45.4872509611,2.37486841741,0.0305671761282
2026-05-27T23:42:19.672,1232634,0.93,-0.26,-0.26,16.5,46.6,11.8,-7.0,19.0,27.3,101.134,36.91,0,1,0,0,1,NONE,204,1073,1.00004999875,50.823714937,1.09901322595,4.99987500626e-05
2026-05-27T23:42:19.724,1232685,0.96,-0.16,-0.33,28.0,42.8,14.0,-8.4,18.9,26.2,101.134,36.91,0,1,0,0,1,NONE,87,431,1.02766726133,53.0267856842,2.4646676647,0.0276672613254
2026-05-27T23:42:19.774,1232737,0.93,-0.26,-0.35,28.0,20.4,24.4,-9.9,17.5,27.0,101.134,36.91,0,1,0,0,1,NONE,55,225,1.02713192921,42.3735766723,2.04425881014,0.0271319292087
2026-05-27T23:42:19.821,1232783,0.88,-0.17,-0.36,18.6,31.2,19.7,-10.8,17.3,27.8,101.131,36.91,0,1,0,0,1,NONE,42,293,0.965867485735,41.3217860214,2.24871313756,0.034132514265
2026-05-27T23:42:19.871,1232835,0.83,-0.18,-0.42,13.3,34.4,10.7,-11.7,16.2,27.3,101.132,36.91,0,1,0,0,1,NONE,80,452,0.947470316158,38.4023436785,1.51423228346,0.0525296838423
2026-05-27T23:42:19.923,1232883,0.85,-0.08,-0.49,17.2,46.0,7.3,-12.6,16.1,27.6,101.132,36.91,0,1,0,0,1,NONE,60,337,0.984377976186,49.6500755286,2.57694101601,0.015622023814
2026-05-27T23:42:19.962,1232935,0.8,-0.15,-0.52,17.6,44.5,9.2,-14.8,15.5,29.0,101.133,36.91,0,0,0,0,0,NONE,32,183,0.965867485735,48.7303806675,1.75200645753,0.034132514265
2026-05-27T23:42:20.024,1232987,0.79,-0.07,-0.55,17.2,59.0,16.3,-16.7,15.8,27.0,101.132,36.91,0,0,0,0,0,NONE,115,439,0.965142476529,63.5808933564,1.65429332059,0.0348575234713
2026-05-27T23:42:20.072,1233035,0.85,-0.11,-0.61,23.9,43.5,24.3,-18.4,14.8,27.8,101.135,36.91,0,0,0,0,0,NONE,130,528,1.05199809886,55.2625551346,1.95433989993,0.0519980988576
2026-05-27T23:42:20.122,1233083,0.84,-0.1,-0.65,9.6,51.5,22.5,-20.1,14.9,26.6,101.132,36.91,0,0,0,0,0,NONE,64,369,1.06681769764,57.014559544,0.883883476483,0.066817697641
2026-05-27T23:42:20.171,1233135,0.78,-0.03,-0.7,7.1,54.1,29.1,-21.9,14.8,27.4,101.133,36.91,0,0,0,0,0,NONE,57,246,1.04847508316,61.8387419018,2.01694009263,0.0484750831565
2026-05-27T23:42:20.222,1233185,0.86,0.02,-0.79,2.0,39.2,22.8,-23.5,14.9,28.4,101.135,36.91,0,0,0,0,0,NONE,62,275,1.1679469166,45.3925103954,2.60768096208,0.167946916602
2026-05-27T23:42:20.264,1233234,0.83,-0.02,-0.9,9.8,22.3,19.3,-24.8,15.1,26.5,101.133,36.91,0,0,0,0,0,NONE,60,376,1.22445906424,31.0776446984,2.46592774971,0.22445906424
2026-05-27T23:42:20.315,1233285,0.83,0.06,-0.86,3.7,15.7,11.0,-25.8,15.5,25.9,101.13,36.91,0,0,0,0,0,NONE,42,270,1.19670380629,19.5238315912,1.75377880588,0.196703806295
2026-05-27T23:42:20.375,1233337,0.88,0.07,-0.88,4.9,-3.8,5.1,-26.0,15.5,26.8,101.135,36.92,0,0,0,0,0,NONE,60,298,1.24647502983,8.02869852467,1.05331261059,0.246475029834
2026-05-27T23:42:20.419,1233383,0.86,0.08,-0.78,10.6,-17.4,1.5,-25.9,15.1,26.3,101.134,36.91,0,0,0,0,0,NONE,44,257,1.16378692208,20.4296353369,2.2275979926,0.163786922078
2026-05-27T23:42:20.470,1233435,0.89,0.04,-0.75,0.9,-22.5,-6.8,-25.3,15.3,27.4,101.133,36.91,0,0,0,0,0,NONE,51,237,1.16456000275,23.5223298166,1.12133690285,0.164560002748
2026-05-27T23:42:20.520,1233483,0.9,0.04,-0.78,-4.2,-36.0,-11.3,-23.7,14.6,26.8,101.134,36.91,0,0,0,0,0,NONE,39,179,1.19163752878,37.9648521662,0.658807845868,0.191637528781
2026-05-27T23:42:20.571,1233535,0.84,0.1,-0.65,5.8,-49.6,-9.7,-21.8,15.4,26.8,101.131,36.91,0,0,0,0,0,NONE,43,238,1.06681769764,50.8713082199,2.98541821082,0.066817697641
2026-05-27T23:42:20.614,1233587,0.83,-0.03,-0.66,0.1,-53.6,-13.5,-19.8,15.0,27.5,101.13,36.91,0,0,0,0,0,NONE,106,803,1.06084871683,55.2740445417,2.5147493905,0.0608487168301
2026-05-27T23:42:20.673,1233635,0.81,0.03,-0.42,-0.6,-40.3,-14.6,-18.0,14.7,26.9,101.129,36.91,0,0,0,0,0,NONE,404,2099,0.912907443282,42.8673535456,5.1706973525,0.0870925567178
2026-05-27T23:42:20.708,1233683,1.03,-0.09,-0.6,-14.6,-41.5,-13.9,-16.9,15.1,26.7,101.127,36.91,0,0,0,0,0,NONE,744,3393,1.19540788018,46.1369699915,6.42802025856,0.195407880181
2026-05-27T23:42:20.774,1233735,1.02,0.14,-0.41,-3.1,-84.8,-9.0,-14.1,15.3,27.0,101.132,36.91,0,0,0,0,0,NONE,934,4906,1.10819673344,85.3325846321,5.74031213715,0.108196733437
2026-05-27T23:42:20.822,1233785,0.65,-0.04,-0.23,-3.2,-49.7,-3.1,-11.0,14.9,26.1,101.127,36.91,0,0,0,0,0,NONE,431,2206,0.690651865993,49.8992985923,8.98220462915,0.309348134007
2026-05-27T23:42:20.874,1233833,0.65,-0.16,-0.29,-23.9,-14.6,0.3,-9.7,15.9,26.8,101.125,36.91,0,0,0,0,0,NONE,236,1302,0.729520390394,28.0082130812,2.79508497187,0.270479609606
2026-05-27T23:42:20.920,1233885,0.56,-0.09,-0.23,-11.8,-40.7,6.5,-8.7,16.3,26.5,101.124,36.91,0,0,0,0,0,NONE,78,429,0.612045749924,42.8716689668,2.4777112936,0.387954250076
2026-05-27T23:42:20.976,1233937,0.59,-0.05,-0.33,17.7,-43.2,2.0,-6.9,16.3,26.2,101.13,36.91,0,1,0,0,1,NONE,67,349,0.677864293203,46.7282569758,2.15006536298,0.322135706797
2026-05-27T23:42:21.016,1233983,0.61,-0.05,-0.33,-0.5,-25.1,-12.4,-5.4,16.1,25.9,101.126,36.91,0,1,0,0,1,NONE,56,267,0.695341642648,28.0003571406,0.434782608696,0.304658357352
2026-05-27T23:42:21.075,1234035,0.87,-0.08,-0.28,2.5,-15.7,-10.9,-4.7,16.3,26.1,101.129,36.91,0,1,0,0,1,NONE,74,161,0.917442096265,19.2756322853,5.12419715172,0.0825579037345
2026-05-27T23:42:21.121,1234083,0.95,-0.07,-0.31,8.8,-21.6,-11.0,-3.8,16.2,24.6,101.129,36.91,0,1,0,0,1,NONE,60,293,1.00174847142,25.7875939165,1.7921510973,0.00174847142384
2026-05-27T23:42:21.175,1234135,0.87,-0.15,-0.17,-2.0,-20.6,-7.1,-2.8,16.3,24.0,101.129,36.91,0,1,0,0,1,NONE,73,335,0.899055059493,21.8808135132,3.46153846154,0.100944940507
2026-05-27T23:42:21.217,1234187,0.94,-0.18,-0.24,-4.5,-0.4,-8.7,-2.3,16.4,25.0,101.127,36.91,0,1,0,0,1,NONE,71,434,0.986711710684,9.80306074652,1.98924623707,0.0132882893165
2026-05-27T23:42:21.265,1234235,0.89,-0.12,-0.19,-11.2,2.4,-4.0,-1.7,16.6,24.4,101.129,36.91,0,1,0,0,1,NONE,80,269,0.917932459389,12.1326007105,1.93200385323,0.082067540611
2026-05-27T23:42:21.313,1234283,0.96,-0.19,-0.24,-11.0,10.1,-2.9,-1.8,17.2,25.9,101.128,36.91,0,1,0,0,1,NONE,64,251,1.00762096048,15.2124948644,2.31052843884,0.00762096048068
2026-05-27T23:42:21.366,1234335,0.92,-0.1,-0.22,-14.9,10.7,-4.6,-1.9,17.7,24.6,101.125,36.91,0,1,0,0,1,NONE,80,224,0.951209756048,18.911901015,1.93266838868,0.0487902439525
2026-05-27T23:42:21.424,1234385,1.01,-0.2,-0.14,-15.9,12.6,-3.7,-2.4,18.3,25.6,101.131,36.91,0,1,0,0,1,NONE,42,196,1.03908613695,20.6218330902,3.1304951685,0.0390861369492
2026-05-27T23:42:21.471,1234433,0.96,-0.19,-0.18,-27.2,18.5,-5.5,-2.7,19.5,26.0,101.129,36.91,0,1,0,0,1,NONE,89,376,0.995037687728,33.3517615727,1.35015431217,0.00496231227154
2026-05-27T23:42:21.522,1234485,1.0,-0.22,-0.2,-16.2,9.3,-5.7,-3.4,20.4,27.2,101.128,36.91,0,1,0,0,1,NONE,85,480,1.04326410846,19.5299769585,1.03560861676,0.0432641084596
2026-05-27T23:42:21.566,1234537,0.93,-0.3,-0.08,-11.4,-2.9,-7.9,-3.7,20.8,26.4,101.131,36.91,0,1,0,0,1,NONE,50,186,0.980459076147,14.1696859528,3.08292683498,0.0195409238525
2026-05-27T23:42:21.614,1234583,0.92,-0.27,-0.12,-5.2,8.4,-0.9,-3.6,21.6,26.5,101.127,36.91,0,1,0,0,1,NONE,42,209,0.966281532474,9.92018144995,1.10848250295,0.0337184675262
2026-05-27T23:42:21.668,1234635,0.9,-0.19,-0.09,4.0,4.9,8.1,-3.1,21.4,26.8,101.129,36.91,0,0,0,0,0,NONE,52,128,0.924229408751,10.2771591405,1.68749315142,0.0757705912491
2026-05-27T23:42:21.715,1234683,0.85,-0.22,-0.22,18.6,23.7,18.2,-3.7,21.0,28.0,101.13,36.91,0,0,0,0,0,NONE,43,116,0.90515192095,35.1978692537,2.96829309349,0.0948480790497
2026-05-27T23:42:21.775,1234735,0.88,-0.19,-0.4,13.1,33.7,15.4,-4.5,20.6,26.6,101.13,36.91,0,1,0,0,1,NONE,41,194,0.985139584018,39.2996183188,3.55639269402,0.0148604159816
2026-05-27T23:42:21.824,1234785,0.87,-0.22,-0.36,6.6,33.1,9.9,-5.3,20.4,27.9,101.127,36.91,0,1,0,0,1,NONE,48,313,0.966902270139,35.1735696227,1.01980390272,0.033097729861
2026-05-27T23:42:21.871,1234833,0.86,-0.15,-0.29,16.7,45.0,10.4,-6.8,20.1,27.9,101.127,36.91,0,1,0,0,1,NONE,56,313,0.919891297926,49.1126256679,2.07289049397,0.080108702074
2026-05-27T23:42:21.922,1234885,0.75,-0.08,-0.33,10.9,35.3,8.9,-8.0,19.3,28.4,101.13,36.91,0,1,0,0,1,NONE,49,279,0.82328609851,38.0014473409,2.62272724942,0.17671390149
2026-05-27T23:42:21.967,1234937,0.73,-0.18,-0.26,40.8,37.6,0.2,-8.8,19.8,29.0,101.133,36.91,0,0,0,0,0,NONE,55,365,0.795550124128,55.4836912975,2.37871478401,0.204449875872
2026-05-27T23:42:22.015,1234983,0.76,-0.06,-0.31,14.2,49.5,-3.7,-10.3,19.1,28.4,101.13,36.91,0,0,0,0,0,NONE,39,246,0.822982381342,51.6292552726,2.90036175307,0.177017618658
2026-05-27T23:42:22.075,1235035,0.97,-0.01,-0.35,4.2,24.8,12.8,-11.2,18.6,29.4,101.131,36.91,0,0,0,0,0,NONE,47,216,1.03126136357,28.2226859105,4.2220189231,0.0312613635738
2026-05-27T23:42:22.120,1235083,0.7,-0.1,-0.35,-10.3,51.9,15.4,-12.5,18.7,29.0,101.13,36.91,0,0,0,0,0,NONE,45,212,0.788986691903,55.1077127088,5.92927061282,0.211013308097
2026-05-27T23:42:22.168,1235135,1.17,0.1,-0.52,23.9,47.9,7.9,-13.9,19.2,29.2,101.132,36.91,0,0,0,0,0,NONE,51,263,1.28425075433,54.1112742411,10.3525144875,0.284250754331
2026-05-27T23:42:22.222,1235187,0.64,-0.13,-0.46,-0.5,62.6,8.6,-16.0,18.4,29.5,101.13,36.91,0,0,0,0,0,NONE,34,150,0.798811617342,63.1899517329,11.1704121011,0.201188382658
2026-05-27T23:42:22.264,1235234,0.6,-0.16,-0.51,11.2,65.1,-3.3,-18.3,18.6,29.3,101.133,36.9,0,0,0,0,0,NONE,23,147,0.803554602998,66.1387934574,1.50448251316,0.196445397002
2026-05-27T23:42:22.312,1235283,0.8,-0.08,-0.48,45.5,65.9,6.3,-19.8,18.2,28.6,101.131,36.91,0,0,0,0,0,NONE,22,108,0.936375992858,80.3290109487,4.43848227978,0.0636240071424
2026-05-27T23:42:22.370,1235335,0.83,-0.03,-0.52,-8.1,57.7,1.9,-22.1,17.0,28.5,101.128,36.91,0,0,0,0,0,NONE,28,132,0.979897953871,58.2967409038,1.35982073305,0.0201020461293
2026-05-27T23:42:22.424,1235385,0.88,-0.11,-0.88,9.3,35.6,-2.2,-23.3,17.4,29.0,101.135,36.91,0,0,0,0,0,NONE,65,97,1.24935983608,36.8604123688,7.44311762637,0.249359836076
2026-05-27T23:42:22.472,1235433,0.98,-0.12,-0.93,12.4,18.7,-15.7,-23.9,17.8,27.4,101.132,36.9,0,0,0,0,0,NONE,35,214,1.35635541065,27.3850324082,2.33853586673,0.35635541065
2026-05-27T23:42:22.524,1235485,0.72,-0.06,-0.7,17.9,-12.6,-9.2,-24.9,17.0,28.3,101.132,36.91,0,0,0,0,0,NONE,37,249,1.0059821072,23.7446836155,6.77458267454,0.00598210719674
2026-05-27T23:42:22.567,1235537,0.71,-0.14,-0.69,-1.9,-10.3,-9.3,-23.9,16.5,28.2,101.133,36.91,0,0,0,0,0,NONE,41,175,0.999899994999,14.0067840706,1.56231507781,0.0001000050005
2026-05-27T23:42:22.614,1235583,0.88,-0.08,-0.94,2.9,-3.9,-6.5,-23.7,17.1,28.4,101.13,36.91,0,0,0,0,0,NONE,30,152,1.29011627383,8.11603351398,6.70045000323,0.29011627383
2026-05-27T23:42:22.670,1235635,0.74,-0.15,-0.8,-10.7,-45.2,-14.0,-23.3,16.7,29.2,101.132,36.91,0,0,0,0,0,NONE,31,159,1.10004545361,48.5131940816,4.03846153846,0.100045453606
2026-05-27T23:42:22.721,1235683,0.88,-0.07,-0.84,-7.7,-41.2,-12.8,-20.8,17.2,29.0,101.131,36.91,0,0,0,0,0,NONE,36,152,1.21856472951,43.8243083231,3.46109327622,0.218564729508
2026-05-27T23:42:22.763,1235735,0.75,-0.15,-0.53,-5.1,-73.2,-15.0,-19.1,18.0,29.8,101.131,36.91,0,0,0,0,0,NONE,101,493,0.930537479095,74.8949263969,6.64505867045,0.0694625209053
2026-05-27T23:42:22.826,1235786,0.9,-0.13,-0.69,1.0,-27.6,-6.0,-17.7,17.3,29.9,101.132,36.91,0,0,0,0,0,NONE,207,948,1.14149025401,28.2623424365,4.31817951873,0.14149025401
2026-05-27T23:42:22.874,1235834,1.11,-0.25,-0.67,-6.3,-56.5,-10.0,-16.4,17.9,30.2,101.135,36.91,0,0,0,0,0,NONE,251,1007,1.32041660093,57.7229590371,5.05610879146,0.320416600926
2026-05-27T23:42:22.922,1235883,0.75,-0.23,-0.33,0.7,-31.5,-1.6,-14.8,18.8,28.9,101.135,36.9,0,0,0,0,0,NONE,274,1177,0.851058164875,31.5483755525,10.1138870966,0.148941835125
2026-05-27T23:42:22.973,1235935,0.84,-0.18,-0.33,-6.3,-41.3,-4.3,-13.3,18.7,28.4,101.136,36.91,0,0,0,0,0,NONE,322,1328,0.920271699011,41.9984523524,1.97992887327,0.0797283009893
2026-05-27T23:42:23.023,1235985,0.95,-0.27,-0.36,1.0,-38.6,-6.1,-11.9,18.9,28.2,101.133,36.91,0,0,0,0,0,NONE,284,1272,1.05118980208,39.0918150001,2.90516780927,0.0511898020814
2026-05-27T23:42:23.064,1236033,0.84,-0.28,-0.27,-8.7,-38.2,-5.2,-10.5,18.8,27.8,101.136,36.91,0,0,0,0,0,NONE,249,1170,0.925688932633,39.5217661549,2.96829309349,0.0743110673666
2026-05-27T23:42:23.112,1236085,0.86,-0.27,-0.24,2.7,-14.8,6.3,-9.0,18.8,27.9,101.137,36.91,0,0,0,0,0,NONE,141,609,0.932791509395,16.3101195581,0.719549497457,0.0672084906047
2026-05-27T23:42:23.176,1236137,0.93,-0.21,-0.27,-1.2,-24.8,12.1,-8.4,19.0,27.2,101.132,36.91,0,1,0,0,1,NONE,63,285,0.990908673895,27.6204634284,1.86449225285,0.00909132610518
2026-05-27T23:42:23.208,1236183,0.96,-0.11,-0.19,0.4,-12.5,5.6,-7.6,19.1,27.8,101.135,36.9,0,1,0,0,1,NONE,31,157,0.984784240329,13.702919397,2.85933618217,0.0152157596712
2026-05-27T23:42:23.275,1236235,0.91,-0.17,-0.16,-6.2,-21.9,0.1,-7.1,19.6,26.9,101.135,36.91,0,1,0,0,1,NONE,40,148,0.939467934525,22.7609314396,1.60896158949,0.0605320654754
2026-05-27T23:42:23.323,1236283,0.96,-0.17,-0.11,0.9,4.5,-0.9,-6.8,19.6,26.9,101.137,36.91,0,1,0,0,1,NONE,51,235,0.981121806913,4.67653718044,1.47313912747,0.0188781930871
2026-05-27T23:42:23.369,1236335,1.05,-0.18,-0.16,-5.0,-18.9,5.6,-6.0,19.8,28.3,101.131,36.91,0,1,0,0,1,NONE,113,430,1.07726505559,20.3364205307,1.98924623707,0.0772650555922
2026-05-27T23:42:23.419,1236386,0.87,-0.24,-0.22,-4.2,-4.2,2.5,-6.2,20.0,25.2,101.133,36.91,0,1,0,0,1,NONE,39,239,0.928924108849,6.44437739429,3.90191151807,0.0710758911515
2026-05-27T23:42:23.469,1236435,0.97,-0.16,-0.2,-5.7,2.6,4.8,-5.6,19.6,27.8,101.134,36.91,0,1,0,0,1,NONE,87,358,1.00324473584,7.89240140895,2.64520028506,0.00324473584465
2026-05-27T23:42:23.518,1236486,0.96,-0.18,-0.27,-4.1,-2.6,5.6,-6.4,19.9,26.8,101.131,36.91,0,1,0,0,1,NONE,120,341,1.01336074524,7.41147758548,1.44087631928,0.0133607452433
2026-05-27T23:42:23.571,1236533,0.91,-0.22,-0.1,-0.1,-5.9,4.7,-5.3,20.6,26.3,101.131,36.91,0,1,0,0,1,NONE,105,651,0.941541289589,7.54387168502,3.86508555842,0.0584587104115
2026-05-27T23:42:23.625,1236587,1.0,-0.24,-0.21,16.0,-2.7,14.8,-4.9,20.0,26.1,101.135,36.91,0,1,0,0,1,NONE,165,1235,1.04961897849,21.9620126582,2.65790742489,0.049618978487
2026-05-27T23:42:23.666,1236633,0.88,-0.2,-0.09,11.2,-1.7,11.1,-5.6,19.0,26.0,101.131,36.91,0,1,0,0,1,NONE,95,478,0.906917857361,15.8600126103,3.79034690743,0.0930821426391
2026-05-27T23:42:23.722,1236683,0.96,-0.15,-0.13,8.0,5.2,4.4,-4.8,18.7,26.9,101.132,36.91,0,1,0,0,1,NONE,233,1572,0.980306074652,10.5071404293,2.04939015319,0.0196939253478
2026-05-27T23:42:23.769,1236733,0.97,-0.12,-0.1,3.2,2.3,-0.7,-5.2,18.8,27.0,101.138,36.91,0,1,0,0,1,NONE,253,1397,0.982496819333,4.00249921924,0.871779788708,0.0175031806667
2026-05-27T23:42:23.818,1236785,0.97,-0.06,-0.2,2.0,13.5,-5.4,-5.2,19.4,25.8,101.129,36.91,0,1,0,0,1,NONE,152,947,0.992219733728,14.6768525236,2.24267380571,0.00778026627163
2026-05-27T23:42:23.869,1236833,0.93,-0.25,-0.11,5.2,22.7,-12.8,-6.0,18.9,26.0,101.134,36.91,0,1,0,0,1,NONE,167,1007,0.969278081873,26.5738593358,4.45852803313,0.0307219181267
2026-05-27T23:42:23.927,1236885,0.93,-0.17,-0.23,-6.5,32.0,-6.4,-6.8,19.7,26.3,101.131,36.91,0,1,0,0,1,NONE,126,680,0.972985097522,33.2747652133,2.77350098113,0.0270149024779
2026-05-27T23:42:23.976,1236937,0.95,-0.24,-0.22,11.0,23.9,4.1,-7.4,19.9,26.3,101.134,36.9,0,1,0,0,1,NONE,119,610,1.00424100693,26.6274294666,1.4131671593,0.00424100693011
2026-05-27T23:42:24.024,1236985,0.91,-0.24,-0.23,10.8,27.4,7.1,-8.0,20.2,27.1,101.135,36.91,0,1,0,0,1,NONE,159,966,0.968813707583,30.2953791856,0.85898033867,0.0311862924174
2026-05-27T23:42:24.072,1237033,0.92,-0.17,-0.29,17.2,35.8,6.7,-8.4,19.1,27.2,101.133,36.91,0,0,0,0,0,NONE,212,1281,0.979489663039,40.2786543966,1.93200385323,0.0205103369611
2026-05-27T23:42:24.125,1237085,0.85,-0.14,-0.29,18.8,47.5,5.3,-10.0,18.8,28.2,101.133,36.9,0,0,0,0,0,NONE,152,1119,0.908955444453,51.3593224254,1.46457175113,0.0910445555474
2026-05-27T23:42:24.170,1237137,0.89,-0.17,-0.32,14.0,61.6,5.5,-11.4,18.2,27.8,101.132,36.91,0,1,0,0,1,NONE,64,368,0.960937042683,63.4098572779,1.12133690285,0.0390629573172
2026-05-27T23:42:24.217,1237183,0.85,-0.18,-0.39,16.8,66.2,6.3,-13.5,17.8,27.4,101.138,36.9,0,1,0,0,1,NONE,36,240,0.952365476065,68.5884100997,1.76609530536,0.0476345239353
2026-05-27T23:42:24.271,1237237,0.88,-0.14,-0.41,16.7,64.6,10.2,-15.1,18.2,28.5,101.135,36.9,0,1,0,0,1,NONE,46,261,0.980866963456,67.4988148044,0.997252742062,0.0191330365437
2026-05-27T23:42:24.311,1237283,0.9,-0.17,-0.49,19.7,70.7,18.2,-17.2,16.9,28.4,101.13,36.91,0,1,0,0,1,NONE,86,502,1.03874924789,75.6162680909,1.90760095378,0.0387492478938
2026-05-27T23:42:24.371,1237335,1.05,-0.28,-0.67,24.2,42.7,18.5,-19.1,15.9,28.6,101.135,36.91,0,0,0,0,0,NONE,55,316,1.27663620503,52.4516920604,4.97776119444,0.276636205033
2026-05-27T23:42:24.427,1237386,0.96,-0.08,-0.73,38.8,65.4,11.2,-20.8,15.7,29.2,101.134,36.9,0,0,0,0,0,NONE,86,210,1.20867696263,76.8637756033,4.4583596082,0.208676962633
2026-05-27T23:42:24.471,1237435,0.91,-0.17,-0.91,21.0,23.9,11.9,-22.5,15.2,28.1,101.135,36.91,0,0,0,0,0,NONE,66,467,1.29811401656,33.967926048,4.2319268068,0.298114016564
2026-05-27T23:42:24.522,1237483,0.78,-0.02,-0.74,15.4,18.0,2.4,-22.6,15.2,28.3,101.131,36.91,0,0,0,0,0,NONE,71,374,1.0753604047,23.8100818982,5.44463931057,0.0753604047016
2026-05-27T23:42:24.571,1237535,0.71,0.07,-0.8,11.3,18.2,14.9,-22.8,14.7,27.0,101.132,36.91,0,0,0,0,0,NONE,53,283,1.07191417567,26.0948270736,2.4777112936,0.0719141756689
2026-05-27T23:42:24.615,1237585,0.7,0.03,-0.69,13.9,24.7,10.8,-24.2,14.4,26.6,101.134,36.91,0,0,0,0,0,NONE,38,205,0.983361581515,30.3305126894,2.34946802489,0.0166384184848
2026-05-27T23:42:24.672,1237633,0.7,-0.0,-0.78,2.1,13.0,2.0,-24.7,15.1,27.4,101.133,36.91,0,0,0,0,0,NONE,138,729,1.04804580053,13.3195345264,1.97642353761,0.0480458005259
2026-05-27T23:42:24.712,1237685,0.72,-0.03,-0.81,6.5,12.8,-1.3,-25.3,14.3,27.5,101.133,36.91,0,0,0,0,0,NONE,344,2074,1.08415865998,14.4145759563,0.902003030735,0.0841586599756
2026-05-27T23:42:24.776,1237737,0.87,0.07,-0.83,10.5,4.6,3.0,-24.9,14.6,27.0,101.135,36.91,0,0,0,0,0,NONE,421,2420,1.20445008199,11.8494725621,3.48814560523,0.204450081988
2026-05-27T23:42:24.823,1237783,0.88,-0.02,-0.86,6.0,-16.0,5.7,-24.8,14.5,26.7,101.133,36.9,0,0,0,0,0,NONE,823,3830,1.23060960503,18.0136059688,2.07378087265,0.230609605033
2026-05-27T23:42:24.875,1237835,0.92,0.05,-0.83,2.6,-26.9,-1.0,-24.6,13.6,27.6,101.133,36.9,0,0,0,0,0,NONE,606,3322,1.24008064254,27.0438532757,1.65429332059,0.240080642539
2026-05-27T23:42:24.920,1237883,0.96,0.02,-0.79,6.4,-41.3,-1.4,-23.4,14.4,25.5,101.132,36.91,0,0,0,0,0,NONE,551,2936,1.24342269563,41.8163843487,1.33398421613,0.243422695627
2026-05-27T23:42:24.974,1237935,0.86,-0.02,-0.73,1.1,-44.8,-6.6,-21.6,14.0,26.2,101.135,36.91,0,0,0,0,0,NONE,588,2683,1.12822870022,45.2969093868,2.37092846268,0.12822870022
2026-05-27T23:42:25.019,1237986,0.69,-0.06,-0.48,3.4,-51.0,-1.8,-19.9,13.7,26.8,101.132,36.9,0,0,0,0,0,NONE,343,1625,0.842674314311,51.1448922181,5.97958850274,0.157325685689
2026-05-27T23:42:25.074,1238035,0.85,-0.0,-0.47,-6.8,-45.8,-5.5,-18.3,13.6,27.0,101.13,36.91,0,0,0,0,0,NONE,215,1095,0.971287804927,46.6275669535,3.49331485074,0.028712195073
2026-05-27T23:42:25.119,1238083,0.75,-0.03,-0.38,-7.9,-50.3,-2.1,-16.4,14.2,26.6,101.131,36.91,0,0,0,0,0,NONE,110,620,0.841308504652,50.9598861851,2.87167682335,0.158691495348
2026-05-27T23:42:25.174,1238135,0.78,0.02,-0.43,-4.5,-54.0,-1.5,-14.8,14.6,27.1,101.133,36.91,0,0,0,0,0,NONE,82,424,0.890898422942,54.2079329988,1.47714341305,0.109101577058
2026-05-27T23:42:25.213,1238185,0.79,0.03,-0.26,-9.5,-53.3,-4.5,-12.7,14.1,26.2,101.128,36.9,0,0,0,0,0,NONE,92,315,0.832225930863,54.3266969362,3.41174442185,0.167774069137
2026-05-27T23:42:25.273,1238233,0.85,-0.05,-0.3,-15.7,-53.3,-13.2,-11.0,14.0,26.9,101.13,36.9,0,0,0,0,0,NONE,133,388,0.902773504263,57.1105944637,2.24381866964,0.0972264957366
2026-05-27T23:42:25.324,1238285,0.67,0.03,-0.13,-34.2,-26.2,-7.6,-8.8,14.7,26.1,101.126,36.91,0,0,0,0,0,NONE,152,336,0.68315444813,43.747457069,5.00369685818,0.31684555187
2026-05-27T23:42:25.374,1238337,0.68,-0.11,-0.36,-17.0,-21.7,-2.5,-8.2,16.4,26.1,101.128,36.9,0,1,0,0,1,NONE,70,370,0.777238702073,27.6792340934,5.18161291743,0.222761297927
2026-05-27T23:42:25.420,1238383,0.86,-0.09,-0.29,15.4,-45.4,8.1,-7.0,16.6,26.7,101.131,36.91,0,1,0,0,1,NONE,77,355,0.912030701238,48.6202632654,4.22097561716,0.0879692987624
2026-05-27T23:42:25.475,1238435,0.97,-0.06,-0.24,55.1,-57.9,3.8,-5.4,15.6,27.0,101.127,36.9,0,1,0,0,1,NONE,179,1192,1.00104944933,80.0178730035,2.39421146115,0.00104944932805
2026-05-27T23:42:25.511,1238483,0.9,-0.09,-0.2,32.3,-38.8,-3.2,-3.8,15.1,24.0,101.131,36.91,0,1,0,0,1,NONE,62,329,0.92633687177,50.5862629574,1.7921510973,0.0736631282303
2026-05-27T23:42:25.575,1238535,0.89,-0.04,-0.16,13.2,-22.2,-8.4,-2.4,13.8,23.0,101.128,36.91,0,1,0,0,1,NONE,67,353,0.90515192095,27.1595287146,1.24629628816,0.0948480790497
2026-05-27T23:42:25.625,1238586,0.92,-0.07,-0.2,4.0,-0.1,-9.9,-2.4,13.7,23.9,101.132,36.91,0,1,0,0,1,NONE,56,373,0.944086860411,10.6780147968,1.14332390095,0.0559131395894
2026-05-27T23:42:25.674,1238635,0.98,-0.1,-0.18,17.8,-9.8,-9.0,-1.6,14.0,22.9,101.126,36.9,0,1,0,0,1,NONE,158,1198,1.00139902137,22.2234110793,1.42857142857,0.0013990213696
2026-05-27T23:42:25.722,1238683,0.94,-0.08,-0.14,20.2,-3.5,-3.5,-1.3,13.9,22.0,101.13,36.91,0,1,0,0,1,NONE,97,793,0.953729521405,20.7975960149,1.25,0.0462704785947
2026-05-27T23:42:25.772,1238735,0.92,-0.17,-0.15,9.9,3.0,-2.6,-0.9,13.3,21.9,101.131,36.9,0,1,0,0,1,NONE,44,264,0.94752308679,10.6663020771,1.78338817221,0.05247691321
2026-05-27T23:42:25.819,1238785,0.96,-0.12,-0.19,2.6,9.2,-1.6,-0.5,12.9,21.8,101.132,36.9,0,1,0,0,1,NONE,98,536,0.985951317257,9.69329665284,1.50996688705,0.0140486827434
2026-05-27T23:42:25.862,1238833,0.98,-0.12,-0.15,7.5,5.2,-2.0,-0.5,13.7,21.3,101.127,36.91,0,1,0,0,1,NONE,109,710,0.998649087518,9.3429117517,0.931694990625,0.00135091248227
2026-05-27T23:42:25.914,1238885,0.95,-0.14,-0.13,13.2,9.1,-0.5,-0.8,13.8,22.8,101.13,36.9,0,1,0,0,1,NONE,217,1160,0.96902012363,16.0405735558,0.792904928003,0.0309798763699
2026-05-27T23:42:25.974,1238937,0.97,-0.13,-0.11,14.9,11.7,-1.0,-0.4,12.6,21.4,101.13,36.9,0,1,0,0,1,NONE,231,1188,0.984835011563,18.9710305466,0.576923076923,0.0151649884371
2026-05-27T23:42:26.023,1238983,0.96,-0.13,-0.16,4.7,14.3,-1.5,-0.5,13.1,21.5,101.131,36.9,0,1,0,0,1,NONE,138,873,0.981885940423,15.1271279495,1.10848250295,0.0181140595772
2026-05-27T23:42:26.075,1239035,0.94,-0.15,-0.19,3.2,18.7,-2.1,-0.9,12.9,21.8,101.13,36.9,0,1,0,0,1,NONE,110,712,0.97066987179,19.0876923697,0.792904928003,0.0293301282104
2026-05-27T23:42:26.121,1239083,0.95,-0.18,-0.17,-10.4,15.3,-0.9,-0.9,13.7,21.5,101.127,36.91,0,1,0,0,1,NONE,44,279,0.981733161302,18.5218789544,0.779511955578,0.018266838698
2026-05-27T23:42:26.170,1239135,0.93,-0.17,-0.17,-15.3,16.3,-1.3,-1.7,13.4,22.7,101.129,36.9,0,1,0,0,1,NONE,98,561,0.960572745814,22.3935258501,0.430013072596,0.0394272541863
2026-05-27T23:42:26.224,1239187,0.91,-0.19,-0.23,-16.9,19.5,-0.2,-1.9,14.4,24.0,101.128,36.9,0,1,0,0,1,NONE,213,1298,0.957653381971,25.8050382677,1.27562491937,0.0423466180293
2026-05-27T23:42:26.262,1239235,0.93,-0.24,-0.19,-26.9,18.3,-1.3,-2.3,14.3,23.8,101.127,36.9,0,1,0,0,1,NONE,266,1702,0.979081201944,32.5605589633,1.39754248594,0.0209187980561
2026-05-27T23:42:26.313,1239283,0.97,-0.23,-0.16,-29.7,24.8,-0.1,-2.4,15.3,23.6,101.128,36.9,0,1,0,0,1,NONE,191,1129,1.00965340588,38.6928934043,1.062295732,0.00965340587748
2026-05-27T23:42:26.375,1239335,1.02,-0.2,-0.16,-15.5,15.5,-1.7,-3.3,16.2,24.2,101.131,36.91,0,1,0,0,1,NONE,120,800,1.05166534601,21.9861319927,1.12133690285,0.0516653460108
2026-05-27T23:42:26.421,1239385,0.95,-0.2,-0.21,-7.5,11.4,-2.0,-3.3,16.7,24.7,101.133,36.9,0,1,0,0,1,NONE,73,486,0.993277403347,13.791664149,1.72046505341,0.00672259665288
2026-05-27T23:42:26.468,1239434,0.89,-0.19,-0.18,-2.8,8.9,-2.3,-3.8,17.5,25.6,101.129,36.9,0,1,0,0,1,NONE,88,755,0.927685291465,9.60937042683,1.38414897615,0.0723147085353
2026-05-27T23:42:26.516,1239485,0.87,-0.19,-0.18,12.0,18.6,2.4,-3.8,17.8,26.0,101.132,36.91,0,1,0,0,1,NONE,78,625,0.908515272299,22.2647703783,0.392156862745,0.0914847277013
2026-05-27T23:42:26.565,1239537,0.89,-0.18,-0.29,17.6,22.2,4.6,-4.5,17.6,25.9,101.13,36.9,0,1,0,0,1,NONE,68,435,0.953205119583,28.7012194863,2.15864849237,0.0467948804166
2026-05-27T23:42:26.612,1239583,0.9,-0.25,-0.29,18.9,12.1,3.7,-5.0,17.2,26.1,101.132,36.91,0,1,0,0,1,NONE,129,829,0.978059302906,22.7444498724,1.53718865475,0.0219406970945
2026-05-27T23:42:26.672,1239635,0.97,-0.29,-0.27,9.0,21.8,8.0,-5.4,16.3,25.8,101.13,36.9,0,1,0,0,1,NONE,117,815,1.04780723418,24.9046180457,1.59742766595,0.04780723418
2026-05-27T23:42:26.709,1239683,0.99,-0.29,-0.34,-0.3,18.5,8.2,-6.2,16.4,25.6,101.127,36.9,0,1,0,0,1,NONE,58,334,1.08618598776,20.2380829132,1.51668956027,0.0861859877572
2026-05-27T23:42:26.774,1239735,0.97,-0.09,-0.21,3.6,13.0,15.3,-6.9,16.5,26.5,101.126,36.89,0,1,0,0,1,NONE,86,429,0.996544028129,20.3973037434,4.60334969369,0.00345597187079
2026-05-27T23:42:26.824,1239787,0.93,-0.04,-0.44,63.7,7.1,7.8,-7.0,16.6,25.9,101.131,36.9,0,1,0,0,1,NONE,96,656,1.02961157725,64.5673291998,4.59128322551,0.0296115772465
2026-05-27T23:42:26.873,1239835,0.67,-0.12,-0.25,41.9,-14.4,6.0,-7.5,14.6,24.7,101.128,36.91,0,1,0,0,1,NONE,71,419,0.725120679611,44.7098423169,6.9127750096,0.274879320389
2026-05-27T23:42:26.921,1239883,0.83,-0.24,-0.14,2.6,37.3,5.7,-7.2,13.8,26.1,101.126,36.89,0,1,0,0,1,NONE,54,343,0.875271386485,37.8224800879,4.75529675438,0.124728613515
2026-05-27T23:42:26.971,1239932,1.03,0.02,-0.51,-4.9,41.0,7.8,-7.2,13.8,26.1,101.132,36.9,0,0,0,0,0,NONE,117,691,1.14952163964,42.0220180382,10.0912125021,0.14952163964
2026-05-27T23:42:27.015,1239987,0.81,0.06,-0.34,7.4,10.3,17.9,-9.5,13.5,25.6,101.127,36.9,0,0,0,0,0,NONE,138,716,0.880511215147,21.9376388884,5.10711705643,0.119488784853
2026-05-27T23:42:27.059,1240033,0.59,-0.14,-0.3,-9.2,40.3,19.4,-10.2,13.5,26.0,101.129,36.89,0,1,0,0,1,NONE,120,585,0.676535291023,45.6627857232,6.52173913043,0.323464708977
2026-05-27T23:42:27.123,1240083,0.65,-0.01,-0.35,-22.3,51.7,19.4,-12.4,15.1,27.1,101.129,36.9,0,1,0,0,1,NONE,241,1572,0.738308878451,59.5528336857,3.03315017762,0.261691121549
2026-05-27T23:42:27.171,1240134,0.66,0.21,-0.69,3.2,84.4,9.4,-14.5,15.0,26.5,101.127,36.9,0,0,0,0,0,NONE,114,669,0.977650244208,84.9821157656,7.94299180413,0.022349755792
2026-05-27T23:42:27.220,1240185,0.96,-0.14,-0.63,7.0,34.9,12.5,-16.6,14.6,27.3,101.131,36.9,0,0,0,0,0,NONE,179,1156,1.15676272416,37.7261182737,9.11501121503,0.156762724157
2026-05-27T23:42:27.273,1240234,0.54,0.03,-0.47,-9.2,46.4,7.7,-18.2,15.6,27.0,101.132,36.89,0,0,0,0,0,NONE,184,1172,0.716519364707,47.9258802736,9.80654185856,0.283480635293
2026-05-27T23:42:27.320,1240285,0.82,0.07,-0.41,45.2,45.0,14.5,-20.1,14.0,25.8,101.131,36.89,0,0,0,0,0,NONE,94,582,0.919456361118,65.4086385732,5.66934599796,0.0805436388822
2026-05-27T23:42:27.368,1240335,0.74,-0.15,-0.55,-5.2,69.6,1.3,-21.1,14.4,26.9,101.134,36.9,0,0,0,0,0,NONE,46,281,0.934130611853,69.8060885597,5.45527267879,0.0658693881475
2026-05-27T23:42:27.415,1240383,0.9,-0.04,-0.88,15.4,94.1,-2.3,-23.8,13.9,25.4,101.133,36.89,0,0,0,0,0,NONE,67,321,1.25936491931,95.3795575582,7.97674571628,0.259364919314
2026-05-27T23:42:27.466,1240435,0.77,-0.23,-0.79,-4.9,64.1,7.4,-25.8,15.0,26.3,101.131,36.89,0,0,0,0,0,NONE,50,250,1.12689839826,64.7115136587,4.75354119012,0.12689839826
2026-05-27T23:42:27.522,1240483,0.67,0.12,-0.88,-2.2,63.4,-1.6,-27.1,14.5,26.1,101.13,36.89,0,0,0,0,0,NONE,51,291,1.11251966275,63.4583327862,7.81180552469,0.112519662748
2026-05-27T23:42:27.573,1240535,0.68,0.02,-0.84,23.7,50.8,2.6,-28.7,15.0,25.4,101.134,36.89,0,0,0,0,0,NONE,80,518,1.08092552935,56.1167532917,2.08012573584,0.0809255293497
2026-05-27T23:42:27.622,1240583,0.63,-0.11,-0.84,8.5,20.5,1.2,-29.9,15.5,25.8,101.137,36.9,0,0,0,0,0,NONE,93,481,1.05574618162,22.2247609661,2.90174755775,0.0557461816175
2026-05-27T23:42:27.669,1240635,0.5,0.0,-0.78,-9.3,5.5,-3.2,-29.9,14.9,25.7,101.132,36.9,0,0,0,0,0,NONE,107,513,0.926498785752,11.2685402781,3.47220578563,0.073501214248
2026-05-27T23:42:27.718,1240685,0.65,0.02,-0.74,17.5,-7.1,-7.6,-29.4,15.0,26.0,101.135,36.89,0,0,0,0,0,NONE,47,219,0.985139584018,20.35730827,3.1304951685,0.0148604159816
2026-05-27T23:42:27.767,1240733,0.65,-0.19,-0.82,-17.5,-10.7,-8.4,-28.6,15.1,25.0,101.133,36.89,0,0,0,0,0,NONE,70,245,1.06348483769,22.1652881777,4.6817093863,0.0634848376916
2026-05-27T23:42:27.813,1240785,0.54,-0.05,-0.86,-27.3,-31.7,-8.9,-28.3,15.5,25.8,101.135,36.89,0,0,0,0,0,NONE,75,433,1.01671038157,42.7713689283,3.50928607517,0.0167103815738
2026-05-27T23:42:27.876,1240837,0.61,-0.07,-0.83,3.1,-43.0,-4.8,-27.3,16.0,26.2,101.135,36.89,0,0,0,0,0,NONE,203,977,1.03242433137,43.3779898105,1.51423228346,0.0324243313677
2026-05-27T23:42:27.921,1240883,0.68,-0.1,-0.94,-5.1,-29.2,-1.7,-25.8,15.7,26.6,101.136,36.9,0,0,0,0,0,NONE,60,286,1.16447413024,29.690739297,2.90849742614,0.164474130241
2026-05-27T23:42:27.975,1240935,0.87,-0.18,-1.06,-19.8,-52.9,-13.2,-24.6,15.6,27.8,101.135,36.89,0,0,0,0,0,NONE,317,1297,1.38307628134,58.0059479709,4.58725401611,0.383076281338
2026-05-27T23:42:28.017,1240983,0.84,-0.1,-0.88,-9.0,-46.9,-3.8,-22.2,16.3,28.3,101.135,36.89,0,0,0,0,0,NONE,377,1652,1.22065556157,47.9066801187,4.15101225941,0.220655561573
2026-05-27T23:42:28.066,1241035,1.04,-0.18,-0.9,-0.7,-55.1,-2.7,-20.9,16.3,29.4,101.136,36.89,0,0,0,0,0,NONE,172,1136,1.38708327075,55.1705537402,4.16025147169,0.387083270752
2026-05-27T23:42:28.114,1241087,0.83,-0.19,-0.48,-3.8,-67.6,-1.5,-18.8,16.6,27.6,101.133,36.89,0,0,0,0,0,NONE,75,360,0.977445650663,67.7233342357,9.03232197371,0.022554349337
2026-05-27T23:42:28.166,1241135,0.82,-0.19,-0.45,-6.5,-52.7,-2.0,-16.9,16.4,28.5,101.136,36.89,0,0,0,0,0,NONE,257,1447,0.954463199919,53.136992764,0.658807845868,0.0455368000808
2026-05-27T23:42:28.220,1241183,0.9,-0.17,-0.43,-9.9,-72.3,-5.7,-14.9,16.8,28.6,101.134,36.89,0,0,0,0,0,NONE,337,1580,1.01183002525,73.196926165,1.76776695297,0.0118300252513
2026-05-27T23:42:28.274,1241235,0.81,-0.18,-0.38,-3.0,-54.8,-10.7,-12.4,16.8,27.2,101.132,36.9,0,0,0,0,0,NONE,254,1075,0.912633551871,55.9153824989,1.98924623707,0.0873664481294
2026-05-27T23:42:28.322,1241285,0.87,-0.19,-0.32,-8.7,-41.6,-2.7,-10.8,17.3,27.1,101.134,36.89,0,0,0,0,0,NONE,155,702,0.946255779375,42.5856783438,1.70880074906,0.0537442206253
2026-05-27T23:42:28.372,1241333,0.89,-0.19,-0.32,-5.8,-26.1,1.5,-10.0,17.0,27.5,101.135,36.89,0,1,0,0,1,NONE,151,634,0.964676111449,26.7787228971,0.416666666667,0.0353238885512
2026-05-27T23:42:28.423,1241385,0.92,-0.2,-0.29,-7.8,-17.3,3.1,-9.8,17.0,27.2,101.134,36.9,0,1,0,0,1,NONE,169,1007,0.985139584018,19.2286244958,0.838249796835,0.0148604159816
2026-05-27T23:42:28.473,1241437,0.98,-0.24,-0.24,-6.3,-32.4,4.3,-8.1,18.3,27.1,101.134,36.89,0,1,0,0,1,NONE,246,1136,1.037111373,33.2857326793,1.68749315142,0.0371113729971
2026-05-27T23:42:28.514,1241483,0.91,-0.24,-0.22,4.0,-26.5,4.4,-7.9,17.9,26.5,101.135,36.89,0,1,0,0,1,NONE,108,633,0.966488489326,27.1589764166,1.58263258463,0.0335115106738
2026-05-27T23:42:28.565,1241535,0.94,-0.19,-0.18,-2.8,-33.7,5.4,-6.4,18.1,26.4,101.134,36.89,0,1,0,0,1,NONE,78,451,0.97575611707,34.244561612,1.35982073305,0.0242438829298
2026-05-27T23:42:28.622,1241583,0.88,-0.16,-0.16,4.0,-18.2,5.2,-5.2,17.9,25.8,101.137,36.89,0,1,0,0,1,NONE,82,456,0.908625335328,19.346317479,1.45833333333,0.091374664672
2026-05-27T23:42:28.674,1241635,0.94,-0.25,-0.13,-12.9,-10.4,6.5,-4.9,17.7,25.8,101.134,36.89,0,1,0,0,1,NONE,77,421,0.981325634028,17.7994381934,2.15864849237,0.0186743659722
2026-05-27T23:42:28.724,1241687,0.95,-0.11,-0.09,-3.5,-0.9,6.8,-5.1,18.8,25.0,101.134,36.89,0,1,0,0,1,NONE,59,335,0.960572745814,7.70064932327,2.8066383691,0.0394272541863
2026-05-27T23:42:28.772,1241735,0.89,-0.22,-0.11,0.7,-5.7,6.5,-4.2,18.6,25.6,101.134,36.89,0,1,0,0,1,NONE,38,205,0.923363417079,8.67352292901,2.64345365426,0.0766365829209
2026-05-27T23:42:28.823,1241783,0.92,-0.2,-0.15,1.8,14.7,3.9,-4.5,18.2,25.3,101.134,36.89,0,1,0,0,1,NONE,38,137,0.953362470417,15.3146988217,1.12190933482,0.0466375295828
2026-05-27T23:42:28.865,1241835,0.97,-0.19,-0.15,6.3,0.4,2.9,-4.8,18.1,25.2,101.138,36.89,0,1,0,0,1,NONE,23,99,0.999749968742,6.94694177318,0.980580675691,0.000250031257815
2026-05-27T23:42:28.915,1241885,0.95,-0.16,-0.16,2.9,7.4,6.3,-4.8,18.3,26.9,101.139,36.89,0,1,0,0,1,NONE,32,186,0.976575649911,10.1419919148,0.748331477355,0.0234243500885
2026-05-27T23:42:28.964,1241933,0.9,-0.17,-0.17,5.2,18.2,3.2,-5.3,18.6,25.3,101.137,36.89,0,1,0,0,1,NONE,42,221,0.931557835027,19.1968747456,1.08253175473,0.0684421649731
2026-05-27T23:42:29.024,1241985,1.0,-0.18,-0.14,15.8,17.5,1.4,-5.9,18.4,24.8,101.128,36.89,0,1,0,0,1,NONE,28,141,1.0256705124,23.6188484055,2.01694009263,0.0256705123966
2026-05-27T23:42:29.073,1242037,0.93,-0.17,-0.16,9.2,25.1,5.1,-6.3,17.9,26.2,101.138,36.89,0,1,0,0,1,NONE,86,503,0.958853482029,27.215069355,1.4131671593,0.0411465179706
2026-05-27T23:42:29.121,1242083,0.9,-0.17,-0.17,12.8,39.8,4.8,-7.7,17.5,26.1,101.132,36.89,0,1,0,0,1,NONE,116,478,0.931557835027,42.0823003174,0.687451665254,0.0684421649731
2026-05-27T23:42:29.172,1242135,0.94,-0.14,-0.21,9.8,43.9,3.8,-8.1,18.1,25.4,101.132,36.89,0,0,0,0,0,NONE,89,468,0.973293378175,45.1407797895,1.23137004566,0.0267066218246
2026-05-27T23:42:29.216,1242183,0.88,-0.15,-0.28,7.1,50.0,0.4,-8.7,17.4,26.1,101.134,36.89,0,0,0,0,0,NONE,54,289,0.935574689696,50.5031682174,1.93200385323,0.0644253103039
2026-05-27T23:42:29.267,1242235,0.9,-0.12,-0.33,7.8,55.9,-5.4,-10.4,17.4,26.9,101.136,36.89,0,0,0,0,0,NONE,55,332,0.966074531286,56.6992945282,1.18546423134,0.0339254687137
2026-05-27T23:42:29.315,1242287,0.85,-0.21,-0.46,15.5,44.0,-1.7,-11.9,17.5,27.4,101.133,36.89,0,0,0,0,0,NONE,39,191,0.989039938526,46.6812596231,3.18906229842,0.0109600614738
2026-05-27T23:42:29.364,1242335,0.77,-0.15,-0.33,10.6,76.3,0.7,-13.3,17.4,27.5,101.137,36.89,0,0,0,0,0,NONE,66,348,0.851058164875,77.0359656265,3.41692072226,0.148941835125
2026-05-27T23:42:29.425,1242383,0.89,-0.16,-0.37,27.0,77.4,6.5,-15.2,17.3,28.5,101.134,36.89,0,0,0,0,0,NONE,50,245,0.977036335046,82.2314416753,2.64345365426,0.0229636649541
2026-05-27T23:42:29.475,1242435,0.94,-0.33,-0.44,-5.2,68.5,7.9,-16.9,16.7,27.6,101.136,36.89,0,0,0,0,0,NONE,56,225,1.08908218239,69.14983731,3.6639536314,0.0890821823903
2026-05-27T23:42:29.521,1242485,0.91,-0.06,-0.76,23.6,82.8,23.9,-19.7,17.0,29.5,101.137,36.89,0,0,0,0,0,NONE,73,273,1.18713941894,89.3532875724,8.39523674473,0.187139418939
2026-05-27T23:42:29.569,1242533,0.69,-0.18,-0.73,52.9,78.9,31.3,-21.9,16.5,28.1,101.131,36.89,0,0,0,0,0,NONE,111,698,1.02049007834,100.016548631,5.25809561005,0.0204900783447
2026-05-27T23:42:29.620,1242585,0.67,-0.06,-0.8,27.0,91.2,28.3,-24.5,15.5,25.7,101.135,36.89,0,0,0,0,0,NONE,107,589,1.04522724802,99.2337140291,2.69916708608,0.0452272480183
2026-05-27T23:42:29.669,1242637,0.64,-0.03,-1.01,8.9,77.8,15.0,-27.2,15.1,26.1,101.132,36.89,0,0,0,0,0,NONE,172,749,1.1960769206,79.7311106156,4.12005486262,0.196076920603
2026-05-27T23:42:29.723,1242683,0.45,-0.06,-0.94,11.8,66.5,11.5,-30.2,14.7,25.5,101.132,36.89,0,0,0,0,0,NONE,150,912,1.04388696706,68.5108750491,4.44988901966,0.0438869670611
2026-05-27T23:42:29.772,1242735,0.52,0.01,-0.91,20.1,38.0,5.6,-31.6,15.3,24.7,101.137,36.89,0,0,0,0,0,NONE,144,789,1.04814121186,43.3517012354,1.98924623707,0.0481412118603
2026-05-27T23:42:29.809,1242783,0.5,-0.0,-0.98,14.5,23.2,7.3,-32.4,14.8,24.3,101.133,36.89,0,0,0,0,0,NONE,123,674,1.10018180316,28.3157200156,1.53093108924,0.100181803158
2026-05-27T23:42:29.874,1242835,0.48,0.05,-0.99,29.5,3.8,5.3,-33.5,14.6,22.9,101.132,36.89,0,0,0,0,0,NONE,47,251,1.10136279218,30.2122491715,1.05331261059,0.101362792181
2026-05-27T23:42:29.923,1242885,0.48,0.09,-1.07,15.4,0.1,-1.8,-33.1,14.1,24.0,101.133,36.89,0,0,0,0,0,NONE,39,205,1.17618025829,15.5051604313,1.788854382,0.176180258294
2026-05-27T23:42:29.972,1242934,0.52,0.13,-0.99,6.0,-3.4,-4.0,-32.8,14.4,24.3,101.133,36.89,0,0,0,0,0,NONE,35,203,1.12578861248,7.9724525712,1.9995834635,0.125788612485
2026-05-27T23:42:30.025,1242985,0.71,0.15,-1.11,4.4,-9.2,0.4,-32.7,13.8,23.3,101.135,36.9,0,0,0,0,0,NONE,36,140,1.3261598697,10.2058806577,4.42373104811,0.326159869699
2026-05-27T23:42:30.081,1243037,0.68,0.17,-1.01,0.5,-28.0,-4.6,-32.4,13.6,23.4,101.135,36.89,0,0,0,0,0,NONE,21,174,1.22939009269,28.3797462991,2.04425881014,0.229390092688
2026-05-27T23:42:30.118,1243083,0.81,0.17,-1.07,3.6,-38.9,-0.5,-31.5,13.4,24.4,101.132,36.89,0,0,0,0,0,NONE,42,138,1.35273796428,39.0694253861,3.11256979636,0.352737964278
2026-05-27T23:42:30.166,1243137,0.76,0.01,-0.89,5.6,-59.4,0.3,-30.5,13.6,24.8,101.131,36.89,0,0,0,0,0,NONE,37,141,1.17038455219,59.6641433358,4.5549532875,0.170384552188
2026-05-27T23:42:30.214,1243183,0.74,0.15,-0.79,-2.2,-59.0,-7.0,-28.6,13.7,26.2,101.132,36.88,0,0,0,0,0,NONE,40,125,1.09279458271,59.4545204337,3.76532784254,0.0927945827099
2026-05-27T23:42:30.274,1243235,0.69,0.09,-0.72,-2.7,-68.1,-16.5,-27.1,13.8,25.5,101.132,36.89,0,0,0,0,0,NONE,66,433,1.0012991561,70.1223929997,2.01694009263,0.00129915609672
2026-05-27T23:42:30.324,1243287,0.55,0.05,-0.47,-0.2,-66.3,-13.1,-24.9,13.2,24.7,101.129,36.88,0,0,0,0,0,NONE,94,633,0.725189630373,67.5820982213,5.5636446698,0.274810369627
2026-05-27T23:42:30.371,1243335,0.65,0.03,-0.57,-12.3,-63.2,-12.5,-22.4,13.4,26.7,101.127,36.89,0,0,0,0,0,NONE,97,480,0.865043351515,65.5879562115,2.97559517856,0.134956648485
2026-05-27T23:42:30.423,1243383,0.67,-0.04,-0.53,-11.5,-80.9,-4.6,-20.4,13.1,26.9,101.131,36.89,0,0,0,0,0,NONE,56,291,0.855219270129,81.8426539159,1.73054663811,0.144780729871
2026-05-27T23:42:30.465,1243435,0.68,0.04,-0.44,-9.7,-84.8,-1.2,-15.3,13.9,25.8,101.132,36.89,0,0,0,0,0,NONE,557,2406,0.810925397309,85.3614081421,2.32366268723,0.189074602691
2026-05-27T23:42:30.513,1243485,0.65,-0.15,-0.37,-23.4,-78.7,-6.0,-11.7,14.4,26.3,101.131,36.89,0,0,0,0,0,NONE,912,4063,0.762823701782,82.3240548078,4.09389789809,0.237176298218
2026-05-27T23:42:30.571,1243534,0.55,-0.28,-0.11,-20.4,-83.3,2.5,-8.9,15.3,26.2,101.129,36.89,0,1,0,0,1,NONE,754,2801,0.626897120746,85.7980186251,6.2736433261,0.373102879254
2026-05-27T23:42:30.613,1243585,0.86,0.09,-0.39,-14.2,-31.9,5.4,-7.7,15.7,25.5,101.132,36.89,0,1,0,0,1,NONE,464,2035,0.948577882938,35.3328459086,10.9418089634,0.0514221170615
2026-05-27T23:42:30.672,1243637,0.92,-0.13,-0.25,5.4,-40.6,-12.6,-5.6,15.9,24.7,101.131,36.89,0,1,0,0,1,NONE,490,2034,0.962185013394,42.8518377669,5.14580313856,0.037814986606
2026-05-27T23:42:30.720,1243683,0.87,-0.02,-0.24,2.3,-12.3,-17.4,-4.6,15.8,25.9,101.128,36.89,0,1,0,0,1,NONE,291,1555,0.902718117687,21.4322187372,2.63572948978,0.0972818823132
2026-05-27T23:42:30.768,1243735,0.91,-0.08,-0.2,11.4,-8.5,-14.1,-4.1,16.4,26.0,101.129,36.88,0,1,0,0,1,NONE,81,465,0.93514704726,20.0254837644,1.58580985601,0.0648529527395
2026-05-27T23:42:30.822,1243783,0.77,-0.12,-0.3,25.6,22.5,-16.0,-3.3,16.0,26.3,101.127,36.89,0,1,0,0,1,NONE,68,380,0.835044908972,37.6511620007,3.67990036097,0.164955091028
2026-05-27T23:42:30.867,1243836,0.91,-0.2,-0.16,24.4,-17.6,-12.2,-2.4,15.0,23.5,101.133,36.89,0,1,0,0,1,NONE,101,470,0.945357075395,32.4647501145,4.02908613284,0.0546429246047
2026-05-27T23:42:30.916,1243887,0.9,-0.19,-0.19,9.5,-11.5,-4.2,-2.1,15.1,22.6,101.131,36.89,0,1,0,0,1,NONE,84,306,0.939255023942,15.4964512066,0.650318586344,0.0607449760582
2026-05-27T23:42:30.977,1243935,0.94,-0.11,-0.23,3.1,1.0,-5.2,-1.9,15.0,23.0,101.131,36.89,0,1,0,0,1,NONE,96,436,0.973960984845,6.13595958266,2.04124145232,0.0260390151551
2026-05-27T23:42:31.024,1243986,1.0,0.02,-0.17,1.3,-2.0,-8.1,-1.5,15.2,23.9,101.127,36.89,0,1,0,0,1,NONE,99,242,1.01454423265,8.44393273303,3.0439558228,0.0145442326483
2026-05-27T23:42:31.072,1244033,0.94,-0.24,-0.15,-0.4,10.1,-10.2,-1.1,16.0,24.4,101.13,36.89,0,1,0,0,1,NONE,81,209,0.981682229645,14.3600139276,5.69322900437,0.0183177703554
2026-05-27T23:42:31.120,1244087,0.94,-0.18,-0.13,-3.9,3.9,-3.4,-1.0,15.6,24.7,101.132,36.89,0,1,0,0,1,NONE,71,149,0.965867485735,6.47919748117,1.17121394821,0.034132514265
2026-05-27T23:42:31.168,1244133,0.96,-0.24,-0.19,-5.4,5.7,-2.3,-1.4,16.3,23.9,101.129,36.89,0,1,0,0,1,NONE,90,413,1.00762096048,8.18168686763,1.89517345371,0.00762096048068
2026-05-27T23:42:31.221,1244183,0.92,-0.18,-0.15,3.2,6.7,4.5,-1.6,16.1,25.1,101.131,36.89,0,1,0,0,1,NONE,82,215,0.94936821097,8.68216562846,1.64924225025,0.0506317890302
2026-05-27T23:42:31.274,1244235,0.97,-0.2,-0.18,5.6,7.9,4.6,-2.5,16.4,24.5,101.13,36.89,0,1,0,0,1,NONE,58,247,1.00662803458,10.7205410311,1.18546423134,0.00662803457881
2026-05-27T23:42:31.317,1244287,0.95,-0.23,-0.15,0.7,7.3,2.4,-1.5,16.4,24.0,101.133,36.89,0,1,0,0,1,NONE,102,655,0.988888264669,7.71621668954,0.902003030735,0.011111735331
2026-05-27T23:42:31.366,1244335,0.94,-0.2,-0.18,-1.5,13.7,2.0,-2.1,16.8,24.5,101.124,36.88,0,1,0,0,1,NONE,45,242,0.977752524926,13.9262342361,0.908103946571,0.0222474750736
2026-05-27T23:42:31.417,1244383,0.92,-0.21,-0.19,-6.8,18.6,0.8,-2.2,16.7,24.2,101.13,36.89,0,1,0,0,1,NONE,39,123,0.962600644089,19.8201917246,0.51031036308,0.0373993559113
2026-05-27T23:42:31.471,1244435,0.97,-0.21,-0.23,-7.2,15.1,-1.2,-2.6,17.3,25.5,101.128,36.89,0,1,0,0,1,NONE,66,476,1.01877377273,16.7717023584,1.23137004566,0.0187737727288
2026-05-27T23:42:31.519,1244483,0.91,-0.17,-0.22,-7.8,16.4,-0.2,-3.3,17.1,24.0,101.127,36.89,0,1,0,0,1,NONE,77,412,0.951525091629,18.1614977356,1.51668956027,0.0484749083708
2026-05-27T23:42:31.573,1244535,0.94,-0.25,-0.24,-9.9,24.8,2.6,-3.5,17.8,24.7,101.13,36.89,0,1,0,0,1,NONE,34,206,1.00184829191,26.8292750554,1.68749315142,0.00184829190851
2026-05-27T23:42:31.620,1244583,0.93,-0.23,-0.22,-25.0,21.2,3.2,-3.8,17.9,26.2,101.131,36.88,0,1,0,0,1,NONE,32,149,0.982954729375,32.9344804119,0.625,0.0170452706253
2026-05-27T23:42:31.675,1244636,0.94,-0.21,-0.2,-0.2,19.8,5.1,-4.1,18.5,26.9,101.129,36.89,0,1,0,0,1,NONE,26,119,0.983717439105,20.4472492037,0.566037735849,0.0162825608946
2026-05-27T23:42:31.718,1244685,0.92,-0.19,-0.2,7.8,18.7,7.8,-4.7,18.4,26.6,101.129,36.88,0,1,0,0,1,NONE,38,198,0.960468635615,21.7110570908,0.577230025458,0.0395313643851
2026-05-27T23:42:31.770,1244733,0.85,-0.19,-0.3,16.1,26.2,9.5,-5.3,18.3,26.8,101.13,36.89,0,1,0,0,1,NONE,24,106,0.921194876234,32.185400417,2.54303241994,0.0788051237659
2026-05-27T23:42:31.823,1244785,0.85,-0.2,-0.4,19.4,34.1,13.9,-6.2,18.3,26.7,101.13,36.89,0,1,0,0,1,NONE,26,123,0.960468635615,41.6218692516,1.93266838868,0.0395313643851
2026-05-27T23:42:31.875,1244837,0.8,-0.16,-0.49,30.9,44.6,17.8,-7.3,17.3,28.2,101.131,36.89,0,0,0,0,0,NONE,18,99,0.951682720238,57.1035025195,2.12410788792,0.0483172797618
2026-05-27T23:42:31.920,1244883,0.72,-0.06,-0.64,41.8,38.0,13.3,-9.4,15.8,26.4,101.128,36.89,0,0,0,0,0,NONE,36,149,0.965194280961,58.0355925273,4.28762672246,0.0348057190389
2026-05-27T23:42:31.975,1244937,0.57,-0.15,-0.14,29.6,39.2,8.7,-9.8,15.6,25.9,101.13,36.89,0,0,0,0,0,NONE,46,89,0.605805249234,49.8847672141,9.80957232455,0.394194750766
2026-05-27T23:42:32.019,1244983,0.86,-0.21,-0.49,-8.9,93.1,3.6,-11.5,15.6,27.6,101.132,36.89,0,0,0,0,0,NONE,53,130,1.01183002525,93.5936963689,9.96686381422,0.0118300252513
2026-05-27T23:42:32.066,1245035,1.35,-0.2,-0.79,28.0,39.3,-16.8,-14.4,15.6,28.1,101.13,36.89,0,0,0,0,0,NONE,41,204,1.57689568457,51.095303111,11.0505829989,0.576895684565
2026-05-27T23:42:32.119,1245087,0.76,-0.12,-0.18,10.3,43.2,9.5,-15.1,15.2,26.6,101.131,36.89,0,0,0,0,0,NONE,37,184,0.790189850606,45.4156360739,16.3924683239,0.209810149394
2026-05-27T23:42:32.175,1245135,0.88,0.0,-0.7,7.4,102.5,6.3,-17.5,15.3,27.3,101.133,36.89,0,0,0,0,0,NONE,34,155,1.12445542375,102.959700854,11.3956619426,0.12445542375
2026-05-27T23:42:32.222,1245183,0.48,-0.01,-0.3,-36.9,59.8,12.7,-20.3,15.8,27.4,101.135,36.89,0,0,0,0,0,NONE,23,130,0.566127194189,71.4068624153,11.7869542998,0.433872805811
2026-05-27T23:42:32.273,1245235,0.52,-0.05,-0.77,23.5,88.3,15.7,-22.0,16.1,28.2,101.133,36.89,0,0,0,0,0,NONE,28,172,0.930483745156,92.7126205001,9.10369259888,0.0695162548438
2026-05-27T23:42:32.323,1245285,0.82,-0.09,-0.68,39.5,48.0,14.2,-24.6,15.6,27.2,101.134,36.89,0,0,0,0,0,NONE,31,201,1.06906501205,63.7643317224,6.31506136154,0.0690650120549
2026-05-27T23:42:32.371,1245334,0.68,-0.04,-0.76,-14.8,55.3,3.2,-26.6,14.7,26.5,101.133,36.89,0,0,0,0,0,NONE,30,151,1.02058806577,57.3355910408,3.44529449309,0.0205880657738
2026-05-27T23:42:32.423,1245385,0.59,-0.14,-0.88,15.8,55.2,6.5,-27.8,16.2,25.1,101.132,36.89,0,0,0,0,0,NONE,25,126,1.06869078783,57.7834751464,3.53485419163,0.0686907878334
2026-05-27T23:42:32.464,1245437,0.61,-0.09,-1.07,0.1,41.0,5.7,-30.1,15.8,26.2,101.134,36.89,0,0,0,0,0,NONE,35,123,1.23494939168,41.3944440716,3.79777262656,0.234949391676
2026-05-27T23:42:32.515,1245483,0.7,0.1,-1.11,24.9,39.7,3.7,-30.4,15.1,26.1,101.136,36.89,0,0,0,0,0,NONE,49,278,1.3160927019,47.0084035041,4.65237707805,0.316092701902
2026-05-27T23:42:32.560,1245535,0.46,-0.15,-0.88,18.8,33.1,6.3,-31.9,15.1,24.0,101.136,36.89,0,0,0,0,0,NONE,101,455,1.00424100693,38.5841936549,7.99870551657,0.00424100693011
2026-05-27T23:42:32.616,1245583,0.59,-0.06,-1.03,-0.5,30.6,5.8,-32.7,15.4,24.5,101.136,36.89,0,0,0,0,0,NONE,38,188,1.18852850197,31.1488362543,4.54051973285,0.188528501972
2026-05-27T23:42:32.672,1245636,0.51,0.11,-0.93,12.3,19.9,-4.0,-33.3,15.0,24.9,101.138,36.89,0,0,0,0,0,NONE,38,184,1.066348911,23.7339419398,4.01581068939,0.0663489110043
2026-05-27T23:42:32.722,1245685,0.52,-0.05,-0.97,2.7,-6.8,-5.7,-33.8,15.3,23.2,101.135,36.89,0,0,0,0,0,NONE,77,375,1.10172591873,9.27469676054,3.37198196773,0.101725918729
2026-05-27T23:42:32.771,1245733,0.52,-0.08,-1.01,-4.0,-22.9,-3.7,-33.2,15.1,25.1,101.137,36.89,0,0,0,0,0,NONE,57,241,1.13881517377,23.5393287925,1.04166666667,0.138815173766
2026-05-27T23:42:32.820,1245785,0.45,-0.05,-0.88,-7.3,-28.7,-6.1,-32.2,14.7,25.2,101.137,36.89,0,0,0,0,0,NONE,50,259,0.989646401499,30.2355750731,2.89740753333,0.010353598501
2026-05-27T23:42:32.869,1245837,0.5,-0.04,-0.83,-14.5,-41.9,-11.2,-31.5,15.5,25.3,101.138,36.89,0,0,0,0,0,NONE,81,480,0.969793792515,45.7307336482,1.37335162087,0.0302062074853
2026-05-27T23:42:32.922,1245883,0.52,-0.18,-0.95,-21.5,-43.2,-10.7,-29.8,15.7,24.6,101.136,36.89,0,0,0,0,0,NONE,53,258,1.09786155776,49.4265111049,4.03200804152,0.0978615577567
2026-05-27T23:42:32.961,1245937,0.66,-0.11,-0.93,-29.1,-55.8,-10.5,-28.7,16.0,27.0,101.136,36.88,0,0,0,0,0,NONE,75,385,1.14568756649,63.802037585,2.92217293297,0.145687566486
2026-05-27T23:42:33.014,1245983,0.87,-0.13,-1.26,-14.0,-35.2,-6.0,-27.1,16.3,27.4,101.133,36.88,0,0,0,0,0,NONE,60,387,1.53668474321,38.3541392812,8.51441566416,0.536684743205
2026-05-27T23:42:33.073,1246035,0.77,-0.22,-0.81,-15.5,-69.6,-2.4,-25.4,17.2,28.8,101.134,36.89,0,0,0,0,0,NONE,131,629,1.13903467902,71.3454273237,9.03232197371,0.139034679016
2026-05-27T23:42:33.126,1246087,0.69,-0.19,-0.5,-16.7,-51.3,5.6,-23.1,17.2,27.2,101.14,36.89,0,0,0,0,0,NONE,322,1353,0.873040663429,54.2396533912,6.18382122724,0.126959336571
2026-05-27T23:42:33.172,1246135,0.84,-0.17,-0.55,-10.2,-67.3,0.8,-21.2,17.6,28.1,101.137,36.89,0,0,0,0,0,NONE,263,1286,1.01833196945,68.07326935,3.32028696886,0.0183319694481
2026-05-27T23:42:33.225,1246183,0.85,-0.2,-0.67,-4.1,-74.5,-4.5,-19.7,17.8,29.3,101.134,36.89,0,0,0,0,0,NONE,259,1227,1.10063617967,74.7483110177,2.58534867625,0.100636179671
2026-05-27T23:42:33.264,1246235,0.74,-0.19,-0.46,1.0,-68.4,-7.0,-17.0,17.7,28.3,101.133,36.89,0,0,0,0,0,NONE,167,741,0.891795940785,68.7645257382,4.56300404527,0.108204059215
2026-05-27T23:42:33.312,1246285,0.89,-0.21,-0.52,-8.2,-45.7,-3.6,-15.1,18.0,28.1,101.137,36.89,0,0,0,0,0,NONE,73,484,1.05195056918,46.5691958273,3.25576411922,0.0519505691809
2026-05-27T23:42:33.360,1246333,0.81,-0.19,-0.4,-2.5,-58.2,1.1,-13.3,18.6,28.3,101.134,36.88,0,0,0,0,0,NONE,38,199,0.923146792228,58.2640540986,3.03337912053,0.0768532077725
2026-05-27T23:42:33.423,1246385,0.84,-0.23,-0.27,-3.5,-47.7,2.5,-11.3,18.8,28.5,101.134,36.89,0,0,0,0,0,NONE,36,238,0.911811384004,47.8935277465,2.67853620715,0.0881886159956
2026-05-27T23:42:33.475,1246437,0.89,-0.29,-0.28,-14.6,-38.7,3.6,-9.6,18.6,27.5,101.136,36.89,0,1,0,0,1,NONE,76,479,0.977036335046,41.5187909265,1.51423228346,0.0229636649541
2026-05-27T23:42:33.519,1246483,0.96,-0.19,-0.24,-5.1,-24.2,5.9,-8.2,19.6,28.1,101.136,36.88,0,1,0,0,1,NONE,56,284,1.00762096048,25.4255776729,2.79244186493,0.00762096048068
2026-05-27T23:42:33.566,1246535,0.92,-0.23,-0.11,-10.5,-32.3,10.9,-7.1,19.3,27.1,101.135,36.88,0,1,0,0,1,NONE,86,412,0.954672718789,35.6700154191,2.72643209207,0.045327281211
2026-05-27T23:42:33.614,1246583,0.93,-0.21,-0.16,0.9,-24.1,10.9,-6.7,19.7,27.1,101.136,36.89,0,1,0,0,1,NONE,72,352,0.966747123089,26.4656380992,1.14108866147,0.0332528769114
2026-05-27T23:42:33.675,1246635,0.94,-0.17,-0.18,-2.5,-17.2,7.8,-5.8,19.9,26.9,101.134,36.89,0,0,0,0,0,NONE,112,743,0.97205966895,19.0507217711,0.881264556722,0.0279403310496
2026-05-27T23:42:33.724,1246685,0.95,-0.22,-0.14,1.3,-15.6,7.4,-5.1,19.7,26.2,101.138,36.89,0,0,0,0,0,NONE,92,511,0.985139584018,17.3150223794,1.29614813968,0.0148604159816
2026-05-27T23:42:33.772,1246733,0.93,-0.15,-0.13,10.6,-8.0,4.1,-4.9,20.2,25.4,101.134,36.88,0,1,0,0,1,NONE,141,786,0.950946896519,13.8985610766,1.53093108924,0.0490531034805
2026-05-27T23:42:33.819,1246785,0.96,-0.15,-0.13,2.1,-6.2,-0.5,-4.5,19.8,26.0,101.132,36.88,0,1,0,0,1,NONE,132,803,0.980306074652,6.56505902487,0.576923076923,0.0196939253478
2026-05-27T23:42:33.867,1246837,0.93,-0.26,-0.08,-5.2,-6.8,-3.1,-3.8,19.7,25.1,101.132,36.89,0,1,0,0,1,NONE,86,557,0.968968523741,9.1043945433,2.39421146115,0.0310314762594
2026-05-27T23:42:33.915,1246883,0.93,-0.17,-0.14,0.6,8.1,-1.3,-3.9,19.9,24.9,101.135,36.9,0,1,0,0,1,NONE,58,335,0.955719624158,8.22556988907,2.351446484,0.0442803758424
2026-05-27T23:42:33.963,1246937,0.91,-0.21,-0.09,1.9,11.0,2.0,-3.6,20.5,24.6,101.14,36.89,0,1,0,0,1,NONE,62,335,0.938243038876,11.3406349029,1.2422599875,0.0617569611236
2026-05-27T23:42:34.010,1246983,0.94,-0.21,-0.1,1.6,17.2,1.1,-4.4,20.5,24.3,101.135,36.89,0,1,0,0,1,NONE,60,390,0.9683491106,17.3092460841,0.687451665254,0.0316508893999
2026-05-27T23:42:34.074,1247035,0.97,-0.17,-0.15,7.1,23.4,5.7,-4.9,20.2,26.8,101.135,36.89,0,1,0,0,1,NONE,102,689,0.996142560079,25.1089625433,1.35982073305,0.00385743992137
2026-05-27T23:42:34.125,1247087,0.94,-0.27,-0.12,5.1,17.1,3.6,-5.6,20.4,26.7,101.136,36.89,0,1,0,0,1,NONE,99,544,0.98534258002,18.2038457475,2.08899624831,0.0146574199802
2026-05-27T23:42:34.173,1247135,0.94,-0.12,-0.12,4.8,35.5,4.6,-6.1,19.6,26.7,101.135,36.89,0,0,0,0,0,NONE,36,216,0.955196314901,36.1171704318,3.125,0.0448036850992
2026-05-27T23:42:34.221,1247183,0.92,-0.21,-0.24,18.9,41.1,-2.3,-7.2,19.3,26.7,101.133,36.89,0,0,0,0,0,NONE,127,626,0.973704267219,45.2958055453,3.15265540634,0.0262957327813
2026-05-27T23:42:34.270,1247235,0.93,-0.21,-0.19,2.0,39.4,-4.2,-8.3,19.6,27.1,101.136,36.89,0,0,0,0,0,NONE,60,327,0.972162537851,39.6736688498,0.980580675691,0.0278374621495
2026-05-27T23:42:34.314,1247285,0.89,-0.21,-0.27,12.2,51.8,-2.4,-9.5,19.5,27.3,101.139,36.89,0,0,0,0,0,NONE,112,514,0.953467356547,53.2713806842,1.788854382,0.0465326434534
2026-05-27T23:42:34.363,1247334,0.87,-0.16,-0.37,12.1,61.4,0.0,-11.0,19.4,28.2,101.136,36.89,0,1,0,0,1,NONE,48,311,0.958853482029,62.5809076316,2.3179217738,0.0411465179706
2026-05-27T23:42:34.420,1247385,0.83,-0.18,-0.37,16.1,67.7,0.2,-12.9,19.3,29.7,101.133,36.89,0,1,0,0,1,NONE,44,242,0.926390846241,69.5883610958,0.876889402941,0.0736091537585
2026-05-27T23:42:34.475,1247437,0.81,-0.22,-0.49,20.4,84.4,8.5,-15.3,19.6,28.8,101.135,36.89,0,0,0,0,0,NONE,46,236,0.971905345185,87.2454583345,2.46274009132,0.0280946548146
2026-05-27T23:42:34.512,1247483,0.83,-0.21,-0.54,22.8,90.4,9.9,-18.2,18.4,29.2,101.139,36.89,0,0,0,0,0,NONE,54,300,1.01222527137,93.7550531971,1.19070121197,0.01222527137
2026-05-27T23:42:34.572,1247535,0.78,-0.22,-0.49,39.5,79.3,20.1,-20.5,17.7,29.0,101.137,36.89,0,0,0,0,0,NONE,45,235,0.947048045244,90.8446476134,1.37335162087,0.0529519547563
2026-05-27T23:42:34.621,1247583,0.8,-0.11,-0.7,35.5,84.2,28.3,-23.7,17.3,27.5,101.135,36.89,0,0,0,0,0,NONE,46,223,1.06869078783,95.659709387,4.9564071889,0.0686907878334
2026-05-27T23:42:34.669,1247635,0.69,-0.06,-0.75,25.5,85.1,22.0,-26.0,16.4,26.5,101.139,36.89,0,0,0,0,0,NONE,77,284,1.02088197163,91.5219099451,2.5147493905,0.0208819716304
2026-05-27T23:42:34.721,1247685,0.65,-0.11,-0.93,24.1,87.8,19.1,-28.6,16.1,27.1,101.132,36.89,0,0,0,0,0,NONE,66,347,1.13995613951,93.0293502073,3.82099463491,0.139956139507
2026-05-27T23:42:34.771,1247733,0.55,-0.04,-0.95,17.9,72.1,21.5,-30.7,16.1,25.9,101.135,36.9,0,0,0,0,0,NONE,39,232,1.09845345828,77.3373777678,2.57694101601,0.0984534582767
2026-05-27T23:42:34.816,1247785,0.49,0.0,-0.98,24.9,72.1,21.0,-32.8,16.1,25.8,101.135,36.89,0,0,0,0,0,NONE,51,226,1.09567330897,79.1164963835,1.50197109152,0.0956733089749
2026-05-27T23:42:34.861,1247837,0.41,0.06,-0.97,13.7,58.2,11.0,-34.8,15.9,24.2,101.138,36.89,0,0,0,0,0,NONE,94,500,1.05479855897,60.7941609038,1.93266838868,0.0547985589675
2026-05-27T23:42:34.910,1247883,0.43,0.07,-1.06,29.4,48.5,8.5,-36.0,15.4,22.5,101.136,36.89,0,0,0,0,0,NONE,130,613,1.14603664863,57.3485832432,2.01600402076,0.146036648629
2026-05-27T23:42:34.976,1247937,0.38,0.08,-1.02,16.4,21.3,6.8,-36.7,15.6,21.9,101.139,36.89,0,0,0,0,0,NONE,51,215,1.09142109197,27.7288658261,1.20013716637,0.0914210919714
2026-05-27T23:42:35.021,1247983,0.36,0.12,-1.06,23.5,2.9,3.0,-36.8,14.9,23.3,101.139,36.89,0,0,0,0,0,NONE,43,209,1.1258774356,23.867551194,1.30434782609,0.125877435603
2026-05-27T23:42:35.070,1248035,0.47,0.15,-1.18,7.7,-7.3,5.5,-36.8,14.8,21.8,101.134,36.89,0,0,0,0,0,NONE,49,174,1.27898397175,11.9511505722,3.18325872255,0.278983971753
2026-05-27T23:42:35.123,1248086,0.57,0.13,-1.19,2.0,-28.6,6.4,-35.8,14.6,23.5,101.133,36.89,0,0,0,0,0,NONE,64,339,1.32585821263,29.3754999957,2.00920603254,0.325858212631
2026-05-27T23:42:35.173,1248135,0.62,0.18,-1.14,0.6,-38.3,-1.2,-35.6,14.1,23.3,101.134,36.88,0,0,0,0,0,NONE,61,407,1.31011449881,38.3234914902,1.76739878323,0.310114498813
2026-05-27T23:42:35.222,1248183,0.74,0.14,-1.12,-5.2,-35.6,-15.0,-33.8,14.2,23.9,101.135,36.88,0,0,0,0,0,NONE,87,548,1.3496666255,38.9794817821,2.66796843226,0.349666625504
2026-05-27T23:42:35.274,1248235,0.53,0.1,-1.01,5.1,-69.8,-1.5,-32.7,13.7,23.8,101.133,36.88,0,0,0,0,0,NONE,39,240,1.14498908292,70.0021428243,4.62339049237,0.144989082917
2026-05-27T23:42:35.320,1248285,0.61,-0.04,-0.71,-4.3,-100.2,11.4,-30.8,13.8,25.3,101.134,36.89,0,0,0,0,0,NONE,56,250,0.93690981423,100.938050308,6.81175454637,0.0630901857703
2026-05-27T23:42:35.372,1248333,0.67,-0.02,-0.78,-22.8,-88.3,0.4,-28.9,14.6,27.0,101.134,36.89,0,0,0,0,0,NONE,97,767,1.02844542879,91.1969845993,1.96541273585,0.0284454287905
2026-05-27T23:42:35.422,1248385,0.75,0.09,-0.6,-2.5,-91.4,1.4,-26.5,14.8,26.6,101.133,36.89,0,0,0,0,0,NONE,334,2349,0.964676111449,91.4449014434,4.33865929718,0.0353238885512
2026-05-27T23:42:35.469,1248437,0.54,0.04,-0.52,-22.6,-78.9,-7.0,-23.4,15.5,27.1,101.133,36.88,0,0,0,0,0,NONE,614,3239,0.750732975165,82.370929338,4.42725555124,0.249267024835
2026-05-27T23:42:35.521,1248483,0.64,0.21,-0.38,-5.4,-62.6,-7.2,-20.9,15.5,28.2,101.133,36.89,0,0,0,0,0,NONE,359,2295,0.773369252039,63.2436558083,5.25799418367,0.226630747961
2026-05-27T23:42:35.575,1248535,0.66,-0.05,-0.45,-18.2,-74.0,1.9,-18.0,16.1,27.3,101.135,36.89,0,0,0,0,0,NONE,259,1481,0.800374912151,76.2289315155,5.19230769231,0.199625087849
2026-05-27T23:42:35.615,1248583,0.68,-0.0,-0.48,-6.3,-63.0,-1.0,-15.4,16.3,27.6,101.132,36.89,0,0,0,0,0,NONE,112,642,0.832346081867,63.3221130412,1.28425291729,0.167653918133
2026-05-27T23:42:35.661,1248635,0.88,0.13,-0.31,6.4,-74.9,8.9,-12.5,16.1,28.2,101.132,36.89,0,1,0,0,1,NONE,148,898,0.942019108086,75.6979524162,5.63300712149,0.0579808919135
2026-05-27T23:42:35.725,1248687,0.6,-0.0,-0.3,3.1,-69.8,8.2,-10.8,16.3,27.9,101.132,36.89,0,1,0,0,1,NONE,137,756,0.67082039325,70.3483475286,5.9397866198,0.32917960675
2026-05-27T23:42:35.772,1248735,0.9,0.2,-0.19,54.4,-79.9,12.9,-8.5,15.1,26.5,101.129,36.88,0,1,0,0,1,NONE,131,840,0.941328847959,97.5181008839,7.85336534374,0.0586711520409
2026-05-27T23:42:35.821,1248783,0.92,-0.03,-0.3,53.4,-49.4,-4.9,-6.3,13.3,25.6,101.132,36.88,0,1,0,0,1,NONE,64,438,0.968142551487,72.9104244947,5.32779660523,0.0318574485129
2026-05-27T23:42:35.870,1248835,0.96,-0.06,-0.11,51.9,-33.5,-9.7,-4.9,12.3,22.5,101.129,36.89,0,1,0,0,1,NONE,70,339,0.968142551487,62.529592994,3.77824667392,0.0318574485129
2026-05-27T23:42:35.915,1248885,0.99,-0.01,-0.22,37.7,-41.9,-4.2,-3.6,11.1,23.3,101.129,36.89,0,1,0,0,1,NONE,79,440,1.01419919148,56.5202618536,2.4899799196,0.0141991914806
2026-05-27T23:42:35.968,1248933,0.82,0.07,0.06,11.8,-22.7,-7.9,-2.6,10.5,20.6,101.13,36.89,0,1,0,0,1,NONE,84,424,0.825166649835,26.775735284,7.02488137504,0.174833350165
2026-05-27T23:42:36.023,1248985,0.85,-0.08,-0.16,16.2,25.8,-4.8,-1.8,10.1,20.8,101.129,36.88,0,1,0,0,1,NONE,103,562,0.868619594529,30.8402334622,5.15298500268,0.131380405471
2026-05-27T23:42:36.075,1249037,0.94,0.01,-0.1,-0.2,13.7,-16.7,-1.6,9.9,21.1,101.131,36.89,0,1,0,0,1,NONE,101,623,0.945357075395,21.6013888442,2.70600909221,0.0546429246047
2026-05-27T23:42:36.111,1249083,0.97,-0.05,-0.15,-15.9,14.5,-17.5,-1.6,10.3,21.4,101.128,36.89,0,1,0,0,1,NONE,178,1046,0.9828021164,27.7364381275,1.81882614464,0.0171978836002
2026-05-27T23:42:36.174,1249135,0.97,-0.08,-0.0,-9.5,-2.0,-11.4,-1.5,11.1,21.4,101.132,36.89,0,1,0,0,1,NONE,72,413,0.973293378175,14.9736435112,2.94174202707,0.0267066218246
2026-05-27T23:42:36.223,1249183,1.0,-0.05,-0.03,-28.8,12.9,-3.7,-1.0,11.8,21.4,101.13,36.88,0,1,0,0,1,NONE,140,747,1.00169855745,31.773259197,1.08253175473,0.00169855745129
2026-05-27T23:42:36.271,1249235,1.02,-0.02,-0.09,-19.1,20.5,-3.5,-1.0,12.5,22.3,101.131,36.88,0,1,0,0,1,NONE,143,823,1.02415819091,28.2366782749,1.34615384615,0.0241581909061
2026-05-27T23:42:36.325,1249287,0.95,0.01,-0.11,-4.1,6.3,-4.7,-1.7,12.5,23.1,101.13,36.88,0,1,0,0,1,NONE,102,686,0.956399498118,8.86510011224,1.51423228346,0.0436005018822
2026-05-27T23:42:36.363,1249335,0.98,-0.08,-0.08,-1.5,4.0,-4.5,-1.5,13.1,23.6,101.13,36.89,0,1,0,0,1,NONE,43,302,0.986508996411,6.204836823,2.07289049397,0.0134910035889
2026-05-27T23:42:36.415,1249383,0.96,-0.04,-0.07,2.7,4.1,-2.1,-2.2,13.0,23.8,101.13,36.89,0,1,0,0,1,NONE,42,220,0.96337946833,5.33947562968,0.954703269782,0.0366205316699
2026-05-27T23:42:36.474,1249435,1.03,0.09,-0.13,7.6,-3.7,-8.9,-2.4,13.9,22.4,101.126,36.88,0,1,0,0,1,NONE,54,253,1.04206525707,12.2743635273,3.06488027894,0.0420652570737
2026-05-27T23:42:36.523,1249485,0.98,-0.14,-0.12,23.9,-6.6,2.0,-1.6,13.7,22.9,101.125,36.88,0,1,0,0,1,NONE,51,269,0.997196068985,24.8750879395,4.71168759576,0.00280393101457
2026-05-27T23:42:36.572,1249533,0.96,-0.21,-0.1,45.0,0.5,9.9,-1.2,13.4,23.1,101.13,36.89,0,1,0,0,1,NONE,36,219,0.987775278087,46.0788454716,1.57288217401,0.0122247219129
2026-05-27T23:42:36.623,1249585,0.92,-0.11,-0.06,18.0,3.2,9.1,-1.2,12.0,21.1,101.13,36.88,0,1,0,0,1,NONE,37,147,0.928493403315,20.4218020752,2.20944717175,0.0715065966847
2026-05-27T23:42:36.672,1249637,0.97,-0.12,-0.12,1.6,24.7,6.2,-0.6,11.6,22.3,101.128,36.89,0,1,0,0,1,NONE,72,410,0.984733466477,25.5164652724,1.51423228346,0.0152665335229
2026-05-27T23:42:36.717,1249683,0.9,-0.09,-0.15,-4.9,29.1,5.2,-2.0,11.3,21.2,101.128,36.89,0,1,0,0,1,NONE,78,442,0.916842407396,29.9643121062,1.77942451562,0.0831575926038
2026-05-27T23:42:36.773,1249735,0.9,-0.05,-0.21,-2.6,35.0,7.0,-3.0,11.5,22.1,101.13,36.88,0,1,0,0,1,NONE,45,237,0.925526876973,35.7877073868,1.38675049056,0.0744731230267
2026-05-27T23:42:36.821,1249783,0.89,-0.03,-0.22,1.8,42.5,8.4,-3.1,12.2,25.1,101.129,36.88,0,1,0,0,1,NONE,89,583,0.917278583637,43.3595433555,0.51031036308,0.0827214163625
2026-05-27T23:42:36.862,1249835,0.87,-0.05,-0.3,4.3,55.4,9.2,-4.5,12.4,24.3,101.133,36.89,0,1,0,0,1,NONE,46,197,0.9216289926,56.323085853,1.63178487966,0.0783710074005
2026-05-27T23:42:36.925,1249887,0.87,-0.06,-0.31,-1.3,74.2,13.6,-5.9,11.8,24.9,101.13,36.88,0,1,0,0,1,NONE,22,112,0.925526876973,75.4472663521,0.27196414661,0.0744731230267
2026-05-27T23:42:36.971,1249935,0.8,-0.08,-0.42,-0.5,82.8,14.7,-8.1,12.5,24.8,101.134,36.88,0,1,0,0,1,NONE,28,136,0.907083237636,84.0962543756,2.74810540797,0.0929167623641
2026-05-27T23:42:37.022,1249983,0.87,-0.02,-0.49,-6.7,75.9,15.1,-10.6,12.0,26.1,101.134,36.89,0,1,0,0,1,NONE,25,134,0.9986991539,77.6769592608,2.41163268808,0.00130084610029
2026-05-27T23:42:37.071,1250035,0.81,-0.1,-0.44,-24.0,67.3,14.7,-13.0,13.5,25.9,101.129,36.89,0,0,0,0,0,NONE,26,127,0.927200086281,72.9477895484,2.15006536298,0.0727999137187
2026-05-27T23:42:37.120,1250085,1.21,0.05,-0.64,-6.1,74.3,-2.1,-14.9,13.6,27.1,101.133,36.89,0,0,0,0,0,NONE,82,436,1.36974450172,74.5795548391,9.43398113206,0.369744501723
2026-05-27T23:42:37.165,1250134,0.8,-0.03,-0.48,4.9,61.4,0.7,-17.2,13.8,27.4,101.13,36.89,0,0,0,0,0,NONE,133,582,0.933434518325,61.5991883063,9.1290894883,0.0665654816753
2026-05-27T23:42:37.226,1250185,0.69,0.02,-0.63,-13.9,90.3,2.7,-18.8,14.2,28.0,101.134,36.88,0,0,0,0,0,NONE,66,371,0.934558719396,91.4034463245,3.77673731064,0.0654412806035
2026-05-27T23:42:37.276,1250237,0.67,-0.02,-0.53,4.8,67.1,5.7,-21.3,15.2,28.9,101.133,36.88,0,0,0,0,0,NONE,43,265,0.854517407664,67.5125173579,2.10662522117,0.145482592336
2026-05-27T23:42:37.321,1250283,0.7,-0.1,-0.86,20.3,93.0,5.7,-23.7,14.7,26.5,101.135,36.88,0,0,0,0,0,NONE,40,237,1.11337325278,95.3602642614,7.41046110829,0.113373252777
2026-05-27T23:42:37.374,1250335,0.55,0.04,-0.64,9.4,54.4,2.1,-26.6,14.2,26.8,101.131,36.89,0,0,0,0,0,NONE,84,536,0.84480767042,55.2460858342,5.78523421404,0.15519232958
2026-05-27T23:42:37.415,1250383,0.43,-0.05,-0.75,25.0,80.7,-1.3,-28.1,14.7,26.9,101.135,36.89,0,0,0,0,0,NONE,95,463,0.865967666833,84.4936684018,3.87522400786,0.134032333167
2026-05-27T23:42:37.467,1250435,0.53,-0.07,-0.84,-4.3,77.3,-4.1,-33.3,14.2,24.7,101.133,36.88,0,0,0,0,0,NONE,97,447,0.995690715032,77.5279949438,2.61566740553,0.00430928496847
2026-05-27T23:42:37.511,1250485,0.58,0.03,-1.1,-8.8,51.4,-9.0,-33.5,14.5,24.6,101.133,36.88,0,0,0,0,0,NONE,105,415,1.24390514108,52.918805731,5.66038867923,0.243905141078
2026-05-27T23:42:37.562,1250533,0.2,-0.13,-0.82,10.4,53.3,-0.9,-34.4,15.3,22.5,101.135,36.88,0,0,0,0,0,NONE,77,361,0.853990632267,54.3126136362,10.3832798286,0.146009367733
2026-05-27T23:42:37.623,1250585,0.39,-0.18,-0.94,5.1,49.6,-4.9,-35.1,14.7,22.2,101.134,36.88,0,0,0,0,0,NONE,69,365,1.03348923555,50.1016965781,4.42725555124,0.0334892355511
2026-05-27T23:42:37.675,1250637,0.46,0.14,-1.0,23.1,42.8,0.1,-36.1,14.4,21.7,101.134,36.88,0,0,0,0,0,NONE,57,303,1.10959452053,48.6359949009,6.40416377129,0.109594520534
2026-05-27T23:42:37.719,1250683,0.29,-0.08,-1.07,-5.2,28.7,-9.3,-36.5,14.5,22.2,101.136,36.88,0,0,0,0,0,NONE,91,511,1.11148549248,30.6140490625,6.23272660297,0.111485492483
2026-05-27T23:42:37.767,1250735,0.33,-0.05,-0.94,30.6,-4.5,-4.8,-36.7,13.8,21.7,101.135,36.89,0,0,0,0,0,NONE,52,295,0.997496867163,31.2993610158,2.67853620715,0.002503132837
2026-05-27T23:42:37.818,1250783,0.25,-0.06,-0.97,8.6,10.4,3.4,-36.5,13.5,21.6,101.133,36.88,0,0,0,0,0,NONE,100,640,1.00349389634,13.9168962057,1.7921510973,0.00349389634417
2026-05-27T23:42:37.863,1250835,0.3,0.02,-1.05,2.0,-9.0,-4.6,-35.8,13.8,20.9,101.136,36.88,0,0,0,0,0,NONE,59,376,1.09219961545,10.3033974979,2.37871478401,0.092199615455
2026-05-27T23:42:37.915,1250887,0.3,0.0,-1.06,12.1,-5.2,0.4,-35.9,13.5,20.8,101.136,36.88,0,0,0,0,0,NONE,30,174,1.10163514831,13.1761147536,0.430013072596,0.101635148314
2026-05-27T23:42:37.959,1250935,0.23,-0.09,-0.94,-0.1,-20.0,2.2,-34.9,13.8,22.1,101.133,36.88,0,0,0,0,0,NONE,36,166,0.971905345185,20.1208846724,3.44853028276,0.0280946548146
2026-05-27T23:42:38.020,1250983,0.31,0.05,-0.99,-6.7,-15.7,-4.0,-34.5,13.7,22.3,101.138,36.89,0,0,0,0,0,NONE,36,192,1.03860483342,17.5322559872,3.51707146169,0.0386048334184
2026-05-27T23:42:38.073,1251035,0.26,-0.07,-0.82,-13.4,-22.0,-3.5,-34.4,14.0,22.5,101.133,36.88,0,0,0,0,0,NONE,29,152,0.863075894693,25.9963458971,4.11556433828,0.136924105307
2026-05-27T23:42:38.119,1251083,0.23,-0.05,-0.94,-6.3,-32.2,-1.3,-32.7,13.7,23.6,101.138,36.88,0,0,0,0,0,NONE,42,203,0.96902012363,32.8362604448,2.61040918461,0.0309798763699
2026-05-27T23:42:38.166,1251135,0.47,-0.06,-1.07,-7.2,-41.6,-8.3,-32.4,14.6,23.8,101.135,36.88,0,0,0,0,0,NONE,43,192,1.17021365571,43.0266196674,5.25250010913,0.170213655706
2026-05-27T23:42:38.216,1251185,0.53,-0.11,-1.05,0.0,-64.5,-8.1,-30.7,14.1,24.6,101.137,36.89,0,0,0,0,0,NONE,45,227,1.18131282902,65.006615048,1.61245154966,0.181312829017
2026-05-27T23:42:38.261,1251233,0.67,-0.04,-1.17,-10.3,-64.2,-7.9,-28.6,14.8,26.3,101.138,36.89,0,0,0,0,0,NONE,37,162,1.3488513632,65.4991603,4.10897560902,0.348851363198
2026-05-27T23:42:38.325,1251285,0.95,-0.02,-1.32,7.0,-71.0,-2.5,-26.3,14.4,27.3,101.137,36.88,0,0,0,0,0,NONE,144,682,1.62643782543,71.3880242057,6.12070402417,0.626437825433
2026-05-27T23:42:38.374,1251337,0.63,-0.16,-0.69,-17.9,-119.9,7.2,-23.9,14.5,27.1,101.136,36.88,0,0,0,0,0,NONE,224,862,0.947945146092,121.442414337,13.8528295873,0.0520548539077
2026-05-27T23:42:38.421,1251383,0.66,-0.16,-0.37,-15.1,-67.9,5.9,-21.1,14.8,27.4,101.135,36.88,0,0,0,0,0,NONE,203,996,0.773369252039,69.8085238348,6.98702551304,0.226630747961
2026-05-27T23:42:38.470,1251437,0.95,-0.1,-0.66,-16.5,-101.1,-0.4,-19.0,15.4,27.1,101.136,36.88,0,0,0,0,0,NONE,338,1702,1.16107708616,102.438371717,7.6756969541,0.161077086158
2026-05-27T23:42:38.519,1251486,0.76,-0.21,-0.43,-0.9,-108.0,-9.2,-15.8,15.2,27.7,101.137,36.88,0,0,0,0,0,NONE,463,2745,0.898109124773,108.394879953,6.4890257533,0.101890875227
2026-05-27T23:42:38.563,1251535,0.8,-0.18,-0.36,-4.3,-57.6,-3.7,-13.7,15.9,28.1,101.137,36.88,0,0,0,0,0,NONE,423,1938,0.89554452709,57.8786661906,1.75557658511,0.10445547291
2026-05-27T23:42:38.623,1251587,0.81,-0.11,-0.33,0.5,-25.1,3.5,-11.5,15.6,27.1,101.136,36.88,0,0,0,0,0,NONE,315,1275,0.881532756056,25.347780968,1.47714341305,0.118467243944
2026-05-27T23:42:38.672,1251635,0.92,-0.15,-0.28,-2.0,-24.2,1.8,-11.2,16.1,27.3,101.136,36.88,0,0,0,0,0,NONE,133,572,0.973293378175,24.3491272944,2.65165042945,0.0267066218246
2026-05-27T23:42:38.710,1251683,0.88,-0.15,-0.34,-6.8,-15.2,-4.0,-11.0,16.1,26.5,101.137,36.88,0,0,0,0,0,NONE,98,737,0.955248658727,17.1254197029,1.50231303144,0.0447513412729
2026-05-27T23:42:38.774,1251735,1.0,-0.2,-0.36,-9.5,-33.2,-0.1,-10.1,16.7,26.5,101.138,36.88,0,1,0,0,1,NONE,111,805,1.08148046677,34.5325932997,2.52941277653,0.0814804667677
2026-05-27T23:42:38.823,1251785,0.87,-0.15,-0.32,3.3,-18.4,-3.4,-9.3,16.6,26.8,101.136,36.89,0,1,0,0,1,NONE,64,324,0.939042065085,19.0002631561,2.89827534924,0.0609579349145
2026-05-27T23:42:38.869,1251833,0.93,-0.24,-0.18,-2.5,-22.6,-8.4,-7.4,16.1,25.1,101.138,36.88,0,1,0,0,1,NONE,159,912,0.977189848494,24.2398432338,3.68579291937,0.0228101515059
2026-05-27T23:42:38.920,1251885,0.94,-0.18,-0.22,-2.1,-8.7,-1.4,-7.1,17.5,25.0,101.139,36.88,0,1,0,0,1,NONE,113,636,0.982038695775,9.05869747811,1.40002113255,0.0179613042247
2026-05-27T23:42:38.977,1251937,0.87,-0.13,-0.21,5.7,0.4,7.8,-6.7,17.3,25.6,101.133,36.88,0,0,0,0,0,NONE,73,365,0.904378239455,9.66902270139,1.66543346882,0.0956217605448
2026-05-27T23:42:39.017,1251983,0.96,-0.16,-0.22,-2.0,2.7,12.0,-6.8,16.6,26.0,101.133,36.88,0,0,0,0,0,NONE,100,518,0.997797574661,12.4615408357,2.07378087265,0.00220242533869
2026-05-27T23:42:39.060,1252035,0.94,-0.13,-0.25,-3.7,-5.3,3.5,-7.0,16.4,26.0,101.135,36.88,0,1,0,0,1,NONE,105,378,0.981325634028,7.35051018637,0.902003030735,0.0186743659722
2026-05-27T23:42:39.111,1252083,0.92,-0.21,-0.28,2.0,7.3,-2.2,-6.7,16.9,26.5,101.139,36.88,0,1,0,0,1,NONE,106,648,0.984327181378,7.88225855958,1.82811758071,0.0156728186218
2026-05-27T23:42:39.174,1252135,0.97,-0.16,-0.3,6.8,0.5,-0.9,-6.9,17.0,26.1,101.132,36.88,0,1,0,0,1,NONE,178,1021,1.02786185842,6.87749954562,1.4131671593,0.0278618584226
2026-05-27T23:42:39.224,1252186,0.92,-0.19,-0.24,5.9,1.8,3.8,-6.8,16.9,26.0,101.136,36.88,0,1,0,0,1,NONE,75,445,0.969587541174,7.24499827467,1.64050985595,0.0304124588259
2026-05-27T23:42:39.272,1252235,0.97,-0.21,-0.25,-1.2,0.3,0.5,-6.8,17.3,25.8,101.137,36.88,0,0,0,0,0,NONE,74,400,1.02347447452,1.33416640641,1.11780113777,0.0234744745229
2026-05-27T23:42:39.320,1252283,0.93,-0.23,-0.12,-12.3,-4.9,0.4,-6.8,17.0,25.5,101.136,36.88,0,0,0,0,0,NONE,55,335,0.965505049184,13.2461315107,2.86410980935,0.0344949508159
2026-05-27T23:42:39.373,1252335,0.94,-0.16,-0.18,7.7,11.4,-1.2,-6.4,17.3,24.7,101.135,36.88,0,0,0,0,0,NONE,61,316,0.970360757657,13.8090550003,1.78338817221,0.0296392423433
2026-05-27T23:42:39.414,1252385,0.92,-0.18,-0.15,3.1,20.8,4.2,-6.6,17.5,26.3,101.137,36.88,0,0,0,0,0,NONE,120,752,0.94936821097,21.445046048,0.824621125124,0.0506317890302
2026-05-27T23:42:39.462,1252433,0.9,-0.19,-0.29,5.8,32.1,-2.3,-7.3,17.2,26.6,101.134,36.88,0,0,0,0,0,NONE,68,344,0.964468765694,32.7007645171,2.95363476641,0.0355312343056
2026-05-27T23:42:39.510,1252485,0.88,-0.18,-0.23,8.1,45.5,-7.2,-8.4,16.9,26.1,101.136,36.89,0,0,0,0,0,NONE,34,169,0.927200086281,46.7728553757,1.23137004566,0.0727999137187
2026-05-27T23:42:39.579,1252537,0.88,-0.25,-0.3,25.6,48.8,-2.2,-9.1,17.4,26.7,101.138,36.89,0,0,0,0,0,NONE,30,141,0.96275645934,55.1510652662,1.90374902627,0.0372435406605
2026-05-27T23:42:39.620,1252583,0.83,-0.16,-0.39,21.4,66.2,-0.4,-10.6,16.5,27.4,101.134,36.89,0,0,0,0,0,NONE,40,161,0.930913529819,69.5741331243,2.97278137634,0.069086470181
2026-05-27T23:42:39.671,1252635,0.83,-0.26,-0.42,23.3,69.7,5.1,-12.6,16.9,26.7,101.137,36.88,0,0,0,0,0,NONE,125,630,0.965867485735,73.6681070749,2.00775125171,0.034132514265
2026-05-27T23:42:39.718,1252683,0.8,-0.24,-0.48,16.9,77.1,19.3,-14.6,16.8,27.0,101.139,36.89,0,0,0,0,0,NONE,189,1011,0.963327566303,81.25583056,1.45833333333,0.0366724336966
2026-05-27T23:42:39.763,1252735,0.77,-0.16,-0.55,17.6,83.8,29.5,-16.6,15.4,26.9,101.137,36.88,0,0,0,0,0,NONE,127,717,0.959687449121,90.567378233,2.12410788792,0.0403125508792
2026-05-27T23:42:39.815,1252786,0.76,-0.11,-0.62,18.2,93.8,30.5,-19.3,15.4,29.6,101.138,36.89,0,0,0,0,0,NONE,150,815,0.986965044974,100.29920239,1.69808902703,0.0130349550263
2026-05-27T23:42:39.869,1252835,0.68,-0.07,-0.69,23.7,92.3,28.7,-22.4,15.3,28.7,101.141,36.89,0,0,0,0,0,NONE,139,739,0.971287804927,99.5222085768,2.3179217738,0.028712195073
2026-05-27T23:42:39.922,1252883,0.67,-0.1,-0.79,26.4,93.3,30.1,-25.5,15.2,27.6,101.138,36.89,0,0,0,0,0,NONE,134,755,1.04067285926,101.527631707,2.18501843369,0.0406728592598
2026-05-27T23:42:39.972,1252935,0.61,-0.09,-0.93,29.3,101.4,29.5,-28.2,15.1,26.9,101.139,36.88,0,0,0,0,0,NONE,91,515,1.11584049039,109.593339214,2.93544952355,0.115840490393
2026-05-27T23:42:40.021,1252985,0.58,-0.02,-1.07,13.2,103.5,19.5,-31.9,15.0,25.8,101.137,36.88,0,0,0,0,0,NONE,64,367,1.21725100123,106.144900961,3.1874754901,0.217251001232
2026-05-27T23:42:40.070,1253034,0.53,0.03,-1.07,14.5,65.3,15.8,-34.0,15.0,24.7,101.135,36.88,0,0,0,0,0,NONE,62,255,1.19444547804,68.7312156156,1.44307506365,0.194445478036
2026-05-27T23:42:40.113,1253085,0.45,0.13,-1.09,5.9,51.3,0.7,-35.1,15.0,22.8,101.135,36.89,0,0,0,0,0,NONE,77,365,1.18638105177,51.6429085161,2.54146694055,0.18638105177
2026-05-27T23:42:40.161,1253137,0.39,0.21,-1.09,18.0,36.2,-7.9,-36.3,15.2,22.5,101.137,36.88,0,0,0,0,0,NONE,183,980,1.1765627905,41.1928391835,1.92307692308,0.176562790505
2026-05-27T23:42:40.209,1253183,0.3,-0.06,-1.12,24.2,17.5,-12.3,-37.3,15.2,21.5,101.137,36.88,0,0,0,0,0,NONE,226,1121,1.1610340219,32.2982971687,6.22134261794,0.161034021896
2026-05-27T23:42:40.273,1253235,0.36,0.11,-1.11,6.0,-8.0,-12.5,-37.4,14.6,21.6,101.134,36.87,0,0,0,0,0,NONE,169,890,1.17209214655,16.0078105936,3.47220578563,0.172092146548
2026-05-27T23:42:40.321,1253283,0.37,0.09,-1.14,9.8,-15.7,-17.9,-36.9,13.8,21.6,101.137,36.88,0,0,0,0,0,NONE,88,561,1.20191513844,25.7476212494,0.779511955578,0.201915138435
2026-05-27T23:42:40.371,1253335,0.34,0.05,-1.09,-0.6,-18.4,-13.5,-35.3,13.2,21.4,101.133,36.87,0,0,0,0,0,NONE,184,848,1.14289107092,22.8291480349,1.35982073305,0.142891070925
2026-05-27T23:42:40.427,1253387,0.5,0.04,-1.03,-9.7,-32.4,-10.6,-35.4,13.1,21.6,101.137,36.88,0,0,0,0,0,NONE,66,289,1.14564392374,35.4430529159,3.2917774555,0.145643923739
2026-05-27T23:42:40.469,1253435,0.45,0.04,-0.94,4.9,-47.3,10.9,-33.8,12.8,23.0,101.136,36.88,0,0,0,0,0,NONE,111,665,1.04292856898,48.7863710477,2.14492294604,0.0429285689826
2026-05-27T23:42:40.513,1253486,0.49,-0.01,-0.95,-3.9,-61.5,13.2,-32.5,13.0,23.0,101.135,36.88,0,0,0,0,0,NONE,115,707,1.06897146828,63.0214249284,1.27073347028,0.0689714682815
2026-05-27T23:42:40.563,1253535,0.47,0.11,-0.83,0.1,-67.9,10.7,-31.3,13.6,23.6,101.133,36.89,0,0,0,0,0,NONE,111,684,0.960156237286,68.7379807675,3.48734846748,0.0398437627136
2026-05-27T23:42:40.612,1253583,0.48,0.11,-0.78,-7.4,-63.1,4.8,-29.6,13.3,23.4,101.131,36.88,0,0,0,0,0,NONE,72,367,0.922442410127,63.7134993545,1.062295732,0.0775575898735
2026-05-27T23:42:40.674,1253635,0.59,0.04,-0.7,-0.1,-74.5,0.6,-28.6,13.0,25.5,101.133,36.88,0,0,0,0,0,NONE,79,454,0.916351460958,74.5024831801,2.94174202707,0.0836485390419
2026-05-27T23:42:40.721,1253685,0.73,0.07,-0.7,-1.8,-64.2,-6.0,-26.6,13.3,27.3,101.13,36.88,0,0,0,0,0,NONE,318,1516,1.01380471492,64.5048835361,2.86356421266,0.0138047149229
2026-05-27T23:42:40.771,1253733,0.76,0.07,-0.61,3.2,-67.1,-2.0,-24.6,13.2,26.8,101.133,36.87,0,0,0,0,0,NONE,496,2673,0.977036335046,67.2060265155,1.97642353761,0.0229636649541
2026-05-27T23:42:40.824,1253785,0.75,0.09,-0.5,-1.6,-74.5,1.6,-22.6,13.3,28.0,101.131,36.88,0,0,0,0,0,NONE,300,1555,0.905869747811,74.5343544951,2.15864849237,0.0941302521885
2026-05-27T23:42:40.876,1253837,0.77,0.0,-0.47,-0.1,-77.8,3.0,-20.0,12.8,27.6,101.134,36.89,0,0,0,0,0,NONE,138,787,0.902108640908,77.8578833517,1.86449225285,0.0978913590925
2026-05-27T23:42:40.911,1253883,0.71,0.06,-0.46,-4.4,-78.7,4.1,-18.2,12.4,26.8,101.133,36.88,0,0,0,0,0,NONE,121,802,0.848115558164,78.9294621798,1.85739211855,0.151884441836
2026-05-27T23:42:40.975,1253937,0.79,0.03,-0.39,1.2,-72.3,0.2,-15.3,12.2,26.5,101.135,36.88,0,0,0,0,0,NONE,50,268,0.881532756056,72.310234407,2.04543722541,0.118467243944
2026-05-27T23:42:41.022,1253983,0.69,-0.1,-0.33,-24.4,-25.6,-8.7,-15.3,12.2,26.5,101.132,36.88,0,0,0,0,0,NONE,76,670,0.771362431027,36.4199121361,3.7965759123,0.228637568973
2026-05-27T23:42:41.073,1254035,0.89,0.04,-0.46,15.3,-37.9,2.4,-10.0,12.6,27.0,101.13,36.88,0,0,0,0,0,NONE,127,779,1.00264649802,40.9421543156,5.31896795613,0.0026464980241
2026-05-27T23:42:41.125,1254087,0.99,-0.05,-0.38,18.1,-51.8,-9.3,-8.3,12.1,25.4,101.129,36.89,0,0,0,0,0,NONE,106,755,1.06160256217,55.6537509967,3.01009150817,0.0616025621672
2026-05-27T23:42:41.172,1254135,0.79,0.01,-0.33,17.3,-43.2,-7.9,-6.3,12.3,24.1,101.136,36.89,0,1,0,0,1,NONE,130,794,0.856212590424,47.2010593101,4.47310636533,0.143787409576
2026-05-27T23:42:41.220,1254183,0.72,0.0,-0.25,7.0,6.7,-25.9,-5.3,12.3,23.8,101.132,36.88,0,1,0,0,1,NONE,125,805,0.762167960492,27.6532095786,2.22439130251,0.237832039508
2026-05-27T23:42:41.273,1254235,0.92,-0.04,-0.34,28.3,-18.6,-10.2,-4.9,11.6,23.7,101.134,36.88,0,0,0,0,0,NONE,91,559,0.981631295345,35.3679233204,4.28721092492,0.0183687046554
2026-05-27T23:42:41.323,1254285,0.88,-0.02,-0.19,12.1,-17.4,-10.5,-4.0,12.0,22.7,101.131,36.88,0,0,0,0,0,NONE,59,442,0.900499861188,23.652061221,3.1304951685,0.0995001388118
2026-05-27T23:42:41.373,1254333,0.94,-0.03,-0.19,6.0,9.6,-11.4,-3.3,11.3,22.7,101.131,36.88,0,1,0,0,1,NONE,47,280,0.959479025305,16.0661134068,1.26724219381,0.0405209746951
2026-05-27T23:42:41.423,1254385,0.97,-0.05,-0.18,4.5,2.4,-8.1,-3.4,11.5,23.1,101.128,36.87,0,1,0,0,1,NONE,63,310,0.987825895591,9.57183368013,0.719549497457,0.0121741044091
2026-05-27T23:42:41.471,1254437,0.98,-0.07,-0.16,8.5,2.0,-5.3,-3.3,11.6,22.4,101.132,36.88,0,1,0,0,1,NONE,65,253,0.995439601382,10.2146952965,0.576923076923,0.00456039861778
2026-05-27T23:42:41.514,1254483,0.94,-0.11,-0.15,13.7,4.1,-3.7,-2.3,12.0,22.8,101.129,36.87,0,1,0,0,1,NONE,56,403,0.958227530391,14.7712558708,1.24881796664,0.0417724696086
2026-05-27T23:42:41.574,1254535,0.97,-0.1,-0.2,12.7,9.5,-3.3,-2.7,11.1,22.4,101.131,36.88,0,1,0,0,1,NONE,49,265,0.995439601382,16.1996913551,1.1377076506,0.00456039861778
2026-05-27T23:42:41.622,1254583,0.96,-0.1,-0.2,6.4,8.2,-2.0,-2.2,11.7,22.2,101.133,36.89,0,1,0,0,1,NONE,38,203,0.985697722428,10.5924501415,0.208333333333,0.0143022775719
2026-05-27T23:42:41.674,1254635,0.96,-0.14,-0.17,4.3,8.3,-1.8,-2.4,11.5,22.6,101.133,36.88,0,1,0,0,1,NONE,46,160,0.984936546179,9.51945376584,0.961538461538,0.0150634538205
2026-05-27T23:42:41.718,1254687,0.95,-0.12,-0.18,4.3,6.0,1.1,-2.8,11.4,22.9,101.133,36.89,0,1,0,0,1,NONE,33,199,0.974320275885,7.46324326282,0.471055719766,0.0256797241153
2026-05-27T23:42:41.773,1254735,1.0,-0.09,-0.24,-0.2,8.4,4.0,-2.6,11.8,21.5,101.134,36.88,0,1,0,0,1,NONE,49,236,1.03232746742,9.30591209931,1.74304172195,0.0323274674249
2026-05-27T23:42:41.817,1254783,0.93,-0.14,-0.19,4.3,3.3,4.2,-2.9,11.7,22.4,101.132,36.88,0,1,0,0,1,NONE,43,235,0.959479025305,6.85711309517,2.07289049397,0.0405209746951
2026-05-27T23:42:41.863,1254835,0.96,-0.09,-0.18,3.9,2.6,6.2,-2.6,11.6,21.6,101.131,36.88,0,1,0,0,1,NONE,46,279,0.980866963456,7.77238702073,1.1377076506,0.0191330365437
2026-05-27T23:42:41.915,1254885,0.91,-0.1,-0.19,2.0,4.5,4.6,-2.3,11.2,21.7,101.13,36.87,0,1,0,0,1,NONE,47,274,0.93498663092,6.73869423553,1.03923048454,0.0650133690795
2026-05-27T23:42:41.963,1254934,0.95,-0.07,-0.21,2.6,4.3,7.5,-3.4,12.1,21.7,101.13,36.89,0,1,0,0,1,NONE,45,281,0.975448614741,9.02773504263,1.09901322595,0.0245513852591
2026-05-27T23:42:42.022,1254985,0.93,-0.05,-0.22,2.5,6.6,7.4,-2.7,11.3,23.7,101.132,36.88,0,1,0,0,1,NONE,49,280,0.956974398822,10.2259473889,0.588235294118,0.0430256011784
2026-05-27T23:42:42.071,1255037,0.94,-0.02,-0.27,8.1,13.0,9.4,-3.2,11.2,23.1,101.131,36.88,0,0,0,0,0,NONE,49,300,0.978212655817,17.9713661139,1.1377076506,0.0217873441833
2026-05-27T23:42:42.119,1255083,0.92,-0.05,-0.24,12.4,20.1,9.4,-4.3,11.6,23.1,101.134,36.88,0,0,0,0,0,NONE,48,279,0.952102935611,25.4190873164,1.01965559996,0.0478970643885
2026-05-27T23:42:42.167,1255135,0.92,-0.06,-0.26,7.1,30.8,9.9,-4.8,11.4,22.5,101.13,36.89,0,0,0,0,0,NONE,38,237,0.957914401186,33.121896081,0.430013072596,0.0420855988138
2026-05-27T23:42:42.215,1255183,0.98,-0.06,-0.26,3.1,34.7,10.6,-6.1,11.0,24.0,101.135,36.88,0,0,0,0,0,NONE,39,284,1.01567711405,36.4151067553,1.25,0.0156771140476
2026-05-27T23:42:42.264,1255235,0.8,-0.06,-0.4,2.4,35.6,13.0,-7.0,10.7,22.7,101.131,36.88,0,0,0,0,0,NONE,32,181,0.896437393241,37.9752551012,4.38529009654,0.103562606759
2026-05-27T23:42:42.313,1255287,0.74,-0.17,-0.44,-27.3,23.4,7.2,-7.1,10.4,23.5,101.137,36.88,0,0,0,0,0,NONE,37,249,0.877553417178,36.6700149986,2.52941277653,0.122446582822
2026-05-27T23:42:42.368,1255335,0.74,-0.0,-0.43,-50.8,74.6,12.7,-8.8,12.0,24.3,101.133,36.88,0,0,0,0,0,NONE,36,148,0.855862138431,91.1432389155,3.54778882623,0.144137861569
2026-05-27T23:42:42.407,1255383,0.66,0.01,-0.31,-42.1,71.8,7.9,-10.3,13.8,26.5,101.133,36.88,0,0,0,0,0,NONE,38,187,0.72924618614,83.6065786885,3.01184006142,0.27075381386
2026-05-27T23:42:42.473,1255435,0.8,0.04,-0.48,-21.5,80.4,17.3,-13.4,14.9,27.5,101.13,36.87,0,0,0,0,0,NONE,58,332,0.933809402394,85.0041175473,4.27425207133,0.0661905976057
2026-05-27T23:42:42.523,1255485,0.84,0.01,-0.45,-17.0,53.5,0.2,-15.2,14.8,27.4,101.13,36.88,0,0,0,0,0,NONE,116,505,0.952995278058,56.1363518587,1.16619037897,0.0470047219424
2026-05-27T23:42:42.571,1255534,1.17,-0.15,-0.57,-4.6,73.7,-15.4,-17.1,15.9,28.0,101.135,36.88,0,0,0,0,0,NONE,71,469,1.31007633365,75.4321549473,7.87501280881,0.310076333654
2026-05-27T23:42:42.619,1255585,0.77,-0.03,-0.58,21.7,92.8,-3.1,-20.0,15.8,28.4,101.134,36.88,0,0,0,0,0,NONE,33,162,0.964468765694,95.3537623799,8.19082297028,0.0355312343056
2026-05-27T23:42:42.667,1255637,1.21,-0.09,-0.83,33.1,7.2,5.3,-22.5,15.0,27.1,101.135,36.89,0,0,0,0,0,NONE,30,154,1.47006802564,34.2861488068,9.80014792788,0.470068025637
2026-05-27T23:42:42.715,1255683,0.37,-0.05,-0.51,30.3,38.5,3.7,-23.1,15.1,27.1,101.135,36.88,0,0,0,0,0,NONE,45,235,0.632060123722,49.1327792823,19.5603858769,0.367939876278
2026-05-27T23:42:42.775,1255735,0.85,-0.25,-0.82,16.4,59.9,7.2,-24.3,14.4,26.7,101.135,36.89,0,0,0,0,0,NONE,45,268,1.20722823029,62.5204766457,11.6421622059,0.207228230286
2026-05-27T23:42:42.807,1255783,0.61,-0.06,-0.64,-5.1,56.8,9.1,-26.5,14.5,25.9,101.136,36.88,0,0,0,0,0,NONE,108,468,0.886171540956,57.749978355,7.39803371024,0.113828459044
2026-05-27T23:42:42.871,1255835,0.92,0.14,-1.06,37.8,47.1,10.8,-27.9,14.4,25.8,101.137,36.89,0,0,0,0,0,NONE,295,1267,1.4105318146,61.3505501198,10.7503268149,0.4105318146
2026-05-27T23:42:42.923,1255887,0.81,-0.14,-0.86,-16.3,-32.0,-12.3,-28.9,14.3,26.4,101.135,36.88,0,0,0,0,0,NONE,65,298,1.18966381806,37.9602423596,6.94707379546,0.18966381806
2026-05-27T23:42:42.976,1255935,0.2,0.1,-0.81,-6.5,23.7,-4.3,-27.8,14.7,26.3,101.135,36.88,0,0,0,0,0,NONE,81,148,0.840297566342,24.9485470519,13.6962332616,0.159702433658
2026-05-27T23:42:43.016,1255983,0.62,-0.19,-0.75,-2.4,18.4,-14.0,-28.4,14.0,27.3,101.136,36.88,0,0,0,0,0,NONE,19,115,0.991463564636,23.2447843612,10.7063876313,0.00853643536436
2026-05-27T23:42:43.078,1256035,0.45,-0.14,-0.81,-1.3,32.8,-0.7,-28.3,14.4,26.3,101.139,36.89,0,0,0,0,0,NONE,34,144,0.937123257635,32.8332148898,3.59774748728,0.0628767423652
2026-05-27T23:42:43.110,1256085,0.61,0.12,-0.85,2.1,8.7,-0.3,-28.6,15.0,26.5,101.136,36.88,0,0,0,0,0,NONE,55,161,1.05309068935,8.95488693396,6.15792172734,0.0530906893521
2026-05-27T23:42:43.167,1256134,0.7,-0.07,-0.89,-5.4,-45.6,-8.1,-28.8,15.2,25.5,101.135,36.88,0,0,0,0,0,NONE,23,130,1.13446022407,46.6275669535,4.36753766511,0.134460224071
2026-05-27T23:42:43.224,1256185,0.54,-0.24,-0.79,-13.6,-28.8,-9.8,-27.6,15.6,27.4,101.137,36.89,0,0,0,0,0,NONE,30,136,0.986559678884,33.3232651461,4.97977454871,0.0134403211158
2026-05-27T23:42:43.274,1256237,0.61,-0.07,-0.85,-1.1,-15.9,-7.8,-26.9,15.0,26.6,101.134,36.88,0,0,0,0,0,NONE,35,171,1.04857045543,17.7442948578,3.71905377035,0.0485704554297
2026-05-27T23:42:43.320,1256283,0.79,-0.08,-1.02,6.3,-14.6,0.7,-26.0,15.3,27.7,101.137,36.89,0,0,0,0,0,NONE,488,1771,1.29263297188,15.9166579407,5.38674421451,0.292632971883
2026-05-27T23:42:43.370,1256335,0.89,-0.15,-1.1,5.7,-31.6,-4.4,-25.0,15.5,27.6,101.134,36.88,0,0,0,0,0,NONE,361,1471,1.42288439446,32.4100293119,2.8066383691,0.422884394461
2026-05-27T23:42:43.414,1256383,0.81,-0.08,-0.82,4.2,-52.0,-1.1,-24.3,15.7,27.4,101.136,36.88,0,0,0,0,0,NONE,276,1256,1.15537872579,52.1809352158,6.23957463828,0.155378725786
2026-05-27T23:42:43.470,1256435,0.75,-0.11,-0.61,6.7,-52.4,7.6,-22.6,15.5,28.8,101.139,36.89,0,0,0,0,0,NONE,77,382,0.972985097522,53.3704974682,4.23950147789,0.0270149024779
2026-05-27T23:42:43.510,1256487,0.81,-0.13,-0.58,3.0,-55.5,4.0,-20.9,14.6,28.4,101.134,36.88,0,0,0,0,0,NONE,20,102,1.00468900661,55.7247700758,1.34615384615,0.00468900660851
2026-05-27T23:42:43.574,1256535,0.91,-0.16,-0.73,-9.8,-71.0,-0.2,-19.5,15.3,27.7,101.134,36.89,0,0,0,0,0,NONE,40,152,1.17753980824,71.6734260378,3.80743060052,0.177539808244
2026-05-27T23:42:43.622,1256583,0.77,-0.13,-0.53,-14.0,-118.8,-2.3,-16.8,15.0,28.1,101.134,36.88,0,0,0,0,0,NONE,75,532,0.943769039543,119.644180803,5.12432244844,0.056230960457
2026-05-27T23:42:43.674,1256635,0.71,-0.09,-0.4,-4.2,-74.7,0.0,-13.6,15.8,27.6,101.136,36.88,0,0,0,0,0,NONE,110,746,0.819878039711,74.8179791227,2.85885937448,0.180121960289
2026-05-27T23:42:43.723,1256685,0.88,-0.21,-0.31,-5.3,-53.2,-5.4,-11.4,15.9,26.9,101.138,36.88,0,0,0,0,0,NONE,60,367,0.95634721728,53.735370102,4.5343136195,0.0436527827196
2026-05-27T23:42:43.771,1256733,0.85,-0.15,-0.24,-8.9,-34.2,-8.0,-9.7,16.5,26.2,101.139,36.88,0,0,0,0,0,NONE,452,2306,0.895879456177,36.2332720024,2.01986660726,0.104120543823
2026-05-27T23:42:43.816,1256785,1.02,-0.17,-0.33,-8.6,-53.2,-4.8,-8.3,16.2,26.3,101.137,36.88,0,0,0,0,0,NONE,125,661,1.08544921576,54.103973976,3.71905377035,0.0854492157628
2026-05-27T23:42:43.874,1256837,0.87,-0.15,-0.11,-4.8,-49.7,-3.2,-6.7,17.1,25.8,101.136,36.89,0,0,0,0,0,NONE,46,227,0.889662857492,50.0336886507,5.13501150878,0.110337142508
2026-05-27T23:42:43.922,1256883,0.93,-0.18,-0.13,-4.5,-31.2,-5.7,-5.2,17.2,25.4,101.139,36.89,0,0,0,0,0,NONE,44,230,0.956138065344,32.0340443903,1.52173913043,0.0438619346559
2026-05-27T23:42:43.974,1256935,0.91,-0.21,0.01,-1.2,-23.7,-8.5,-4.3,17.6,24.6,101.137,36.88,0,0,0,0,0,NONE,49,254,0.933970020932,25.206745129,2.78016005669,0.0660299790679
2026-05-27T23:42:44.009,1256983,0.99,-0.2,-0.05,-3.0,-16.2,-5.6,-3.4,18.1,24.9,101.135,36.88,0,0,0,0,0,NONE,42,225,1.01123686642,17.4011493873,2.09372408773,0.0112368664166
2026-05-27T23:42:44.070,1257035,0.98,-0.29,-0.11,-2.2,-11.0,-2.2,-2.6,18.0,23.8,101.132,36.88,0,0,0,0,0,NONE,31,146,1.02791050194,11.43153533,2.08899624831,0.0279105019407
2026-05-27T23:42:44.118,1257087,0.91,-0.21,0.03,-12.1,-25.8,-5.3,-2.1,18.0,24.8,101.139,36.88,0,0,0,0,0,NONE,33,150,0.934398202053,28.9851686212,3.38046073678,0.0656017979469
2026-05-27T23:42:44.168,1257135,0.94,-0.22,0.04,1.5,-10.9,-0.5,-1.2,18.7,24.3,101.133,36.88,0,0,0,0,0,NONE,33,173,0.966229786334,11.0140818955,0.690963497991,0.0337702136655
2026-05-27T23:42:44.214,1257183,0.95,-0.26,-0.0,0.9,-11.9,1.6,-0.9,18.5,22.7,101.136,36.89,0,0,0,0,0,NONE,44,225,0.984936546179,12.0407640954,1.1967838847,0.0150634538205
2026-05-27T23:42:44.274,1257235,0.93,-0.25,0.04,-9.7,-7.6,-0.5,-0.7,18.7,24.2,101.135,36.88,0,0,0,0,0,NONE,30,117,0.963846460802,12.3328828747,0.881264556722,0.0361535391983
2026-05-27T23:42:44.313,1257283,0.97,-0.21,0.01,2.9,-0.7,2.4,0.4,19.3,23.3,101.137,36.89,0,0,0,0,0,NONE,38,174,0.992522040058,3.82883794382,1.33398421613,0.00747795994245
2026-05-27T23:42:44.374,1257335,0.92,-0.24,0.04,-3.1,-10.7,0.3,0.2,19.1,23.9,101.138,36.88,0,0,0,0,0,NONE,29,151,0.95163018027,11.144056712,1.26104587006,0.0483698197304
2026-05-27T23:42:44.424,1257385,0.92,-0.18,0.13,6.5,16.3,-1.2,1.0,18.8,22.7,101.138,36.88,0,0,0,0,0,NONE,32,187,0.946414285606,17.5892012326,2.16333076528,0.0535857143935
2026-05-27T23:42:44.472,1257433,0.96,-0.19,0.01,6.6,28.4,-0.8,-0.0,19.3,23.1,101.134,36.87,0,0,0,0,0,NONE,21,114,0.978672570373,29.1677904545,2.64345365426,0.0213274296273
2026-05-27T23:42:44.518,1257485,0.94,-0.24,0.0,4.6,22.7,-0.6,-0.3,20.0,23.6,101.135,36.88,0,0,0,0,0,NONE,23,127,0.970154626851,23.1691605372,1.05331261059,0.0298453731492
2026-05-27T23:42:44.569,1257537,0.94,-0.27,-0.03,9.3,23.6,0.1,-1.5,19.4,24.5,101.139,36.89,0,0,0,0,0,NONE,26,118,0.978468190592,25.3665133592,0.815892439831,0.0215318094082
2026-05-27T23:42:44.614,1257583,0.95,-0.28,-0.04,5.9,24.5,-0.1,-1.6,19.5,23.6,101.134,36.89,0,0,0,0,0,NONE,17,108,0.99121138008,25.2005952311,0.376532784254,0.00878861992005
2026-05-27T23:42:44.662,1257635,0.92,-0.22,-0.02,4.3,29.1,-0.7,-2.5,19.6,25.0,101.134,36.89,0,0,0,0,0,NONE,39,194,0.946150093801,29.4243096775,1.34615384615,0.0538499061988
2026-05-27T23:42:44.714,1257683,1.0,-0.19,-0.08,6.7,23.6,-2.1,-2.9,19.6,24.7,101.138,36.88,0,0,0,0,0,NONE,35,189,1.02102889283,24.6223475729,2.17506385602,0.0210288928331
2026-05-27T23:42:44.774,1257735,0.89,-0.26,-0.1,31.6,20.5,-1.3,-3.3,18.8,24.7,101.136,36.88,0,0,0,0,0,NONE,55,268,0.932577074563,37.6895210901,2.53671268428,0.0674229254373
2026-05-27T23:42:44.824,1257787,0.92,-0.25,-0.19,17.1,35.8,5.6,-4.1,18.8,24.6,101.139,36.88,0,0,0,0,0,NONE,29,158,0.972111104761,40.0675679322,1.83449846426,0.0278888952388
2026-05-27T23:42:44.869,1257835,0.93,-0.24,-0.22,6.8,41.1,8.2,-5.2,18.0,25.7,101.138,36.88,0,0,0,0,0,NONE,35,163,0.98534258002,42.4580969899,0.690963497991,0.0146574199802
2026-05-27T23:42:44.920,1257883,0.88,-0.28,-0.15,10.1,53.6,11.9,-6.4,17.8,26.4,101.138,36.88,0,0,0,0,0,NONE,24,147,0.935574689696,55.8263378702,1.97642353761,0.0644253103039
2026-05-27T23:42:44.970,1257935,0.95,-0.19,-0.2,13.1,65.4,16.3,-8.1,17.8,25.3,101.136,36.88,0,0,0,0,0,NONE,38,203,0.989242134161,68.6619254027,2.39421146115,0.0107578658387
2026-05-27T23:42:45.018,1257985,0.89,-0.17,-0.28,16.1,72.1,12.4,-9.8,17.5,27.1,101.136,36.88,0,0,0,0,0,NONE,30,155,0.948367017562,74.9091449691,2.03960780544,0.0516329824377
2026-05-27T23:42:45.075,1258033,0.85,-0.18,-0.33,27.3,76.4,12.6,-12.5,16.6,27.4,101.137,36.88,0,0,0,0,0,NONE,45,250,0.929408413992,82.1036539991,1.35015431217,0.0705915860075
2026-05-27T23:42:45.118,1258085,0.86,-0.2,-0.49,27.5,68.1,17.3,-14.6,15.7,27.2,101.138,36.88,0,0,0,0,0,NONE,72,348,1.00980196078,75.4529654818,3.10682585027,0.00980196078241
2026-05-27T23:42:45.175,1258137,0.88,-0.31,-0.55,8.9,43.0,26.9,-16.3,15.9,27.6,101.14,36.88,0,0,0,0,0,NONE,75,319,1.08305124532,51.4958250735,2.44011106547,0.083051245325
2026-05-27T23:42:45.209,1258183,0.78,-0.14,-0.36,21.4,84.4,40.5,-18.4,15.5,27.8,101.138,36.89,0,0,0,0,0,NONE,75,427,0.87040220588,96.0290060346,5.95350605984,0.12959779412
2026-05-27T23:42:45.271,1258235,0.88,-0.16,-0.71,41.6,109.3,47.1,-22.4,14.5,27.7,101.135,36.88,0,0,0,0,0,NONE,98,420,1.14197197864,126.077198573,7.01066389752,0.14197197864
2026-05-27T23:42:45.321,1258283,0.91,-0.01,-0.9,9.7,79.2,32.4,-25.0,14.4,27.2,101.136,36.88,0,0,0,0,0,NONE,78,533,1.27992187262,86.1190455126,5.08179621569,0.279921872616
2026-05-27T23:42:45.368,1258335,0.8,-0.03,-0.87,18.6,52.2,21.4,-27.2,14.7,27.0,101.135,36.89,0,0,0,0,0,NONE,62,395,1.18228592143,59.4033669079,2.22612248131,0.182285921425
2026-05-27T23:42:45.422,1258387,0.63,0.19,-0.98,15.7,57.1,9.9,-28.2,14.0,25.6,101.14,36.88,0,0,0,0,0,NONE,121,646,1.18042365276,60.0409027247,5.74996784143,0.180423652762
2026-05-27T23:42:45.463,1258435,0.58,0.1,-0.93,11.8,42.5,0.0,-30.0,14.2,25.9,101.139,36.89,0,0,0,0,0,NONE,71,353,1.10059075046,44.1077090768,2.38448398797,0.100590750461
2026-05-27T23:42:45.516,1258483,0.62,0.11,-0.97,11.5,30.5,4.2,-31.2,14.2,25.7,101.14,36.89,0,0,0,0,0,NONE,61,316,1.15646011604,32.8654834135,1.1967838847,0.156460116044
2026-05-27T23:42:45.559,1258535,0.67,0.08,-1.01,10.1,-2.4,3.1,-30.7,14.7,25.2,101.137,36.88,0,0,0,0,0,NONE,49,320,1.21466044638,10.8342050931,1.35982073305,0.21466044638
2026-05-27T23:42:45.624,1258585,0.62,0.09,-0.97,4.5,-5.8,-0.1,-31.1,14.1,25.2,101.133,36.88,0,0,0,0,0,NONE,75,430,1.15472940553,7.34166193719,1.29614813968,0.154729405532
2026-05-27T23:42:45.671,1258633,0.72,0.05,-0.98,-1.9,-24.2,-0.7,-30.6,14.1,25.9,101.137,36.89,0,0,0,0,0,NONE,52,328,1.21708668549,24.2845629979,2.25346954716,0.217086685491
2026-05-27T23:42:45.722,1258685,0.71,0.12,-1.02,9.8,-50.7,8.1,-29.3,13.6,25.4,101.135,36.89,0,0,0,0,0,NONE,54,345,1.2485591696,52.2698766021,1.56231507781,0.248559169603
2026-05-27T23:42:45.767,1258737,0.69,0.1,-0.81,5.0,-53.9,3.4,-28.4,14.3,27.1,101.135,36.88,0,0,0,0,0,NONE,107,641,1.06873757303,54.2380862494,4.07492694239,0.0687375730272
2026-05-27T23:42:45.815,1258783,0.71,0.19,-0.74,7.4,-46.6,-0.4,-27.3,13.6,27.6,101.138,36.88,0,0,0,0,0,NONE,70,473,1.0429765098,47.185591021,2.51648628322,0.0429765098026
2026-05-27T23:42:45.865,1258835,0.7,0.08,-0.73,0.9,-48.8,-6.7,-25.3,12.9,26.8,101.133,36.89,0,0,0,0,0,NONE,63,373,1.01454423265,49.2660126253,2.132795482,0.0145442326483
2026-05-27T23:42:45.914,1258883,0.65,0.04,-0.61,1.4,-52.3,-7.9,-23.4,12.7,28.2,101.133,36.89,0,0,0,0,0,NONE,42,228,0.892300397848,52.9118134257,2.83363968932,0.107699602152
2026-05-27T23:42:45.960,1258935,0.76,0.3,-0.44,12.8,-30.5,-19.5,-22.0,13.1,26.5,101.133,36.89,0,0,0,0,0,NONE,53,248,0.92800862065,38.3971353098,6.33740655896,0.0719913793504
2026-05-27T23:42:46.023,1258985,0.61,-0.06,-0.53,-13.0,-38.1,-18.1,-20.4,13.1,26.9,101.134,36.89,0,0,0,0,0,NONE,79,525,0.810308583195,44.138645199,8.00499843848,0.189691416805
2026-05-27T23:42:46.071,1259033,0.72,0.0,-0.42,-11.9,-56.9,-17.0,-18.2,12.9,26.0,101.136,36.89,0,0,0,0,0,NONE,149,956,0.833546639367,60.5658319517,3.47361083344,0.166453360633
2026-05-27T23:42:46.123,1259085,0.7,-0.15,-0.5,-25.9,-39.4,-7.8,-16.5,14.0,28.1,101.135,36.88,0,0,0,0,0,NONE,336,2126,0.873212459829,47.791317203,3.2917774555,0.126787540171
2026-05-27T23:42:46.171,1259137,0.95,-0.03,-0.49,-12.0,-74.6,-3.5,-14.7,14.0,27.2,101.132,36.88,0,0,0,0,0,NONE,597,3579,1.06934559428,75.6400026441,5.33632189443,0.0693455942772
2026-05-27T23:42:46.218,1259183,0.69,-0.0,-0.29,4.5,-63.2,-2.8,-11.5,14.4,28.1,101.132,36.89,0,0,0,0,0,NONE,535,2572,0.748465096047,63.4218416636,7.16072569217,0.251534903953
2026-05-27T23:42:46.265,1259237,0.68,-0.09,-0.3,5.7,-50.5,-1.0,-9.7,13.8,27.0,101.134,36.88,0,0,0,0,0,NONE,183,895,0.74866547937,50.8305026534,1.68711732947,0.25133452063
2026-05-27T23:42:46.318,1259283,0.91,-0.12,-0.39,-0.2,-47.2,-11.5,-7.8,13.3,24.6,101.13,36.89,0,0,0,0,0,NONE,98,445,0.997296345125,48.5811691914,5.40863274114,0.00270365487484
2026-05-27T23:42:46.372,1259335,0.88,-0.1,-0.37,-6.0,-30.5,-6.8,-6.8,14.2,26.4,101.13,36.88,0,0,0,0,0,NONE,125,656,0.959843737282,31.8196480182,0.792904928003,0.0401562627177
2026-05-27T23:42:46.425,1259387,0.87,-0.05,-0.25,4.3,-17.5,-13.7,-5.4,13.8,25.5,101.131,36.88,0,0,0,0,0,NONE,167,826,0.906587006304,22.6369167512,2.50738554046,0.0934129936956
2026-05-27T23:42:46.470,1259435,0.91,-0.06,-0.28,16.5,-14.6,-13.6,-5.0,13.6,24.6,101.133,36.89,0,0,0,0,0,NONE,83,453,0.953991614219,25.8915043982,1.062295732,0.0460083857811
2026-05-27T23:42:46.520,1259483,0.88,-0.13,-0.27,10.9,-12.8,-10.3,-3.8,14.3,24.6,101.132,36.89,0,0,0,0,0,NONE,77,391,0.929623579735,19.7164905599,1.60023869747,0.0703764202646
2026-05-27T23:42:46.566,1259535,0.9,-0.25,-0.33,10.7,-0.8,-2.6,-3.0,13.2,24.9,101.132,36.89,0,1,0,0,1,NONE,46,257,0.990656348084,11.0403804282,2.60858845505,0.00934365191556
2026-05-27T23:42:46.616,1259583,1.0,-0.12,-0.23,-10.7,-11.0,-2.1,-3.4,13.8,25.0,101.131,36.88,0,1,0,0,1,NONE,51,243,1.03310212467,15.4887055624,4.0019526484,0.0331021246711
2026-05-27T23:42:46.662,1259635,0.92,-0.12,-0.14,0.5,-9.3,-3.8,-2.1,14.5,25.1,101.133,36.89,0,1,0,0,1,NONE,61,294,0.938296328459,10.0588269694,2.31569126515,0.0617036715408
2026-05-27T23:42:46.710,1259685,0.92,-0.12,-0.17,0.4,-0.2,-6.8,-2.5,14.3,24.4,101.135,36.89,0,1,0,0,1,NONE,75,333,0.943239100123,6.81469001496,0.6,0.0567608998774
2026-05-27T23:42:46.758,1259733,0.97,-0.19,-0.22,-4.1,6.7,-2.3,-2.0,14.6,24.0,101.127,36.89,0,0,0,0,0,NONE,72,317,1.01262036322,8.18474190186,2.07289049397,0.0126203632161
2026-05-27T23:42:46.822,1259785,0.94,-0.15,-0.2,-4.7,8.5,2.5,-2.1,14.7,24.3,101.131,36.89,0,0,0,0,0,NONE,89,581,0.972676719162,10.0294566154,1.03560861676,0.0273232808379
2026-05-27T23:42:46.870,1259837,0.97,-0.15,-0.16,-2.9,6.1,3.2,-2.0,15.1,24.7,101.133,36.88,0,1,0,0,1,NONE,69,413,0.994484791236,7.47395477642,0.961538461538,0.00551520876385
2026-05-27T23:42:46.921,1259883,0.95,-0.13,-0.16,1.3,4.9,2.7,-2.4,14.9,24.8,101.136,36.89,0,1,0,0,1,NONE,168,1011,0.972111104761,5.74369219231,0.614875461901,0.0278888952388
2026-05-27T23:42:46.975,1259937,0.96,-0.16,-0.19,2.1,7.6,1.9,-2.6,15.4,25.0,101.134,36.88,0,0,0,0,0,NONE,171,864,0.991614844584,8.1104870384,0.807203508063,0.00838515541567
2026-05-27T23:42:47.013,1259983,0.95,-0.16,-0.18,-2.1,7.9,1.5,-2.4,16.0,24.4,101.132,36.88,0,0,0,0,0,NONE,156,912,0.98005101908,8.31083629968,0.307437730951,0.0199489809199
2026-05-27T23:42:47.061,1260035,0.96,-0.14,-0.2,-2.3,8.7,2.1,-2.4,15.9,25.2,101.132,36.89,0,0,0,0,0,NONE,214,1275,0.990555399763,9.24067097131,0.576923076923,0.00944460023682
2026-05-27T23:42:47.109,1260083,0.95,-0.16,-0.17,0.7,8.7,3.1,-2.9,15.5,25.5,101.135,36.88,0,0,0,0,0,NONE,88,664,0.978263768112,9.2622891339,0.779511955578,0.0217362318884
2026-05-27T23:42:47.174,1260135,0.96,-0.15,-0.2,3.7,7.7,4.7,-2.6,15.8,24.9,101.133,36.89,0,0,0,0,0,NONE,41,225,0.992018144995,9.7503846078,0.637812459684,0.00798185500466
2026-05-27T23:42:47.224,1260187,0.95,-0.16,-0.23,3.7,8.2,4.3,-3.2,15.7,23.9,101.132,36.89,0,0,0,0,0,NONE,53,279,0.990454441153,9.97095782761,0.637812459684,0.00954555884685
2026-05-27T23:42:47.269,1260235,0.95,-0.15,-0.24,2.3,7.8,4.6,-3.1,15.2,25.3,101.129,36.89,0,0,0,0,0,NONE,47,313,0.991261822124,9.3429117517,0.294627825494,0.0087381778763
2026-05-27T23:42:47.317,1260283,0.93,-0.14,-0.18,5.0,10.1,5.2,-4.0,15.8,24.5,101.134,36.89,0,0,0,0,0,NONE,36,198,0.957548954362,12.4116880399,1.33398421613,0.0424510456379
2026-05-27T23:42:47.366,1260335,0.96,-0.13,-0.22,6.3,11.5,4.4,-4.0,15.2,25.8,101.132,36.89,0,0,0,0,0,NONE,40,242,0.993428407083,13.8311243216,0.980580675691,0.00657159291673
2026-05-27T23:42:47.416,1260385,0.92,-0.17,-0.23,4.8,9.8,4.9,-4.4,15.6,24.8,101.13,36.89,0,0,0,0,0,NONE,24,130,0.963431367561,11.9620232402,1.14891252931,0.0365686324392
2026-05-27T23:42:47.462,1260433,0.95,-0.11,-0.29,11.2,9.6,6.0,-4.7,15.3,24.7,101.131,36.89,0,0,0,0,0,NONE,37,170,0.999349788613,15.9248233899,1.875,0.000650211387424
2026-05-27T23:42:47.509,1260485,0.86,-0.09,-0.28,13.0,17.4,5.9,-4.7,15.2,25.5,101.133,36.89,0,0,0,0,0,NONE,47,214,0.908900434591,22.5071099877,1.78338817221,0.0910995654088
2026-05-27T23:42:47.575,1260537,0.88,-0.1,-0.35,1.5,25.5,1.9,-5.7,15.0,25.1,101.132,36.88,0,0,0,0,0,NONE,41,310,0.952312973764,25.6146442489,1.4131671593,0.0476870262356
2026-05-27T23:42:47.621,1260583,0.94,-0.08,-0.33,11.0,32.9,-1.2,-5.6,14.7,26.6,101.135,36.89,0,0,0,0,0,NONE,305,1405,0.999449848667,34.7109492812,1.44201077842,0.000550151333245
2026-05-27T23:42:47.669,1260635,0.75,-0.18,-0.36,-0.7,34.7,2.8,-6.4,15.5,27.3,101.133,36.88,0,0,0,0,0,NONE,143,1054,0.851175657547,34.819821941,4.1691314209,0.148824342453
2026-05-27T23:42:47.717,1260683,0.81,-0.0,-0.3,11.5,30.5,9.6,-7.3,14.8,25.5,101.131,36.88,0,0,0,0,0,NONE,64,274,0.863770802933,33.9802884037,4.14578098794,0.136229197067
2026-05-27T23:42:47.769,1260735,0.56,-0.08,-0.24,11.5,46.1,-4.5,-8.5,14.6,27.2,101.132,36.88,0,0,0,0,0,NONE,66,182,0.614491659829,47.7253601348,5.17804308378,0.385508340171
2026-05-27T23:42:47.818,1260786,0.73,-0.19,-0.49,-18.1,59.3,4.6,-9.5,14.7,26.8,101.135,36.89,0,0,0,0,0,NONE,77,482,0.899499861034,62.1712152045,6.30812076163,0.100500138966
2026-05-27T23:42:47.873,1260835,0.79,0.08,-0.42,12.7,57.1,3.5,-11.0,15.4,27.1,101.134,36.89,0,0,0,0,0,NONE,183,1003,0.898276126812,58.5999146757,5.82258882355,0.101723873188
2026-05-27T23:42:47.909,1260883,0.83,-0.09,-0.46,6.7,46.6,12.3,-12.7,15.1,27.3,101.133,36.89,0,0,0,0,0,NONE,240,1170,0.953205119583,48.6594286855,3.73259851399,0.0467948804166
2026-05-27T23:42:47.973,1260935,0.8,-0.04,-0.46,24.8,55.6,8.1,-16.3,14.8,26.9,101.135,36.89,0,0,0,0,0,NONE,128,723,0.9236882591,61.4166915423,1.12133690285,0.0763117408996
2026-05-27T23:42:48.021,1260985,0.56,-0.13,-0.44,2.1,49.9,6.5,-17.8,15.2,28.9,101.137,36.89,0,0,0,0,0,NONE,103,560,0.72394751191,50.3653650836,5.14198405287,0.27605248809
2026-05-27T23:42:48.069,1261033,0.97,-0.08,-0.68,16.9,58.8,3.2,-19.3,14.7,27.7,101.134,36.88,0,0,0,0,0,NONE,99,724,1.1873078792,61.2641004178,9.95214242708,0.187307879196
2026-05-27T23:42:48.117,1261085,0.79,-0.21,-0.52,10.1,61.5,3.8,-21.9,14.5,27.9,101.138,36.89,0,0,0,0,0,NONE,167,881,0.968813707583,62.4395707865,5.26305083977,0.0311862924174
2026-05-27T23:42:48.175,1261137,0.78,-0.15,-0.72,-17.5,47.8,-9.1,-23.2,15.0,28.2,101.136,36.89,0,0,0,0,0,NONE,157,990,1.07205410311,51.7097669691,4.02010480007,0.0720541031123
2026-05-27T23:42:48.214,1261183,0.77,-0.12,-0.73,-45.3,47.4,-4.5,-24.0,16.1,27.3,101.136,36.89,0,0,0,0,0,NONE,168,942,1.06780147968,65.719860012,0.721005389208,0.0678014796768
2026-05-27T23:42:48.262,1261235,0.8,-0.21,-1.08,-6.7,14.4,-6.7,-24.7,17.4,29.6,101.133,36.89,0,0,0,0,0,NONE,99,575,1.36033084211,17.237749273,6.97364014018,0.360330842112
2026-05-27T23:42:48.321,1261283,0.7,-0.11,-0.79,9.0,-3.5,6.5,-24.3,17.2,27.3,101.137,36.89,0,0,0,0,0,NONE,149,986,1.06122570644,11.6404467268,6.72177741871,0.0612257064357
2026-05-27T23:42:48.373,1261335,0.66,-0.19,-0.89,0.7,16.2,6.7,-24.4,17.6,28.2,101.134,36.89,0,0,0,0,0,NONE,155,884,1.12418859628,17.5447997994,2.58007843558,0.124188596277
2026-05-27T23:42:48.422,1261387,0.61,-0.1,-0.95,17.1,18.5,4.0,-25.2,17.2,28.5,101.135,36.89,0,0,0,0,0,NONE,204,1137,1.13340195871,25.5080379489,2.29161063227,0.133401958707
2026-05-27T23:42:48.471,1261435,0.66,-0.19,-0.88,17.2,36.4,6.4,-26.2,17.3,28.0,101.136,36.89,0,0,0,0,0,NONE,189,1215,1.11628849318,40.7646906035,2.59372908291,0.116288493177
2026-05-27T23:42:48.521,1261486,0.7,-0.09,-1.01,8.0,-5.3,2.9,-26.7,16.9,27.9,101.135,36.89,0,0,0,0,0,NONE,227,1589,1.23215258795,10.0249688279,3.31018490512,0.232152587953
2026-05-27T23:42:48.569,1261533,0.61,-0.16,-0.8,6.0,-9.3,-6.5,-26.7,16.7,27.5,101.137,36.89,0,0,0,0,0,NONE,397,2390,1.01867561078,12.8351081024,5.08417155121,0.018675610781
2026-05-27T23:42:48.613,1261587,0.81,-0.08,-0.9,-6.9,-69.4,-11.8,-24.6,17.0,28.3,101.138,36.89,0,0,0,0,0,NONE,447,2285,1.21346610995,70.7333726045,4.39790447668,0.213466109951
2026-05-27T23:42:48.665,1261633,0.77,-0.19,-0.76,11.5,-112.2,-7.4,-21.8,16.7,28.2,101.138,36.89,0,0,0,0,0,NONE,370,2671,1.09845345828,113.030305671,3.9670190415,0.0984534582767
2026-05-27T23:42:48.714,1261683,0.88,-0.16,-0.7,0.1,-106.6,-8.7,-17.9,16.9,28.0,101.138,36.89,0,0,0,0,0,NONE,182,1220,1.13578166916,106.954476297,2.57681974535,0.13578166916
2026-05-27T23:42:48.774,1261733,0.92,-0.24,-0.58,-5.3,-62.5,-2.6,-15.3,17.3,28.2,101.137,36.89,0,0,0,0,0,NONE,165,1181,1.11373246339,62.778180923,2.99332590942,0.113732463386
2026-05-27T23:42:48.822,1261785,1.04,-0.2,-0.61,-7.4,-72.3,5.6,-13.4,16.9,28.5,101.134,36.89,0,0,0,0,0,NONE,1798,8453,1.22217020091,72.8931409668,2.5,0.222170200913
2026-05-27T23:42:48.872,1261833,0.75,-0.19,-0.39,-5.1,-69.0,-1.3,-10.9,17.0,27.4,101.142,36.89,0,0,0,0,0,NONE,270,758,0.866429454716,69.2004335247,7.58630894001,0.133570545284
2026-05-27T23:42:48.922,1261885,0.92,-0.21,-0.39,-2.8,-61.5,-1.3,-8.8,17.6,26.4,101.139,36.9,0,0,0,0,0,NONE,759,3620,1.02107786187,61.5774309305,3.2917774555,0.0210778618695
2026-05-27T23:42:48.966,1261935,0.93,-0.23,-0.26,-4.5,-54.3,-2.3,-7.6,17.5,26.1,101.141,36.89,0,0,0,0,0,NONE,666,3015,0.992673158698,54.5346678728,2.63818119165,0.00732684130173
2026-05-27T23:42:49.014,1261983,0.97,-0.2,-0.21,-7.9,-43.3,-3.6,-6.0,17.3,24.6,101.14,36.89,0,0,0,0,0,NONE,182,1109,1.01242283657,44.1617481538,1.47313912747,0.0124228365658
2026-05-27T23:42:49.072,1262035,0.93,-0.17,-0.13,-10.7,-44.9,-3.5,-4.4,18.6,25.3,101.138,36.89,0,0,0,0,0,NONE,66,366,0.954306030579,46.289847699,1.81422714078,0.0456939694207
2026-05-27T23:42:49.121,1262083,0.97,-0.23,-0.13,-5.7,-64.5,-4.6,-3.2,18.8,25.8,101.139,36.89,0,0,0,0,0,NONE,93,398,1.00533576481,64.9145592298,1.50231303144,0.00533576480696
2026-05-27T23:42:49.173,1262135,0.88,-0.19,0.11,2.0,-40.2,-2.7,-1.3,18.9,24.2,101.141,36.89,0,0,0,0,0,NONE,635,2139,0.90697298747,40.3401784825,4.98889298887,0.0930270125301
2026-05-27T23:42:49.222,1262185,0.9,-0.19,0.08,-3.1,-25.6,1.7,-0.8,18.7,24.5,101.14,36.89,0,0,0,0,0,NONE,253,1344,0.923309265631,25.8429874434,0.721110255093,0.076690734369
2026-05-27T23:42:49.272,1262233,0.85,-0.02,0.08,21.1,-2.6,12.7,0.1,18.8,22.6,101.135,36.88,0,0,0,0,0,NONE,105,277,0.853990632267,24.7640869002,3.69167607222,0.146009367733
2026-05-27T23:42:49.318,1262285,1.09,-0.23,0.04,8.9,-20.1,0.7,0.4,18.0,22.4,101.138,36.88,0,0,0,0,0,NONE,123,295,1.11471969571,21.9934081033,6.18083026153,0.114719695708
2026-05-27T23:42:49.372,1262337,0.89,-0.13,0.14,-5.6,-26.5,0.5,1.5,18.6,21.2,101.138,36.89,0,0,0,0,0,NONE,98,304,0.910274683818,27.0898504979,4.71055719766,0.089725316182
2026-05-27T23:42:49.416,1262383,0.93,-0.33,0.17,6.0,-11.5,-7.7,1.9,17.9,21.4,101.134,36.89,0,0,0,0,0,NONE,102,346,1.00134908998,15.0844290578,4.48163654958,0.00134908997812
2026-05-27T23:42:49.462,1262435,0.97,-0.3,0.11,-6.0,-3.5,-1.3,2.3,18.2,21.5,101.135,36.89,0,1,0,0,1,NONE,145,302,1.02127371453,7.06682389762,1.50197109152,0.0212737145349
2026-05-27T23:42:49.510,1262483,0.87,-0.23,0.14,8.6,1.3,0.4,2.5,18.8,21.2,101.136,36.89,0,1,0,0,1,NONE,132,510,0.910714005602,8.70689382042,2.61870939375,0.0892859943978
2026-05-27T23:42:49.574,1262535,0.95,-0.21,0.04,9.9,17.4,4.3,2.3,18.3,22.3,101.14,36.89,0,1,0,0,1,NONE,148,476,0.973755616158,20.4758394211,2.49259257631,0.0262443838416
2026-05-27T23:42:49.621,1262585,0.98,-0.2,0.11,3.4,7.9,4.0,2.4,18.5,22.4,101.139,36.89,0,1,0,0,1,NONE,99,325,1.00623058987,9.48525170989,1.53622914957,0.00623058987491
2026-05-27T23:42:49.673,1262633,0.95,-0.16,0.02,8.4,17.9,5.1,2.0,18.2,21.9,101.137,36.89,0,1,0,0,1,NONE,86,361,0.963587048481,20.4200881487,2.14492294604,0.0364129515192
2026-05-27T23:42:49.721,1262685,0.95,-0.22,0.07,1.6,13.6,2.1,2.4,17.9,22.4,101.139,36.89,0,1,0,0,1,NONE,102,657,0.977650244208,13.8538803229,1.50197109152,0.022349755792
2026-05-27T23:42:49.771,1262737,0.94,-0.24,0.08,6.8,16.4,1.9,1.2,18.0,22.4,101.139,36.89,0,1,0,0,1,NONE,104,491,0.973447481891,17.8552513284,0.471055719766,0.026552518109
2026-05-27T23:42:49.819,1262783,0.93,-0.24,-0.01,9.6,25.6,3.8,1.4,18.1,23.6,101.136,36.89,0,1,0,0,1,NONE,59,231,0.960520692125,27.6036229506,1.96856198655,0.0394793078752
2026-05-27T23:42:49.872,1262837,0.98,-0.22,0.03,-1.2,21.0,5.1,0.7,17.9,22.9,101.134,36.89,0,1,0,0,1,NONE,98,528,1.00483829545,21.6437057825,1.2422599875,0.00483829544858
2026-05-27T23:42:49.914,1262883,0.98,-0.18,0.03,0.7,19.8,5.6,-0.0,17.8,22.1,101.138,36.89,0,1,0,0,1,NONE,150,838,0.99684502306,20.5885890726,0.869565217391,0.00315497693975
2026-05-27T23:42:49.961,1262936,0.95,-0.18,-0.02,0.9,20.4,6.7,-0.9,18.6,23.2,101.135,36.89,0,1,0,0,1,NONE,94,566,0.967109094156,21.4909283187,1.1001796028,0.0328909058436
2026-05-27T23:42:50.024,1262986,0.93,-0.22,-0.05,3.5,26.7,4.0,-1.0,17.6,24.1,101.14,36.89,0,1,0,0,1,NONE,76,375,0.956974398822,27.2238865704,1.07703296143,0.0430256011784
2026-05-27T23:42:50.069,1263035,0.95,-0.23,-0.08,9.5,28.3,3.0,-1.3,17.9,23.1,101.139,36.89,0,1,0,0,1,NONE,120,622,0.980714025596,30.0023332426,0.763603548321,0.0192859744044
2026-05-27T23:42:50.119,1263083,0.94,-0.17,-0.13,6.4,33.0,3.6,-2.5,17.8,24.2,101.141,36.89,0,1,0,0,1,NONE,164,826,0.9640539404,33.807099846,1.64041830709,0.0359460596004
2026-05-27T23:42:50.173,1263135,0.97,-0.19,-0.12,11.2,29.9,3.3,-3.4,17.9,24.6,101.139,36.89,0,0,0,0,0,NONE,281,1128,0.995690715032,32.0989096388,0.719549497457,0.00430928496847
2026-05-27T23:42:50.212,1263185,0.92,-0.19,-0.15,8.5,38.8,3.5,-4.6,17.5,25.2,101.141,36.89,0,0,0,0,0,NONE,94,528,0.951314879522,39.8740517129,1.16619037897,0.048685120478
2026-05-27T23:42:50.272,1263233,0.95,-0.19,-0.2,11.2,38.0,2.7,-5.6,17.2,25.5,101.136,36.89,0,0,0,0,0,NONE,186,828,0.989242134161,39.7080596353,1.21478164476,0.0107578658387
2026-05-27T23:42:50.323,1263285,0.93,-0.21,-0.19,3.9,39.2,2.0,-6.3,17.5,25.3,101.141,36.89,0,0,0,0,0,NONE,91,506,0.972162537851,39.4442644753,0.576923076923,0.0278374621495
2026-05-27T23:42:50.371,1263337,0.89,-0.17,-0.25,8.2,47.2,2.4,-7.0,17.1,25.7,101.139,36.9,0,0,0,0,0,NONE,136,578,0.939946807006,47.9670720391,1.58580985601,0.0600531929944
2026-05-27T23:42:50.418,1263383,0.91,-0.23,-0.32,14.9,46.1,8.7,-8.3,16.8,26.7,101.137,36.89,0,0,0,0,0,NONE,60,329,0.991665266105,49.2230636999,2.05086546349,0.00833473389455
2026-05-27T23:42:50.471,1263435,0.91,-0.17,-0.33,12.8,54.5,11.4,-9.7,16.9,26.7,101.142,36.89,0,0,0,0,0,NONE,55,268,0.9828021164,57.1318650142,1.16976202506,0.0171978836002
2026-05-27T23:42:50.522,1263483,0.87,-0.1,-0.32,7.9,58.3,8.8,-10.8,16.4,26.6,101.142,36.89,0,0,0,0,0,NONE,71,359,0.932362590412,59.487309571,1.69250800097,0.0676374095879
2026-05-27T23:42:50.565,1263535,0.86,-0.14,-0.39,16.8,70.1,7.9,-13.5,16.5,27.7,101.14,36.89,0,0,0,0,0,NONE,73,438,0.954620343383,72.5166187849,1.56231507781,0.0453796566174
2026-05-27T23:42:50.622,1263587,0.85,-0.15,-0.48,20.4,81.2,12.8,-15.2,16.3,28.1,101.138,36.9,0,0,0,0,0,NONE,99,573,0.98762341001,84.6961628411,1.75200645753,0.0123765899899
2026-05-27T23:42:50.669,1263635,0.78,-0.11,-0.53,20.0,85.0,12.8,-17.3,15.4,27.8,101.143,36.89,0,0,0,0,0,NONE,55,331,0.949420876113,88.2544049892,1.97642353761,0.0505791238866
2026-05-27T23:42:50.719,1263683,0.7,-0.14,-0.61,23.0,99.0,18.3,-20.2,15.3,28.0,101.141,36.89,0,0,0,0,0,NONE,50,247,0.938988817825,103.27095429,2.43847914807,0.0610111821752
2026-05-27T23:42:50.766,1263735,0.68,-0.01,-0.8,23.9,101.6,29.5,-22.7,14.9,28.5,101.141,36.89,0,0,0,0,0,NONE,55,328,1.05,108.462067102,4.44393077242,0.05
2026-05-27T23:42:50.814,1263785,0.63,-0.06,-0.81,27.3,84.1,28.5,-26.3,14.0,26.2,101.139,36.89,0,0,0,0,0,NONE,77,496,1.02791050194,92.8996770716,1.42828568571,0.0279105019407
2026-05-27T23:42:50.863,1263833,0.58,-0.21,-0.96,10.1,96.3,31.5,-27.8,14.1,26.4,101.141,36.9,0,0,0,0,0,NONE,83,478,1.14109596441,101.823130967,4.54051973285,0.141095964413
2026-05-27T23:42:50.922,1263885,0.77,-0.02,-1.28,-5.2,53.6,35.8,-30.9,13.7,25.4,101.139,36.89,0,0,0,0,0,NONE,66,388,1.49388754597,64.6656013658,8.03560862145,0.493887545969
2026-05-27T23:42:50.975,1263937,0.53,0.06,-1.06,-0.2,49.7,20.6,-33.1,14.9,24.8,101.138,36.89,0,0,0,0,0,NONE,52,312,1.18663389468,53.800464682,6.44732869778,0.186633894679
2026-05-27T23:42:51.023,1263983,0.45,-0.03,-1.03,8.0,32.0,4.9,-34.6,15.1,24.6,101.136,36.89,0,0,0,0,0,NONE,56,257,1.1244109569,33.3468139408,2.69775514043,0.124410956901
2026-05-27T23:42:51.069,1264035,0.41,0.11,-1.03,4.3,20.4,1.7,-35.5,15.2,23.3,101.137,36.89,0,0,0,0,0,NONE,68,366,1.11404667766,20.9174568244,2.80004226511,0.114046677658
2026-05-27T23:42:51.122,1264083,0.41,0.06,-1.1,0.1,-2.1,0.3,-35.5,15.1,22.7,101.14,36.89,0,0,0,0,0,NONE,86,431,1.1754573578,2.12367605816,1.7921510973,0.175457357797
2026-05-27T23:42:51.169,1264135,0.28,0.04,-0.96,2.0,-0.5,-2.7,-35.8,15.3,23.1,101.137,36.89,0,0,0,0,0,NONE,57,321,1.00079968026,3.39705755029,3.69411013698,0.000799680255744
2026-05-27T23:42:51.223,1264187,0.4,0.0,-1.0,-4.1,3.0,-0.1,-35.6,15.2,23.4,101.139,36.88,0,0,0,0,0,NONE,100,519,1.07703296143,5.08133840637,2.55124983873,0.0770329614269
2026-05-27T23:42:51.261,1264235,0.42,0.07,-0.95,-13.7,-4.0,-1.2,-35.3,15.5,23.0,101.138,36.89,0,0,0,0,0,NONE,68,440,1.04105715501,14.3223601407,1.83995018048,0.0410571550112
2026-05-27T23:42:51.321,1264283,0.46,-0.04,-1.06,3.0,-34.6,10.6,-35.6,16.1,23.8,101.138,36.89,0,0,0,0,0,NONE,62,322,1.15620067462,36.3114307071,3.34632883421,0.156200674624
2026-05-27T23:42:51.374,1264335,0.45,0.0,-0.95,3.7,-39.2,11.0,-34.8,16.5,24.2,101.14,36.89,0,0,0,0,0,NONE,63,384,1.05118980208,40.8819030868,2.25910387009,0.0511898020814
2026-05-27T23:42:51.420,1264385,0.52,0.07,-0.89,0.2,-51.5,5.0,-33.5,16.2,24.7,101.133,36.89,0,0,0,0,0,NONE,42,300,1.03315052146,51.7425356936,2.31516738056,0.0331505214634
2026-05-27T23:42:51.472,1264434,0.59,0.18,-0.78,4.2,-50.4,0.5,-33.5,16.2,24.7,101.133,36.89,0,0,0,0,0,NONE,51,374,0.994434512675,50.5771687622,3.48137185903,0.00556548732458
2026-05-27T23:42:51.517,1264485,0.55,-0.02,-0.72,-12.5,-57.1,2.5,-29.9,16.9,27.4,101.139,36.89,0,0,0,0,0,NONE,52,355,0.906256034463,58.5056407537,4.16868463244,0.0937439655373
2026-05-27T23:42:51.570,1264537,0.66,-0.02,-0.78,-3.3,-54.4,-0.5,-28.2,16.9,27.4,101.136,36.89,0,0,0,0,0,NONE,64,341,1.02195890328,54.5022935297,2.4096084781,0.0219589032833
2026-05-27T23:42:51.614,1264583,0.76,0.2,-0.64,0.2,-66.0,0.7,-25.7,16.9,28.7,101.138,36.89,0,0,0,0,0,NONE,47,283,1.01350875675,66.0040150294,6.07140871468,0.0135087567456
2026-05-27T23:42:51.673,1264635,0.73,0.02,-0.61,3.8,-65.1,1.2,-23.9,16.6,29.8,101.138,36.9,0,0,0,0,0,NONE,231,1630,0.951525091629,65.2218521663,3.55639269402,0.0484749083708
2026-05-27T23:42:51.721,1264683,0.69,-0.07,-0.6,-7.8,-60.4,1.4,-21.4,16.7,29.0,101.134,36.89,0,0,0,0,0,NONE,341,1738,0.917060521449,60.9176493309,2.06239477846,0.0829394785512
2026-05-27T23:42:51.773,1264735,0.73,0.01,-0.48,-12.3,-59.5,7.6,-19.4,16.5,29.4,101.133,36.89,0,0,0,0,0,NONE,284,1391,0.873727646352,61.2315278268,2.87819798983,0.126272353648
2026-05-27T23:42:51.818,1264786,0.71,-0.12,-0.46,17.0,-54.9,2.0,-17.2,16.7,28.6,101.133,36.89,0,0,0,0,0,NONE,63,379,0.854458893101,57.5066083159,2.60865386189,0.145541106899
2026-05-27T23:42:51.866,1264835,0.76,-0.07,-0.64,28.4,-30.0,13.2,-15.4,16.0,29.4,101.135,36.89,0,0,0,0,0,NONE,55,252,0.996042167782,43.3681911082,3.94675093996,0.00395783221793
2026-05-27T23:42:51.915,1264883,0.84,0.16,-0.54,40.3,-40.1,-19.1,-13.9,14.8,27.9,101.134,36.89,0,0,0,0,0,NONE,62,429,1.01133575038,59.9742444721,5.48435274212,0.0113357503816
2026-05-27T23:42:51.969,1264935,0.69,-0.13,-0.37,11.3,-46.0,-20.8,-11.7,13.8,26.7,101.137,36.89,0,0,0,0,0,NONE,95,471,0.793662396741,51.7332581615,7.07890858435,0.206337603259
2026-05-27T23:42:52.015,1264985,0.85,0.0,-0.44,13.4,-38.8,-19.8,-10.4,14.1,26.4,101.131,36.89,0,0,0,0,0,NONE,66,339,0.957131129992,45.5745543039,4.35430821142,0.0428688700079
2026-05-27T23:42:52.058,1265034,0.86,-0.01,-0.38,22.6,-38.0,-25.7,-8.2,13.6,26.0,101.133,36.89,0,0,0,0,0,NONE,46,330,0.940265919833,51.1395150544,1.25804367408,0.0597340801667
2026-05-27T23:42:52.123,1265085,0.86,-0.07,-0.33,26.2,-25.6,-18.6,-6.8,13.7,26.2,101.135,36.89,0,0,0,0,0,NONE,52,415,0.92379651439,41.0823563102,1.53142150508,0.0762034856095
2026-05-27T23:42:52.171,1265137,0.88,-0.1,-0.26,23.7,-16.6,-13.3,-5.8,13.2,24.8,101.136,36.89,0,1,0,0,1,NONE,41,219,0.923038460737,31.8455648403,1.51423228346,0.0769615392629
2026-05-27T23:42:52.220,1265183,0.94,-0.14,-0.26,7.4,-0.2,-9.2,-5.7,12.2,24.0,101.134,36.89,0,1,0,0,1,NONE,46,240,0.98529183494,11.8084715353,1.56763098933,0.0147081650597
2026-05-27T23:42:52.271,1265235,0.93,-0.05,-0.32,2.3,-4.5,-5.1,-4.9,12.9,24.1,101.132,36.89,0,1,0,0,1,NONE,40,280,0.984784240329,7.17983286714,2.08899624831,0.0152157596712
2026-05-27T23:42:52.320,1265283,0.92,-0.07,-0.24,-4.3,0.5,-3.3,-4.3,12.8,23.6,101.132,36.89,0,1,0,0,1,NONE,44,231,0.953362470417,5.4433445601,1.73054663811,0.0466375295828
2026-05-27T23:42:52.363,1265335,0.95,-0.06,-0.31,-1.4,3.5,-2.9,-4.5,13.1,24.3,101.13,36.9,0,1,0,0,1,NONE,55,325,1.00109939566,4.75604878024,1.47714341305,0.00109939566459
2026-05-27T23:42:52.416,1265387,0.93,-0.14,-0.23,4.6,-0.9,-1.7,-4.6,13.2,24.1,101.13,36.89,0,1,0,0,1,NONE,35,215,0.968194195397,4.98598034493,2.20944717175,0.0318058046032
2026-05-27T23:42:52.459,1265435,0.93,-0.15,-0.29,7.1,8.7,1.2,-4.3,13.4,25.1,101.134,36.9,0,1,0,0,1,NONE,25,134,0.985646995633,11.2933608815,1.26724219381,0.0143530043672
2026-05-27T23:42:52.517,1265483,0.91,-0.17,-0.23,3.8,5.6,-0.5,-4.6,13.4,25.0,101.134,36.89,0,1,0,0,1,NONE,34,176,0.953886785735,6.78601503093,1.38192699598,0.0461132142649
2026-05-27T23:42:52.572,1265535,0.95,-0.15,-0.27,-3.2,13.2,-0.7,-4.6,13.9,25.0,101.135,36.89,0,0,0,0,0,NONE,39,175,0.99894944817,13.6003676421,1.15384615385,0.00105055182957
2026-05-27T23:42:52.620,1265585,0.93,-0.18,-0.31,-2.7,15.9,-0.9,-5.1,14.2,25.5,101.132,36.89,0,0,0,0,0,NONE,33,163,0.996694536957,16.1527087512,1.07703296143,0.00330546304296
2026-05-27T23:42:52.670,1265634,0.92,-0.18,-0.33,-10.2,14.3,-0.3,-5.3,14.4,25.3,101.135,36.89,0,0,0,0,0,NONE,41,199,0.993830971544,17.5675837838,0.456340403571,0.00616902845605
2026-05-27T23:42:52.724,1265685,0.93,-0.17,-0.34,-13.7,14.1,1.4,-5.3,14.3,26.1,101.135,36.89,0,0,0,0,0,NONE,42,199,1.00468900661,19.7093886257,0.339617805406,0.00468900660851
2026-05-27T23:42:52.763,1265737,0.86,-0.2,-0.33,-21.4,13.5,2.6,-6.0,15.5,25.5,101.132,36.89,0,0,0,0,0,NONE,35,249,0.942602779542,25.4356049663,1.47714341305,0.0573972204582
2026-05-27T23:42:52.817,1265783,0.87,-0.18,-0.36,-25.4,20.1,2.0,-6.8,16.4,27.0,101.133,36.89,0,0,0,0,0,NONE,26,140,0.95859271852,32.4525807911,0.813403779733,0.0414072814798
2026-05-27T23:42:52.874,1265835,0.85,-0.19,-0.39,-24.8,21.9,2.6,-7.1,17.3,29.2,101.134,36.9,0,0,0,0,0,NONE,43,269,0.954306030579,33.187497646,0.719549497457,0.0456939694207
2026-05-27T23:42:52.917,1265883,0.9,-0.16,-0.35,-18.2,28.9,2.0,-7.3,18.0,28.0,101.132,36.9,0,0,0,0,0,NONE,73,419,0.978825827203,34.2118400557,1.47313912747,0.0211741727968
2026-05-27T23:42:52.973,1265935,0.84,-0.12,-0.35,2.3,37.8,2.7,-8.5,18.5,29.9,101.131,36.89,0,0,0,0,0,NONE,52,304,0.917877987534,37.9660374545,1.38675049056,0.0821220124657
2026-05-27T23:42:53.019,1265987,0.96,-0.1,-0.54,29.1,7.6,-3.7,-9.8,18.2,28.0,101.134,36.89,0,0,0,0,0,NONE,59,413,1.10598372502,30.3028051507,4.33865929718,0.105983725016
2026-05-27T23:42:53.074,1266035,0.77,-0.09,-0.36,34.1,16.0,0.2,-10.4,17.8,28.1,101.133,36.89,0,0,0,0,0,NONE,147,709,0.854751425854,37.6676253565,5.45658368905,0.145248574146
2026-05-27T23:42:53.118,1266083,0.71,-0.17,-0.39,38.9,43.5,0.7,-10.5,16.7,28.5,101.133,36.89,0,0,0,0,0,NONE,91,560,0.827707677867,58.3605174754,2.17506385602,0.172292322133
2026-05-27T23:42:53.169,1266135,0.85,-0.23,-0.56,42.0,74.6,10.6,-12.1,15.2,28.8,101.132,36.89,0,0,0,0,0,NONE,73,526,1.04355162786,86.2642452004,4.38950469635,0.0435516278556
2026-05-27T23:42:53.218,1266185,0.63,-0.17,-0.4,19.3,43.7,12.3,-14.1,14.5,27.3,101.136,36.9,0,0,0,0,0,NONE,60,328,0.765375724726,49.3302138653,5.57135531087,0.234624275274
2026-05-27T23:42:53.266,1266233,0.68,-0.14,-0.41,-10.0,66.6,1.5,-15.9,14.4,27.7,101.137,36.89,0,0,0,0,0,NONE,56,304,0.806287789812,67.3632689231,1.23251662148,0.193712210188
2026-05-27T23:42:53.318,1266285,0.71,-0.16,-0.48,-1.8,78.1,11.8,-17.7,15.4,28.1,101.137,36.89,0,0,0,0,0,NONE,57,330,0.871837140755,79.006898433,1.51423228346,0.128162859245
2026-05-27T23:42:53.374,1266337,0.34,0.17,-0.71,14.3,55.3,10.2,-20.1,15.0,27.3,101.135,36.89,0,0,0,0,0,NONE,54,360,0.805357063668,58.0225818109,10.5102795553,0.194642936332
2026-05-27T23:42:53.419,1266383,0.96,-0.17,-0.64,20.4,62.1,4.4,-21.8,15.1,27.6,101.134,36.89,0,0,0,0,0,NONE,69,424,1.16623325283,65.5128231723,15.4470251509,0.166233252827
2026-05-27T23:42:53.470,1266435,0.57,-0.06,-0.73,-14.8,55.6,5.9,-24.1,14.8,27.4,101.134,36.89,0,0,0,0,0,NONE,63,318,0.928116372014,57.8377904142,7.98250676174,0.0718836279862
2026-05-27T23:42:53.519,1266483,0.73,0.04,-0.93,29.9,62.0,11.2,-25.5,15.7,27.4,101.139,36.89,0,0,0,0,0,NONE,87,403,1.18296238317,69.7384399023,5.72821961869,0.182962383172
2026-05-27T23:42:53.565,1266535,0.67,-0.08,-0.68,20.1,44.5,9.2,-27.3,14.7,25.5,101.133,36.89,0,0,0,0,0,NONE,53,255,0.957966596495,49.6880267268,5.45625421504,0.0420334035051
2026-05-27T23:42:53.619,1266587,0.53,-0.06,-0.89,6.4,39.9,-1.3,-28.8,14.4,24.6,101.136,36.89,0,0,0,0,0,NONE,36,192,1.03759336929,40.4309287551,4.86884188507,0.0375933692926
2026-05-27T23:42:53.661,1266635,0.55,0.02,-0.83,11.2,32.5,13.9,-29.4,15.1,24.6,101.135,36.9,0,0,0,0,0,NONE,39,190,0.995891560362,37.0796440112,2.124591464,0.00410843963813
2026-05-27T23:42:53.719,1266683,0.53,-0.09,-0.91,36.9,27.0,7.1,-30.6,14.1,25.9,101.134,36.89,0,0,0,0,0,NONE,37,212,1.05692951515,46.2711573229,2.86410980935,0.0569295151523
2026-05-27T23:42:53.774,1266735,0.55,-0.02,-1.03,-4.3,26.7,4.3,-30.7,13.3,24.8,101.135,36.89,0,0,0,0,0,NONE,34,185,1.16781847905,27.383754308,2.69916708608,0.167818479045
2026-05-27T23:42:53.822,1266785,0.55,0.11,-0.89,1.9,12.0,-0.4,-31.6,13.7,24.6,101.134,36.89,0,0,0,0,0,NONE,74,291,1.05199809886,12.1560684434,3.82099463491,0.0519980988576
2026-05-27T23:42:53.871,1266833,0.47,-0.06,-0.96,20.8,18.6,2.8,-31.4,13.4,23.7,101.139,36.89,0,0,0,0,0,NONE,45,233,1.07056060081,28.04353758,4.17707034495,0.0705606008069
2026-05-27T23:42:53.922,1266885,0.41,-0.05,-0.84,1.7,14.4,1.2,-32.2,14.0,23.5,101.137,36.9,0,0,0,0,0,NONE,108,579,0.936055553907,14.5495704404,2.58723539367,0.0639444460931
2026-05-27T23:42:53.969,1266937,0.38,0.02,-0.87,2.7,8.4,2.1,-33.2,13.7,23.7,101.131,36.89,0,0,0,0,0,NONE,80,426,0.949578854019,9.0697298747,1.57410630228,0.050421145981
2026-05-27T23:42:54.020,1266983,0.31,-0.07,-0.83,-5.2,19.0,2.1,-33.3,13.8,24.7,101.137,36.89,0,0,0,0,0,NONE,112,656,0.888763185556,19.8103508298,2.62674912469,0.111236814444
2026-05-27T23:42:54.063,1267035,0.51,0.1,-0.97,-7.8,19.7,-5.2,-32.9,14.1,23.1,101.14,36.9,0,0,0,0,0,NONE,114,636,1.10045445158,21.8167366946,5.72095183871,0.100454451579
2026-05-27T23:42:54.111,1267083,0.4,-0.07,-0.96,-16.8,1.6,-5.4,-33.3,14.7,24.1,101.141,36.89,0,0,0,0,0,NONE,114,555,1.04235310716,17.7189164454,4.22356977765,0.0423531071571
2026-05-27T23:42:54.160,1267135,0.28,-0.05,-0.81,4.8,10.6,-4.3,-32.7,14.2,23.8,101.139,36.9,0,0,0,0,0,NONE,81,397,0.858487041253,12.405240828,3.71407844535,0.141512958747
2026-05-27T23:42:54.224,1267187,0.4,0.0,-0.96,-0.9,-5.0,-6.0,-33.7,15.1,23.5,101.139,36.9,0,0,0,0,0,NONE,115,559,1.04,7.8619336044,3.81719870025,0.04
2026-05-27T23:42:54.273,1267235,0.44,-0.08,-0.92,-3.4,-19.7,-4.7,-32.7,14.4,24.2,101.138,36.9,0,0,0,0,0,NONE,69,394,1.0229369482,20.5363093081,2.04124145232,0.0229369482036
2026-05-27T23:42:54.320,1267283,0.45,-0.1,-0.92,-15.3,-25.4,-4.4,-32.0,14.6,23.4,101.137,36.9,0,0,0,0,0,NONE,70,398,1.02902866821,29.9768243815,0.465847495312,0.0290286682109
2026-05-27T23:42:54.369,1267335,0.62,-0.05,-1.18,0.1,-49.1,-3.4,-31.5,14.7,25.4,101.139,36.9,0,0,0,0,0,NONE,72,424,1.33390404452,49.2176797503,6.0508202779,0.333904044525
2026-05-27T23:42:54.419,1267385,0.73,-0.04,-1.54,-5.6,-47.3,-0.4,-30.4,15.3,25.9,101.138,36.89,0,0,0,0,0,NONE,88,414,1.70472871742,47.6320270406,7.53126815351,0.704728717421
2026-05-27T23:42:54.469,1267433,0.85,-0.09,-1.05,-5.2,-113.8,0.1,-28.5,15.3,27.0,101.137,36.89,0,0,0,0,0,NONE,110,291,1.35392023399,113.918786862,10.561493213,0.353920233987
2026-05-27T23:42:54.518,1267485,0.59,-0.14,-0.47,-9.3,-101.3,8.5,-25.2,15.2,26.4,101.137,36.89,0,0,0,0,0,NONE,44,263,0.767202711153,102.080507444,12.2610293302,0.232797288847
2026-05-27T23:42:54.566,1267537,0.67,-0.14,-0.47,-4.2,-89.7,-1.5,-22.7,15.3,28.3,101.139,36.9,0,0,0,0,0,NONE,45,191,0.830301150186,89.8108011322,1.53846153846,0.169698849814
2026-05-27T23:42:54.614,1267583,0.84,-0.19,-0.62,-11.7,-55.7,-8.2,-19.8,15.1,28.1,101.138,36.89,0,0,0,0,0,NONE,62,209,1.06117859006,57.5032173013,5.04703772445,0.0611785900592
2026-05-27T23:42:54.674,1267635,0.86,-0.16,-0.67,-3.2,-65.7,-5.4,-17.7,16.0,28.0,101.138,36.89,0,0,0,0,0,NONE,58,302,1.10186206033,65.9991666614,1.18546423134,0.101862060332
2026-05-27T23:42:54.708,1267683,0.78,-0.14,-0.34,14.8,-39.7,0.4,-15.5,15.7,28.3,101.139,36.9,0,0,0,0,0,NONE,46,272,0.862322445492,42.3708626299,7.08639639654,0.137677554508
2026-05-27T23:42:54.770,1267735,0.88,-0.12,-0.4,1.6,-43.5,-0.2,-14.4,15.7,27.6,101.138,36.9,0,0,0,0,0,NONE,32,183,0.974063652951,43.5298747988,2.27541530119,0.0259363470491
2026-05-27T23:42:54.821,1267787,0.94,-0.11,-0.44,2.1,-46.2,-3.1,-13.2,16.0,26.3,101.138,36.89,0,0,0,0,0,NONE,51,297,1.04369535785,46.3514832557,1.40002113255,0.0436953578511
2026-05-27T23:42:54.865,1267835,0.91,-0.24,-0.26,-2.9,-37.7,-1.7,-11.3,15.8,27.0,101.142,36.89,0,0,0,0,0,NONE,42,255,0.976370831191,37.8495706713,4.66778260467,0.0236291688093
2026-05-27T23:42:54.922,1267883,0.94,-0.16,-0.33,-4.0,-44.4,1.5,-9.9,16.1,27.5,101.138,36.9,0,0,0,0,0,NONE,72,304,1.00900941522,44.6050445578,2.30111687858,0.00900941521871
2026-05-27T23:42:54.968,1267935,0.85,-0.14,-0.17,-0.7,-23.6,4.0,-8.8,15.7,26.3,101.138,36.89,0,0,0,0,0,NONE,93,412,0.878066056741,23.9468160723,3.5511894832,0.121933943259
2026-05-27T23:42:55.023,1267985,0.95,-0.16,-0.24,-0.9,-9.5,4.9,-7.5,16.3,26.9,101.141,36.9,0,0,0,0,0,NONE,85,537,0.992824254337,10.7270685651,2.47386337537,0.00717574566291
2026-05-27T23:42:55.070,1268033,0.91,-0.15,-0.22,-1.0,-4.3,5.1,-7.0,16.9,26.4,101.138,36.89,0,0,0,0,0,NONE,75,406,0.948156105291,6.74536878162,0.954703269782,0.0518438947093
2026-05-27T23:42:55.121,1268085,0.93,-0.17,-0.22,-3.1,-4.3,2.2,-6.7,16.4,28.1,101.139,36.9,0,0,0,0,0,NONE,47,271,0.97066987179,5.73933794091,0.54392829322,0.0293301282104
2026-05-27T23:42:55.170,1268137,0.96,-0.17,-0.18,-4.3,0.7,3.8,-7.1,17.3,26.4,101.139,36.9,0,0,0,0,0,NONE,41,217,0.991413132856,5.78100337312,0.961538461538,0.00858686714367
2026-05-27T23:42:55.216,1268183,0.92,-0.12,-0.22,1.3,10.1,5.6,-7.3,16.9,26.5,101.138,36.9,0,0,0,0,0,NONE,132,808,0.953519795285,11.6215317407,1.64126835549,0.0464802047152
2026-05-27T23:42:55.262,1268235,0.93,-0.15,-0.21,5.1,14.2,6.6,-7.5,16.8,27.5,101.139,36.9,0,0,0,0,0,NONE,123,716,0.965142476529,16.4684546937,0.637812459684,0.0348575234713
2026-05-27T23:42:55.314,1268283,0.92,-0.22,-0.23,2.3,23.3,9.6,-7.8,16.7,26.8,101.14,36.89,0,0,0,0,0,NONE,134,709,0.973498844375,25.3049402291,1.53093108924,0.0265011556247
2026-05-27T23:42:55.374,1268335,0.96,-0.13,-0.31,5.9,23.1,8.0,-8.0,16.6,27.9,101.139,36.89,0,1,0,0,1,NONE,134,867,1.0171528892,25.1479621441,2.44011106547,0.0171528891961
2026-05-27T23:42:55.424,1268387,0.92,-0.16,-0.25,12.8,19.7,10.9,-9.1,15.9,26.4,101.138,36.9,0,1,0,0,1,NONE,141,733,0.966695401872,25.8986486134,1.50197109152,0.0333045981282
2026-05-27T23:42:55.470,1268435,0.92,-0.1,-0.31,6.6,24.2,7.1,-10.1,16.2,26.8,101.137,36.89,0,0,0,0,0,NONE,58,328,0.975961064797,26.0693306397,1.76776695297,0.0240389352028
2026-05-27T23:42:55.525,1268486,0.9,-0.14,-0.31,4.8,31.1,5.6,-10.4,16.2,26.7,101.139,36.9,0,0,0,0,0,NONE,52,257,0.962133046933,31.9626344346,0.876889402941,0.0378669530673
2026-05-27T23:42:55.570,1268533,0.91,-0.06,-0.37,5.4,34.1,7.6,-11.5,15.8,26.6,101.138,36.89,0,0,0,0,0,NONE,55,308,0.984174781225,35.3515204765,2.13827140875,0.0158252187746
2026-05-27T23:42:55.614,1268587,0.85,-0.11,-0.39,8.3,47.0,5.5,-13.3,15.9,26.9,101.141,36.9,0,0,0,0,0,NONE,38,248,0.94164749243,48.0431056448,1.49301069413,0.0583525075698
2026-05-27T23:42:55.666,1268633,0.86,-0.12,-0.39,11.5,51.3,5.1,-14.6,16.1,27.0,101.139,36.9,0,0,0,0,0,NONE,53,283,0.951892851113,52.8199772813,0.307437730951,0.048107148887
2026-05-27T23:42:55.715,1268683,0.83,-0.06,-0.46,8.9,59.9,2.6,-15.8,15.4,28.1,101.141,36.9,0,0,0,0,0,NONE,30,189,0.950841732361,60.6133648629,1.93907194297,0.0491582676386
2026-05-27T23:42:55.763,1268733,0.81,-0.08,-0.5,14.9,68.6,7.7,-17.4,16.1,27.2,101.142,36.9,0,0,0,0,0,NONE,285,1652,0.955248658727,70.6205352571,0.979795897113,0.0447513412729
2026-05-27T23:42:55.823,1268785,0.78,-0.06,-0.59,14.6,75.8,7.6,-20.1,15.8,27.5,101.137,36.89,0,0,0,0,0,NONE,320,1706,0.979846926821,77.566487609,1.86449225285,0.0201530731793
2026-05-27T23:42:55.872,1268833,0.77,-0.12,-0.64,10.4,83.9,9.6,-22.1,15.4,27.2,101.138,36.9,0,0,0,0,0,NONE,131,860,1.00841459728,85.0854276595,1.64041830709,0.00841459727634
2026-05-27T23:42:55.921,1268885,0.67,-0.06,-0.74,7.2,91.9,16.8,-24.8,15.0,26.9,101.14,36.89,0,0,0,0,0,NONE,272,1590,1.00004999875,93.7,2.9542868261,4.99987500624e-05
2026-05-27T23:42:55.968,1268935,0.65,-0.02,-0.84,18.8,69.1,11.0,-27.0,15.2,26.0,101.14,36.89,0,0,0,0,0,NONE,247,1125,1.06230880633,72.4517080544,2.19089023002,0.062308806327
2026-05-27T23:42:56.019,1268983,0.6,-0.12,-0.85,11.7,58.0,18.8,-28.8,15.4,27.3,101.142,36.9,0,0,0,0,0,NONE,173,1050,1.04732993846,62.0832505592,2.33853586673,0.0473299384626
2026-05-27T23:42:56.072,1269035,0.57,-0.03,-0.86,24.2,60.2,27.2,-30.8,15.2,25.7,101.139,36.89,0,0,0,0,0,NONE,260,1469,1.03218215447,70.3528251032,1.83449846426,0.0321821544669
2026-05-27T23:42:56.115,1269086,0.48,-0.02,-0.91,9.5,94.1,21.8,-32.6,15.4,25.6,101.139,36.89,0,0,0,0,0,NONE,226,1241,1.02902866821,97.0582299447,2.02825106525,0.0290286682109
2026-05-27T23:42:56.163,1269133,0.57,0.04,-1.12,1.2,65.9,21.9,-34.8,15.4,23.5,101.139,36.9,0,0,0,0,0,NONE,197,1095,1.25733845881,69.4540135629,5.02596247277,0.257338458809
2026-05-27T23:42:56.225,1269187,0.4,0.05,-1.05,1.7,50.3,6.7,-36.4,15.4,23.7,101.137,36.89,0,0,0,0,0,NONE,125,849,1.12472218792,50.7727289005,3.40962085917,0.12472218792
2026-05-27T23:42:56.261,1269233,0.34,0.03,-1.06,4.0,35.6,4.1,-36.7,15.5,23.3,101.136,36.89,0,0,0,0,0,NONE,77,452,1.11359777299,36.0578701534,1.39198352988,0.113597772986
2026-05-27T23:42:56.322,1269283,0.41,0.11,-1.14,3.9,19.2,1.2,-38.0,16.1,23.3,101.14,36.89,0,0,0,0,0,NONE,60,341,1.21647030379,19.6288053635,2.66082693913,0.216470303789
2026-05-27T23:42:56.371,1269333,0.39,0.07,-1.14,8.7,-5.7,1.8,-37.7,15.2,22.5,101.14,36.89,0,0,0,0,0,NONE,69,374,1.20689684729,10.5555672515,0.894427191,0.206896847291
2026-05-27T23:42:56.420,1269385,0.42,0.15,-1.19,7.1,-11.8,-1.3,-37.9,15.7,22.5,101.137,36.89,0,0,0,0,0,NONE,49,307,1.27082650271,13.8325702601,1.90374902627,0.270826502714
2026-05-27T23:42:56.470,1269433,0.48,0.07,-1.21,5.2,-12.9,-7.6,-37.4,15.7,23.0,101.139,36.9,0,0,0,0,0,NONE,230,1372,1.30361037124,15.8496056733,2.124591464,0.303610371238
2026-05-27T23:42:56.515,1269485,0.57,0.08,-1.17,-5.5,-10.3,-14.6,-36.8,15.8,22.2,101.138,36.89,0,0,0,0,0,NONE,94,476,1.30391717528,18.6949190958,1.90374902627,0.303917175284
2026-05-27T23:42:56.563,1269535,0.42,-0.01,-1.04,-11.9,-36.0,5.4,-36.5,15.8,22.2,101.136,36.89,0,0,0,0,0,NONE,91,420,1.12165056947,38.2984333883,4.35889894354,0.121650569473
2026-05-27T23:42:56.613,1269583,0.36,0.06,-0.91,-8.3,-60.1,12.2,-35.1,16.0,24.7,101.135,36.89,0,0,0,0,0,NONE,98,557,0.980459076147,61.8848931485,3.32028696886,0.0195409238525
2026-05-27T23:42:56.673,1269635,0.37,-0.14,-0.89,-1.2,-80.1,19.0,-33.6,16.2,24.8,101.136,36.89,0,0,0,0,0,NONE,62,374,0.973960984845,82.331342756,3.87011765337,0.0260390151551
2026-05-27T23:42:56.724,1269686,0.5,-0.06,-0.77,-1.2,-65.5,20.6,-31.5,16.3,26.3,101.137,36.9,0,0,0,0,0,NONE,134,637,0.920054346221,68.6735028959,3.80715447823,0.0799456537791
2026-05-27T23:42:56.772,1269733,0.61,0.07,-0.68,-10.9,-67.9,16.9,-30.1,16.5,27.2,101.133,36.89,0,0,0,0,0,NONE,373,2153,0.916187753684,70.8154644128,4.09816176261,0.0838122463163
2026-05-27T23:42:56.821,1269785,0.68,0.09,-0.66,-7.5,-69.3,11.0,-28.0,17.0,27.9,101.138,36.9,0,0,0,0,0,NONE,348,1877,0.951892851113,70.5672728678,1.45189123755,0.048107148887
2026-05-27T23:42:56.871,1269833,0.67,0.04,-0.64,-6.4,-66.7,7.9,-26.1,16.9,29.0,101.136,36.89,0,0,0,0,0,NONE,241,1589,0.927415764369,67.470437971,1.14108866147,0.0725842356311
2026-05-27T23:42:56.922,1269885,0.65,0.03,-0.6,-6.3,-62.3,1.6,-23.9,17.2,29.2,101.135,36.9,0,0,0,0,0,NONE,313,1417,0.885098864534,62.6381672784,0.881264556722,0.114901135466
2026-05-27T23:42:56.965,1269937,0.71,0.06,-0.51,-9.3,-68.1,-1.5,-21.7,17.2,29.2,101.133,36.9,0,0,0,0,0,NONE,191,1180,0.876241975712,68.7484545281,2.15864849237,0.123758024288
2026-05-27T23:42:57.014,1269983,0.61,-0.09,-0.48,-16.4,-55.5,-10.1,-19.1,18.0,31.2,101.137,36.89,0,0,0,0,0,NONE,141,961,0.781408983823,58.7470850341,3.97297106141,0.218591016177
2026-05-27T23:42:57.062,1270035,0.76,0.01,-0.41,36.6,-57.7,8.1,-17.1,17.3,29.2,101.133,36.89,0,0,0,0,0,NONE,161,1074,0.863597128295,68.8074123914,3.71905377035,0.136402871705
2026-05-27T23:42:57.121,1270083,0.8,0.02,-0.69,44.6,-56.9,-5.9,-14.7,16.6,28.1,101.133,36.89,0,0,0,0,0,NONE,102,635,1.05664563596,72.5367493068,5.89623820754,0.0566456359632
2026-05-27T23:42:57.172,1270135,0.41,0.11,-0.24,36.2,-66.2,-33.1,-12.3,15.4,27.3,101.132,36.9,0,0,0,0,0,NONE,111,714,0.487647413609,82.3922933289,11.5816499422,0.512352586391
2026-05-27T23:42:57.223,1270185,0.73,-0.12,-0.16,31.2,-39.8,-25.5,-9.3,14.4,28.1,101.132,36.89,0,0,0,0,0,NONE,113,702,0.756901578807,56.636825476,8.04238770515,0.243098421193
2026-05-27T23:42:57.272,1270233,0.93,-0.1,-0.43,23.7,-10.4,-15.7,-7.9,13.7,25.8,101.133,36.9,0,1,0,0,1,NONE,82,753,1.02946588093,30.2711083378,7.01251361654,0.0294658809305
2026-05-27T23:42:57.316,1270285,0.86,-0.02,-0.24,3.3,-22.7,-17.3,-7.1,13.2,26.2,101.134,36.89,0,1,0,0,1,NONE,114,702,0.893084542471,28.7309937176,4.18683481867,0.106915457529
2026-05-27T23:42:57.374,1270337,0.88,-0.05,-0.26,16.7,-7.3,-14.0,-6.2,13.6,24.4,101.136,36.9,0,1,0,0,1,NONE,61,374,0.918966811153,22.9821669997,0.792904928003,0.0810331888474
2026-05-27T23:42:57.413,1270383,0.99,0.09,-0.23,30.6,-13.5,-21.1,-5.4,13.7,24.8,101.134,36.89,0,1,0,0,1,NONE,74,405,1.02034307956,39.5451640533,3.92510219245,0.0203430795571
2026-05-27T23:42:57.465,1270435,0.95,-0.18,-0.29,7.8,0.7,-3.8,-5.2,13.1,25.1,101.131,36.89,0,0,0,0,0,NONE,66,368,1.00945529866,8.70459648691,5.37430331249,0.00945529866359
2026-05-27T23:42:57.510,1270483,0.98,-0.03,-0.24,8.3,-5.0,-4.2,-4.4,13.2,23.8,101.133,36.89,0,0,0,0,0,NONE,98,633,1.00940576578,10.5607764866,3.35280769571,0.009405765785
2026-05-27T23:42:57.574,1270535,0.96,-0.1,-0.18,17.5,-11.2,-5.0,-4.5,13.7,24.2,101.134,36.89,0,1,0,0,1,NONE,127,736,0.981835016691,21.3703065022,1.81422714078,0.0181649833093
2026-05-27T23:42:57.624,1270587,0.93,-0.1,-0.19,22.7,-2.8,-6.6,-3.7,12.9,24.6,101.132,36.89,0,1,0,0,1,NONE,93,572,0.954463199919,23.8052515215,0.608130319263,0.0455368000808
2026-05-27T23:42:57.670,1270635,0.95,-0.17,-0.19,21.0,-1.3,-7.9,-3.6,12.0,23.0,101.134,36.9,0,0,0,0,0,NONE,42,231,0.983615778645,22.4744299149,1.51668956027,0.0163842213547
2026-05-27T23:42:57.719,1270683,0.96,-0.15,-0.21,14.3,3.4,-3.4,-3.1,12.4,23.0,101.133,36.89,0,0,0,0,0,NONE,52,204,0.994082491547,15.0867491528,0.625,0.00591750845315
2026-05-27T23:42:57.768,1270735,0.96,-0.15,-0.2,7.9,1.8,0.1,-2.1,12.4,23.5,101.135,36.89,0,1,0,0,1,NONE,41,134,0.992018144995,8.10308583195,0.192307692308,0.00798185500466
2026-05-27T23:42:57.819,1270785,0.93,-0.14,-0.2,2.1,3.7,0.5,-3.3,12.0,22.3,101.136,36.9,0,1,0,0,1,NONE,29,134,0.961509230325,4.28368999812,0.632455532034,0.0384907696751
2026-05-27T23:42:57.868,1270833,0.93,-0.17,-0.24,-3.5,7.4,2.1,-2.6,12.6,21.6,101.134,36.89,0,1,0,0,1,NONE,43,214,0.975397354928,8.45103543952,1.04166666667,0.0246026450723
2026-05-27T23:42:57.912,1270885,0.93,-0.14,-0.26,-10.8,9.7,4.8,-2.8,12.2,23.1,101.137,36.9,0,1,0,0,1,NONE,37,268,0.97575611707,15.2895389074,0.693375245282,0.0242438829298
2026-05-27T23:42:57.974,1270937,0.87,-0.11,-0.34,-4.3,17.6,3.9,-2.8,12.3,24.2,101.138,36.9,0,1,0,0,1,NONE,29,142,0.940531764482,18.5326738492,2.00775125171,0.0594682355178
2026-05-27T23:42:58.012,1270983,0.85,-0.05,-0.33,-3.3,24.8,6.1,-3.5,13.3,23.6,101.134,36.89,0,1,0,0,1,NONE,29,129,0.913181252545,25.7515048104,1.39198352988,0.0868187474548
2026-05-27T23:42:58.072,1271035,0.84,-0.11,-0.28,-4.7,28.4,3.9,-4.3,13.1,25.2,101.132,36.9,0,0,0,0,0,NONE,123,664,0.892244361148,29.0492684934,1.51423228346,0.107755638852
2026-05-27T23:42:58.121,1271083,0.92,0.02,-0.42,16.7,36.3,9.1,-4.6,13.4,24.4,101.134,36.9,0,0,0,0,0,NONE,190,945,1.01153348931,40.9803611502,4.31506566192,0.0115334893121
2026-05-27T23:42:58.174,1271135,1.0,-0.04,-0.4,35.5,36.7,12.6,-5.7,12.7,25.4,101.136,36.89,0,0,0,0,0,NONE,161,760,1.07777548682,52.5918244597,1.96116135138,0.0777754868246
2026-05-27T23:42:58.222,1271185,0.94,-0.16,-0.26,20.3,37.9,12.0,-6.8,11.9,25.9,101.132,36.89,0,0,0,0,0,NONE,108,590,0.988331928048,44.6374282413,3.87814388593,0.0116680719515
2026-05-27T23:42:58.267,1271233,0.88,-0.11,-0.39,-23.6,64.9,12.8,-8.3,11.6,24.8,101.132,36.9,0,0,0,0,0,NONE,144,831,0.968813707583,70.2339661417,3.15953143502,0.0311862924174
2026-05-27T23:42:58.319,1271285,0.66,-0.05,-0.49,-44.0,68.6,19.1,-10.1,12.6,26.2,101.133,36.9,0,0,0,0,0,NONE,73,485,0.823528991597,83.7064513643,4.7884229223,0.176471008403
2026-05-27T23:42:58.362,1271337,0.47,0.18,-0.4,-31.2,61.6,17.6,-12.8,13.0,25.9,101.136,36.89,0,0,0,0,0,NONE,61,286,0.642884126418,71.2584030133,5.99247555803,0.357115873582
2026-05-27T23:42:58.415,1271383,0.59,0.05,-0.47,-25.5,90.0,8.3,-14.9,15.4,27.4,101.136,36.89,0,0,0,0,0,NONE,243,1431,0.755976190101,93.910276328,4.1361516501,0.244023809899
2026-05-27T23:42:58.475,1271437,0.76,-0.08,-0.62,-5.0,89.1,0.9,-17.5,15.7,28.5,101.133,36.9,0,0,0,0,0,NONE,100,610,0.984073168011,89.2447197318,4.83967938717,0.0159268319886
2026-05-27T23:42:58.509,1271483,-0.26,0.08,-0.6,34.4,98.1,-11.4,-19.8,16.3,29.3,101.137,36.9,0,0,0,0,0,NONE,131,559,0.65878676368,104.57977816,22.4492706842,0.34121323632
2026-05-27T23:42:58.573,1271535,0.7,-0.15,-0.72,33.0,84.2,8.3,-22.5,15.5,27.5,101.136,36.89,0,0,0,0,0,NONE,205,922,1.01533245787,90.8159127026,19.1237406284,0.0153324578679
2026-05-27T23:42:58.619,1271584,0.66,-0.13,-0.93,41.0,100.3,0.1,-22.5,15.5,27.5,101.133,36.89,0,0,0,0,0,NONE,92,395,1.14778046681,108.356356528,4.38181848032,0.147780466814
2026-05-27T23:42:58.668,1271633,0.87,-0.26,-0.75,-7.8,49.4,-1.2,-29.1,14.0,25.1,101.134,36.89,0,0,0,0,0,NONE,58,314,1.17770964163,50.0263930341,6.23702317957,0.177709641635
2026-05-27T23:42:58.723,1271685,0.47,-0.1,-1.02,-5.6,75.1,8.7,-30.5,14.6,25.0,101.137,36.89,0,0,0,0,0,NONE,88,479,1.12751940116,75.809366176,9.77747986068,0.127519401163
2026-05-27T23:42:58.767,1271733,0.63,0.04,-1.06,22.0,44.3,-2.3,-32.4,14.7,24.1,101.139,36.89,0,0,0,0,0,NONE,112,556,1.2337341691,49.5154521337,4.50693909433,0.233734169098
2026-05-27T23:42:58.817,1271785,0.52,0.02,-1.0,3.7,29.4,5.2,-33.0,14.4,23.1,101.14,36.9,0,0,0,0,0,NONE,175,735,1.12729765368,30.0847137264,2.44011106547,0.127297653683
2026-05-27T23:42:58.862,1271835,0.52,-0.06,-1.22,21.0,38.2,-9.7,-33.7,14.1,22.7,101.134,36.9,0,0,0,0,0,NONE,68,406,1.32755414202,44.6579220296,4.68187996429,0.327554142022
2026-05-27T23:42:58.920,1271883,0.5,-0.14,-0.96,5.0,3.4,-8.2,-33.7,13.4,22.3,101.14,36.89,0,0,0,0,0,NONE,53,303,1.09142109197,10.1882285016,5.68257570708,0.0914210919714
2026-05-27T23:42:58.962,1271935,0.26,-0.05,-0.95,8.3,18.9,8.8,-33.8,13.9,22.7,101.14,36.9,0,0,0,0,0,NONE,28,158,0.986204846875,22.4396969677,4.93298282245,0.0137951531249
2026-05-27T23:42:59.025,1271986,0.36,-0.11,-1.08,12.9,23.3,10.3,-34.5,13.1,22.4,101.139,36.89,0,0,0,0,0,NONE,134,732,1.14372199419,28.5550345824,3.42436258756,0.143721994193
2026-05-27T23:42:59.071,1272035,0.21,0.01,-0.8,8.1,0.3,14.3,-34.5,13.6,22.6,101.136,36.89,0,0,0,0,0,NONE,152,671,0.827163828996,16.4374572243,6.92976605973,0.172836171004
2026-05-27T23:42:59.121,1272083,0.32,-0.0,-0.91,-2.0,-4.2,4.0,-34.7,13.2,22.2,101.137,36.89,0,0,0,0,0,NONE,85,515,0.964624279189,6.13514466007,3.24759526419,0.0353757208115
2026-05-27T23:42:59.171,1272135,0.32,-0.04,-0.85,-6.2,-11.1,1.3,-33.7,13.9,22.8,101.14,36.89,0,0,0,0,0,NONE,106,702,0.909120454065,12.7804538261,1.38675049056,0.0908795459346
2026-05-27T23:42:59.225,1272185,0.36,-0.03,-0.95,-7.8,-25.7,-6.7,-33.6,13.6,23.4,101.138,36.89,0,0,0,0,0,NONE,59,420,1.01636607578,27.6806791824,2.16333076528,0.0163660757818
2026-05-27T23:42:59.271,1272233,0.41,-0.19,-1.03,-26.9,-30.5,-3.4,-32.6,14.1,23.8,101.14,36.89,0,0,0,0,0,NONE,25,158,1.12476664246,40.809557704,3.86961992104,0.124766642464
2026-05-27T23:42:59.316,1272285,0.68,-0.1,-1.03,-80.2,-51.8,-2.2,-31.3,15.8,25.6,101.136,36.9,0,0,0,0,0,NONE,277,1049,1.23826491511,95.4993193693,5.47317287337,0.238264915113
2026-05-27T23:42:59.376,1272337,0.67,-0.15,-1.34,-21.5,-39.9,-9.7,-30.5,17.3,26.9,101.139,36.9,0,0,0,0,0,NONE,273,1045,1.50565600321,46.3502966549,6.04164541246,0.505656003209
2026-05-27T23:42:59.417,1272383,0.73,-0.08,-1.06,-10.2,-79.6,8.2,-28.2,17.2,27.6,101.139,36.9,0,0,0,0,0,NONE,234,963,1.28953479984,80.6687052084,6.40843607521,0.289534799841
2026-05-27T23:42:59.472,1272435,0.57,-0.21,-0.64,7.3,-68.0,10.4,-26.4,17.6,28.0,101.139,36.89,0,0,0,0,0,NONE,159,772,0.882383136738,69.1769470272,8.9974519733,0.117616863262
2026-05-27T23:42:59.521,1272483,0.7,-0.26,-0.74,-12.6,-68.0,14.0,-24.2,17.7,28.9,101.142,36.89,0,0,0,0,0,NONE,228,991,1.05128492808,70.5603287974,3.57217254156,0.0512849280761
2026-05-27T23:42:59.571,1272535,0.76,-0.14,-0.68,-14.0,-74.3,5.1,-22.4,18.4,28.2,101.14,36.89,0,0,0,0,0,NONE,175,829,1.0293687386,75.7792847683,2.8263343186,0.0293687385966
2026-05-27T23:42:59.616,1272587,0.73,-0.2,-0.62,1.8,-70.7,-1.8,-19.9,18.3,29.7,101.138,36.9,0,0,0,0,0,NONE,150,854,0.978417088976,70.7458125969,1.73076923077,0.0215829110241
2026-05-27T23:42:59.668,1272635,0.83,-0.24,-0.6,5.7,-63.2,-4.0,-17.6,18.0,29.5,101.138,36.89,0,0,0,0,0,NONE,80,457,1.05190303736,63.5824661365,2.28217732294,0.0519030373566
2026-05-27T23:42:59.716,1272683,0.8,-0.19,-0.4,-1.6,-48.1,1.0,-16.1,18.0,29.2,101.142,36.9,0,0,0,0,0,NONE,58,399,0.914385039248,48.1369920124,4.34013888667,0.0856149607523
2026-05-27T23:42:59.764,1272735,0.85,-0.09,-0.42,5.2,-41.9,3.0,-14.5,17.8,29.3,101.141,36.89,0,1,0,0,1,NONE,34,204,0.952365476065,42.3278867887,2.18419551762,0.0476345239353
2026-05-27T23:42:59.823,1272785,0.85,-0.12,-0.36,13.2,-34.5,-2.6,-13.2,17.5,28.3,101.138,36.9,0,1,0,0,1,NONE,35,167,0.930859817588,37.0303929226,1.3416407865,0.069140182412
2026-05-27T23:42:59.872,1272833,0.86,-0.24,-0.31,-0.2,-22.6,-1.0,-12.2,17.7,28.7,101.138,36.89,0,0,0,0,0,NONE,30,209,0.945145491446,22.6229971489,2.7163343355,0.0548545085544
2026-05-27T23:42:59.920,1272885,0.91,-0.28,-0.37,5.2,-14.2,-2.6,-11.5,17.7,25.9,101.139,36.89,0,0,0,0,0,NONE,28,132,1.02146952965,15.3440542231,1.68749315142,0.0214695296483
2026-05-27T23:42:59.968,1272937,0.91,-0.26,-0.29,3.5,-17.3,-0.9,-10.2,17.7,26.7,101.138,36.89,0,0,0,0,0,NONE,38,159,0.989848473252,17.6734263797,1.58580985601,0.0101515267477
2026-05-27T23:43:00.020,1272983,0.9,-0.23,-0.28,1.0,-9.7,9.8,-10.1,17.9,27.3,101.139,36.89,0,0,0,0,0,NONE,229,819,0.970206163658,13.824977396,0.721005389208,0.029793836342
2026-05-27T23:43:00.063,1273035,0.93,-0.17,-0.29,-5.0,-4.6,13.4,-9.7,17.2,27.3,101.141,36.9,0,0,0,0,0,NONE,122,672,0.988888264669,15.0239808307,1.30429422752,0.011111735331
2026-05-27T23:43:00.111,1273083,0.93,-0.14,-0.31,-4.7,-8.7,11.7,-9.1,17.1,27.5,101.137,36.89,0,0,0,0,0,NONE,73,521,0.990252493054,15.3189425223,0.751156515722,0.00974750694583
2026-05-27T23:43:00.158,1273135,0.88,-0.19,-0.33,2.4,-2.9,5.9,-9.2,17.8,27.0,101.139,36.9,0,0,0,0,0,NONE,89,377,0.958853482029,6.99857128277,1.4131671593,0.0411465179706
2026-05-27T23:43:00.223,1273187,0.87,-0.17,-0.4,4.0,2.9,1.5,-9.3,17.9,27.3,101.139,36.9,0,0,0,0,0,NONE,33,166,0.972522493313,5.16333225737,1.4131671593,0.0274775066869
2026-05-27T23:43:00.272,1273235,0.89,-0.18,-0.33,5.4,7.4,2.9,-9.0,17.7,27.1,101.136,36.9,0,0,0,0,0,NONE,19,94,0.966126285741,9.60885008729,1.53093108924,0.0338737142588
2026-05-27T23:43:00.320,1273283,0.94,-0.2,-0.39,2.7,10.1,3.4,-9.5,17.5,26.7,101.138,36.9,0,0,0,0,0,NONE,25,113,1.03715958271,10.9936345218,1.6796370309,0.0371595827065
2026-05-27T23:43:00.372,1273335,0.88,-0.19,-0.26,2.0,7.8,3.4,-9.5,17.0,27.4,101.14,36.9,0,0,0,0,0,NONE,38,70,0.937069901341,8.74070935336,2.76013463354,0.0629300986586
2026-05-27T23:43:00.422,1273385,0.92,-0.09,-0.36,12.3,16.5,4.6,-10.0,17.1,28.1,101.14,36.9,0,0,0,0,0,NONE,28,123,0.992018144995,21.0879112289,2.93938769134,0.00798185500466
2026-05-27T23:43:00.468,1273433,0.88,-0.21,-0.33,4.6,30.6,-0.5,-9.7,17.6,26.9,101.139,36.9,0,0,0,0,0,NONE,26,132,0.9630160954,30.9478593767,2.70833333333,0.0369839045997
2026-05-27T23:43:00.513,1273485,0.89,-0.16,-0.31,7.6,30.9,1.9,-10.7,17.1,27.5,101.135,36.89,0,0,0,0,0,NONE,43,260,0.955928867647,31.8775783271,1.05331261059,0.0440711323535
2026-05-27T23:43:00.567,1273537,0.86,-0.22,-0.37,7.0,50.5,2.2,-11.8,17.2,26.8,101.138,36.9,0,0,0,0,0,NONE,45,228,0.961717214154,51.0302851256,1.73076923077,0.0382827858461
2026-05-27T23:43:00.610,1273583,0.84,-0.21,-0.35,17.3,55.5,2.0,-13.5,17.6,28.3,101.14,36.9,0,0,0,0,0,NONE,73,329,0.933916484489,58.1682043732,0.652173913043,0.0660835155112
2026-05-27T23:43:00.674,1273635,0.9,-0.22,-0.49,-5.0,57.9,13.7,-15.0,17.2,28.1,101.141,36.89,0,0,0,0,0,NONE,65,361,1.04809350728,59.7084583623,2.93544952355,0.0480935072788
2026-05-27T23:43:00.722,1273683,0.77,-0.14,-0.46,-13.7,54.4,24.4,-16.3,17.5,28.2,101.137,36.9,0,0,0,0,0,NONE,68,489,0.907799537343,61.1752400894,3.24090608044,0.0922004626571
2026-05-27T23:43:00.770,1273735,0.8,0.05,-0.56,-8.4,62.4,14.9,-19.0,18.2,28.0,101.14,36.9,0,0,0,0,0,NONE,108,710,0.977803661274,64.7018546875,4.1691314209,0.0221963387264
2026-05-27T23:43:00.822,1273787,0.76,-0.1,-0.71,10.3,77.4,6.7,-20.7,18.8,30.1,101.141,36.9,0,0,0,0,0,NONE,163,902,1.04484448604,78.3692541753,4.15135252787,0.0448444860361
2026-05-27T23:43:00.866,1273835,0.63,-0.17,-0.66,1.3,85.4,1.1,-23.4,18.5,28.7,101.14,36.89,0,0,0,0,0,NONE,165,927,0.928116372014,85.4169772352,3.24759526419,0.0718836279862
2026-05-27T23:43:00.918,1273883,0.56,-0.15,-0.76,20.9,103.7,0.6,-25.7,18.6,28.1,101.142,36.9,0,0,0,0,0,NONE,78,391,0.955876561068,105.786861188,2.57694101601,0.0441234389316
2026-05-27T23:43:00.966,1273935,0.51,-0.19,-0.83,15.7,103.8,6.5,-29.0,18.1,27.1,101.138,36.9,0,0,0,0,0,NONE,85,447,0.992522040058,105.181652392,1.82439095779,0.00747795994245
2026-05-27T23:43:01.014,1273985,0.51,-0.16,-0.95,28.9,123.7,-2.4,-32.0,18.3,26.5,101.141,36.9,0,0,0,0,0,NONE,87,383,1.09004587059,127.053768146,2.47386337537,0.0900458705944
2026-05-27T23:43:01.071,1274033,0.47,-0.17,-1.1,-3.7,75.0,-1.5,-33.7,17.6,24.5,101.14,36.9,0,0,0,0,0,NONE,91,421,1.20822183394,75.1061914891,3.24090608044,0.208221833936
2026-05-27T23:43:01.121,1274085,0.42,-0.11,-1.22,22.2,60.4,6.3,-36.6,18.0,25.4,101.139,36.9,0,0,0,0,0,NONE,51,273,1.29495173655,64.6582554667,2.75342712755,0.294951736552
2026-05-27T23:43:01.173,1274137,0.42,-0.17,-1.29,2.2,35.9,-2.9,-37.4,17.2,22.7,101.14,36.89,0,0,0,0,0,NONE,85,531,1.36726003379,36.0840685068,1.77298931871,0.36726003379
2026-05-27T23:43:01.217,1274183,0.38,-0.09,-1.28,21.4,8.1,1.3,-37.5,17.4,23.3,101.138,36.9,0,0,0,0,0,NONE,69,416,1.33824511955,22.9185514376,1.95652173913,0.33824511955
2026-05-27T23:43:01.265,1274235,0.43,-0.14,-1.24,13.4,-21.1,-1.9,-37.5,16.1,22.0,101.136,36.89,0,0,0,0,0,NONE,58,213,1.31988635874,25.0675088511,1.56231507781,0.319886358745
2026-05-27T23:43:01.316,1274283,0.46,-0.08,-1.38,11.0,-27.2,-1.4,-38.0,16.9,22.1,101.138,36.9,0,0,0,0,0,NONE,55,335,1.45684590812,29.3734574063,3.23420306172,0.456845908118
2026-05-27T23:43:01.369,1274335,0.51,-0.1,-1.12,7.8,-47.5,-3.7,-37.3,16.4,23.2,101.138,36.9,0,0,0,0,0,NONE,50,303,1.23470644284,48.2781524087,5.1061223259,0.234706442844
2026-05-27T23:43:01.424,1274387,0.5,-0.06,-0.95,-5.1,-62.1,6.3,-36.2,16.1,22.5,101.138,36.91,0,0,0,0,0,NONE,83,426,1.07522090753,62.6267514725,3.36401070856,0.0752209075348
2026-05-27T23:43:01.473,1274435,0.5,-0.23,-0.95,-7.0,-110.3,18.4,-34.1,16.7,23.7,101.137,36.9,0,0,0,0,0,NONE,46,306,1.0979070999,112.043072075,3.54166666667,0.0979070998951
2026-05-27T23:43:01.521,1274483,0.43,-0.06,-0.89,-10.1,-113.2,9.6,-32.3,16.6,26.2,101.139,36.9,0,0,0,0,0,NONE,37,212,0.990252493054,114.054416837,4.02897491788,0.00974750694583
2026-05-27T23:43:01.571,1274535,0.48,-0.07,-0.71,-6.2,-98.6,1.4,-29.3,17.1,26.5,101.134,36.89,0,0,0,0,0,NONE,50,375,0.859883713068,98.8046557607,3.59774748728,0.140116286932
2026-05-27T23:43:01.616,1274585,0.44,0.03,-0.5,-13.2,-85.7,5.9,-26.4,17.2,29.4,101.137,36.9,0,0,0,0,0,NONE,65,408,0.666708332031,86.9111040086,4.72016948848,0.333291667969
2026-05-27T23:43:01.665,1274634,0.75,0.12,-0.56,-6.4,-84.3,10.3,-23.6,17.3,29.1,101.134,36.9,0,0,0,0,0,NONE,74,457,0.943663075467,85.1677168885,6.7005939426,0.0563369245329
2026-05-27T23:43:01.725,1274685,0.39,0.06,-0.43,-17.5,-60.1,-14.8,-20.8,17.0,28.8,101.133,36.9,0,0,0,0,0,NONE,395,2757,0.583609458457,64.3218469884,7.59661593247,0.416390541543
2026-05-27T23:43:01.775,1274737,0.62,0.02,-0.27,-1.0,-74.5,-6.7,-18.1,17.7,29.1,101.133,36.9,0,0,0,0,0,NONE,496,2433,0.676535291023,74.8073525798,5.44268142234,0.323464708977
2026-05-27T23:43:01.811,1274783,0.54,-0.18,-0.39,13.7,-44.1,14.0,-15.1,17.7,28.9,101.138,36.9,0,0,0,0,0,NONE,140,882,0.69,48.2545334658,5.36036000258,0.31
2026-05-27T23:43:01.873,1274835,0.85,0.13,-0.52,33.8,-36.4,13.9,-13.1,16.7,28.6,101.136,36.9,0,0,0,0,0,NONE,129,616,1.00488805347,51.5811011903,8.79374105013,0.00488805346665
2026-05-27T23:43:01.920,1274883,0.82,-0.13,-0.4,30.9,-56.5,-5.6,-12.2,15.5,28.0,101.135,36.9,0,0,0,0,0,NONE,76,397,0.921574739237,64.6406992536,5.9984083537,0.0784252607629
2026-05-27T23:43:01.973,1274935,0.84,-0.04,-0.41,20.1,-27.6,-4.1,-10.3,14.7,26.7,101.137,36.9,0,0,0,0,0,NONE,141,846,0.935574689696,34.3886609219,1.78338817221,0.0644253103039
2026-05-27T23:43:02.021,1274987,0.9,-0.01,-0.42,21.7,-31.9,-7.3,-9.3,13.8,26.3,101.133,36.9,0,0,0,0,0,NONE,66,317,0.993227063667,39.2656338291,1.30429422752,0.00677293633329
2026-05-27T23:43:02.068,1275035,0.91,-0.1,-0.28,23.9,-22.4,-10.4,-7.8,13.9,26.0,101.134,36.9,0,0,0,0,0,NONE,67,353,0.957340064972,34.3675719247,3.47361083344,0.0426599350283
2026-05-27T23:43:02.112,1275083,0.92,-0.15,-0.28,16.0,-24.3,-11.1,-7.1,13.4,25.6,101.134,36.9,0,0,0,0,0,NONE,65,373,0.973293378175,31.1400064226,1.062295732,0.0267066218246
2026-05-27T23:43:02.167,1275132,0.89,-0.11,-0.26,-0.6,-12.1,-6.3,-7.1,13.4,25.6,101.131,36.9,0,0,0,0,0,NONE,59,244,0.933702308019,13.6550357012,1.09901322595,0.066297691981
2026-05-27T23:43:02.222,1275187,0.95,-0.04,-0.26,1.6,-9.0,-2.9,-4.9,13.3,24.0,101.135,36.9,0,0,0,0,0,NONE,81,453,0.985748446613,9.59009906101,1.67628081042,0.014251553387
2026-05-27T23:43:02.270,1275233,0.93,-0.07,-0.26,5.8,-8.7,-4.0,-3.7,13.2,25.0,101.135,36.9,0,0,0,0,0,NONE,71,432,0.968194195397,11.1950882087,0.783815494666,0.0318058046032
2026-05-27T23:43:02.321,1275284,0.98,0.02,-0.24,11.6,-3.8,-4.3,-3.7,13.3,25.6,101.132,36.89,0,0,0,0,0,NONE,75,495,1.00915806492,12.9417927661,2.05648793759,0.00915806492343
2026-05-27T23:43:02.369,1275334,0.99,-0.16,-0.19,16.4,-4.7,-4.3,-3.5,12.7,23.6,101.133,36.9,0,0,0,0,0,NONE,50,362,1.0206860438,17.5937488899,3.74165738677,0.020686043796
2026-05-27T23:43:02.412,1275385,0.99,-0.11,-0.21,11.2,-4.0,0.6,-3.4,13.0,23.6,101.135,36.9,0,0,0,0,0,NONE,48,275,1.01798821211,11.9079805173,1.05591466807,0.0179882121125
2026-05-27T23:43:02.470,1275433,0.94,-0.18,-0.2,3.5,7.7,11.3,-3.0,12.7,23.2,101.134,36.9,0,0,0,0,0,NONE,52,220,0.977752524926,14.1148857594,1.80421959122,0.0222474750736
2026-05-27T23:43:02.523,1275485,0.95,-0.2,-0.27,4.0,-4.8,2.6,-2.9,12.7,23.4,101.132,36.9,0,0,0,0,0,NONE,59,368,1.00767058109,6.76756972628,1.4131671593,0.00767058109285
2026-05-27T23:43:02.573,1275537,0.9,0.08,-0.04,2.5,0.7,-1.8,-2.9,12.4,23.3,101.135,36.9,0,0,0,0,0,NONE,110,573,0.904433524368,3.15911379979,7.03436198391,0.0955664756324
2026-05-27T23:43:02.618,1275585,0.99,-0.17,-0.2,0.7,8.3,-7.1,-3.1,13.0,23.5,101.134,36.9,0,0,0,0,0,NONE,73,434,1.02420701033,10.9448618082,6.4616926747,0.0242070103255
2026-05-27T23:43:02.666,1275633,0.97,-0.14,-0.17,2.0,6.4,-2.2,-2.9,12.8,23.1,101.135,36.9,0,0,0,0,0,NONE,64,381,0.994685880065,7.05691150575,0.977169949963,0.00531411993534
2026-05-27T23:43:02.721,1275685,0.97,-0.07,-0.17,7.2,5.1,2.6,-2.6,13.1,23.5,101.135,36.9,0,0,0,0,0,NONE,36,206,0.987268960314,9.19836942072,1.34615384615,0.0127310396857
2026-05-27T23:43:02.764,1275737,0.96,-0.09,-0.18,12.5,7.3,4.0,-3.4,12.7,23.1,101.133,36.9,0,0,0,0,0,NONE,36,201,0.980866963456,15.0179892129,0.471055719766,0.0191330365437
2026-05-27T23:43:02.813,1275783,0.93,-0.11,-0.18,5.9,10.7,2.9,-3.5,12.8,22.8,101.135,36.91,0,0,0,0,0,NONE,27,146,0.953624664111,12.5582642113,0.783815494666,0.0463753358894
2026-05-27T23:43:02.873,1275835,0.97,-0.09,-0.2,3.2,13.7,3.4,-3.7,12.3,23.4,101.137,36.9,0,0,0,0,0,NONE,97,573,0.994484791236,14.4737693777,0.942111439532,0.00551520876385
2026-05-27T23:43:02.921,1275883,0.94,-0.09,-0.2,0.1,18.4,4.3,-4.2,12.7,23.5,101.139,36.9,0,0,0,0,0,NONE,138,818,0.965246082613,18.8960313294,0.625,0.0347539173869
2026-05-27T23:43:02.972,1275935,0.93,-0.09,-0.25,-5.4,15.0,6.3,-4.5,13.0,23.9,101.134,36.9,0,0,0,0,0,NONE,101,657,0.96721248958,17.1420535526,0.980580675691,0.0327875104198
2026-05-27T23:43:03.021,1275987,0.91,-0.1,-0.24,-3.4,20.0,3.2,-4.9,12.9,23.5,101.139,36.9,0,0,0,0,0,NONE,61,403,0.946414285606,20.5377700834,0.471055719766,0.0535857143935
2026-05-27T23:43:03.069,1276035,0.87,-0.12,-0.25,-7.6,27.2,2.0,-5.6,13.9,25.6,101.136,36.91,0,0,0,0,0,NONE,32,226,0.913126497261,28.3125413907,0.954703269782,0.0868735027391
2026-05-27T23:43:03.115,1276083,0.83,-0.06,-0.34,-11.4,41.4,1.2,-6.5,13.9,25.6,101.131,36.9,0,0,0,0,0,NONE,30,193,0.898943824719,42.9576535672,2.40261720722,0.101056175281
2026-05-27T23:43:03.165,1276135,0.8,-0.15,-0.39,-5.4,45.6,-3.0,-7.5,14.3,26.5,101.137,36.9,0,0,0,0,0,NONE,40,198,0.902551937564,46.0165187732,2.06227024899,0.0974480624363
2026-05-27T23:43:03.224,1276185,0.76,-0.16,-0.4,-18.6,58.1,2.3,-8.4,14.7,26.8,101.137,36.91,0,0,0,0,0,NONE,37,231,0.873613186714,61.0480138907,0.848528137424,0.126386813286
2026-05-27T23:43:03.265,1276233,0.72,-0.04,-0.51,-32.0,42.9,6.4,-10.0,15.8,27.1,101.137,36.9,0,0,0,0,0,NONE,61,362,0.88323269867,53.9014842096,3.49230304463,0.11676730133
2026-05-27T23:43:03.320,1276285,0.8,-0.05,-0.33,-1.3,47.9,-0.3,-11.6,16.3,28.1,101.132,36.9,0,0,0,0,0,NONE,47,281,0.866833317311,47.9185767735,3.79290056218,0.133166682689
2026-05-27T23:43:03.369,1276337,0.75,-0.07,-0.52,9.1,60.6,-0.1,-13.7,16.6,28.5,101.138,36.91,0,0,0,0,0,NONE,59,332,0.91531415372,61.2795234968,3.79777262656,0.0846858462801
2026-05-27T23:43:03.417,1276383,0.66,-0.13,-0.45,-21.5,71.2,-0.6,-15.5,17.1,28.7,101.133,36.9,0,0,0,0,0,NONE,57,318,0.809320702812,74.3777520499,2.80089102755,0.190679297188
2026-05-27T23:43:03.466,1276435,0.85,-0.22,-0.43,19.1,67.3,1.8,-17.4,17.2,28.3,101.135,36.9,0,0,0,0,0,NONE,45,258,0.977650244208,69.9809974207,4.06129078499,0.022349755792
2026-05-27T23:43:03.516,1276483,0.67,-0.05,-0.68,16.2,110.5,2.9,-19.6,16.7,27.7,101.137,36.9,0,0,0,0,0,NONE,92,542,0.955928867647,111.718843531,7.33025503573,0.0440711323535
2026-05-27T23:43:03.572,1276535,0.54,-0.17,-0.52,11.5,81.2,9.3,-22.2,16.9,29.0,101.135,36.9,0,0,0,0,0,NONE,66,347,0.768700201639,82.5359315692,4.58725401611,0.231299798361
2026-05-27T23:43:03.624,1276587,0.76,-0.09,-0.75,17.0,56.1,-6.2,-24.9,17.0,28.0,101.137,36.9,0,0,0,0,0,NONE,54,354,1.07154094649,58.9461618767,6.31109195439,0.0715409464878
2026-05-27T23:43:03.671,1276635,0.53,0.02,-0.79,33.8,62.4,-2.3,-26.4,16.2,26.3,101.138,36.9,0,0,0,0,0,NONE,65,431,0.951525091629,71.0034506204,5.3764532919,0.0484749083708
2026-05-27T23:43:03.721,1276683,0.47,-0.24,-0.81,19.6,52.9,5.7,-28.1,15.9,26.9,101.136,36.9,0,0,0,0,0,NONE,65,330,0.966747123089,56.7014990983,5.57462006677,0.0332528769114
2026-05-27T23:43:03.766,1276736,0.65,-0.19,-0.98,21.8,33.8,8.1,-29.6,15.4,25.3,101.132,36.9,0,0,0,0,0,NONE,86,585,1.1912178642,41.0279173247,4.7657852605,0.191217864205
2026-05-27T23:43:03.819,1276785,0.49,0.17,-0.83,14.2,41.3,15.4,-30.4,15.1,25.1,101.137,36.9,0,0,0,0,0,NONE,93,539,0.978723658649,46.308638503,8.60295465647,0.0212763413506
2026-05-27T23:43:03.872,1276834,0.48,-0.09,-1.06,15.9,36.9,6.5,-31.6,15.6,26.0,101.14,36.9,0,0,0,0,0,NONE,103,616,1.16709039924,40.7022112421,7.08724708334,0.167090399241
2026-05-27T23:43:03.908,1276885,0.65,-0.11,-1.07,4.0,44.3,3.4,-32.9,15.3,24.2,101.136,36.91,0,0,0,0,0,NONE,71,389,1.25678160394,44.6099764627,3.362044745,0.256781603939
2026-05-27T23:43:03.973,1276937,0.45,0.02,-0.99,14.4,51.9,4.5,-33.4,14.9,23.2,101.142,36.9,0,0,0,0,0,NONE,164,797,1.08765803449,54.048311722,4.83836370208,0.0876580344943
2026-05-27T23:43:04.020,1276983,0.48,0.01,-0.87,7.1,26.0,-7.4,-34.4,14.2,23.2,101.137,36.9,0,0,0,0,0,NONE,77,536,0.993680028983,27.9494185986,2.69775514043,0.00631997101683
2026-05-27T23:43:04.073,1277036,0.41,-0.24,-1.1,-6.0,28.9,-8.4,-35.1,14.6,22.5,101.138,36.91,0,0,0,0,0,NONE,57,364,1.1982069938,30.6882713752,6.54420573435,0.198206993804
2026-05-27T23:43:04.120,1277083,0.31,-0.04,-0.94,-11.5,18.2,-8.5,-34.9,15.2,22.0,101.14,36.9,0,0,0,0,0,NONE,66,438,0.99060587521,23.1460579797,5.85009663186,0.00939412479029
2026-05-27T23:43:04.172,1277136,0.44,-0.1,-1.05,-0.9,11.5,-4.9,-35.6,14.6,23.2,101.139,36.9,0,0,0,0,0,NONE,52,321,1.14284732139,12.532757079,3.40669246892,0.142847321386
2026-05-27T23:43:04.218,1277187,0.39,-0.03,-0.89,-3.2,-19.9,0.3,-35.2,14.7,22.5,101.138,36.91,0,0,0,0,0,NONE,99,472,0.972162537851,20.1578768723,3.56194159306,0.0278374621495
2026-05-27T23:43:04.269,1277235,0.41,-0.02,-0.93,-0.3,-38.6,-1.6,-34.7,14.9,24.4,101.142,36.9,0,0,0,0,0,NONE,44,235,1.01656283623,38.6343111754,0.954703269782,0.016562836228
2026-05-27T23:43:04.317,1277283,0.42,0.04,-1.04,-1.0,-41.0,4.5,-33.2,15.5,23.3,101.139,36.91,0,0,0,0,0,NONE,89,517,1.12231902773,41.2583324918,2.61870939375,0.122319027728
2026-05-27T23:43:04.374,1277336,0.46,-0.0,-1.03,-1.6,-58.0,8.5,-32.2,15.0,24.7,101.138,36.9,0,0,0,0,0,NONE,64,518,1.12805141727,58.6413676512,1.08387974463,0.128051417268
2026-05-27T23:43:04.422,1277385,0.59,0.06,-1.0,-7.4,-56.9,2.7,-30.8,15.4,25.6,101.139,36.9,0,0,0,0,0,NONE,82,566,1.16262633722,57.442667069,2.98545690578,0.162626337221
2026-05-27T23:43:04.470,1277434,0.66,0.01,-1.07,3.8,-55.1,0.4,-29.5,15.8,25.6,101.138,36.91,0,0,0,0,0,NONE,75,448,1.25721915353,55.2323274903,2.26337479723,0.257219153529
2026-05-27T23:43:04.522,1277485,0.64,-0.12,-0.85,-13.5,-78.3,-0.9,-27.8,15.9,27.8,101.137,36.9,0,0,0,0,0,NONE,184,996,1.07074740252,79.4603674796,5.02588455607,0.0707474025184
2026-05-27T23:43:04.568,1277537,0.63,-0.14,-0.66,-7.1,-64.3,-5.7,-25.4,16.1,27.3,101.142,36.9,0,0,0,0,0,NONE,141,770,0.923092628072,64.9414351551,3.67906278264,0.0769073719285
2026-05-27T23:43:04.614,1277583,0.73,-0.21,-0.68,-8.7,-61.5,-11.7,-23.3,16.0,27.3,101.139,36.9,0,0,0,0,0,NONE,116,640,1.01950968607,63.2046675492,2.68898192975,0.0195096860746
2026-05-27T23:43:04.668,1277636,0.8,-0.21,-0.69,-0.3,-69.7,-21.5,-21.4,16.0,27.9,101.136,36.91,0,0,0,0,0,NONE,136,859,1.07712580509,72.9412777514,1.33416373809,0.0771258050943
2026-05-27T23:43:04.715,1277683,0.76,-0.21,-0.52,-2.1,-74.0,-24.0,-18.4,15.9,29.2,101.14,36.9,0,0,0,0,0,NONE,171,1068,0.944510455209,77.8229400627,3.7157977014,0.0554895447905
2026-05-27T23:43:04.768,1277735,0.79,-0.19,-0.42,5.9,-52.2,-14.8,-16.6,16.4,29.2,101.138,36.9,0,0,0,0,0,NONE,234,1162,0.914658406182,54.5773762653,2.04425881014,0.0853415938177
2026-05-27T23:43:04.825,1277787,0.89,-0.22,-0.41,0.4,-45.8,-4.1,-14.2,16.5,27.9,101.14,36.9,0,0,0,0,0,NONE,299,1594,1.00429079454,45.9848888223,2.01694009263,0.0042907945411
2026-05-27T23:43:04.872,1277835,0.83,-0.21,-0.33,-1.6,-30.6,1.8,-13.0,16.7,27.5,101.139,36.91,0,0,0,0,0,NONE,360,1753,0.917551088496,30.6946249366,2.09372408773,0.0824489115041
2026-05-27T23:43:04.921,1277883,0.91,-0.2,-0.35,-2.6,-24.2,7.8,-11.7,16.2,26.8,101.14,36.9,0,0,0,0,0,NONE,190,1129,0.995288902781,25.5585602098,1.73054663811,0.0047110972185
2026-05-27T23:43:04.971,1277935,0.9,-0.24,-0.34,-4.3,-29.0,0.5,-11.1,16.5,26.4,101.142,36.9,0,0,0,0,0,NONE,101,530,0.991564420499,29.3213232989,0.815892439831,0.00843557950076
2026-05-27T23:43:05.016,1277983,0.92,-0.22,-0.31,-8.1,-29.0,4.7,-9.9,15.8,26.4,101.14,36.9,0,0,0,0,0,NONE,75,476,0.995439601382,30.4745795705,0.85898033867,0.00456039861778
2026-05-27T23:43:05.071,1278036,0.88,-0.24,-0.3,-3.1,-24.2,8.6,-9.1,16.7,26.1,101.141,36.9,0,0,0,0,0,NONE,72,370,0.960208310733,25.8690935288,0.864636923577,0.0397916892674
2026-05-27T23:43:05.116,1278085,0.9,-0.19,-0.3,-5.7,-19.2,6.5,-8.2,16.3,26.6,101.14,36.9,0,0,0,0,0,NONE,74,435,0.967522609555,21.0565904173,1.09901322595,0.0324773904451
2026-05-27T23:43:05.171,1278134,0.91,-0.15,-0.25,0.2,-7.6,9.2,-7.3,16.4,26.3,101.139,36.91,0,0,0,0,0,NONE,52,354,0.955562661472,11.9348229983,1.32260014253,0.0444373385277
2026-05-27T23:43:05.224,1278185,0.91,-0.2,-0.2,-10.6,-4.2,6.4,-7.4,17.1,27.3,101.139,36.91,0,0,0,0,0,NONE,54,321,0.952942810456,13.0751673029,1.38648388468,0.0470571895439
2026-05-27T23:43:05.275,1278237,0.9,-0.14,-0.25,3.5,9.8,5.6,-7.1,16.7,26.4,101.139,36.91,0,0,0,0,0,NONE,146,759,0.944510455209,11.8173601113,1.51423228346,0.0554895447905
2026-05-27T23:43:05.320,1278283,0.93,-0.21,-0.18,13.2,15.1,3.6,-7.6,17.8,26.0,101.137,36.9,0,0,0,0,0,NONE,70,365,0.970257697728,20.3767023829,2.24871313756,0.0297423022722
2026-05-27T23:43:05.373,1278335,0.89,-0.17,-0.25,4.3,36.9,6.2,-8.2,17.0,26.9,101.139,36.9,0,0,0,0,0,NONE,238,1053,0.939946807006,37.6635101922,1.73076923077,0.0600531929944
2026-05-27T23:43:05.421,1278383,0.93,-0.14,-0.32,9.6,35.2,5.9,-8.6,17.2,25.6,101.14,36.91,0,0,0,0,0,NONE,214,865,0.993428407083,36.9595725084,1.7921510973,0.00657159291673
2026-05-27T23:43:05.472,1278435,0.88,-0.17,-0.29,3.0,50.3,6.0,-9.8,16.6,27.1,101.141,36.91,0,0,0,0,0,NONE,91,549,0.942019108086,50.7453446141,1.26104587006,0.0579808919135
2026-05-27T23:43:05.516,1278487,0.85,-0.19,-0.33,15.9,59.5,4.1,-11.0,16.9,26.3,101.141,36.91,0,0,0,0,0,NONE,140,726,0.93139680051,61.7241443845,1.03560861676,0.0686031994901
2026-05-27T23:43:05.573,1278535,0.85,-0.16,-0.43,13.5,67.2,3.5,-12.8,16.3,28.2,101.139,36.9,0,0,0,0,0,NONE,91,579,0.965919251283,68.6319167735,2.17506385602,0.0340807487165
2026-05-27T23:43:05.620,1278583,0.8,-0.17,-0.5,14.0,70.3,8.3,-14.8,16.1,27.6,101.141,36.91,0,0,0,0,0,NONE,91,675,0.95859271852,72.1594068712,1.80421959122,0.0414072814798
2026-05-27T23:43:05.674,1278635,0.77,-0.11,-0.61,17.2,75.5,18.8,-17.4,16.2,27.0,101.14,36.91,0,0,0,0,0,NONE,137,790,0.988483687271,79.6839381557,2.4777112936,0.0115163127294
2026-05-27T23:43:05.725,1278685,0.77,-0.14,-0.64,24.2,71.5,13.1,-18.8,15.7,27.6,101.141,36.9,0,0,0,0,0,NONE,109,474,1.01098961419,76.6126621388,0.848528137424,0.01098961419
2026-05-27T23:43:05.767,1278734,0.68,-0.12,-0.69,12.3,89.4,17.1,-18.8,15.7,27.6,101.138,36.9,0,0,0,0,0,NONE,121,696,0.976165969495,91.8480266527,2.14042622076,0.0238340305051
2026-05-27T23:43:05.819,1278785,0.63,-0.1,-0.74,9.6,92.0,17.3,-26.2,16.1,27.0,101.139,36.91,0,0,0,0,0,NONE,124,734,0.976985158536,94.1034005762,1.44087631928,0.0230148414638
2026-05-27T23:43:05.875,1278837,0.57,-0.05,-0.85,22.3,94.9,16.1,-29.4,15.0,26.7,101.142,36.91,0,0,0,0,0,NONE,67,437,1.02464628043,98.8054148314,2.59437260831,0.0246462804305
2026-05-27T23:43:05.916,1278883,0.61,-0.07,-0.92,12.8,84.8,13.2,-31.8,15.1,24.4,101.142,36.9,0,0,0,0,0,NONE,66,387,1.10607413856,86.7705019001,1.80578779629,0.106074138564
2026-05-27T23:43:05.974,1278936,0.48,-0.02,-1.01,12.9,76.9,15.1,-33.2,15.0,24.4,101.138,36.9,0,0,0,0,0,NONE,81,573,1.11843640856,79.4231074688,3.12889131166,0.118436408563
2026-05-27T23:43:06.019,1278983,0.45,-0.05,-1.1,7.1,59.4,13.9,-35.3,15.4,23.4,101.14,36.9,0,0,0,0,0,NONE,94,576,1.18953772534,61.4164473085,2.11699454704,0.189537725337
2026-05-27T23:43:06.072,1279035,0.43,-0.03,-1.15,3.5,43.0,12.6,-36.2,15.0,23.4,101.139,36.91,0,0,0,0,0,NONE,113,610,1.22812865776,44.9445213569,1.10472358587,0.228128657755
2026-05-27T23:43:06.122,1279085,0.39,0.06,-1.06,0.3,27.5,4.3,-37.1,16.0,23.8,101.139,36.91,0,0,0,0,0,NONE,53,450,1.13106144837,27.8357683566,2.66833281283,0.131061448375
2026-05-27T23:43:06.171,1279134,0.37,-0.02,-1.17,1.6,18.9,-3.4,-37.0,15.9,21.9,101.139,36.91,0,0,0,0,0,NONE,66,489,1.22727340067,19.2699247534,2.80565858875,0.227273400673
2026-05-27T23:43:06.219,1279185,0.3,0.03,-1.18,5.0,-4.5,-5.9,-36.9,15.9,22.4,101.133,36.9,0,0,0,0,0,NONE,152,674,1.21790804251,8.94762538331,1.69808902703,0.217908042506
2026-05-27T23:43:06.274,1279237,0.41,-0.0,-0.99,12.6,-12.4,-6.5,-36.9,15.7,21.7,101.141,36.91,0,0,0,0,0,NONE,93,423,1.07154094649,18.8353391262,4.26125380888,0.0715409464878
2026-05-27T23:43:06.323,1279283,0.44,-0.06,-1.16,-3.1,-20.6,1.6,-36.6,15.7,23.1,101.141,36.91,0,0,0,0,0,NONE,80,396,1.24209500442,20.8933003616,3.97297106141,0.242095004418
2026-05-27T23:43:06.364,1279337,0.39,0.02,-1.1,-5.5,-20.4,-0.2,-36.2,16.3,23.1,101.138,36.91,0,0,0,0,0,NONE,93,489,1.16726175299,21.1293634547,2.0704333125,0.167261752993
2026-05-27T23:43:06.412,1279383,0.42,-0.03,-1.03,-10.0,-19.2,-2.3,-35.4,16.2,23.3,101.138,36.91,0,0,0,0,0,NONE,123,804,1.11274435519,21.7699333945,1.98052903894,0.112744355187
2026-05-27T23:43:06.472,1279436,0.45,-0.04,-1.0,-5.9,-21.5,6.2,-33.8,16.1,23.0,101.14,36.91,0,0,0,0,0,NONE,136,669,1.09731490467,23.1408729308,0.822433762932,0.097314904665
2026-05-27T23:43:06.521,1279486,0.56,0.05,-1.04,-8.2,-49.5,15.9,-34.2,16.5,25.0,101.14,36.91,0,0,0,0,0,NONE,83,470,1.18224362971,52.6336394334,2.95296461205,0.182243629714
2026-05-27T23:43:06.570,1279535,0.57,-0.05,-0.97,22.3,-93.1,25.9,-32.3,16.9,25.0,101.137,36.91,0,0,0,0,0,NONE,57,240,1.12618826135,99.1751480967,2.49947932937,0.126188261349
2026-05-27T23:43:06.619,1279583,0.46,0.04,-0.8,14.6,-73.0,19.0,-30.6,16.1,25.3,101.136,36.9,0,0,0,0,0,NONE,80,393,0.9236882591,76.8320245731,4.61635829295,0.0763117408996
2026-05-27T23:43:06.673,1279635,0.51,-0.13,-0.76,7.9,-65.6,10.0,-28.4,15.9,26.0,101.139,36.91,0,0,0,0,0,NONE,84,442,0.924445779914,66.8264169322,3.49344271627,0.0755542200864
2026-05-27T23:43:06.712,1279685,0.68,-0.08,-0.78,-0.1,-63.0,6.4,-26.8,16.1,26.9,101.136,36.91,0,0,0,0,0,NONE,87,399,1.03788245963,63.3243239206,3.56651090003,0.0378824596263
2026-05-27T23:43:06.760,1279734,0.71,0.03,-0.65,-9.2,-58.3,-1.3,-24.8,16.1,27.7,101.132,36.91,0,0,0,0,0,NONE,154,982,0.963068014213,59.0357518797,3.52890131955,0.0369319857871
2026-05-27T23:43:06.808,1279785,0.79,-0.01,-0.63,-26.4,-60.3,-0.4,-22.2,17.0,28.1,101.136,36.9,0,0,0,0,0,NONE,132,796,1.01049492824,65.8271220699,1.79708850783,0.0104949282406
2026-05-27T23:43:06.874,1279837,0.75,-0.02,-0.5,-16.8,-61.3,-0.2,-20.0,17.3,29.1,101.138,36.91,0,0,0,0,0,NONE,672,2826,0.901609671643,63.5607583341,2.62272724942,0.0983903283571
2026-05-27T23:43:06.921,1279883,0.8,-0.03,-0.46,11.5,-58.8,0.8,-17.8,17.1,29.3,101.135,36.91,0,0,0,0,0,NONE,442,1961,0.923309265631,59.9193624799,1.40885667357,0.076690734369
2026-05-27T23:43:06.971,1279935,0.68,-0.03,-0.39,14.2,-52.9,1.0,-15.8,16.6,28.2,101.135,36.9,0,0,0,0,0,NONE,137,656,0.784474346298,54.7818400567,2.67162384412,0.215525653702
2026-05-27T23:43:07.015,1279983,0.8,-0.07,-0.48,32.8,-66.2,-9.6,-13.9,15.7,28.7,101.133,36.91,0,0,0,0,0,NONE,116,557,0.935574689696,74.5012751569,3.23420306172,0.0644253103039
2026-05-27T23:43:07.067,1280035,0.69,-0.1,-0.48,38.1,-51.2,-10.4,-12.0,15.2,27.2,101.134,36.9,0,0,0,0,0,NONE,108,653,0.846463230152,64.6622764833,2.19264504827,0.153536769848
2026-05-27T23:43:07.115,1280086,0.73,0.0,-0.48,33.6,-41.4,-5.6,-10.7,13.9,27.1,101.137,36.91,0,0,0,0,0,NONE,86,599,0.873670418407,53.6123120188,2.11182933613,0.126329581593
2026-05-27T23:43:07.164,1280135,0.93,0.07,-0.36,28.7,-16.4,-6.7,-9.1,12.8,26.2,101.135,36.91,0,0,0,0,0,NONE,53,427,0.999699954986,33.7274369023,4.96971251506,0.000300045013505
2026-05-27T23:43:07.223,1280183,0.9,-0.1,-0.34,8.0,-14.3,-7.2,-8.4,12.5,24.5,101.133,36.91,0,0,0,0,0,NONE,92,606,0.967264183147,17.8977652236,3.6204473327,0.0327358168525
2026-05-27T23:43:07.273,1280235,0.89,-0.02,-0.22,-6.7,-10.1,-6.1,-7.9,12.6,25.4,101.135,36.91,0,0,0,0,0,NONE,87,380,0.917005997799,13.5687140142,2.78016005669,0.0829940022006
2026-05-27T23:43:07.319,1280285,0.89,-0.03,-0.29,-13.0,-2.9,-6.5,-7.1,13.3,25.4,101.135,36.9,0,0,0,0,0,NONE,63,344,0.936536171218,14.8209311448,1.41421356237,0.0634638287818
2026-05-27T23:43:07.367,1280333,1.03,0.06,-0.33,0.0,-0.8,-3.9,-6.8,13.5,25.1,101.136,36.91,0,0,0,0,0,NONE,66,370,1.08323589305,3.98120584748,3.56609224346,0.0832358930538
2026-05-27T23:43:07.415,1280385,0.91,-0.05,-0.33,4.3,-3.3,-4.4,-7.2,13.0,26.0,101.132,36.91,0,0,0,0,0,NONE,134,793,0.969278081873,6.98140387028,3.13054242233,0.0307219181267
2026-05-27T23:43:07.463,1280437,0.93,-0.02,-0.26,6.4,-4.9,-3.9,-6.4,13.2,25.2,101.132,36.91,0,0,0,0,0,NONE,83,490,0.965867485735,8.95432856221,1.51423228346,0.034132514265
2026-05-27T23:43:07.517,1280483,0.92,-0.05,-0.27,1.0,1.4,-4.6,-6.3,14.3,25.6,101.132,36.91,0,0,0,0,0,NONE,124,941,0.960104161016,4.91121166312,0.721005389208,0.0398958389841
2026-05-27T23:43:07.558,1280535,0.95,-0.09,-0.3,1.9,0.5,-5.9,-5.8,13.7,26.9,101.134,36.91,0,1,0,0,1,NONE,180,1166,1.00029995501,6.21852072442,1.12133690285,0.000299955013495
2026-05-27T23:43:07.619,1280583,0.93,-0.11,-0.32,-3.3,7.1,-3.7,-5.5,14.7,25.3,101.135,36.91,0,1,0,0,1,NONE,116,595,0.989646401499,8.65967666833,0.721687836487,0.010353598501
2026-05-27T23:43:07.670,1280635,0.92,-0.1,-0.29,-5.5,3.5,-3.4,-5.2,13.9,25.7,101.133,36.91,0,0,0,0,0,NONE,125,720,0.969793792515,7.35255057786,0.637812459684,0.0302062074853
2026-05-27T23:43:07.722,1280686,0.92,-0.15,-0.28,-8.5,8.6,-1.0,-5.2,14.7,25.5,101.135,36.91,0,0,0,0,0,NONE,138,969,0.973293378175,12.1330128163,0.999807747763,0.0267066218246
2026-05-27T23:43:07.770,1280735,0.91,-0.14,-0.29,-10.3,12.5,0.4,-5.6,15.0,25.3,101.137,36.91,0,0,0,0,0,NONE,185,973,0.965297881485,16.201851746,0.353479756647,0.0347021185147
2026-05-27T23:43:07.825,1280783,0.88,-0.19,-0.31,-22.2,15.7,3.7,-6.6,15.6,26.1,101.135,36.91,0,0,0,0,0,NONE,107,657,0.952155449493,27.4412098859,1.28425291729,0.0478445505066
2026-05-27T23:43:07.862,1280835,0.93,-0.18,-0.28,-26.2,19.0,3.0,-6.4,16.4,26.7,101.134,36.91,0,0,0,0,0,NONE,146,789,0.987775278087,32.5029229455,1.1377076506,0.0122247219129
2026-05-27T23:43:07.920,1280885,0.97,-0.19,-0.33,-35.3,23.9,1.5,-7.2,16.9,27.0,101.132,36.9,0,0,0,0,0,NONE,260,1435,1.04206525707,42.656183608,1.29614813968,0.0420652570737
2026-05-27T23:43:07.962,1280933,0.95,-0.16,-0.3,-32.8,24.5,-0.4,-8.3,18.3,28.1,101.133,36.91,0,0,0,0,0,NONE,149,797,1.00900941522,40.9420321919,0.977169949963,0.00900941521871
2026-05-27T23:43:08.022,1280985,0.96,-0.16,-0.3,-12.3,22.5,-1.2,-8.2,19.8,29.0,101.136,36.91,0,0,0,0,0,NONE,295,1531,1.01843016452,25.6706057583,0.192307692308,0.0184301645179
2026-05-27T23:43:08.069,1281037,0.9,-0.15,-0.33,7.3,16.2,-1.2,-9.0,20.0,29.0,101.135,36.91,0,0,0,0,0,NONE,136,884,0.970257697728,17.8092672505,1.30429422752,0.0297423022722
2026-05-27T23:43:08.121,1281083,0.79,-0.19,-0.35,11.5,24.4,-3.1,-9.6,19.8,28.5,101.136,36.91,0,0,0,0,0,NONE,203,860,0.884703340109,27.1517955207,2.58137871457,0.115296659891
2026-05-27T23:43:08.170,1281135,0.79,-0.21,-0.38,16.5,38.2,-3.7,-10.4,20.5,29.6,101.133,36.91,0,0,0,0,0,NONE,174,900,0.901443287179,41.7753515844,0.693375245282,0.098556712821
2026-05-27T23:43:08.221,1281183,0.6,-0.11,-0.55,25.5,40.4,-4.0,-11.1,19.5,29.0,101.137,36.91,0,0,0,0,0,NONE,108,645,0.821340367935,47.9417354713,5.70544330735,0.178659632065
2026-05-27T23:43:08.270,1281235,0.64,-0.17,-0.43,22.9,39.3,-12.3,-12.2,19.2,29.4,101.134,36.91,0,0,0,0,0,NONE,166,826,0.789556837726,47.1188921771,2.69230769231,0.210443162274
2026-05-27T23:43:08.323,1281286,0.68,-0.21,-0.51,16.2,53.8,-4.3,-13.2,19.2,28.8,101.139,36.91,0,0,0,0,0,NONE,157,835,0.875556965594,56.3504214714,1.92116842571,0.124443034406
2026-05-27T23:43:08.371,1281335,0.65,0.01,-0.4,14.5,52.7,-0.7,-15.3,18.3,28.8,101.135,36.91,0,0,0,0,0,NONE,137,855,0.76328238549,54.6628758848,5.05694354831,0.23671761451
2026-05-27T23:43:08.423,1281383,0.77,-0.21,-0.5,57.4,70.8,-2.5,-16.4,18.4,28.6,101.131,36.91,0,0,0,0,0,NONE,187,1205,0.941806774238,91.1792191237,5.62114065135,0.0581932257623
2026-05-27T23:43:08.471,1281435,0.66,-0.17,-0.58,17.9,78.9,1.8,-18.4,16.8,28.4,101.136,36.91,0,0,0,0,0,NONE,151,984,0.894930164873,80.9250270312,2.72643209207,0.105069835127
2026-05-27T23:43:08.526,1281485,1.01,-0.15,-0.79,3.9,88.3,-3.9,-21.2,16.1,27.0,101.136,36.91,0,0,0,0,0,NONE,158,840,1.29100735862,88.4720859933,8.17312669668,0.291007358616
2026-05-27T23:43:08.562,1281533,0.63,-0.16,-0.63,17.7,76.8,15.1,-23.1,16.3,27.6,101.138,36.91,0,0,0,0,0,NONE,188,1003,0.905207158611,80.2467444823,8.59232942804,0.0947928413893
2026-05-27T23:43:08.611,1281585,0.6,0.02,-0.94,12.8,100.6,10.3,-26.6,16.7,26.4,101.139,36.91,0,0,0,0,0,NONE,116,723,1.11534747949,101.932771963,6.91773298023,0.115347479488
2026-05-27T23:43:08.674,1281637,0.65,-0.05,-0.72,27.8,57.0,17.0,-28.7,16.4,26.0,101.135,36.91,0,0,0,0,0,NONE,102,653,0.971287804927,65.6569874423,4.54269685039,0.028712195073
2026-05-27T23:43:08.708,1281683,0.49,-0.04,-0.85,17.5,63.7,-2.6,-30.6,16.1,25.3,101.137,36.91,0,0,0,0,0,NONE,139,859,0.981936861514,66.1112698411,4.48690596534,0.018063138486
2026-05-27T23:43:08.773,1281735,0.42,0.02,-0.99,-3.3,70.6,2.3,-32.2,15.6,25.1,101.137,36.91,0,0,0,0,0,NONE,108,731,1.07559285978,70.7144963922,3.22366434889,0.0755928597755
2026-05-27T23:43:08.821,1281783,0.42,-0.12,-1.03,23.0,49.9,-1.0,-34.5,16.0,24.9,101.136,36.91,0,0,0,0,0,NONE,57,379,1.11879399355,54.9546176404,3.03337912053,0.118793993548
2026-05-27T23:43:08.868,1281835,0.35,-0.08,-1.08,-0.2,33.0,-19.2,-35.2,15.5,22.3,101.145,36.91,0,0,0,0,0,NONE,109,564,1.13811247247,38.1795756917,1.82439095779,0.138112472474
2026-05-27T23:43:08.917,1281887,0.32,0.09,-1.1,6.7,29.8,-11.6,-35.3,15.5,22.6,101.142,36.91,0,0,0,0,0,NONE,112,643,1.14913010578,32.6724654717,3.34195138404,0.149130105776
2026-05-27T23:43:08.962,1281935,0.43,-0.15,-1.1,15.2,6.3,-10.1,-35.8,15.2,21.6,101.14,36.91,0,0,0,0,0,NONE,54,402,1.19054609319,19.3064755976,5.50015782602,0.190546093186
2026-05-27T23:43:09.008,1281983,0.31,0.01,-1.14,4.9,2.7,-6.3,-35.4,14.5,21.3,101.138,36.91,0,0,0,0,0,NONE,79,330,1.18143979957,8.42555636145,4.24918292799,0.181439799567
2026-05-27T23:43:09.073,1282035,0.43,-0.17,-1.12,3.4,-31.5,-19.2,-35.0,14.5,22.2,101.14,36.91,0,0,0,0,0,NONE,79,452,1.21169303043,37.0465922859,4.17799249662,0.211693030433
2026-05-27T23:43:09.119,1282085,0.39,-0.13,-1.13,-7.5,-35.6,-13.5,-34.5,14.2,22.2,101.139,36.91,0,0,0,0,0,NONE,158,1096,1.20245582039,38.8054119937,1.14891252931,0.202455820394
2026-05-27T23:43:09.171,1282133,0.46,-0.07,-1.08,-10.7,-49.3,-7.6,-33.5,14.1,22.6,101.144,36.91,0,0,0,0,0,NONE,145,923,1.17596768663,51.0170559715,2.18501843369,0.175967686631
2026-05-27T23:43:09.218,1282185,0.53,-0.05,-0.98,-6.2,-55.9,-5.4,-32.0,13.9,24.4,101.137,36.91,0,0,0,0,0,NONE,63,307,1.11525781773,56.5014159115,2.37871478401,0.115257817726
2026-05-27T23:43:09.264,1282237,0.55,-0.06,-0.98,-12.4,-61.6,-0.4,-30.2,14.8,25.5,101.14,36.91,0,0,0,0,0,NONE,76,639,1.1253888217,62.8369318156,0.430013072596,0.125388821697
2026-05-27T23:43:09.316,1282285,0.54,-0.11,-0.94,-6.1,-56.9,1.6,-30.2,14.8,25.5,101.142,36.91,0,0,0,0,0,NONE,67,432,1.08963296573,57.2484060913,1.35015431217,0.0896329657275
2026-05-27T23:43:09.361,1282337,0.56,-0.13,-0.82,-15.4,-60.0,4.4,-24.7,15.5,27.5,101.142,36.91,0,0,0,0,0,NONE,43,227,1.00144895027,62.100885662,2.37092846268,0.00144895027156
2026-05-27T23:43:09.407,1282383,0.61,-0.15,-0.77,-8.6,-52.7,3.3,-23.4,15.5,27.1,101.139,36.91,0,0,0,0,0,NONE,81,489,0.993730345718,53.4989719527,1.59749331051,0.00626965428241
2026-05-27T23:43:09.472,1282437,0.7,-0.18,-0.76,-2.8,-60.6,3.6,-21.5,15.1,26.8,101.139,36.91,0,0,0,0,0,NONE,67,391,1.04880884817,60.7713748405,1.7665540767,0.0488088481702
2026-05-27T23:43:09.520,1282483,0.73,-0.19,-0.69,-2.6,-57.6,-3.6,-19.8,15.8,28.5,101.14,36.91,0,0,0,0,0,NONE,97,559,1.02230132544,57.7709269443,1.66981429301,0.0223013254418
2026-05-27T23:43:09.575,1282535,0.73,-0.19,-0.58,-3.8,-55.5,-9.0,-18.0,16.2,27.9,101.144,36.91,0,0,0,0,0,NONE,87,451,0.951525091629,56.3532607752,2.11538461538,0.0484749083708
2026-05-27T23:43:09.621,1282587,0.79,-0.24,-0.57,-2.0,-50.2,-6.4,-16.3,15.7,28.2,101.14,36.91,0,0,0,0,0,NONE,32,206,1.00329457289,50.6458290484,1.51423228346,0.00329457289472
2026-05-27T23:43:09.665,1282635,0.8,-0.2,-0.47,-5.2,-52.6,-6.4,-13.9,16.0,27.6,101.137,36.91,0,0,0,0,0,NONE,63,419,0.949157521173,53.2424642555,2.25346954716,0.0508424788266
2026-05-27T23:43:09.716,1282683,0.84,-0.19,-0.43,-8.5,-35.9,-4.0,-12.2,16.4,27.6,101.14,36.92,0,0,0,0,0,NONE,113,528,0.962600644089,37.1087590738,1.1967838847,0.0373993559113
2026-05-27T23:43:09.772,1282735,0.85,-0.18,-0.45,-7.0,-35.2,3.5,-12.1,16.6,27.0,101.14,36.91,0,0,0,0,0,NONE,96,510,0.978468190592,36.0595341068,0.471055719766,0.0215318094082
2026-05-27T23:43:09.814,1282785,0.87,-0.15,-0.39,1.9,-27.6,11.2,-10.9,16.5,27.8,101.141,36.91,0,0,0,0,0,NONE,73,592,0.965142476529,29.8464403238,1.4,0.0348575234713
2026-05-27T23:43:09.860,1282834,0.91,-0.27,-0.34,-0.9,-22.1,7.0,-10.5,16.8,27.0,101.139,36.91,0,0,0,0,0,NONE,56,330,1.00826583796,23.1995689615,2.77581030791,0.0082658379614
2026-05-27T23:43:09.922,1282885,0.9,-0.24,-0.31,-7.8,-19.8,1.9,-9.7,16.8,27.0,101.134,36.91,0,0,0,0,0,NONE,144,775,0.981682229645,21.3656265998,0.854686067361,0.0183177703554
2026-05-27T23:43:09.974,1282937,0.87,-0.25,-0.29,-4.3,-9.1,-1.3,-9.0,17.2,27.1,101.141,36.91,0,0,0,0,0,NONE,361,1881,0.950526170076,10.1483988885,0.719549497457,0.0494738299237
2026-05-27T23:43:10.019,1282983,0.91,-0.26,-0.31,-0.8,-7.9,0.7,-8.8,16.7,27.5,101.14,36.91,0,0,0,0,0,NONE,137,832,0.995891560362,7.97119815335,0.996212107599,0.00410843963813
2026-05-27T23:43:10.073,1283035,0.94,-0.21,-0.37,1.5,0.2,1.0,-8.3,17.8,26.4,101.137,36.91,0,0,0,0,0,NONE,265,1321,1.03179455319,1.81383571472,1.60896158949,0.0317945531936
2026-05-27T23:43:10.113,1283083,0.92,-0.31,-0.25,0.2,-12.3,-3.6,-7.9,17.5,27.3,101.138,36.91,0,0,0,0,0,NONE,404,1882,1.00249688279,12.8175660716,3.28083661417,0.00249688278817
2026-05-27T23:43:10.166,1283136,0.9,-0.15,-0.3,-2.4,9.8,7.3,-7.7,17.2,26.9,101.144,36.91,0,0,0,0,0,NONE,114,667,0.960468635615,12.4535135604,3.1852722672,0.0395313643851
2026-05-27T23:43:10.226,1283187,0.89,-0.21,-0.25,5.8,7.4,5.7,-8.0,17.2,26.7,101.136,36.91,0,0,0,0,0,NONE,173,806,0.947997890293,10.9949988631,1.54392311255,0.052002109707
2026-05-27T23:43:10.272,1283235,0.89,-0.25,-0.28,1.5,23.8,9.7,-8.9,17.6,26.2,101.136,36.91,0,0,0,0,0,NONE,258,1377,0.965919251283,25.7445139787,1.04166666667,0.0340807487165
2026-05-27T23:43:10.320,1283283,0.87,-0.22,-0.33,8.7,30.8,11.7,-8.9,17.3,26.3,101.141,36.91,0,0,0,0,0,NONE,215,1218,0.956138065344,34.0766782419,1.28425291729,0.0438619346559
2026-05-27T23:43:10.374,1283335,0.89,-0.25,-0.38,9.9,33.3,11.2,-10.5,17.7,26.2,101.136,36.91,0,0,0,0,0,NONE,105,621,0.999499874937,36.5012328559,1.18546423134,0.000500125062539
2026-05-27T23:43:10.422,1283385,0.9,-0.19,-0.43,12.5,34.3,15.6,-11.2,16.9,26.9,101.139,36.91,0,0,0,0,0,NONE,89,568,1.01538170163,39.7001259444,1.5748015748,0.0153817016275
2026-05-27T23:43:10.463,1283434,0.86,-0.16,-0.39,4.3,41.5,10.4,-12.8,17.0,26.6,101.141,36.91,0,0,0,0,0,NONE,99,553,0.957757798193,42.9988371936,1.30676004846,0.0422422018067
2026-05-27T23:43:10.516,1283485,0.79,-0.15,-0.41,8.7,59.6,17.5,-14.6,16.8,26.1,101.137,36.91,0,0,0,0,0,NONE,176,976,0.902607334338,62.7224042907,1.44087631928,0.0973926656624
2026-05-27T23:43:10.572,1283537,0.81,-0.15,-0.48,10.6,69.1,13.6,-15.7,16.5,27.6,101.14,36.91,0,0,0,0,0,NONE,228,1109,0.953414914924,71.2188879441,1.40002113255,0.0465850850758
2026-05-27T23:43:10.612,1283583,0.75,-0.13,-0.55,14.0,76.8,15.4,-18.0,15.7,27.6,101.141,36.92,0,0,0,0,0,NONE,79,469,0.939095309327,79.570094885,2.05086546349,0.060904690673
2026-05-27T23:43:10.673,1283635,0.76,-0.1,-0.62,19.0,86.1,17.6,-20.9,16.0,27.6,101.14,36.91,0,0,0,0,0,NONE,218,1175,0.985900603509,89.9109003403,1.47714341305,0.0140993964907
2026-05-27T23:43:10.722,1283683,0.67,-0.15,-0.73,18.1,93.9,25.3,-23.3,15.4,27.0,101.14,36.92,0,0,0,0,0,NONE,215,1368,1.00214769371,98.9187039947,3.13885816111,0.00214769370587
2026-05-27T23:43:10.766,1283735,0.7,-0.1,-0.84,22.2,91.7,26.4,-26.5,15.9,26.5,101.143,36.91,0,0,0,0,0,NONE,376,2249,1.0979981785,97.9729044175,2.39421146115,0.0979981785049
2026-05-27T23:43:10.818,1283787,0.63,-0.12,-0.92,6.7,79.8,24.4,-28.6,15.7,26.3,101.14,36.91,0,0,0,0,0,NONE,129,689,1.12147224665,83.7155302199,2.08012573584,0.121472246647
2026-05-27T23:43:10.866,1283835,0.61,-0.07,-0.99,9.9,66.4,23.4,-30.9,16.6,26.0,101.14,36.92,0,0,0,0,0,NONE,364,1844,1.1649463507,71.095217842,1.83995018048,0.164946350696
2026-05-27T23:43:10.910,1283883,0.53,0.04,-1.0,2.9,56.5,22.2,-33.4,15.6,25.0,101.141,36.91,0,0,0,0,0,NONE,285,1481,1.13247516529,60.7741721457,2.84128785354,0.132475165291
2026-05-27T23:43:10.974,1283935,0.46,0.04,-1.14,-3.8,56.0,5.7,-35.0,16.1,24.4,101.138,36.91,0,0,0,0,0,NONE,273,1400,1.22995934892,56.4174618359,3.01009150817,0.229959348922
2026-05-27T23:43:11.022,1283985,0.34,0.03,-1.08,3.4,51.4,-7.3,-36.1,16.5,23.8,101.139,36.92,0,0,0,0,0,NONE,94,481,1.13265175584,52.0270122148,2.69072480941,0.132651755837
2026-05-27T23:43:11.070,1284033,0.38,0.04,-1.06,7.4,12.2,-2.0,-36.4,16.0,23.3,101.139,36.91,0,0,0,0,0,NONE,422,2615,1.12676528168,14.4083309235,0.954703269782,0.12676528168
2026-05-27T23:43:11.122,1284085,0.35,0.04,-1.05,11.2,0.4,-5.9,-36.7,16.2,23.8,101.138,36.91,0,0,0,0,0,NONE,182,1296,1.10751975152,12.6653069446,0.608130319263,0.107519751517
2026-05-27T23:43:11.173,1284137,0.35,0.02,-1.1,8.4,-5.2,-1.3,-36.5,15.8,23.0,101.137,36.91,0,0,0,0,0,NONE,226,1486,1.15451288429,9.96443676281,1.03560861676,0.154512884294
2026-05-27T23:43:11.223,1284183,0.39,0.03,-1.14,11.5,-22.2,-2.7,-36.7,15.9,22.5,101.142,36.91,0,0,0,0,0,NONE,241,1451,1.2052385656,25.1471668384,1.24881796664,0.205238565596
2026-05-27T23:43:11.261,1284235,0.46,-0.02,-1.0,10.0,-38.2,4.5,-35.7,16.3,23.3,101.14,36.91,0,0,0,0,0,NONE,146,799,1.10090871556,39.7427980897,3.15993783176,0.100908715562
2026-05-27T23:43:11.311,1284283,0.53,-0.13,-1.03,-2.6,-38.1,12.6,-35.0,16.1,23.4,101.138,36.92,0,0,0,0,0,NONE,204,1241,1.16563287531,40.2135549287,2.78731003339,0.165632875309
2026-05-27T23:43:11.373,1284335,0.45,0.04,-0.98,-11.3,-35.6,-3.6,-34.2,16.4,24.4,101.139,36.92,0,0,0,0,0,NONE,94,713,1.07912001186,37.5234593288,3.73888886447,0.0791200118615
2026-05-27T23:43:11.422,1284387,0.51,0.0,-0.91,-1.8,-34.4,-6.3,-33.4,16.5,25.1,101.139,36.92,0,0,0,0,0,NONE,111,666,1.04316825105,35.0184237224,1.93266838868,0.0431682510506
2026-05-27T23:43:11.470,1284435,0.54,0.12,-0.82,-4.2,-43.4,-12.6,-32.2,16.1,26.1,101.137,36.91,0,0,0,0,0,NONE,119,619,0.98914104151,45.3867822169,3.186887196,0.0108589584897
2026-05-27T23:43:11.520,1284483,0.63,-0.18,-0.95,8.6,-59.6,-4.2,-30.4,16.0,27.3,101.134,36.91,0,0,0,0,0,NONE,179,1008,1.15403639457,60.3635651697,7.06492706576,0.154036394573
2026-05-27T23:43:11.570,1284535,0.52,-0.11,-0.74,5.8,-64.1,-1.3,-28.4,15.8,26.5,101.141,36.92,0,0,0,0,0,NONE,114,609,0.911098238391,64.3749951456,4.75354119012,0.0889017616086
2026-05-27T23:43:11.614,1284583,0.73,-0.01,-0.64,-1.0,-73.7,3.0,-26.2,15.8,27.6,101.137,36.91,0,0,0,0,0,NONE,146,1012,0.970875893202,73.7678114085,5.27457870882,0.0291241067984
2026-05-27T23:43:11.669,1284635,0.74,0.02,-0.64,7.3,-79.2,-1.9,-24.6,15.7,27.7,101.138,36.91,0,0,0,0,0,NONE,755,3225,0.978570385818,79.5584062183,0.608130319263,0.021429614182
2026-05-27T23:43:11.713,1284685,0.75,0.07,-0.5,12.4,-93.6,-5.2,-21.4,15.4,28.8,101.136,36.91,0,0,0,0,0,NONE,551,2533,0.904101764184,94.5608798605,2.97993288515,0.0958982358163
2026-05-27T23:43:11.759,1284733,0.9,0.16,-0.56,46.0,-117.7,-3.0,-17.9,14.9,28.0,101.131,36.91,0,0,0,0,0,NONE,610,3491,1.07200746266,126.405260966,3.85275875186,0.0720074626606
2026-05-27T23:43:11.823,1284785,0.67,-0.12,-0.36,49.4,-91.2,2.1,-14.5,12.7,26.6,101.138,36.91,0,0,0,0,0,NONE,477,2373,0.77,103.741071905,7.95930849484,0.23
2026-05-27T23:43:11.870,1284837,0.7,-0.05,-0.3,30.6,-88.0,-5.6,-11.2,12.0,25.8,101.134,36.91,0,0,0,0,0,NONE,196,1339,0.763216876124,93.3365951811,1.86449225285,0.236783123876
2026-05-27T23:43:11.920,1284883,0.66,0.1,-0.23,30.4,-91.4,12.5,-8.3,10.8,24.0,101.134,36.92,0,0,0,0,0,NONE,193,864,0.706045324324,97.1306851618,3.70204051433,0.293954675676
2026-05-27T23:43:11.967,1284935,0.58,0.07,-0.33,7.6,-44.3,-13.6,-6.2,9.8,22.5,101.131,36.92,0,0,0,0,0,NONE,143,889,0.670969447889,46.9596635422,2.52941277653,0.329030552111
2026-05-27T23:43:12.016,1284983,0.95,0.02,-0.31,-0.9,-15.3,-15.7,-5.0,10.2,22.3,101.135,36.92,0,0,0,0,0,NONE,136,703,0.999499874937,21.9406016326,7.78954962327,0.000500125062539
2026-05-27T23:43:12.060,1285035,0.99,-0.01,-0.27,14.0,-19.9,-15.1,-3.6,10.5,22.9,101.134,36.92,0,0,0,0,0,NONE,52,259,1.02620660688,28.6359913396,1.23137004566,0.026206606878
2026-05-27T23:43:12.124,1285087,0.86,-0.13,-0.12,13.4,-5.8,-14.4,-2.8,9.9,21.9,101.135,36.92,0,0,0,0,0,NONE,103,297,0.87800911157,20.5075595818,4.46054365567,0.12199088843
2026-05-27T23:43:12.172,1285135,0.97,-0.02,-0.15,15.1,0.8,-5.1,-1.7,10.5,20.2,101.135,36.92,0,0,0,0,0,NONE,100,465,0.981733161302,15.9580700588,3.30062073287,0.018266838698
2026-05-27T23:43:12.220,1285183,0.93,-0.06,-0.11,7.5,10.3,-3.4,-2.2,10.0,20.0,101.137,36.92,0,0,0,0,0,NONE,126,613,0.938402898546,13.1871149233,1.44337567297,0.0615971014538
2026-05-27T23:43:12.268,1285235,0.98,-0.07,-0.14,2.4,12.3,-3.8,-1.6,10.3,21.3,101.131,36.91,0,0,0,0,0,NONE,98,351,0.992421281513,13.0954190464,1.1377076506,0.00757871848695
2026-05-27T23:43:12.321,1285285,1.0,-0.06,-0.16,4.9,13.9,-4.9,-1.4,10.7,20.8,101.131,36.91,0,0,0,0,0,NONE,153,822,1.01449494824,15.5315807309,0.6,0.0144949482378
2026-05-27T23:43:12.364,1285333,0.96,-0.06,-0.18,10.7,14.6,-7.1,-1.5,10.3,20.4,101.137,36.92,0,1,0,0,1,NONE,178,1037,0.978570385818,19.4437650675,0.931694990625,0.021429614182
2026-05-27T23:43:12.422,1285385,0.96,-0.1,-0.21,4.0,13.4,-7.3,-1.6,10.3,21.6,101.131,36.92,0,1,0,0,1,NONE,139,824,0.987775278087,15.7749801902,0.961538461538,0.0122247219129
2026-05-27T23:43:12.477,1285437,0.95,-0.15,-0.18,-2.5,3.3,-2.1,-1.5,10.4,20.0,101.136,36.92,0,0,0,0,0,NONE,258,2259,0.978468190592,4.64219775537,1.1377076506,0.0215318094082
2026-05-27T23:43:12.520,1285483,0.96,-0.11,-0.15,0.6,7.8,0.2,-1.4,10.2,21.1,101.134,36.92,0,0,0,0,0,NONE,160,735,0.977854794947,7.82559901861,1.10848250295,0.0221452050534
2026-05-27T23:43:12.573,1285535,0.97,-0.11,-0.17,0.5,5.2,2.0,-1.5,10.7,22.2,101.131,36.93,0,1,0,0,1,NONE,146,786,0.990908673895,5.59374650838,0.430013072596,0.00909132610518
2026-05-27T23:43:12.617,1285583,0.96,-0.1,-0.17,7.1,6.8,3.1,-1.8,10.1,21.1,101.134,36.92,0,1,0,0,1,NONE,145,820,0.98005101908,10.3082491239,0.294627825494,0.0199489809199
