artifact_id,artifact_type,renderer_template_id,template_version,page_count,sidecar_path
BS-BBL-OPER-2567-01,bank_statement,bank_statement_bbl,v1,2,per_artifact/bank_statement/BS-BBL-OPER-2567-01.json
BS-BBL-OPER-2567-02,bank_statement,bank_statement_bbl,v1,2,per_artifact/bank_statement/BS-BBL-OPER-2567-02.json
BS-BBL-OPER-2567-03,bank_statement,bank_statement_bbl,v1,2,per_artifact/bank_statement/BS-BBL-OPER-2567-03.json
BS-BBL-OPER-2567-04,bank_statement,bank_statement_bbl,v1,2,per_artifact/bank_statement/BS-BBL-OPER-2567-04.json
BS-BBL-OPER-2567-05,bank_statement,bank_statement_bbl,v1,2,per_artifact/bank_statement/BS-BBL-OPER-2567-05.json
BS-BBL-OPER-2567-06,bank_statement,bank_statement_bbl,v1,2,per_artifact/bank_statement/BS-BBL-OPER-2567-06.json
BS-BBL-OPER-2567-07,bank_statement,bank_statement_bbl,v1,2,per_artifact/bank_statement/BS-BBL-OPER-2567-07.json
BS-BBL-OPER-2567-08,bank_statement,bank_statement_bbl,v1,2,per_artifact/bank_statement/BS-BBL-OPER-2567-08.json
BS-BBL-OPER-2567-09,bank_statement,bank_statement_bbl,v1,2,per_artifact/bank_statement/BS-BBL-OPER-2567-09.json
BS-BBL-OPER-2567-10,bank_statement,bank_statement_bbl,v1,2,per_artifact/bank_statement/BS-BBL-OPER-2567-10.json
BS-BBL-OPER-2567-11,bank_statement,bank_statement_bbl,v1,2,per_artifact/bank_statement/BS-BBL-OPER-2567-11.json
BS-BBL-OPER-2567-12,bank_statement,bank_statement_bbl,v1,2,per_artifact/bank_statement/BS-BBL-OPER-2567-12.json
BS-BBL-OPER-2568-01,bank_statement,bank_statement_bbl,v1,2,per_artifact/bank_statement/BS-BBL-OPER-2568-01.json
BS-BBL-OPER-2568-02,bank_statement,bank_statement_bbl,v1,2,per_artifact/bank_statement/BS-BBL-OPER-2568-02.json
BS-BBL-OPER-2568-03,bank_statement,bank_statement_bbl,v1,2,per_artifact/bank_statement/BS-BBL-OPER-2568-03.json
BS-BBL-OPER-2568-04,bank_statement,bank_statement_bbl,v1,2,per_artifact/bank_statement/BS-BBL-OPER-2568-04.json
BS-BBL-OPER-2568-05,bank_statement,bank_statement_bbl,v1,2,per_artifact/bank_statement/BS-BBL-OPER-2568-05.json
BS-BBL-OPER-2568-06,bank_statement,bank_statement_bbl,v1,2,per_artifact/bank_statement/BS-BBL-OPER-2568-06.json
BS-BBL-OPER-2568-07,bank_statement,bank_statement_bbl,v1,2,per_artifact/bank_statement/BS-BBL-OPER-2568-07.json
BS-BBL-OPER-2568-08,bank_statement,bank_statement_bbl,v1,2,per_artifact/bank_statement/BS-BBL-OPER-2568-08.json
BS-BBL-OPER-2568-09,bank_statement,bank_statement_bbl,v1,2,per_artifact/bank_statement/BS-BBL-OPER-2568-09.json
BS-BBL-OPER-2568-10,bank_statement,bank_statement_bbl,v1,2,per_artifact/bank_statement/BS-BBL-OPER-2568-10.json
BS-BBL-OPER-2568-11,bank_statement,bank_statement_bbl,v1,2,per_artifact/bank_statement/BS-BBL-OPER-2568-11.json
BS-BBL-OPER-2568-12,bank_statement,bank_statement_bbl,v1,2,per_artifact/bank_statement/BS-BBL-OPER-2568-12.json
BS-KBANK-OPER-2567-01,bank_statement,bank_statement_kbank,v1,23,per_artifact/bank_statement/BS-KBANK-OPER-2567-01.json
BS-KBANK-OPER-2567-02,bank_statement,bank_statement_kbank,v1,29,per_artifact/bank_statement/BS-KBANK-OPER-2567-02.json
BS-KBANK-OPER-2567-03,bank_statement,bank_statement_kbank,v1,35,per_artifact/bank_statement/BS-KBANK-OPER-2567-03.json
BS-KBANK-OPER-2567-04,bank_statement,bank_statement_kbank,v1,34,per_artifact/bank_statement/BS-KBANK-OPER-2567-04.json
BS-KBANK-OPER-2567-05,bank_statement,bank_statement_kbank,v1,35,per_artifact/bank_statement/BS-KBANK-OPER-2567-05.json
BS-KBANK-OPER-2567-06,bank_statement,bank_statement_kbank,v1,35,per_artifact/bank_statement/BS-KBANK-OPER-2567-06.json
BS-KBANK-OPER-2567-07,bank_statement,bank_statement_kbank,v1,37,per_artifact/bank_statement/BS-KBANK-OPER-2567-07.json
BS-KBANK-OPER-2567-08,bank_statement,bank_statement_kbank,v1,37,per_artifact/bank_statement/BS-KBANK-OPER-2567-08.json
BS-KBANK-OPER-2567-09,bank_statement,bank_statement_kbank,v1,36,per_artifact/bank_statement/BS-KBANK-OPER-2567-09.json
BS-KBANK-OPER-2567-10,bank_statement,bank_statement_kbank,v1,37,per_artifact/bank_statement/BS-KBANK-OPER-2567-10.json
BS-KBANK-OPER-2567-11,bank_statement,bank_statement_kbank,v1,35,per_artifact/bank_statement/BS-KBANK-OPER-2567-11.json
BS-KBANK-OPER-2567-12,bank_statement,bank_statement_kbank,v1,37,per_artifact/bank_statement/BS-KBANK-OPER-2567-12.json
BS-KBANK-OPER-2568-01,bank_statement,bank_statement_kbank,v1,36,per_artifact/bank_statement/BS-KBANK-OPER-2568-01.json
BS-KBANK-OPER-2568-02,bank_statement,bank_statement_kbank,v1,34,per_artifact/bank_statement/BS-KBANK-OPER-2568-02.json
BS-KBANK-OPER-2568-03,bank_statement,bank_statement_kbank,v1,36,per_artifact/bank_statement/BS-KBANK-OPER-2568-03.json
BS-KBANK-OPER-2568-04,bank_statement,bank_statement_kbank,v1,36,per_artifact/bank_statement/BS-KBANK-OPER-2568-04.json
BS-KBANK-OPER-2568-05,bank_statement,bank_statement_kbank,v1,36,per_artifact/bank_statement/BS-KBANK-OPER-2568-05.json
BS-KBANK-OPER-2568-06,bank_statement,bank_statement_kbank,v1,34,per_artifact/bank_statement/BS-KBANK-OPER-2568-06.json
BS-KBANK-OPER-2568-07,bank_statement,bank_statement_kbank,v1,38,per_artifact/bank_statement/BS-KBANK-OPER-2568-07.json
BS-KBANK-OPER-2568-08,bank_statement,bank_statement_kbank,v1,35,per_artifact/bank_statement/BS-KBANK-OPER-2568-08.json
BS-KBANK-OPER-2568-09,bank_statement,bank_statement_kbank,v1,36,per_artifact/bank_statement/BS-KBANK-OPER-2568-09.json
BS-KBANK-OPER-2568-10,bank_statement,bank_statement_kbank,v1,39,per_artifact/bank_statement/BS-KBANK-OPER-2568-10.json
BS-KBANK-OPER-2568-11,bank_statement,bank_statement_kbank,v1,35,per_artifact/bank_statement/BS-KBANK-OPER-2568-11.json
BS-KBANK-OPER-2568-12,bank_statement,bank_statement_kbank,v1,37,per_artifact/bank_statement/BS-KBANK-OPER-2568-12.json
BS-OPER-BKK-CTW-2567-01,bank_statement,bank_statement_kbank,v1,4,per_artifact/bank_statement/BS-OPER-BKK-CTW-2567-01.json
BS-OPER-BKK-CTW-2567-02,bank_statement,bank_statement_kbank,v1,4,per_artifact/bank_statement/BS-OPER-BKK-CTW-2567-02.json
BS-OPER-BKK-CTW-2567-03,bank_statement,bank_statement_kbank,v1,4,per_artifact/bank_statement/BS-OPER-BKK-CTW-2567-03.json
BS-OPER-BKK-CTW-2567-04,bank_statement,bank_statement_kbank,v1,4,per_artifact/bank_statement/BS-OPER-BKK-CTW-2567-04.json
BS-OPER-BKK-CTW-2567-05,bank_statement,bank_statement_kbank,v1,4,per_artifact/bank_statement/BS-OPER-BKK-CTW-2567-05.json
BS-OPER-BKK-CTW-2567-06,bank_statement,bank_statement_kbank,v1,4,per_artifact/bank_statement/BS-OPER-BKK-CTW-2567-06.json
BS-OPER-BKK-CTW-2567-07,bank_statement,bank_statement_kbank,v1,4,per_artifact/bank_statement/BS-OPER-BKK-CTW-2567-07.json
BS-OPER-BKK-CTW-2567-08,bank_statement,bank_statement_kbank,v1,4,per_artifact/bank_statement/BS-OPER-BKK-CTW-2567-08.json
BS-OPER-BKK-CTW-2567-09,bank_statement,bank_statement_kbank,v1,4,per_artifact/bank_statement/BS-OPER-BKK-CTW-2567-09.json
BS-OPER-BKK-CTW-2567-10,bank_statement,bank_statement_kbank,v1,4,per_artifact/bank_statement/BS-OPER-BKK-CTW-2567-10.json
BS-OPER-BKK-CTW-2567-11,bank_statement,bank_statement_kbank,v1,4,per_artifact/bank_statement/BS-OPER-BKK-CTW-2567-11.json
BS-OPER-BKK-CTW-2567-12,bank_statement,bank_statement_kbank,v1,4,per_artifact/bank_statement/BS-OPER-BKK-CTW-2567-12.json
BS-OPER-BKK-CTW-2568-01,bank_statement,bank_statement_kbank,v1,4,per_artifact/bank_statement/BS-OPER-BKK-CTW-2568-01.json
BS-OPER-BKK-CTW-2568-02,bank_statement,bank_statement_kbank,v1,4,per_artifact/bank_statement/BS-OPER-BKK-CTW-2568-02.json
BS-OPER-BKK-CTW-2568-03,bank_statement,bank_statement_kbank,v1,4,per_artifact/bank_statement/BS-OPER-BKK-CTW-2568-03.json
BS-OPER-BKK-CTW-2568-04,bank_statement,bank_statement_kbank,v1,4,per_artifact/bank_statement/BS-OPER-BKK-CTW-2568-04.json
BS-OPER-BKK-CTW-2568-05,bank_statement,bank_statement_kbank,v1,4,per_artifact/bank_statement/BS-OPER-BKK-CTW-2568-05.json
BS-OPER-BKK-CTW-2568-06,bank_statement,bank_statement_kbank,v1,4,per_artifact/bank_statement/BS-OPER-BKK-CTW-2568-06.json
BS-OPER-BKK-CTW-2568-07,bank_statement,bank_statement_kbank,v1,4,per_artifact/bank_statement/BS-OPER-BKK-CTW-2568-07.json
BS-OPER-BKK-CTW-2568-08,bank_statement,bank_statement_kbank,v1,4,per_artifact/bank_statement/BS-OPER-BKK-CTW-2568-08.json
BS-OPER-BKK-CTW-2568-09,bank_statement,bank_statement_kbank,v1,4,per_artifact/bank_statement/BS-OPER-BKK-CTW-2568-09.json
BS-OPER-BKK-CTW-2568-10,bank_statement,bank_statement_kbank,v1,4,per_artifact/bank_statement/BS-OPER-BKK-CTW-2568-10.json
BS-OPER-BKK-CTW-2568-11,bank_statement,bank_statement_kbank,v1,4,per_artifact/bank_statement/BS-OPER-BKK-CTW-2568-11.json
BS-OPER-BKK-CTW-2568-12,bank_statement,bank_statement_kbank,v1,4,per_artifact/bank_statement/BS-OPER-BKK-CTW-2568-12.json
BS-OPER-BKK-EMSP-2567-01,bank_statement,bank_statement_scb,v1,9,per_artifact/bank_statement/BS-OPER-BKK-EMSP-2567-01.json
BS-OPER-BKK-EMSP-2567-02,bank_statement,bank_statement_scb,v1,8,per_artifact/bank_statement/BS-OPER-BKK-EMSP-2567-02.json
BS-OPER-BKK-EMSP-2567-03,bank_statement,bank_statement_scb,v1,9,per_artifact/bank_statement/BS-OPER-BKK-EMSP-2567-03.json
BS-OPER-BKK-EMSP-2567-04,bank_statement,bank_statement_scb,v1,8,per_artifact/bank_statement/BS-OPER-BKK-EMSP-2567-04.json
BS-OPER-BKK-EMSP-2567-05,bank_statement,bank_statement_scb,v1,9,per_artifact/bank_statement/BS-OPER-BKK-EMSP-2567-05.json
BS-OPER-BKK-EMSP-2567-06,bank_statement,bank_statement_scb,v1,9,per_artifact/bank_statement/BS-OPER-BKK-EMSP-2567-06.json
BS-OPER-BKK-EMSP-2567-07,bank_statement,bank_statement_scb,v1,9,per_artifact/bank_statement/BS-OPER-BKK-EMSP-2567-07.json
BS-OPER-BKK-EMSP-2567-08,bank_statement,bank_statement_scb,v1,9,per_artifact/bank_statement/BS-OPER-BKK-EMSP-2567-08.json
BS-OPER-BKK-EMSP-2567-09,bank_statement,bank_statement_scb,v1,9,per_artifact/bank_statement/BS-OPER-BKK-EMSP-2567-09.json
BS-OPER-BKK-EMSP-2567-10,bank_statement,bank_statement_scb,v1,9,per_artifact/bank_statement/BS-OPER-BKK-EMSP-2567-10.json
BS-OPER-BKK-EMSP-2567-11,bank_statement,bank_statement_scb,v1,9,per_artifact/bank_statement/BS-OPER-BKK-EMSP-2567-11.json
BS-OPER-BKK-EMSP-2567-12,bank_statement,bank_statement_scb,v1,9,per_artifact/bank_statement/BS-OPER-BKK-EMSP-2567-12.json
BS-OPER-BKK-EMSP-2568-01,bank_statement,bank_statement_scb,v1,9,per_artifact/bank_statement/BS-OPER-BKK-EMSP-2568-01.json
BS-OPER-BKK-EMSP-2568-02,bank_statement,bank_statement_scb,v1,8,per_artifact/bank_statement/BS-OPER-BKK-EMSP-2568-02.json
BS-OPER-BKK-EMSP-2568-03,bank_statement,bank_statement_scb,v1,9,per_artifact/bank_statement/BS-OPER-BKK-EMSP-2568-03.json
BS-OPER-BKK-EMSP-2568-04,bank_statement,bank_statement_scb,v1,8,per_artifact/bank_statement/BS-OPER-BKK-EMSP-2568-04.json
BS-OPER-BKK-EMSP-2568-05,bank_statement,bank_statement_scb,v1,9,per_artifact/bank_statement/BS-OPER-BKK-EMSP-2568-05.json
BS-OPER-BKK-EMSP-2568-06,bank_statement,bank_statement_scb,v1,9,per_artifact/bank_statement/BS-OPER-BKK-EMSP-2568-06.json
BS-OPER-BKK-EMSP-2568-07,bank_statement,bank_statement_scb,v1,9,per_artifact/bank_statement/BS-OPER-BKK-EMSP-2568-07.json
BS-OPER-BKK-EMSP-2568-08,bank_statement,bank_statement_scb,v1,9,per_artifact/bank_statement/BS-OPER-BKK-EMSP-2568-08.json
BS-OPER-BKK-EMSP-2568-09,bank_statement,bank_statement_scb,v1,9,per_artifact/bank_statement/BS-OPER-BKK-EMSP-2568-09.json
BS-OPER-BKK-EMSP-2568-10,bank_statement,bank_statement_scb,v1,9,per_artifact/bank_statement/BS-OPER-BKK-EMSP-2568-10.json
BS-OPER-BKK-EMSP-2568-11,bank_statement,bank_statement_scb,v1,9,per_artifact/bank_statement/BS-OPER-BKK-EMSP-2568-11.json
BS-OPER-BKK-EMSP-2568-12,bank_statement,bank_statement_scb,v1,9,per_artifact/bank_statement/BS-OPER-BKK-EMSP-2568-12.json
BS-OPER-BKK-PKT-2567-01,bank_statement,bank_statement_bbl,v1,9,per_artifact/bank_statement/BS-OPER-BKK-PKT-2567-01.json
BS-OPER-BKK-PKT-2567-02,bank_statement,bank_statement_bbl,v1,8,per_artifact/bank_statement/BS-OPER-BKK-PKT-2567-02.json
BS-OPER-BKK-PKT-2567-03,bank_statement,bank_statement_bbl,v1,9,per_artifact/bank_statement/BS-OPER-BKK-PKT-2567-03.json
BS-OPER-BKK-PKT-2567-04,bank_statement,bank_statement_bbl,v1,7,per_artifact/bank_statement/BS-OPER-BKK-PKT-2567-04.json
BS-OPER-BKK-PKT-2567-05,bank_statement,bank_statement_bbl,v1,9,per_artifact/bank_statement/BS-OPER-BKK-PKT-2567-05.json
BS-OPER-BKK-PKT-2567-06,bank_statement,bank_statement_bbl,v1,9,per_artifact/bank_statement/BS-OPER-BKK-PKT-2567-06.json
BS-OPER-BKK-PKT-2567-07,bank_statement,bank_statement_bbl,v1,9,per_artifact/bank_statement/BS-OPER-BKK-PKT-2567-07.json
BS-OPER-BKK-PKT-2567-08,bank_statement,bank_statement_bbl,v1,9,per_artifact/bank_statement/BS-OPER-BKK-PKT-2567-08.json
BS-OPER-BKK-PKT-2567-09,bank_statement,bank_statement_bbl,v1,9,per_artifact/bank_statement/BS-OPER-BKK-PKT-2567-09.json
BS-OPER-BKK-PKT-2567-10,bank_statement,bank_statement_bbl,v1,9,per_artifact/bank_statement/BS-OPER-BKK-PKT-2567-10.json
BS-OPER-BKK-PKT-2567-11,bank_statement,bank_statement_bbl,v1,9,per_artifact/bank_statement/BS-OPER-BKK-PKT-2567-11.json
BS-OPER-BKK-PKT-2567-12,bank_statement,bank_statement_bbl,v1,9,per_artifact/bank_statement/BS-OPER-BKK-PKT-2567-12.json
BS-OPER-BKK-PKT-2568-01,bank_statement,bank_statement_bbl,v1,9,per_artifact/bank_statement/BS-OPER-BKK-PKT-2568-01.json
BS-OPER-BKK-PKT-2568-02,bank_statement,bank_statement_bbl,v1,8,per_artifact/bank_statement/BS-OPER-BKK-PKT-2568-02.json
BS-OPER-BKK-PKT-2568-03,bank_statement,bank_statement_bbl,v1,9,per_artifact/bank_statement/BS-OPER-BKK-PKT-2568-03.json
BS-OPER-BKK-PKT-2568-04,bank_statement,bank_statement_bbl,v1,4,per_artifact/bank_statement/BS-OPER-BKK-PKT-2568-04.json
BS-OPER-BKK-PKT-2568-05,bank_statement,bank_statement_bbl,v1,9,per_artifact/bank_statement/BS-OPER-BKK-PKT-2568-05.json
BS-OPER-BKK-PKT-2568-06,bank_statement,bank_statement_bbl,v1,9,per_artifact/bank_statement/BS-OPER-BKK-PKT-2568-06.json
BS-OPER-BKK-PKT-2568-07,bank_statement,bank_statement_bbl,v1,9,per_artifact/bank_statement/BS-OPER-BKK-PKT-2568-07.json
BS-OPER-BKK-PKT-2568-08,bank_statement,bank_statement_bbl,v1,9,per_artifact/bank_statement/BS-OPER-BKK-PKT-2568-08.json
BS-OPER-BKK-PKT-2568-09,bank_statement,bank_statement_bbl,v1,9,per_artifact/bank_statement/BS-OPER-BKK-PKT-2568-09.json
BS-OPER-BKK-PKT-2568-10,bank_statement,bank_statement_bbl,v1,9,per_artifact/bank_statement/BS-OPER-BKK-PKT-2568-10.json
BS-OPER-BKK-PKT-2568-11,bank_statement,bank_statement_bbl,v1,9,per_artifact/bank_statement/BS-OPER-BKK-PKT-2568-11.json
BS-OPER-BKK-PKT-2568-12,bank_statement,bank_statement_bbl,v1,9,per_artifact/bank_statement/BS-OPER-BKK-PKT-2568-12.json
BS-OPER-BKK-R9-2567-01,bank_statement,bank_statement_kbank,v1,4,per_artifact/bank_statement/BS-OPER-BKK-R9-2567-01.json
BS-OPER-BKK-R9-2567-02,bank_statement,bank_statement_kbank,v1,4,per_artifact/bank_statement/BS-OPER-BKK-R9-2567-02.json
BS-OPER-BKK-R9-2567-03,bank_statement,bank_statement_kbank,v1,4,per_artifact/bank_statement/BS-OPER-BKK-R9-2567-03.json
BS-OPER-BKK-R9-2567-04,bank_statement,bank_statement_kbank,v1,4,per_artifact/bank_statement/BS-OPER-BKK-R9-2567-04.json
BS-OPER-BKK-R9-2567-05,bank_statement,bank_statement_kbank,v1,4,per_artifact/bank_statement/BS-OPER-BKK-R9-2567-05.json
BS-OPER-BKK-R9-2567-06,bank_statement,bank_statement_kbank,v1,4,per_artifact/bank_statement/BS-OPER-BKK-R9-2567-06.json
BS-OPER-BKK-R9-2567-07,bank_statement,bank_statement_kbank,v1,4,per_artifact/bank_statement/BS-OPER-BKK-R9-2567-07.json
BS-OPER-BKK-R9-2567-08,bank_statement,bank_statement_kbank,v1,4,per_artifact/bank_statement/BS-OPER-BKK-R9-2567-08.json
BS-OPER-BKK-R9-2567-09,bank_statement,bank_statement_kbank,v1,4,per_artifact/bank_statement/BS-OPER-BKK-R9-2567-09.json
BS-OPER-BKK-R9-2567-10,bank_statement,bank_statement_kbank,v1,4,per_artifact/bank_statement/BS-OPER-BKK-R9-2567-10.json
BS-OPER-BKK-R9-2567-11,bank_statement,bank_statement_kbank,v1,4,per_artifact/bank_statement/BS-OPER-BKK-R9-2567-11.json
BS-OPER-BKK-R9-2567-12,bank_statement,bank_statement_kbank,v1,4,per_artifact/bank_statement/BS-OPER-BKK-R9-2567-12.json
BS-OPER-BKK-R9-2568-01,bank_statement,bank_statement_kbank,v1,4,per_artifact/bank_statement/BS-OPER-BKK-R9-2568-01.json
BS-OPER-BKK-R9-2568-02,bank_statement,bank_statement_kbank,v1,4,per_artifact/bank_statement/BS-OPER-BKK-R9-2568-02.json
BS-OPER-BKK-R9-2568-03,bank_statement,bank_statement_kbank,v1,4,per_artifact/bank_statement/BS-OPER-BKK-R9-2568-03.json
BS-OPER-BKK-R9-2568-04,bank_statement,bank_statement_kbank,v1,3,per_artifact/bank_statement/BS-OPER-BKK-R9-2568-04.json
BS-OPER-BKK-R9-2568-05,bank_statement,bank_statement_kbank,v1,4,per_artifact/bank_statement/BS-OPER-BKK-R9-2568-05.json
BS-OPER-BKK-R9-2568-06,bank_statement,bank_statement_kbank,v1,4,per_artifact/bank_statement/BS-OPER-BKK-R9-2568-06.json
BS-OPER-BKK-R9-2568-07,bank_statement,bank_statement_kbank,v1,4,per_artifact/bank_statement/BS-OPER-BKK-R9-2568-07.json
BS-OPER-BKK-R9-2568-08,bank_statement,bank_statement_kbank,v1,4,per_artifact/bank_statement/BS-OPER-BKK-R9-2568-08.json
BS-OPER-BKK-R9-2568-09,bank_statement,bank_statement_kbank,v1,4,per_artifact/bank_statement/BS-OPER-BKK-R9-2568-09.json
BS-OPER-BKK-R9-2568-10,bank_statement,bank_statement_kbank,v1,4,per_artifact/bank_statement/BS-OPER-BKK-R9-2568-10.json
BS-OPER-BKK-R9-2568-11,bank_statement,bank_statement_kbank,v1,4,per_artifact/bank_statement/BS-OPER-BKK-R9-2568-11.json
BS-OPER-BKK-R9-2568-12,bank_statement,bank_statement_kbank,v1,4,per_artifact/bank_statement/BS-OPER-BKK-R9-2568-12.json
BS-OPER-BKK-SIAM-2567-01,bank_statement,bank_statement_scb,v1,9,per_artifact/bank_statement/BS-OPER-BKK-SIAM-2567-01.json
BS-OPER-BKK-SIAM-2567-02,bank_statement,bank_statement_scb,v1,9,per_artifact/bank_statement/BS-OPER-BKK-SIAM-2567-02.json
BS-OPER-BKK-SIAM-2567-03,bank_statement,bank_statement_scb,v1,9,per_artifact/bank_statement/BS-OPER-BKK-SIAM-2567-03.json
BS-OPER-BKK-SIAM-2567-04,bank_statement,bank_statement_scb,v1,8,per_artifact/bank_statement/BS-OPER-BKK-SIAM-2567-04.json
BS-OPER-BKK-SIAM-2567-05,bank_statement,bank_statement_scb,v1,9,per_artifact/bank_statement/BS-OPER-BKK-SIAM-2567-05.json
BS-OPER-BKK-SIAM-2567-06,bank_statement,bank_statement_scb,v1,9,per_artifact/bank_statement/BS-OPER-BKK-SIAM-2567-06.json
BS-OPER-BKK-SIAM-2567-07,bank_statement,bank_statement_scb,v1,9,per_artifact/bank_statement/BS-OPER-BKK-SIAM-2567-07.json
BS-OPER-BKK-SIAM-2567-08,bank_statement,bank_statement_scb,v1,9,per_artifact/bank_statement/BS-OPER-BKK-SIAM-2567-08.json
BS-OPER-BKK-SIAM-2567-09,bank_statement,bank_statement_scb,v1,9,per_artifact/bank_statement/BS-OPER-BKK-SIAM-2567-09.json
BS-OPER-BKK-SIAM-2567-10,bank_statement,bank_statement_scb,v1,9,per_artifact/bank_statement/BS-OPER-BKK-SIAM-2567-10.json
BS-OPER-BKK-SIAM-2567-11,bank_statement,bank_statement_scb,v1,9,per_artifact/bank_statement/BS-OPER-BKK-SIAM-2567-11.json
BS-OPER-BKK-SIAM-2567-12,bank_statement,bank_statement_scb,v1,9,per_artifact/bank_statement/BS-OPER-BKK-SIAM-2567-12.json
BS-OPER-BKK-SIAM-2568-01,bank_statement,bank_statement_scb,v1,9,per_artifact/bank_statement/BS-OPER-BKK-SIAM-2568-01.json
BS-OPER-BKK-SIAM-2568-02,bank_statement,bank_statement_scb,v1,8,per_artifact/bank_statement/BS-OPER-BKK-SIAM-2568-02.json
BS-OPER-BKK-SIAM-2568-03,bank_statement,bank_statement_scb,v1,9,per_artifact/bank_statement/BS-OPER-BKK-SIAM-2568-03.json
BS-OPER-BKK-SIAM-2568-04,bank_statement,bank_statement_scb,v1,8,per_artifact/bank_statement/BS-OPER-BKK-SIAM-2568-04.json
BS-OPER-BKK-SIAM-2568-05,bank_statement,bank_statement_scb,v1,9,per_artifact/bank_statement/BS-OPER-BKK-SIAM-2568-05.json
BS-OPER-BKK-SIAM-2568-06,bank_statement,bank_statement_scb,v1,9,per_artifact/bank_statement/BS-OPER-BKK-SIAM-2568-06.json
BS-OPER-BKK-SIAM-2568-07,bank_statement,bank_statement_scb,v1,9,per_artifact/bank_statement/BS-OPER-BKK-SIAM-2568-07.json
BS-OPER-BKK-SIAM-2568-08,bank_statement,bank_statement_scb,v1,9,per_artifact/bank_statement/BS-OPER-BKK-SIAM-2568-08.json
BS-OPER-BKK-SIAM-2568-09,bank_statement,bank_statement_scb,v1,9,per_artifact/bank_statement/BS-OPER-BKK-SIAM-2568-09.json
BS-OPER-BKK-SIAM-2568-10,bank_statement,bank_statement_scb,v1,9,per_artifact/bank_statement/BS-OPER-BKK-SIAM-2568-10.json
BS-OPER-BKK-SIAM-2568-11,bank_statement,bank_statement_scb,v1,9,per_artifact/bank_statement/BS-OPER-BKK-SIAM-2568-11.json
BS-OPER-BKK-SIAM-2568-12,bank_statement,bank_statement_scb,v1,9,per_artifact/bank_statement/BS-OPER-BKK-SIAM-2568-12.json
BS-OPER-CNX-MAYA-2567-01,bank_statement,bank_statement_bbl,v1,9,per_artifact/bank_statement/BS-OPER-CNX-MAYA-2567-01.json
BS-OPER-CNX-MAYA-2567-02,bank_statement,bank_statement_bbl,v1,9,per_artifact/bank_statement/BS-OPER-CNX-MAYA-2567-02.json
BS-OPER-CNX-MAYA-2567-03,bank_statement,bank_statement_bbl,v1,9,per_artifact/bank_statement/BS-OPER-CNX-MAYA-2567-03.json
BS-OPER-CNX-MAYA-2567-04,bank_statement,bank_statement_bbl,v1,7,per_artifact/bank_statement/BS-OPER-CNX-MAYA-2567-04.json
BS-OPER-CNX-MAYA-2567-05,bank_statement,bank_statement_bbl,v1,9,per_artifact/bank_statement/BS-OPER-CNX-MAYA-2567-05.json
BS-OPER-CNX-MAYA-2567-06,bank_statement,bank_statement_bbl,v1,8,per_artifact/bank_statement/BS-OPER-CNX-MAYA-2567-06.json
BS-OPER-CNX-MAYA-2567-07,bank_statement,bank_statement_bbl,v1,9,per_artifact/bank_statement/BS-OPER-CNX-MAYA-2567-07.json
BS-OPER-CNX-MAYA-2567-08,bank_statement,bank_statement_bbl,v1,9,per_artifact/bank_statement/BS-OPER-CNX-MAYA-2567-08.json
BS-OPER-CNX-MAYA-2567-09,bank_statement,bank_statement_bbl,v1,9,per_artifact/bank_statement/BS-OPER-CNX-MAYA-2567-09.json
BS-OPER-CNX-MAYA-2567-10,bank_statement,bank_statement_bbl,v1,9,per_artifact/bank_statement/BS-OPER-CNX-MAYA-2567-10.json
BS-OPER-CNX-MAYA-2567-11,bank_statement,bank_statement_bbl,v1,8,per_artifact/bank_statement/BS-OPER-CNX-MAYA-2567-11.json
BS-OPER-CNX-MAYA-2567-12,bank_statement,bank_statement_bbl,v1,9,per_artifact/bank_statement/BS-OPER-CNX-MAYA-2567-12.json
BS-OPER-CNX-MAYA-2568-01,bank_statement,bank_statement_bbl,v1,8,per_artifact/bank_statement/BS-OPER-CNX-MAYA-2568-01.json
BS-OPER-CNX-MAYA-2568-02,bank_statement,bank_statement_bbl,v1,8,per_artifact/bank_statement/BS-OPER-CNX-MAYA-2568-02.json
BS-OPER-CNX-MAYA-2568-03,bank_statement,bank_statement_bbl,v1,9,per_artifact/bank_statement/BS-OPER-CNX-MAYA-2568-03.json
BS-OPER-CNX-MAYA-2568-04,bank_statement,bank_statement_bbl,v1,7,per_artifact/bank_statement/BS-OPER-CNX-MAYA-2568-04.json
BS-OPER-CNX-MAYA-2568-05,bank_statement,bank_statement_bbl,v1,9,per_artifact/bank_statement/BS-OPER-CNX-MAYA-2568-05.json
BS-OPER-CNX-MAYA-2568-06,bank_statement,bank_statement_bbl,v1,9,per_artifact/bank_statement/BS-OPER-CNX-MAYA-2568-06.json
BS-OPER-CNX-MAYA-2568-07,bank_statement,bank_statement_bbl,v1,9,per_artifact/bank_statement/BS-OPER-CNX-MAYA-2568-07.json
BS-OPER-CNX-MAYA-2568-08,bank_statement,bank_statement_bbl,v1,9,per_artifact/bank_statement/BS-OPER-CNX-MAYA-2568-08.json
BS-OPER-CNX-MAYA-2568-09,bank_statement,bank_statement_bbl,v1,9,per_artifact/bank_statement/BS-OPER-CNX-MAYA-2568-09.json
BS-OPER-CNX-MAYA-2568-10,bank_statement,bank_statement_bbl,v1,9,per_artifact/bank_statement/BS-OPER-CNX-MAYA-2568-10.json
BS-OPER-CNX-MAYA-2568-11,bank_statement,bank_statement_bbl,v1,8,per_artifact/bank_statement/BS-OPER-CNX-MAYA-2568-11.json
BS-OPER-CNX-MAYA-2568-12,bank_statement,bank_statement_bbl,v1,9,per_artifact/bank_statement/BS-OPER-CNX-MAYA-2568-12.json
BS-OPER-HKT-FEST-2567-01,bank_statement,bank_statement_kbank,v1,4,per_artifact/bank_statement/BS-OPER-HKT-FEST-2567-01.json
BS-OPER-HKT-FEST-2567-02,bank_statement,bank_statement_kbank,v1,4,per_artifact/bank_statement/BS-OPER-HKT-FEST-2567-02.json
BS-OPER-HKT-FEST-2567-03,bank_statement,bank_statement_kbank,v1,4,per_artifact/bank_statement/BS-OPER-HKT-FEST-2567-03.json
BS-OPER-HKT-FEST-2567-04,bank_statement,bank_statement_kbank,v1,4,per_artifact/bank_statement/BS-OPER-HKT-FEST-2567-04.json
BS-OPER-HKT-FEST-2567-05,bank_statement,bank_statement_kbank,v1,4,per_artifact/bank_statement/BS-OPER-HKT-FEST-2567-05.json
BS-OPER-HKT-FEST-2567-06,bank_statement,bank_statement_kbank,v1,4,per_artifact/bank_statement/BS-OPER-HKT-FEST-2567-06.json
BS-OPER-HKT-FEST-2567-07,bank_statement,bank_statement_kbank,v1,4,per_artifact/bank_statement/BS-OPER-HKT-FEST-2567-07.json
BS-OPER-HKT-FEST-2567-08,bank_statement,bank_statement_kbank,v1,4,per_artifact/bank_statement/BS-OPER-HKT-FEST-2567-08.json
BS-OPER-HKT-FEST-2567-09,bank_statement,bank_statement_kbank,v1,4,per_artifact/bank_statement/BS-OPER-HKT-FEST-2567-09.json
BS-OPER-HKT-FEST-2567-10,bank_statement,bank_statement_kbank,v1,4,per_artifact/bank_statement/BS-OPER-HKT-FEST-2567-10.json
BS-OPER-HKT-FEST-2567-11,bank_statement,bank_statement_kbank,v1,4,per_artifact/bank_statement/BS-OPER-HKT-FEST-2567-11.json
BS-OPER-HKT-FEST-2567-12,bank_statement,bank_statement_kbank,v1,4,per_artifact/bank_statement/BS-OPER-HKT-FEST-2567-12.json
BS-OPER-HKT-FEST-2568-01,bank_statement,bank_statement_kbank,v1,4,per_artifact/bank_statement/BS-OPER-HKT-FEST-2568-01.json
BS-OPER-HKT-FEST-2568-02,bank_statement,bank_statement_kbank,v1,4,per_artifact/bank_statement/BS-OPER-HKT-FEST-2568-02.json
BS-OPER-HKT-FEST-2568-03,bank_statement,bank_statement_kbank,v1,4,per_artifact/bank_statement/BS-OPER-HKT-FEST-2568-03.json
BS-OPER-HKT-FEST-2568-04,bank_statement,bank_statement_kbank,v1,3,per_artifact/bank_statement/BS-OPER-HKT-FEST-2568-04.json
BS-OPER-HKT-FEST-2568-05,bank_statement,bank_statement_kbank,v1,4,per_artifact/bank_statement/BS-OPER-HKT-FEST-2568-05.json
BS-OPER-HKT-FEST-2568-06,bank_statement,bank_statement_kbank,v1,4,per_artifact/bank_statement/BS-OPER-HKT-FEST-2568-06.json
BS-OPER-HKT-FEST-2568-07,bank_statement,bank_statement_kbank,v1,4,per_artifact/bank_statement/BS-OPER-HKT-FEST-2568-07.json
BS-OPER-HKT-FEST-2568-08,bank_statement,bank_statement_kbank,v1,4,per_artifact/bank_statement/BS-OPER-HKT-FEST-2568-08.json
BS-OPER-HKT-FEST-2568-09,bank_statement,bank_statement_kbank,v1,4,per_artifact/bank_statement/BS-OPER-HKT-FEST-2568-09.json
BS-OPER-HKT-FEST-2568-10,bank_statement,bank_statement_kbank,v1,4,per_artifact/bank_statement/BS-OPER-HKT-FEST-2568-10.json
BS-OPER-HKT-FEST-2568-11,bank_statement,bank_statement_kbank,v1,4,per_artifact/bank_statement/BS-OPER-HKT-FEST-2568-11.json
BS-OPER-HKT-FEST-2568-12,bank_statement,bank_statement_kbank,v1,4,per_artifact/bank_statement/BS-OPER-HKT-FEST-2568-12.json
BS-OPER-KKC-CTRL-2567-01,bank_statement,bank_statement_scb,v1,8,per_artifact/bank_statement/BS-OPER-KKC-CTRL-2567-01.json
BS-OPER-KKC-CTRL-2567-02,bank_statement,bank_statement_scb,v1,7,per_artifact/bank_statement/BS-OPER-KKC-CTRL-2567-02.json
BS-OPER-KKC-CTRL-2567-03,bank_statement,bank_statement_scb,v1,8,per_artifact/bank_statement/BS-OPER-KKC-CTRL-2567-03.json
BS-OPER-KKC-CTRL-2567-04,bank_statement,bank_statement_scb,v1,7,per_artifact/bank_statement/BS-OPER-KKC-CTRL-2567-04.json
BS-OPER-KKC-CTRL-2567-05,bank_statement,bank_statement_scb,v1,8,per_artifact/bank_statement/BS-OPER-KKC-CTRL-2567-05.json
BS-OPER-KKC-CTRL-2567-06,bank_statement,bank_statement_scb,v1,8,per_artifact/bank_statement/BS-OPER-KKC-CTRL-2567-06.json
BS-OPER-KKC-CTRL-2567-07,bank_statement,bank_statement_scb,v1,8,per_artifact/bank_statement/BS-OPER-KKC-CTRL-2567-07.json
BS-OPER-KKC-CTRL-2567-08,bank_statement,bank_statement_scb,v1,8,per_artifact/bank_statement/BS-OPER-KKC-CTRL-2567-08.json
BS-OPER-KKC-CTRL-2567-09,bank_statement,bank_statement_scb,v1,8,per_artifact/bank_statement/BS-OPER-KKC-CTRL-2567-09.json
BS-OPER-KKC-CTRL-2567-10,bank_statement,bank_statement_scb,v1,8,per_artifact/bank_statement/BS-OPER-KKC-CTRL-2567-10.json
BS-OPER-KKC-CTRL-2567-11,bank_statement,bank_statement_scb,v1,8,per_artifact/bank_statement/BS-OPER-KKC-CTRL-2567-11.json
BS-OPER-KKC-CTRL-2567-12,bank_statement,bank_statement_scb,v1,8,per_artifact/bank_statement/BS-OPER-KKC-CTRL-2567-12.json
BS-OPER-KKC-CTRL-2568-01,bank_statement,bank_statement_scb,v1,8,per_artifact/bank_statement/BS-OPER-KKC-CTRL-2568-01.json
BS-OPER-KKC-CTRL-2568-02,bank_statement,bank_statement_scb,v1,7,per_artifact/bank_statement/BS-OPER-KKC-CTRL-2568-02.json
BS-OPER-KKC-CTRL-2568-03,bank_statement,bank_statement_scb,v1,8,per_artifact/bank_statement/BS-OPER-KKC-CTRL-2568-03.json
BS-OPER-KKC-CTRL-2568-04,bank_statement,bank_statement_scb,v1,7,per_artifact/bank_statement/BS-OPER-KKC-CTRL-2568-04.json
BS-OPER-KKC-CTRL-2568-05,bank_statement,bank_statement_scb,v1,8,per_artifact/bank_statement/BS-OPER-KKC-CTRL-2568-05.json
BS-OPER-KKC-CTRL-2568-06,bank_statement,bank_statement_scb,v1,8,per_artifact/bank_statement/BS-OPER-KKC-CTRL-2568-06.json
BS-OPER-KKC-CTRL-2568-07,bank_statement,bank_statement_scb,v1,8,per_artifact/bank_statement/BS-OPER-KKC-CTRL-2568-07.json
BS-OPER-KKC-CTRL-2568-08,bank_statement,bank_statement_scb,v1,7,per_artifact/bank_statement/BS-OPER-KKC-CTRL-2568-08.json
BS-OPER-KKC-CTRL-2568-09,bank_statement,bank_statement_scb,v1,8,per_artifact/bank_statement/BS-OPER-KKC-CTRL-2568-09.json
BS-OPER-KKC-CTRL-2568-10,bank_statement,bank_statement_scb,v1,8,per_artifact/bank_statement/BS-OPER-KKC-CTRL-2568-10.json
BS-OPER-KKC-CTRL-2568-11,bank_statement,bank_statement_scb,v1,8,per_artifact/bank_statement/BS-OPER-KKC-CTRL-2568-11.json
BS-OPER-KKC-CTRL-2568-12,bank_statement,bank_statement_scb,v1,9,per_artifact/bank_statement/BS-OPER-KKC-CTRL-2568-12.json
BS-OPER-PTY-CTRL-2567-01,bank_statement,bank_statement_bbl,v1,9,per_artifact/bank_statement/BS-OPER-PTY-CTRL-2567-01.json
BS-OPER-PTY-CTRL-2567-02,bank_statement,bank_statement_bbl,v1,8,per_artifact/bank_statement/BS-OPER-PTY-CTRL-2567-02.json
BS-OPER-PTY-CTRL-2567-03,bank_statement,bank_statement_bbl,v1,9,per_artifact/bank_statement/BS-OPER-PTY-CTRL-2567-03.json
BS-OPER-PTY-CTRL-2567-04,bank_statement,bank_statement_bbl,v1,7,per_artifact/bank_statement/BS-OPER-PTY-CTRL-2567-04.json
BS-OPER-PTY-CTRL-2567-05,bank_statement,bank_statement_bbl,v1,9,per_artifact/bank_statement/BS-OPER-PTY-CTRL-2567-05.json
BS-OPER-PTY-CTRL-2567-06,bank_statement,bank_statement_bbl,v1,8,per_artifact/bank_statement/BS-OPER-PTY-CTRL-2567-06.json
BS-OPER-PTY-CTRL-2567-07,bank_statement,bank_statement_bbl,v1,9,per_artifact/bank_statement/BS-OPER-PTY-CTRL-2567-07.json
BS-OPER-PTY-CTRL-2567-08,bank_statement,bank_statement_bbl,v1,9,per_artifact/bank_statement/BS-OPER-PTY-CTRL-2567-08.json
BS-OPER-PTY-CTRL-2567-09,bank_statement,bank_statement_bbl,v1,8,per_artifact/bank_statement/BS-OPER-PTY-CTRL-2567-09.json
BS-OPER-PTY-CTRL-2567-10,bank_statement,bank_statement_bbl,v1,9,per_artifact/bank_statement/BS-OPER-PTY-CTRL-2567-10.json
BS-OPER-PTY-CTRL-2567-11,bank_statement,bank_statement_bbl,v1,9,per_artifact/bank_statement/BS-OPER-PTY-CTRL-2567-11.json
BS-OPER-PTY-CTRL-2567-12,bank_statement,bank_statement_bbl,v1,9,per_artifact/bank_statement/BS-OPER-PTY-CTRL-2567-12.json
BS-OPER-PTY-CTRL-2568-01,bank_statement,bank_statement_bbl,v1,9,per_artifact/bank_statement/BS-OPER-PTY-CTRL-2568-01.json
BS-OPER-PTY-CTRL-2568-02,bank_statement,bank_statement_bbl,v1,8,per_artifact/bank_statement/BS-OPER-PTY-CTRL-2568-02.json
BS-OPER-PTY-CTRL-2568-03,bank_statement,bank_statement_bbl,v1,9,per_artifact/bank_statement/BS-OPER-PTY-CTRL-2568-03.json
BS-OPER-PTY-CTRL-2568-04,bank_statement,bank_statement_bbl,v1,8,per_artifact/bank_statement/BS-OPER-PTY-CTRL-2568-04.json
BS-OPER-PTY-CTRL-2568-05,bank_statement,bank_statement_bbl,v1,9,per_artifact/bank_statement/BS-OPER-PTY-CTRL-2568-05.json
BS-OPER-PTY-CTRL-2568-06,bank_statement,bank_statement_bbl,v1,9,per_artifact/bank_statement/BS-OPER-PTY-CTRL-2568-06.json
BS-OPER-PTY-CTRL-2568-07,bank_statement,bank_statement_bbl,v1,9,per_artifact/bank_statement/BS-OPER-PTY-CTRL-2568-07.json
BS-OPER-PTY-CTRL-2568-08,bank_statement,bank_statement_bbl,v1,9,per_artifact/bank_statement/BS-OPER-PTY-CTRL-2568-08.json
BS-OPER-PTY-CTRL-2568-09,bank_statement,bank_statement_bbl,v1,9,per_artifact/bank_statement/BS-OPER-PTY-CTRL-2568-09.json
BS-OPER-PTY-CTRL-2568-10,bank_statement,bank_statement_bbl,v1,9,per_artifact/bank_statement/BS-OPER-PTY-CTRL-2568-10.json
BS-OPER-PTY-CTRL-2568-11,bank_statement,bank_statement_bbl,v1,8,per_artifact/bank_statement/BS-OPER-PTY-CTRL-2568-11.json
BS-OPER-PTY-CTRL-2568-12,bank_statement,bank_statement_bbl,v1,9,per_artifact/bank_statement/BS-OPER-PTY-CTRL-2568-12.json
BS-OPER-REMOTE-2567-01,bank_statement,bank_statement_kbank,v1,3,per_artifact/bank_statement/BS-OPER-REMOTE-2567-01.json
BS-OPER-REMOTE-2567-02,bank_statement,bank_statement_kbank,v1,3,per_artifact/bank_statement/BS-OPER-REMOTE-2567-02.json
BS-OPER-REMOTE-2567-03,bank_statement,bank_statement_kbank,v1,3,per_artifact/bank_statement/BS-OPER-REMOTE-2567-03.json
BS-OPER-REMOTE-2567-04,bank_statement,bank_statement_kbank,v1,3,per_artifact/bank_statement/BS-OPER-REMOTE-2567-04.json
BS-OPER-REMOTE-2567-05,bank_statement,bank_statement_kbank,v1,3,per_artifact/bank_statement/BS-OPER-REMOTE-2567-05.json
BS-OPER-REMOTE-2567-06,bank_statement,bank_statement_kbank,v1,3,per_artifact/bank_statement/BS-OPER-REMOTE-2567-06.json
BS-OPER-REMOTE-2567-07,bank_statement,bank_statement_kbank,v1,3,per_artifact/bank_statement/BS-OPER-REMOTE-2567-07.json
BS-OPER-REMOTE-2567-08,bank_statement,bank_statement_kbank,v1,3,per_artifact/bank_statement/BS-OPER-REMOTE-2567-08.json
BS-OPER-REMOTE-2567-09,bank_statement,bank_statement_kbank,v1,3,per_artifact/bank_statement/BS-OPER-REMOTE-2567-09.json
BS-OPER-REMOTE-2567-10,bank_statement,bank_statement_kbank,v1,4,per_artifact/bank_statement/BS-OPER-REMOTE-2567-10.json
BS-OPER-REMOTE-2567-11,bank_statement,bank_statement_kbank,v1,3,per_artifact/bank_statement/BS-OPER-REMOTE-2567-11.json
BS-OPER-REMOTE-2567-12,bank_statement,bank_statement_kbank,v1,3,per_artifact/bank_statement/BS-OPER-REMOTE-2567-12.json
BS-OPER-REMOTE-2568-01,bank_statement,bank_statement_kbank,v1,3,per_artifact/bank_statement/BS-OPER-REMOTE-2568-01.json
BS-OPER-REMOTE-2568-02,bank_statement,bank_statement_kbank,v1,3,per_artifact/bank_statement/BS-OPER-REMOTE-2568-02.json
BS-OPER-REMOTE-2568-03,bank_statement,bank_statement_kbank,v1,3,per_artifact/bank_statement/BS-OPER-REMOTE-2568-03.json
BS-OPER-REMOTE-2568-04,bank_statement,bank_statement_kbank,v1,3,per_artifact/bank_statement/BS-OPER-REMOTE-2568-04.json
BS-OPER-REMOTE-2568-05,bank_statement,bank_statement_kbank,v1,3,per_artifact/bank_statement/BS-OPER-REMOTE-2568-05.json
BS-OPER-REMOTE-2568-06,bank_statement,bank_statement_kbank,v1,3,per_artifact/bank_statement/BS-OPER-REMOTE-2568-06.json
BS-OPER-REMOTE-2568-07,bank_statement,bank_statement_kbank,v1,3,per_artifact/bank_statement/BS-OPER-REMOTE-2568-07.json
BS-OPER-REMOTE-2568-08,bank_statement,bank_statement_kbank,v1,3,per_artifact/bank_statement/BS-OPER-REMOTE-2568-08.json
BS-OPER-REMOTE-2568-09,bank_statement,bank_statement_kbank,v1,3,per_artifact/bank_statement/BS-OPER-REMOTE-2568-09.json
BS-OPER-REMOTE-2568-10,bank_statement,bank_statement_kbank,v1,3,per_artifact/bank_statement/BS-OPER-REMOTE-2568-10.json
BS-OPER-REMOTE-2568-11,bank_statement,bank_statement_kbank,v1,3,per_artifact/bank_statement/BS-OPER-REMOTE-2568-11.json
BS-OPER-REMOTE-2568-12,bank_statement,bank_statement_kbank,v1,3,per_artifact/bank_statement/BS-OPER-REMOTE-2568-12.json
BS-OPER-UDN-CTRL-2567-01,bank_statement,bank_statement_scb,v1,7,per_artifact/bank_statement/BS-OPER-UDN-CTRL-2567-01.json
BS-OPER-UDN-CTRL-2567-02,bank_statement,bank_statement_scb,v1,7,per_artifact/bank_statement/BS-OPER-UDN-CTRL-2567-02.json
BS-OPER-UDN-CTRL-2567-03,bank_statement,bank_statement_scb,v1,7,per_artifact/bank_statement/BS-OPER-UDN-CTRL-2567-03.json
BS-OPER-UDN-CTRL-2567-04,bank_statement,bank_statement_scb,v1,7,per_artifact/bank_statement/BS-OPER-UDN-CTRL-2567-04.json
BS-OPER-UDN-CTRL-2567-05,bank_statement,bank_statement_scb,v1,8,per_artifact/bank_statement/BS-OPER-UDN-CTRL-2567-05.json
BS-OPER-UDN-CTRL-2567-06,bank_statement,bank_statement_scb,v1,7,per_artifact/bank_statement/BS-OPER-UDN-CTRL-2567-06.json
BS-OPER-UDN-CTRL-2567-07,bank_statement,bank_statement_scb,v1,8,per_artifact/bank_statement/BS-OPER-UDN-CTRL-2567-07.json
BS-OPER-UDN-CTRL-2567-08,bank_statement,bank_statement_scb,v1,7,per_artifact/bank_statement/BS-OPER-UDN-CTRL-2567-08.json
BS-OPER-UDN-CTRL-2567-09,bank_statement,bank_statement_scb,v1,8,per_artifact/bank_statement/BS-OPER-UDN-CTRL-2567-09.json
BS-OPER-UDN-CTRL-2567-10,bank_statement,bank_statement_scb,v1,8,per_artifact/bank_statement/BS-OPER-UDN-CTRL-2567-10.json
BS-OPER-UDN-CTRL-2567-11,bank_statement,bank_statement_scb,v1,8,per_artifact/bank_statement/BS-OPER-UDN-CTRL-2567-11.json
BS-OPER-UDN-CTRL-2567-12,bank_statement,bank_statement_scb,v1,8,per_artifact/bank_statement/BS-OPER-UDN-CTRL-2567-12.json
BS-OPER-UDN-CTRL-2568-01,bank_statement,bank_statement_scb,v1,7,per_artifact/bank_statement/BS-OPER-UDN-CTRL-2568-01.json
BS-OPER-UDN-CTRL-2568-02,bank_statement,bank_statement_scb,v1,7,per_artifact/bank_statement/BS-OPER-UDN-CTRL-2568-02.json
BS-OPER-UDN-CTRL-2568-03,bank_statement,bank_statement_scb,v1,8,per_artifact/bank_statement/BS-OPER-UDN-CTRL-2568-03.json
BS-OPER-UDN-CTRL-2568-04,bank_statement,bank_statement_scb,v1,7,per_artifact/bank_statement/BS-OPER-UDN-CTRL-2568-04.json
BS-OPER-UDN-CTRL-2568-05,bank_statement,bank_statement_scb,v1,8,per_artifact/bank_statement/BS-OPER-UDN-CTRL-2568-05.json
BS-OPER-UDN-CTRL-2568-06,bank_statement,bank_statement_scb,v1,8,per_artifact/bank_statement/BS-OPER-UDN-CTRL-2568-06.json
BS-OPER-UDN-CTRL-2568-07,bank_statement,bank_statement_scb,v1,8,per_artifact/bank_statement/BS-OPER-UDN-CTRL-2568-07.json
BS-OPER-UDN-CTRL-2568-08,bank_statement,bank_statement_scb,v1,8,per_artifact/bank_statement/BS-OPER-UDN-CTRL-2568-08.json
BS-OPER-UDN-CTRL-2568-09,bank_statement,bank_statement_scb,v1,8,per_artifact/bank_statement/BS-OPER-UDN-CTRL-2568-09.json
BS-OPER-UDN-CTRL-2568-10,bank_statement,bank_statement_scb,v1,8,per_artifact/bank_statement/BS-OPER-UDN-CTRL-2568-10.json
BS-OPER-UDN-CTRL-2568-11,bank_statement,bank_statement_scb,v1,7,per_artifact/bank_statement/BS-OPER-UDN-CTRL-2568-11.json
BS-OPER-UDN-CTRL-2568-12,bank_statement,bank_statement_scb,v1,8,per_artifact/bank_statement/BS-OPER-UDN-CTRL-2568-12.json
BS-SCB-OPER-2567-01,bank_statement,bank_statement_scb,v1,2,per_artifact/bank_statement/BS-SCB-OPER-2567-01.json
BS-SCB-OPER-2567-02,bank_statement,bank_statement_scb,v1,2,per_artifact/bank_statement/BS-SCB-OPER-2567-02.json
BS-SCB-OPER-2567-03,bank_statement,bank_statement_scb,v1,2,per_artifact/bank_statement/BS-SCB-OPER-2567-03.json
BS-SCB-OPER-2567-04,bank_statement,bank_statement_scb,v1,2,per_artifact/bank_statement/BS-SCB-OPER-2567-04.json
BS-SCB-OPER-2567-05,bank_statement,bank_statement_scb,v1,2,per_artifact/bank_statement/BS-SCB-OPER-2567-05.json
BS-SCB-OPER-2567-06,bank_statement,bank_statement_scb,v1,2,per_artifact/bank_statement/BS-SCB-OPER-2567-06.json
BS-SCB-OPER-2567-07,bank_statement,bank_statement_scb,v1,2,per_artifact/bank_statement/BS-SCB-OPER-2567-07.json
BS-SCB-OPER-2567-08,bank_statement,bank_statement_scb,v1,2,per_artifact/bank_statement/BS-SCB-OPER-2567-08.json
BS-SCB-OPER-2567-09,bank_statement,bank_statement_scb,v1,2,per_artifact/bank_statement/BS-SCB-OPER-2567-09.json
BS-SCB-OPER-2567-10,bank_statement,bank_statement_scb,v1,2,per_artifact/bank_statement/BS-SCB-OPER-2567-10.json
BS-SCB-OPER-2567-11,bank_statement,bank_statement_scb,v1,2,per_artifact/bank_statement/BS-SCB-OPER-2567-11.json
BS-SCB-OPER-2567-12,bank_statement,bank_statement_scb,v1,2,per_artifact/bank_statement/BS-SCB-OPER-2567-12.json
BS-SCB-OPER-2568-01,bank_statement,bank_statement_scb,v1,2,per_artifact/bank_statement/BS-SCB-OPER-2568-01.json
BS-SCB-OPER-2568-02,bank_statement,bank_statement_scb,v1,2,per_artifact/bank_statement/BS-SCB-OPER-2568-02.json
BS-SCB-OPER-2568-03,bank_statement,bank_statement_scb,v1,2,per_artifact/bank_statement/BS-SCB-OPER-2568-03.json
BS-SCB-OPER-2568-04,bank_statement,bank_statement_scb,v1,2,per_artifact/bank_statement/BS-SCB-OPER-2568-04.json
BS-SCB-OPER-2568-05,bank_statement,bank_statement_scb,v1,2,per_artifact/bank_statement/BS-SCB-OPER-2568-05.json
BS-SCB-OPER-2568-06,bank_statement,bank_statement_scb,v1,2,per_artifact/bank_statement/BS-SCB-OPER-2568-06.json
BS-SCB-OPER-2568-07,bank_statement,bank_statement_scb,v1,2,per_artifact/bank_statement/BS-SCB-OPER-2568-07.json
BS-SCB-OPER-2568-08,bank_statement,bank_statement_scb,v1,2,per_artifact/bank_statement/BS-SCB-OPER-2568-08.json
BS-SCB-OPER-2568-09,bank_statement,bank_statement_scb,v1,2,per_artifact/bank_statement/BS-SCB-OPER-2568-09.json
BS-SCB-OPER-2568-10,bank_statement,bank_statement_scb,v1,2,per_artifact/bank_statement/BS-SCB-OPER-2568-10.json
BS-SCB-OPER-2568-11,bank_statement,bank_statement_scb,v1,2,per_artifact/bank_statement/BS-SCB-OPER-2568-11.json
BS-SCB-OPER-2568-12,bank_statement,bank_statement_scb,v1,2,per_artifact/bank_statement/BS-SCB-OPER-2568-12.json
BN-MEGA1111-2567,e7_banner,e7_banner_modern_flat,v1,1,per_artifact/e7_banner/BN-MEGA1111-2567.json
BN-MEGA1111-2568,e7_banner,e7_banner_modern_flat,v1,1,per_artifact/e7_banner/BN-MEGA1111-2568.json
BN-MEGA1212-2567,e7_banner,e7_banner_modern_flat,v1,1,per_artifact/e7_banner/BN-MEGA1212-2567.json
BN-MEGA1212-2568,e7_banner,e7_banner_modern_flat,v1,1,per_artifact/e7_banner/BN-MEGA1212-2568.json
RC-TXN-202401-02004012,receipt,receipt_thermal,v1,1,per_artifact/receipt/RC-TXN-202401-02004012.json
RC-TXN-202401-02007770,receipt,receipt_thermal,v1,1,per_artifact/receipt/RC-TXN-202401-02007770.json
RC-TXN-202401-02012747,receipt,receipt_thermal,v1,1,per_artifact/receipt/RC-TXN-202401-02012747.json
RC-TXN-202401-04026017,receipt,receipt_thermal,v1,1,per_artifact/receipt/RC-TXN-202401-04026017.json
RC-TXN-202401-06000235,receipt,receipt_thermal,v1,1,per_artifact/receipt/RC-TXN-202401-06000235.json
RC-TXN-202401-07002323,receipt,receipt_thermal,v1,1,per_artifact/receipt/RC-TXN-202401-07002323.json
RC-TXN-202401-07018227,receipt,receipt_thermal,v1,1,per_artifact/receipt/RC-TXN-202401-07018227.json
RC-TXN-202401-07018428,receipt,receipt_thermal,v1,1,per_artifact/receipt/RC-TXN-202401-07018428.json
RC-TXN-202401-07022969,receipt,receipt_thermal,v1,1,per_artifact/receipt/RC-TXN-202401-07022969.json
RC-TXN-202401-08026952,receipt,receipt_thermal,v1,1,per_artifact/receipt/RC-TXN-202401-08026952.json
RC-TXN-202401-11002553,receipt,receipt_thermal,v1,1,per_artifact/receipt/RC-TXN-202401-11002553.json
RC-TXN-202401-13015001,receipt,receipt_thermal,v1,1,per_artifact/receipt/RC-TXN-202401-13015001.json
RC-TXN-202401-15026552,receipt,receipt_thermal,v1,1,per_artifact/receipt/RC-TXN-202401-15026552.json
RC-TXN-202401-16004529,receipt,receipt_thermal,v1,1,per_artifact/receipt/RC-TXN-202401-16004529.json
RC-TXN-202401-16028481,receipt,receipt_thermal,v1,1,per_artifact/receipt/RC-TXN-202401-16028481.json
RC-TXN-202401-17014045,receipt,receipt_thermal,v1,1,per_artifact/receipt/RC-TXN-202401-17014045.json
RC-TXN-202401-18009509,receipt,receipt_thermal,v1,1,per_artifact/receipt/RC-TXN-202401-18009509.json
RC-TXN-202401-19021420,receipt,receipt_thermal,v1,1,per_artifact/receipt/RC-TXN-202401-19021420.json
RC-TXN-202401-20005009,receipt,receipt_thermal,v1,1,per_artifact/receipt/RC-TXN-202401-20005009.json
RC-TXN-202401-24010392,receipt,receipt_thermal,v1,1,per_artifact/receipt/RC-TXN-202401-24010392.json
RC-TXN-202401-24010770,receipt,receipt_thermal,v1,1,per_artifact/receipt/RC-TXN-202401-24010770.json
RC-TXN-202401-25003078,receipt,receipt_thermal,v1,1,per_artifact/receipt/RC-TXN-202401-25003078.json
RC-TXN-202401-26003452,receipt,receipt_thermal,v1,1,per_artifact/receipt/RC-TXN-202401-26003452.json
RC-TXN-202401-26006092,receipt,receipt_thermal,v1,1,per_artifact/receipt/RC-TXN-202401-26006092.json
RC-TXN-202401-26016789,receipt,receipt_thermal,v1,1,per_artifact/receipt/RC-TXN-202401-26016789.json
RC-TXN-202401-29001000,receipt,receipt_thermal,v1,1,per_artifact/receipt/RC-TXN-202401-29001000.json
RC-TXN-202401-29010235,receipt,receipt_thermal,v1,1,per_artifact/receipt/RC-TXN-202401-29010235.json
RC-TXN-202401-31019553,receipt,receipt_thermal,v1,1,per_artifact/receipt/RC-TXN-202401-31019553.json
RC-TXN-202401-31023160,receipt,receipt_thermal,v1,1,per_artifact/receipt/RC-TXN-202401-31023160.json
RC-TXN-202401-31025933,receipt,receipt_thermal,v1,1,per_artifact/receipt/RC-TXN-202401-31025933.json
RC-TXN-202402-01006699,receipt,receipt_thermal,v1,1,per_artifact/receipt/RC-TXN-202402-01006699.json
RC-TXN-202402-03025576,receipt,receipt_thermal,v1,1,per_artifact/receipt/RC-TXN-202402-03025576.json
RC-TXN-202402-05025888,receipt,receipt_thermal,v1,1,per_artifact/receipt/RC-TXN-202402-05025888.json
RC-TXN-202402-07007206,receipt,receipt_thermal,v1,1,per_artifact/receipt/RC-TXN-202402-07007206.json
RC-TXN-202402-07011619,receipt,receipt_thermal,v1,1,per_artifact/receipt/RC-TXN-202402-07011619.json
RC-TXN-202402-07014200,receipt,receipt_thermal,v1,1,per_artifact/receipt/RC-TXN-202402-07014200.json
RC-TXN-202402-09003113,receipt,receipt_thermal,v1,1,per_artifact/receipt/RC-TXN-202402-09003113.json
RC-TXN-202402-10004172,receipt,receipt_thermal,v1,1,per_artifact/receipt/RC-TXN-202402-10004172.json
RC-TXN-202402-11009037,receipt,receipt_thermal,v1,1,per_artifact/receipt/RC-TXN-202402-11009037.json
RC-TXN-202402-11013417,receipt,receipt_thermal,v1,1,per_artifact/receipt/RC-TXN-202402-11013417.json
RC-TXN-202402-12015228,receipt,receipt_thermal,v1,1,per_artifact/receipt/RC-TXN-202402-12015228.json
RC-TXN-202402-13010955,receipt,receipt_thermal,v1,1,per_artifact/receipt/RC-TXN-202402-13010955.json
RC-TXN-202402-14002900,receipt,receipt_thermal,v1,1,per_artifact/receipt/RC-TXN-202402-14002900.json
RC-TXN-202402-15003903,receipt,receipt_thermal,v1,1,per_artifact/receipt/RC-TXN-202402-15003903.json
RC-TXN-202402-15023440,receipt,receipt_thermal,v1,1,per_artifact/receipt/RC-TXN-202402-15023440.json
RC-TXN-202402-16013252,receipt,receipt_thermal,v1,1,per_artifact/receipt/RC-TXN-202402-16013252.json
RC-TXN-202402-17018493,receipt,receipt_thermal,v1,1,per_artifact/receipt/RC-TXN-202402-17018493.json
RC-TXN-202402-17019675,receipt,receipt_thermal,v1,1,per_artifact/receipt/RC-TXN-202402-17019675.json
RC-TXN-202402-18005101,receipt,receipt_thermal,v1,1,per_artifact/receipt/RC-TXN-202402-18005101.json
RC-TXN-202402-20007002,receipt,receipt_thermal,v1,1,per_artifact/receipt/RC-TXN-202402-20007002.json
RC-TXN-202402-21009247,receipt,receipt_thermal,v1,1,per_artifact/receipt/RC-TXN-202402-21009247.json
RC-TXN-202402-24006037,receipt,receipt_thermal,v1,1,per_artifact/receipt/RC-TXN-202402-24006037.json
RC-TXN-202402-24022519,receipt,receipt_thermal,v1,1,per_artifact/receipt/RC-TXN-202402-24022519.json
RC-TXN-202402-25013963,receipt,receipt_thermal,v1,1,per_artifact/receipt/RC-TXN-202402-25013963.json
RC-TXN-202402-28013900,receipt,receipt_thermal,v1,1,per_artifact/receipt/RC-TXN-202402-28013900.json
RC-TXN-202402-28014515,receipt,receipt_thermal,v1,1,per_artifact/receipt/RC-TXN-202402-28014515.json
RC-TXN-202403-01022829,receipt,receipt_thermal,v1,1,per_artifact/receipt/RC-TXN-202403-01022829.json
RC-TXN-202403-02001831,receipt,receipt_thermal,v1,1,per_artifact/receipt/RC-TXN-202403-02001831.json
RC-TXN-202403-02002921,receipt,receipt_thermal,v1,1,per_artifact/receipt/RC-TXN-202403-02002921.json
RC-TXN-202403-02007434,receipt,receipt_thermal,v1,1,per_artifact/receipt/RC-TXN-202403-02007434.json
RC-TXN-202403-08005367,receipt,receipt_thermal,v1,1,per_artifact/receipt/RC-TXN-202403-08005367.json
RC-TXN-202403-11028405,receipt,receipt_thermal,v1,1,per_artifact/receipt/RC-TXN-202403-11028405.json
RC-TXN-202403-13000558,receipt,receipt_thermal,v1,1,per_artifact/receipt/RC-TXN-202403-13000558.json
RC-TXN-202403-13005479,receipt,receipt_thermal,v1,1,per_artifact/receipt/RC-TXN-202403-13005479.json
RC-TXN-202403-14000135,receipt,receipt_thermal,v1,1,per_artifact/receipt/RC-TXN-202403-14000135.json
RC-TXN-202403-15012272,receipt,receipt_thermal,v1,1,per_artifact/receipt/RC-TXN-202403-15012272.json
RC-TXN-202403-16002353,receipt,receipt_thermal,v1,1,per_artifact/receipt/RC-TXN-202403-16002353.json
RC-TXN-202403-16029907,receipt,receipt_thermal,v1,1,per_artifact/receipt/RC-TXN-202403-16029907.json
RC-TXN-202403-17012437,receipt,receipt_thermal,v1,1,per_artifact/receipt/RC-TXN-202403-17012437.json
RC-TXN-202403-17029938,receipt,receipt_thermal,v1,1,per_artifact/receipt/RC-TXN-202403-17029938.json
RC-TXN-202403-18017005,receipt,receipt_thermal,v1,1,per_artifact/receipt/RC-TXN-202403-18017005.json
RC-TXN-202403-20009900,receipt,receipt_thermal,v1,1,per_artifact/receipt/RC-TXN-202403-20009900.json
RC-TXN-202403-22004498,receipt,receipt_thermal,v1,1,per_artifact/receipt/RC-TXN-202403-22004498.json
RC-TXN-202403-22014704,receipt,receipt_thermal,v1,1,per_artifact/receipt/RC-TXN-202403-22014704.json
RC-TXN-202403-22015355,receipt,receipt_thermal,v1,1,per_artifact/receipt/RC-TXN-202403-22015355.json
RC-TXN-202403-23020963,receipt,receipt_thermal,v1,1,per_artifact/receipt/RC-TXN-202403-23020963.json
RC-TXN-202403-24025010,receipt,receipt_thermal,v1,1,per_artifact/receipt/RC-TXN-202403-24025010.json
RC-TXN-202403-25023668,receipt,receipt_thermal,v1,1,per_artifact/receipt/RC-TXN-202403-25023668.json
RC-TXN-202403-26004897,receipt,receipt_thermal,v1,1,per_artifact/receipt/RC-TXN-202403-26004897.json
RC-TXN-202403-27019354,receipt,receipt_thermal,v1,1,per_artifact/receipt/RC-TXN-202403-27019354.json
RC-TXN-202403-29007716,receipt,receipt_thermal,v1,1,per_artifact/receipt/RC-TXN-202403-29007716.json
RC-TXN-202403-30015786,receipt,receipt_thermal,v1,1,per_artifact/receipt/RC-TXN-202403-30015786.json
RC-TXN-202404-02006643,receipt,receipt_thermal,v1,1,per_artifact/receipt/RC-TXN-202404-02006643.json
RC-TXN-202404-02024600,receipt,receipt_thermal,v1,1,per_artifact/receipt/RC-TXN-202404-02024600.json
RC-TXN-202404-03015585,receipt,receipt_thermal,v1,1,per_artifact/receipt/RC-TXN-202404-03015585.json
RC-TXN-202404-03018819,receipt,receipt_thermal,v1,1,per_artifact/receipt/RC-TXN-202404-03018819.json
RC-TXN-202404-04002869,receipt,receipt_thermal,v1,1,per_artifact/receipt/RC-TXN-202404-04002869.json
RC-TXN-202404-04015358,receipt,receipt_thermal,v1,1,per_artifact/receipt/RC-TXN-202404-04015358.json
RC-TXN-202404-05021496,receipt,receipt_thermal,v1,1,per_artifact/receipt/RC-TXN-202404-05021496.json
RC-TXN-202404-07026930,receipt,receipt_thermal,v1,1,per_artifact/receipt/RC-TXN-202404-07026930.json
RC-TXN-202404-09012700,receipt,receipt_thermal,v1,1,per_artifact/receipt/RC-TXN-202404-09012700.json
RC-TXN-202404-12027817,receipt,receipt_thermal,v1,1,per_artifact/receipt/RC-TXN-202404-12027817.json
RC-TXN-202404-19016670,receipt,receipt_thermal,v1,1,per_artifact/receipt/RC-TXN-202404-19016670.json
RC-TXN-202404-21026006,receipt,receipt_thermal,v1,1,per_artifact/receipt/RC-TXN-202404-21026006.json
RC-TXN-202404-22000100,receipt,receipt_thermal,v1,1,per_artifact/receipt/RC-TXN-202404-22000100.json
RC-TXN-202404-22017801,receipt,receipt_thermal,v1,1,per_artifact/receipt/RC-TXN-202404-22017801.json
RC-TXN-202404-23012940,receipt,receipt_thermal,v1,1,per_artifact/receipt/RC-TXN-202404-23012940.json
RC-TXN-202405-02003400,receipt,receipt_thermal,v1,1,per_artifact/receipt/RC-TXN-202405-02003400.json
RC-TXN-202405-02004800,receipt,receipt_thermal,v1,1,per_artifact/receipt/RC-TXN-202405-02004800.json
RC-TXN-202405-03011381,receipt,receipt_thermal,v1,1,per_artifact/receipt/RC-TXN-202405-03011381.json
RC-TXN-202405-04002523,receipt,receipt_thermal,v1,1,per_artifact/receipt/RC-TXN-202405-04002523.json
RC-TXN-202405-04008492,receipt,receipt_thermal,v1,1,per_artifact/receipt/RC-TXN-202405-04008492.json
RC-TXN-202405-04014062,receipt,receipt_thermal,v1,1,per_artifact/receipt/RC-TXN-202405-04014062.json
RC-TXN-202405-05005588,receipt,receipt_thermal,v1,1,per_artifact/receipt/RC-TXN-202405-05005588.json
RC-TXN-202405-05008444,receipt,receipt_thermal,v1,1,per_artifact/receipt/RC-TXN-202405-05008444.json
RC-TXN-202405-07019380,receipt,receipt_thermal,v1,1,per_artifact/receipt/RC-TXN-202405-07019380.json
RC-TXN-202405-08020568,receipt,receipt_thermal,v1,1,per_artifact/receipt/RC-TXN-202405-08020568.json
RC-TXN-202405-08025925,receipt,receipt_thermal,v1,1,per_artifact/receipt/RC-TXN-202405-08025925.json
RC-TXN-202405-10018018,receipt,receipt_thermal,v1,1,per_artifact/receipt/RC-TXN-202405-10018018.json
RC-TXN-202405-12001515,receipt,receipt_thermal,v1,1,per_artifact/receipt/RC-TXN-202405-12001515.json
RC-TXN-202405-16002242,receipt,receipt_thermal,v1,1,per_artifact/receipt/RC-TXN-202405-16002242.json
RC-TXN-202405-18000926,receipt,receipt_thermal,v1,1,per_artifact/receipt/RC-TXN-202405-18000926.json
RC-TXN-202405-20002428,receipt,receipt_thermal,v1,1,per_artifact/receipt/RC-TXN-202405-20002428.json
RC-TXN-202405-21022111,receipt,receipt_thermal,v1,1,per_artifact/receipt/RC-TXN-202405-21022111.json
RC-TXN-202405-21022190,receipt,receipt_thermal,v1,1,per_artifact/receipt/RC-TXN-202405-21022190.json
RC-TXN-202405-22011466,receipt,receipt_thermal,v1,1,per_artifact/receipt/RC-TXN-202405-22011466.json
RC-TXN-202405-25024534,receipt,receipt_thermal,v1,1,per_artifact/receipt/RC-TXN-202405-25024534.json
RC-TXN-202405-26017737,receipt,receipt_thermal,v1,1,per_artifact/receipt/RC-TXN-202405-26017737.json
RC-TXN-202405-26023389,receipt,receipt_thermal,v1,1,per_artifact/receipt/RC-TXN-202405-26023389.json
RC-TXN-202405-27023128,receipt,receipt_thermal,v1,1,per_artifact/receipt/RC-TXN-202405-27023128.json
RC-TXN-202405-28019449,receipt,receipt_thermal,v1,1,per_artifact/receipt/RC-TXN-202405-28019449.json
RC-TXN-202405-28019497,receipt,receipt_thermal,v1,1,per_artifact/receipt/RC-TXN-202405-28019497.json
RC-TXN-202405-29010050,receipt,receipt_thermal,v1,1,per_artifact/receipt/RC-TXN-202405-29010050.json
RC-TXN-202405-30017571,receipt,receipt_thermal,v1,1,per_artifact/receipt/RC-TXN-202405-30017571.json
RC-TXN-202406-01019282,receipt,receipt_thermal,v1,1,per_artifact/receipt/RC-TXN-202406-01019282.json
RC-TXN-202406-02013283,receipt,receipt_thermal,v1,1,per_artifact/receipt/RC-TXN-202406-02013283.json
RC-TXN-202406-02024568,receipt,receipt_thermal,v1,1,per_artifact/receipt/RC-TXN-202406-02024568.json
RC-TXN-202406-04018731,receipt,receipt_thermal,v1,1,per_artifact/receipt/RC-TXN-202406-04018731.json
RC-TXN-202406-08029300,receipt,receipt_thermal,v1,1,per_artifact/receipt/RC-TXN-202406-08029300.json
RC-TXN-202406-11010400,receipt,receipt_thermal,v1,1,per_artifact/receipt/RC-TXN-202406-11010400.json
RC-TXN-202406-11022591,receipt,receipt_thermal,v1,1,per_artifact/receipt/RC-TXN-202406-11022591.json
RC-TXN-202406-13016129,receipt,receipt_thermal,v1,1,per_artifact/receipt/RC-TXN-202406-13016129.json
RC-TXN-202406-15001290,receipt,receipt_thermal,v1,1,per_artifact/receipt/RC-TXN-202406-15001290.json
RC-TXN-202406-15026418,receipt,receipt_thermal,v1,1,per_artifact/receipt/RC-TXN-202406-15026418.json
RC-TXN-202406-20028866,receipt,receipt_thermal,v1,1,per_artifact/receipt/RC-TXN-202406-20028866.json
RC-TXN-202406-21014333,receipt,receipt_thermal,v1,1,per_artifact/receipt/RC-TXN-202406-21014333.json
RC-TXN-202406-21015136,receipt,receipt_thermal,v1,1,per_artifact/receipt/RC-TXN-202406-21015136.json
RC-TXN-202406-21021579,receipt,receipt_thermal,v1,1,per_artifact/receipt/RC-TXN-202406-21021579.json
RC-TXN-202406-25019620,receipt,receipt_thermal,v1,1,per_artifact/receipt/RC-TXN-202406-25019620.json
RC-TXN-202406-26007361,receipt,receipt_thermal,v1,1,per_artifact/receipt/RC-TXN-202406-26007361.json
RC-TXN-202407-04001202,receipt,receipt_thermal,v1,1,per_artifact/receipt/RC-TXN-202407-04001202.json
RC-TXN-202407-05016619,receipt,receipt_thermal,v1,1,per_artifact/receipt/RC-TXN-202407-05016619.json
RC-TXN-202407-07006400,receipt,receipt_thermal,v1,1,per_artifact/receipt/RC-TXN-202407-07006400.json
RC-TXN-202407-07014454,receipt,receipt_thermal,v1,1,per_artifact/receipt/RC-TXN-202407-07014454.json
RC-TXN-202407-08013483,receipt,receipt_thermal,v1,1,per_artifact/receipt/RC-TXN-202407-08013483.json
RC-TXN-202407-09019154,receipt,receipt_thermal,v1,1,per_artifact/receipt/RC-TXN-202407-09019154.json
RC-TXN-202407-12002048,receipt,receipt_thermal,v1,1,per_artifact/receipt/RC-TXN-202407-12002048.json
RC-TXN-202407-14003900,receipt,receipt_thermal,v1,1,per_artifact/receipt/RC-TXN-202407-14003900.json
RC-TXN-202407-15006300,receipt,receipt_thermal,v1,1,per_artifact/receipt/RC-TXN-202407-15006300.json
RC-TXN-202407-16012148,receipt,receipt_thermal,v1,1,per_artifact/receipt/RC-TXN-202407-16012148.json
RC-TXN-202407-18022596,receipt,receipt_thermal,v1,1,per_artifact/receipt/RC-TXN-202407-18022596.json
RC-TXN-202407-19024779,receipt,receipt_thermal,v1,1,per_artifact/receipt/RC-TXN-202407-19024779.json
RC-TXN-202407-21026927,receipt,receipt_thermal,v1,1,per_artifact/receipt/RC-TXN-202407-21026927.json
RC-TXN-202407-22009849,receipt,receipt_thermal,v1,1,per_artifact/receipt/RC-TXN-202407-22009849.json
RC-TXN-202407-24010913,receipt,receipt_thermal,v1,1,per_artifact/receipt/RC-TXN-202407-24010913.json
RC-TXN-202407-24016000,receipt,receipt_thermal,v1,1,per_artifact/receipt/RC-TXN-202407-24016000.json
RC-TXN-202407-25018000,receipt,receipt_thermal,v1,1,per_artifact/receipt/RC-TXN-202407-25018000.json
RC-TXN-202407-26013763,receipt,receipt_thermal,v1,1,per_artifact/receipt/RC-TXN-202407-26013763.json
RC-TXN-202407-29002129,receipt,receipt_thermal,v1,1,per_artifact/receipt/RC-TXN-202407-29002129.json
RC-TXN-202407-29022059,receipt,receipt_thermal,v1,1,per_artifact/receipt/RC-TXN-202407-29022059.json
RC-TXN-202408-01002154,receipt,receipt_thermal,v1,1,per_artifact/receipt/RC-TXN-202408-01002154.json
RC-TXN-202408-01029500,receipt,receipt_thermal,v1,1,per_artifact/receipt/RC-TXN-202408-01029500.json
RC-TXN-202408-03025559,receipt,receipt_thermal,v1,1,per_artifact/receipt/RC-TXN-202408-03025559.json
RC-TXN-202408-06014724,receipt,receipt_thermal,v1,1,per_artifact/receipt/RC-TXN-202408-06014724.json
RC-TXN-202408-07000404,receipt,receipt_thermal,v1,1,per_artifact/receipt/RC-TXN-202408-07000404.json
RC-TXN-202408-09002148,receipt,receipt_thermal,v1,1,per_artifact/receipt/RC-TXN-202408-09002148.json
RC-TXN-202408-11000055,receipt,receipt_thermal,v1,1,per_artifact/receipt/RC-TXN-202408-11000055.json
RC-TXN-202408-11003060,receipt,receipt_thermal,v1,1,per_artifact/receipt/RC-TXN-202408-11003060.json
RC-TXN-202408-11009119,receipt,receipt_thermal,v1,1,per_artifact/receipt/RC-TXN-202408-11009119.json
RC-TXN-202408-12008554,receipt,receipt_thermal,v1,1,per_artifact/receipt/RC-TXN-202408-12008554.json
RC-TXN-202408-12018647,receipt,receipt_thermal,v1,1,per_artifact/receipt/RC-TXN-202408-12018647.json
RC-TXN-202408-14000058,receipt,receipt_thermal,v1,1,per_artifact/receipt/RC-TXN-202408-14000058.json
RC-TXN-202408-14003079,receipt,receipt_thermal,v1,1,per_artifact/receipt/RC-TXN-202408-14003079.json
RC-TXN-202408-17006616,receipt,receipt_thermal,v1,1,per_artifact/receipt/RC-TXN-202408-17006616.json
RC-TXN-202408-18023500,receipt,receipt_thermal,v1,1,per_artifact/receipt/RC-TXN-202408-18023500.json
RC-TXN-202408-20024086,receipt,receipt_thermal,v1,1,per_artifact/receipt/RC-TXN-202408-20024086.json
RC-TXN-202408-21002771,receipt,receipt_thermal,v1,1,per_artifact/receipt/RC-TXN-202408-21002771.json
RC-TXN-202408-22020946,receipt,receipt_thermal,v1,1,per_artifact/receipt/RC-TXN-202408-22020946.json
RC-TXN-202408-22027496,receipt,receipt_thermal,v1,1,per_artifact/receipt/RC-TXN-202408-22027496.json
RC-TXN-202408-23001900,receipt,receipt_thermal,v1,1,per_artifact/receipt/RC-TXN-202408-23001900.json
RC-TXN-202408-24010184,receipt,receipt_thermal,v1,1,per_artifact/receipt/RC-TXN-202408-24010184.json
RC-TXN-202408-25008122,receipt,receipt_thermal,v1,1,per_artifact/receipt/RC-TXN-202408-25008122.json
RC-TXN-202408-28014341,receipt,receipt_thermal,v1,1,per_artifact/receipt/RC-TXN-202408-28014341.json
RC-TXN-202408-29011103,receipt,receipt_thermal,v1,1,per_artifact/receipt/RC-TXN-202408-29011103.json
RC-TXN-202408-30024670,receipt,receipt_thermal,v1,1,per_artifact/receipt/RC-TXN-202408-30024670.json
RC-TXN-202408-31011042,receipt,receipt_thermal,v1,1,per_artifact/receipt/RC-TXN-202408-31011042.json
RC-TXN-202408-31012409,receipt,receipt_thermal,v1,1,per_artifact/receipt/RC-TXN-202408-31012409.json
RC-TXN-202409-02001610,receipt,receipt_thermal,v1,1,per_artifact/receipt/RC-TXN-202409-02001610.json
RC-TXN-202409-05008447,receipt,receipt_thermal,v1,1,per_artifact/receipt/RC-TXN-202409-05008447.json
RC-TXN-202409-07000533,receipt,receipt_thermal,v1,1,per_artifact/receipt/RC-TXN-202409-07000533.json
RC-TXN-202409-07021000,receipt,receipt_thermal,v1,1,per_artifact/receipt/RC-TXN-202409-07021000.json
RC-TXN-202409-09000107,receipt,receipt_thermal,v1,1,per_artifact/receipt/RC-TXN-202409-09000107.json
RC-TXN-202409-10013255,receipt,receipt_thermal,v1,1,per_artifact/receipt/RC-TXN-202409-10013255.json
RC-TXN-202409-10014734,receipt,receipt_thermal,v1,1,per_artifact/receipt/RC-TXN-202409-10014734.json
RC-TXN-202409-10027800,receipt,receipt_thermal,v1,1,per_artifact/receipt/RC-TXN-202409-10027800.json
RC-TXN-202409-12027300,receipt,receipt_thermal,v1,1,per_artifact/receipt/RC-TXN-202409-12027300.json
RC-TXN-202409-13019342,receipt,receipt_thermal,v1,1,per_artifact/receipt/RC-TXN-202409-13019342.json
RC-TXN-202409-15000531,receipt,receipt_thermal,v1,1,per_artifact/receipt/RC-TXN-202409-15000531.json
RC-TXN-202409-15014599,receipt,receipt_thermal,v1,1,per_artifact/receipt/RC-TXN-202409-15014599.json
RC-TXN-202409-17022244,receipt,receipt_thermal,v1,1,per_artifact/receipt/RC-TXN-202409-17022244.json
RC-TXN-202409-18000024,receipt,receipt_thermal,v1,1,per_artifact/receipt/RC-TXN-202409-18000024.json
RC-TXN-202409-18001540,receipt,receipt_thermal,v1,1,per_artifact/receipt/RC-TXN-202409-18001540.json
RC-TXN-202409-18004660,receipt,receipt_thermal,v1,1,per_artifact/receipt/RC-TXN-202409-18004660.json
RC-TXN-202409-18009038,receipt,receipt_thermal,v1,1,per_artifact/receipt/RC-TXN-202409-18009038.json
RC-TXN-202409-18010261,receipt,receipt_thermal,v1,1,per_artifact/receipt/RC-TXN-202409-18010261.json
RC-TXN-202409-18010590,receipt,receipt_thermal,v1,1,per_artifact/receipt/RC-TXN-202409-18010590.json
RC-TXN-202409-19000760,receipt,receipt_thermal,v1,1,per_artifact/receipt/RC-TXN-202409-19000760.json
RC-TXN-202409-19014600,receipt,receipt_thermal,v1,1,per_artifact/receipt/RC-TXN-202409-19014600.json
RC-TXN-202409-21001122,receipt,receipt_thermal,v1,1,per_artifact/receipt/RC-TXN-202409-21001122.json
RC-TXN-202409-21018197,receipt,receipt_thermal,v1,1,per_artifact/receipt/RC-TXN-202409-21018197.json
RC-TXN-202409-22018175,receipt,receipt_thermal,v1,1,per_artifact/receipt/RC-TXN-202409-22018175.json
RC-TXN-202409-23009400,receipt,receipt_thermal,v1,1,per_artifact/receipt/RC-TXN-202409-23009400.json
RC-TXN-202409-25027767,receipt,receipt_thermal,v1,1,per_artifact/receipt/RC-TXN-202409-25027767.json
RC-TXN-202409-27010908,receipt,receipt_thermal,v1,1,per_artifact/receipt/RC-TXN-202409-27010908.json
RC-TXN-202409-29013709,receipt,receipt_thermal,v1,1,per_artifact/receipt/RC-TXN-202409-29013709.json
RC-TXN-202409-29021402,receipt,receipt_thermal,v1,1,per_artifact/receipt/RC-TXN-202409-29021402.json
RC-TXN-202409-30016445,receipt,receipt_thermal,v1,1,per_artifact/receipt/RC-TXN-202409-30016445.json
RC-TXN-202410-04020414,receipt,receipt_thermal,v1,1,per_artifact/receipt/RC-TXN-202410-04020414.json
RC-TXN-202410-06015788,receipt,receipt_thermal,v1,1,per_artifact/receipt/RC-TXN-202410-06015788.json
RC-TXN-202410-12006196,receipt,receipt_thermal,v1,1,per_artifact/receipt/RC-TXN-202410-12006196.json
RC-TXN-202410-13021832,receipt,receipt_thermal,v1,1,per_artifact/receipt/RC-TXN-202410-13021832.json
RC-TXN-202410-16001009,receipt,receipt_thermal,v1,1,per_artifact/receipt/RC-TXN-202410-16001009.json
RC-TXN-202410-17011852,receipt,receipt_thermal,v1,1,per_artifact/receipt/RC-TXN-202410-17011852.json
RC-TXN-202410-19005700,receipt,receipt_thermal,v1,1,per_artifact/receipt/RC-TXN-202410-19005700.json
RC-TXN-202410-19020465,receipt,receipt_thermal,v1,1,per_artifact/receipt/RC-TXN-202410-19020465.json
RC-TXN-202410-22019135,receipt,receipt_thermal,v1,1,per_artifact/receipt/RC-TXN-202410-22019135.json
RC-TXN-202410-24025022,receipt,receipt_thermal,v1,1,per_artifact/receipt/RC-TXN-202410-24025022.json
RC-TXN-202410-25005805,receipt,receipt_thermal,v1,1,per_artifact/receipt/RC-TXN-202410-25005805.json
RC-TXN-202410-25020400,receipt,receipt_thermal,v1,1,per_artifact/receipt/RC-TXN-202410-25020400.json
RC-TXN-202410-25026542,receipt,receipt_thermal,v1,1,per_artifact/receipt/RC-TXN-202410-25026542.json
RC-TXN-202410-25029899,receipt,receipt_thermal,v1,1,per_artifact/receipt/RC-TXN-202410-25029899.json
RC-TXN-202410-27029121,receipt,receipt_thermal,v1,1,per_artifact/receipt/RC-TXN-202410-27029121.json
RC-TXN-202410-28013907,receipt,receipt_thermal,v1,1,per_artifact/receipt/RC-TXN-202410-28013907.json
RC-TXN-202410-28023201,receipt,receipt_thermal,v1,1,per_artifact/receipt/RC-TXN-202410-28023201.json
RC-TXN-202410-29001470,receipt,receipt_thermal,v1,1,per_artifact/receipt/RC-TXN-202410-29001470.json
RC-TXN-202410-29011571,receipt,receipt_thermal,v1,1,per_artifact/receipt/RC-TXN-202410-29011571.json
RC-TXN-202411-01028474,receipt,receipt_thermal,v1,1,per_artifact/receipt/RC-TXN-202411-01028474.json
RC-TXN-202411-02005657,receipt,receipt_thermal,v1,1,per_artifact/receipt/RC-TXN-202411-02005657.json
RC-TXN-202411-03012600,receipt,receipt_thermal,v1,1,per_artifact/receipt/RC-TXN-202411-03012600.json
RC-TXN-202411-03020715,receipt,receipt_thermal,v1,1,per_artifact/receipt/RC-TXN-202411-03020715.json
RC-TXN-202411-03029047,receipt,receipt_thermal,v1,1,per_artifact/receipt/RC-TXN-202411-03029047.json
RC-TXN-202411-04001205,receipt,receipt_thermal,v1,1,per_artifact/receipt/RC-TXN-202411-04001205.json
RC-TXN-202411-04027277,receipt,receipt_thermal,v1,1,per_artifact/receipt/RC-TXN-202411-04027277.json
RC-TXN-202411-06021151,receipt,receipt_thermal,v1,1,per_artifact/receipt/RC-TXN-202411-06021151.json
RC-TXN-202411-06022369,receipt,receipt_thermal,v1,1,per_artifact/receipt/RC-TXN-202411-06022369.json
RC-TXN-202411-07025900,receipt,receipt_thermal,v1,1,per_artifact/receipt/RC-TXN-202411-07025900.json
RC-TXN-202411-11022501,receipt,receipt_thermal,v1,1,per_artifact/receipt/RC-TXN-202411-11022501.json
RC-TXN-202411-12005762,receipt,receipt_thermal,v1,1,per_artifact/receipt/RC-TXN-202411-12005762.json
RC-TXN-202411-18020997,receipt,receipt_thermal,v1,1,per_artifact/receipt/RC-TXN-202411-18020997.json
RC-TXN-202411-19022500,receipt,receipt_thermal,v1,1,per_artifact/receipt/RC-TXN-202411-19022500.json
RC-TXN-202411-20014671,receipt,receipt_thermal,v1,1,per_artifact/receipt/RC-TXN-202411-20014671.json
RC-TXN-202411-24012536,receipt,receipt_thermal,v1,1,per_artifact/receipt/RC-TXN-202411-24012536.json
RC-TXN-202412-02016643,receipt,receipt_thermal,v1,1,per_artifact/receipt/RC-TXN-202412-02016643.json
RC-TXN-202412-05013676,receipt,receipt_thermal,v1,1,per_artifact/receipt/RC-TXN-202412-05013676.json
RC-TXN-202412-05019128,receipt,receipt_thermal,v1,1,per_artifact/receipt/RC-TXN-202412-05019128.json
RC-TXN-202412-06022512,receipt,receipt_thermal,v1,1,per_artifact/receipt/RC-TXN-202412-06022512.json
RC-TXN-202412-08017815,receipt,receipt_thermal,v1,1,per_artifact/receipt/RC-TXN-202412-08017815.json
RC-TXN-202412-09010480,receipt,receipt_thermal,v1,1,per_artifact/receipt/RC-TXN-202412-09010480.json
RC-TXN-202412-10008934,receipt,receipt_thermal,v1,1,per_artifact/receipt/RC-TXN-202412-10008934.json
RC-TXN-202412-10027119,receipt,receipt_thermal,v1,1,per_artifact/receipt/RC-TXN-202412-10027119.json
RC-TXN-202412-10028069,receipt,receipt_thermal,v1,1,per_artifact/receipt/RC-TXN-202412-10028069.json
RC-TXN-202412-11019048,receipt,receipt_thermal,v1,1,per_artifact/receipt/RC-TXN-202412-11019048.json
RC-TXN-202412-11027077,receipt,receipt_thermal,v1,1,per_artifact/receipt/RC-TXN-202412-11027077.json
RC-TXN-202412-13022755,receipt,receipt_thermal,v1,1,per_artifact/receipt/RC-TXN-202412-13022755.json
RC-TXN-202412-18009831,receipt,receipt_thermal,v1,1,per_artifact/receipt/RC-TXN-202412-18009831.json
RC-TXN-202412-18011739,receipt,receipt_thermal,v1,1,per_artifact/receipt/RC-TXN-202412-18011739.json
RC-TXN-202412-19014236,receipt,receipt_thermal,v1,1,per_artifact/receipt/RC-TXN-202412-19014236.json
RC-TXN-202412-19017600,receipt,receipt_thermal,v1,1,per_artifact/receipt/RC-TXN-202412-19017600.json
RC-TXN-202412-19021300,receipt,receipt_thermal,v1,1,per_artifact/receipt/RC-TXN-202412-19021300.json
RC-TXN-202412-21003700,receipt,receipt_thermal,v1,1,per_artifact/receipt/RC-TXN-202412-21003700.json
RC-TXN-202412-23024039,receipt,receipt_thermal,v1,1,per_artifact/receipt/RC-TXN-202412-23024039.json
RC-TXN-202412-24023221,receipt,receipt_thermal,v1,1,per_artifact/receipt/RC-TXN-202412-24023221.json
RC-TXN-202412-24027918,receipt,receipt_thermal,v1,1,per_artifact/receipt/RC-TXN-202412-24027918.json
RC-TXN-202412-25000158,receipt,receipt_thermal,v1,1,per_artifact/receipt/RC-TXN-202412-25000158.json
RC-TXN-202412-25015766,receipt,receipt_thermal,v1,1,per_artifact/receipt/RC-TXN-202412-25015766.json
RC-TXN-202412-26016515,receipt,receipt_thermal,v1,1,per_artifact/receipt/RC-TXN-202412-26016515.json
RC-TXN-202412-27008906,receipt,receipt_thermal,v1,1,per_artifact/receipt/RC-TXN-202412-27008906.json
RC-TXN-202412-27011617,receipt,receipt_thermal,v1,1,per_artifact/receipt/RC-TXN-202412-27011617.json
RC-TXN-202412-27023426,receipt,receipt_thermal,v1,1,per_artifact/receipt/RC-TXN-202412-27023426.json
RC-TXN-202412-30007069,receipt,receipt_thermal,v1,1,per_artifact/receipt/RC-TXN-202412-30007069.json
RC-TXN-202412-31006905,receipt,receipt_thermal,v1,1,per_artifact/receipt/RC-TXN-202412-31006905.json
RC-TXN-202501-02021155,receipt,receipt_thermal,v1,1,per_artifact/receipt/RC-TXN-202501-02021155.json
RC-TXN-202501-02029704,receipt,receipt_thermal,v1,1,per_artifact/receipt/RC-TXN-202501-02029704.json
RC-TXN-202501-03008900,receipt,receipt_thermal,v1,1,per_artifact/receipt/RC-TXN-202501-03008900.json
RC-TXN-202501-03024202,receipt,receipt_thermal,v1,1,per_artifact/receipt/RC-TXN-202501-03024202.json
RC-TXN-202501-05007736,receipt,receipt_thermal,v1,1,per_artifact/receipt/RC-TXN-202501-05007736.json
RC-TXN-202501-07009421,receipt,receipt_thermal,v1,1,per_artifact/receipt/RC-TXN-202501-07009421.json
RC-TXN-202501-15018042,receipt,receipt_thermal,v1,1,per_artifact/receipt/RC-TXN-202501-15018042.json
RC-TXN-202501-15018138,receipt,receipt_thermal,v1,1,per_artifact/receipt/RC-TXN-202501-15018138.json
RC-TXN-202501-16021388,receipt,receipt_thermal,v1,1,per_artifact/receipt/RC-TXN-202501-16021388.json
RC-TXN-202501-17007949,receipt,receipt_thermal,v1,1,per_artifact/receipt/RC-TXN-202501-17007949.json
RC-TXN-202501-18000417,receipt,receipt_thermal,v1,1,per_artifact/receipt/RC-TXN-202501-18000417.json
RC-TXN-202501-18007240,receipt,receipt_thermal,v1,1,per_artifact/receipt/RC-TXN-202501-18007240.json
RC-TXN-202501-18018862,receipt,receipt_thermal,v1,1,per_artifact/receipt/RC-TXN-202501-18018862.json
RC-TXN-202501-19007215,receipt,receipt_thermal,v1,1,per_artifact/receipt/RC-TXN-202501-19007215.json
RC-TXN-202501-19010200,receipt,receipt_thermal,v1,1,per_artifact/receipt/RC-TXN-202501-19010200.json
RC-TXN-202501-22003424,receipt,receipt_thermal,v1,1,per_artifact/receipt/RC-TXN-202501-22003424.json
RC-TXN-202501-22020951,receipt,receipt_thermal,v1,1,per_artifact/receipt/RC-TXN-202501-22020951.json
RC-TXN-202501-26010017,receipt,receipt_thermal,v1,1,per_artifact/receipt/RC-TXN-202501-26010017.json
RC-TXN-202501-26010364,receipt,receipt_thermal,v1,1,per_artifact/receipt/RC-TXN-202501-26010364.json
RC-TXN-202501-26024855,receipt,receipt_thermal,v1,1,per_artifact/receipt/RC-TXN-202501-26024855.json
RC-TXN-202501-27021301,receipt,receipt_thermal,v1,1,per_artifact/receipt/RC-TXN-202501-27021301.json
RC-TXN-202501-28015303,receipt,receipt_thermal,v1,1,per_artifact/receipt/RC-TXN-202501-28015303.json
RC-TXN-202501-28024237,receipt,receipt_thermal,v1,1,per_artifact/receipt/RC-TXN-202501-28024237.json
RC-TXN-202502-02002982,receipt,receipt_thermal,v1,1,per_artifact/receipt/RC-TXN-202502-02002982.json
RC-TXN-202502-02017297,receipt,receipt_thermal,v1,1,per_artifact/receipt/RC-TXN-202502-02017297.json
RC-TXN-202502-06005420,receipt,receipt_thermal,v1,1,per_artifact/receipt/RC-TXN-202502-06005420.json
RC-TXN-202502-07019800,receipt,receipt_thermal,v1,1,per_artifact/receipt/RC-TXN-202502-07019800.json
RC-TXN-202502-08000158,receipt,receipt_thermal,v1,1,per_artifact/receipt/RC-TXN-202502-08000158.json
RC-TXN-202502-09006149,receipt,receipt_thermal,v1,1,per_artifact/receipt/RC-TXN-202502-09006149.json
RC-TXN-202502-10001686,receipt,receipt_thermal,v1,1,per_artifact/receipt/RC-TXN-202502-10001686.json
RC-TXN-202502-10027752,receipt,receipt_thermal,v1,1,per_artifact/receipt/RC-TXN-202502-10027752.json
RC-TXN-202502-12015870,receipt,receipt_thermal,v1,1,per_artifact/receipt/RC-TXN-202502-12015870.json
RC-TXN-202502-12023214,receipt,receipt_thermal,v1,1,per_artifact/receipt/RC-TXN-202502-12023214.json
RC-TXN-202502-14007253,receipt,receipt_thermal,v1,1,per_artifact/receipt/RC-TXN-202502-14007253.json
RC-TXN-202502-14021535,receipt,receipt_thermal,v1,1,per_artifact/receipt/RC-TXN-202502-14021535.json
RC-TXN-202502-15025249,receipt,receipt_thermal,v1,1,per_artifact/receipt/RC-TXN-202502-15025249.json
RC-TXN-202502-17007438,receipt,receipt_thermal,v1,1,per_artifact/receipt/RC-TXN-202502-17007438.json
RC-TXN-202502-18014899,receipt,receipt_thermal,v1,1,per_artifact/receipt/RC-TXN-202502-18014899.json
RC-TXN-202502-26000179,receipt,receipt_thermal,v1,1,per_artifact/receipt/RC-TXN-202502-26000179.json
RC-TXN-202502-27015921,receipt,receipt_thermal,v1,1,per_artifact/receipt/RC-TXN-202502-27015921.json
RC-TXN-202502-28000681,receipt,receipt_thermal,v1,1,per_artifact/receipt/RC-TXN-202502-28000681.json
RC-TXN-202503-02008062,receipt,receipt_thermal,v1,1,per_artifact/receipt/RC-TXN-202503-02008062.json
RC-TXN-202503-02020837,receipt,receipt_thermal,v1,1,per_artifact/receipt/RC-TXN-202503-02020837.json
RC-TXN-202503-03012473,receipt,receipt_thermal,v1,1,per_artifact/receipt/RC-TXN-202503-03012473.json
RC-TXN-202503-05003300,receipt,receipt_thermal,v1,1,per_artifact/receipt/RC-TXN-202503-05003300.json
RC-TXN-202503-05008851,receipt,receipt_thermal,v1,1,per_artifact/receipt/RC-TXN-202503-05008851.json
RC-TXN-202503-06013683,receipt,receipt_thermal,v1,1,per_artifact/receipt/RC-TXN-202503-06013683.json
RC-TXN-202503-07029506,receipt,receipt_thermal,v1,1,per_artifact/receipt/RC-TXN-202503-07029506.json
RC-TXN-202503-10007496,receipt,receipt_thermal,v1,1,per_artifact/receipt/RC-TXN-202503-10007496.json
RC-TXN-202503-10016729,receipt,receipt_thermal,v1,1,per_artifact/receipt/RC-TXN-202503-10016729.json
RC-TXN-202503-11004233,receipt,receipt_thermal,v1,1,per_artifact/receipt/RC-TXN-202503-11004233.json
RC-TXN-202503-11014042,receipt,receipt_thermal,v1,1,per_artifact/receipt/RC-TXN-202503-11014042.json
RC-TXN-202503-11027014,receipt,receipt_thermal,v1,1,per_artifact/receipt/RC-TXN-202503-11027014.json
RC-TXN-202503-13024670,receipt,receipt_thermal,v1,1,per_artifact/receipt/RC-TXN-202503-13024670.json
RC-TXN-202503-14004469,receipt,receipt_thermal,v1,1,per_artifact/receipt/RC-TXN-202503-14004469.json
RC-TXN-202503-14008019,receipt,receipt_thermal,v1,1,per_artifact/receipt/RC-TXN-202503-14008019.json
RC-TXN-202503-15015795,receipt,receipt_thermal,v1,1,per_artifact/receipt/RC-TXN-202503-15015795.json
RC-TXN-202503-19015858,receipt,receipt_thermal,v1,1,per_artifact/receipt/RC-TXN-202503-19015858.json
RC-TXN-202503-24011149,receipt,receipt_thermal,v1,1,per_artifact/receipt/RC-TXN-202503-24011149.json
RC-TXN-202503-24028678,receipt,receipt_thermal,v1,1,per_artifact/receipt/RC-TXN-202503-24028678.json
RC-TXN-202503-27007864,receipt,receipt_thermal,v1,1,per_artifact/receipt/RC-TXN-202503-27007864.json
RC-TXN-202503-30021538,receipt,receipt_thermal,v1,1,per_artifact/receipt/RC-TXN-202503-30021538.json
RC-TXN-202503-31004590,receipt,receipt_thermal,v1,1,per_artifact/receipt/RC-TXN-202503-31004590.json
RC-TXN-202503-31011400,receipt,receipt_thermal,v1,1,per_artifact/receipt/RC-TXN-202503-31011400.json
RC-TXN-202504-01015300,receipt,receipt_thermal,v1,1,per_artifact/receipt/RC-TXN-202504-01015300.json
RC-TXN-202504-03014360,receipt,receipt_thermal,v1,1,per_artifact/receipt/RC-TXN-202504-03014360.json
RC-TXN-202504-10020947,receipt,receipt_thermal,v1,1,per_artifact/receipt/RC-TXN-202504-10020947.json
RC-TXN-202504-12026200,receipt,receipt_thermal,v1,1,per_artifact/receipt/RC-TXN-202504-12026200.json
RC-TXN-202504-21001056,receipt,receipt_thermal,v1,1,per_artifact/receipt/RC-TXN-202504-21001056.json
RC-TXN-202504-21007819,receipt,receipt_thermal,v1,1,per_artifact/receipt/RC-TXN-202504-21007819.json
RC-TXN-202504-21020932,receipt,receipt_thermal,v1,1,per_artifact/receipt/RC-TXN-202504-21020932.json
RC-TXN-202504-22005200,receipt,receipt_thermal,v1,1,per_artifact/receipt/RC-TXN-202504-22005200.json
RC-TXN-202504-23022634,receipt,receipt_thermal,v1,1,per_artifact/receipt/RC-TXN-202504-23022634.json
RC-TXN-202504-24010599,receipt,receipt_thermal,v1,1,per_artifact/receipt/RC-TXN-202504-24010599.json
RC-TXN-202504-25000694,receipt,receipt_thermal,v1,1,per_artifact/receipt/RC-TXN-202504-25000694.json
RC-TXN-202504-25028270,receipt,receipt_thermal,v1,1,per_artifact/receipt/RC-TXN-202504-25028270.json
RC-TXN-202504-28003042,receipt,receipt_thermal,v1,1,per_artifact/receipt/RC-TXN-202504-28003042.json
RC-TXN-202504-28011326,receipt,receipt_thermal,v1,1,per_artifact/receipt/RC-TXN-202504-28011326.json
RC-TXN-202504-28023918,receipt,receipt_thermal,v1,1,per_artifact/receipt/RC-TXN-202504-28023918.json
RC-TXN-202504-30006200,receipt,receipt_thermal,v1,1,per_artifact/receipt/RC-TXN-202504-30006200.json
RC-TXN-202504-30013981,receipt,receipt_thermal,v1,1,per_artifact/receipt/RC-TXN-202504-30013981.json
RC-TXN-202505-01025100,receipt,receipt_thermal,v1,1,per_artifact/receipt/RC-TXN-202505-01025100.json
RC-TXN-202505-02000081,receipt,receipt_thermal,v1,1,per_artifact/receipt/RC-TXN-202505-02000081.json
RC-TXN-202505-06003678,receipt,receipt_thermal,v1,1,per_artifact/receipt/RC-TXN-202505-06003678.json
RC-TXN-202505-06007595,receipt,receipt_thermal,v1,1,per_artifact/receipt/RC-TXN-202505-06007595.json
RC-TXN-202505-07010620,receipt,receipt_thermal,v1,1,per_artifact/receipt/RC-TXN-202505-07010620.json
RC-TXN-202505-07011695,receipt,receipt_thermal,v1,1,per_artifact/receipt/RC-TXN-202505-07011695.json
RC-TXN-202505-07014877,receipt,receipt_thermal,v1,1,per_artifact/receipt/RC-TXN-202505-07014877.json
RC-TXN-202505-08011002,receipt,receipt_thermal,v1,1,per_artifact/receipt/RC-TXN-202505-08011002.json
RC-TXN-202505-11015222,receipt,receipt_thermal,v1,1,per_artifact/receipt/RC-TXN-202505-11015222.json
RC-TXN-202505-13021396,receipt,receipt_thermal,v1,1,per_artifact/receipt/RC-TXN-202505-13021396.json
RC-TXN-202505-14015750,receipt,receipt_thermal,v1,1,per_artifact/receipt/RC-TXN-202505-14015750.json
RC-TXN-202505-14022496,receipt,receipt_thermal,v1,1,per_artifact/receipt/RC-TXN-202505-14022496.json
RC-TXN-202505-16000352,receipt,receipt_thermal,v1,1,per_artifact/receipt/RC-TXN-202505-16000352.json
RC-TXN-202505-16005802,receipt,receipt_thermal,v1,1,per_artifact/receipt/RC-TXN-202505-16005802.json
RC-TXN-202505-16023976,receipt,receipt_thermal,v1,1,per_artifact/receipt/RC-TXN-202505-16023976.json
RC-TXN-202505-17006418,receipt,receipt_thermal,v1,1,per_artifact/receipt/RC-TXN-202505-17006418.json
RC-TXN-202505-18005431,receipt,receipt_thermal,v1,1,per_artifact/receipt/RC-TXN-202505-18005431.json
RC-TXN-202505-18014472,receipt,receipt_thermal,v1,1,per_artifact/receipt/RC-TXN-202505-18014472.json
RC-TXN-202505-18020266,receipt,receipt_thermal,v1,1,per_artifact/receipt/RC-TXN-202505-18020266.json
RC-TXN-202505-19017500,receipt,receipt_thermal,v1,1,per_artifact/receipt/RC-TXN-202505-19017500.json
RC-TXN-202505-20024603,receipt,receipt_thermal,v1,1,per_artifact/receipt/RC-TXN-202505-20024603.json
RC-TXN-202505-21000103,receipt,receipt_thermal,v1,1,per_artifact/receipt/RC-TXN-202505-21000103.json
RC-TXN-202505-24010700,receipt,receipt_thermal,v1,1,per_artifact/receipt/RC-TXN-202505-24010700.json
RC-TXN-202505-24017813,receipt,receipt_thermal,v1,1,per_artifact/receipt/RC-TXN-202505-24017813.json
RC-TXN-202505-27008070,receipt,receipt_thermal,v1,1,per_artifact/receipt/RC-TXN-202505-27008070.json
RC-TXN-202505-27010000,receipt,receipt_thermal,v1,1,per_artifact/receipt/RC-TXN-202505-27010000.json
RC-TXN-202505-27027175,receipt,receipt_thermal,v1,1,per_artifact/receipt/RC-TXN-202505-27027175.json
RC-TXN-202505-31003342,receipt,receipt_thermal,v1,1,per_artifact/receipt/RC-TXN-202505-31003342.json
RC-TXN-202506-03020127,receipt,receipt_thermal,v1,1,per_artifact/receipt/RC-TXN-202506-03020127.json
RC-TXN-202506-03020963,receipt,receipt_thermal,v1,1,per_artifact/receipt/RC-TXN-202506-03020963.json
RC-TXN-202506-04003300,receipt,receipt_thermal,v1,1,per_artifact/receipt/RC-TXN-202506-04003300.json
RC-TXN-202506-06013248,receipt,receipt_thermal,v1,1,per_artifact/receipt/RC-TXN-202506-06013248.json
RC-TXN-202506-07027800,receipt,receipt_thermal,v1,1,per_artifact/receipt/RC-TXN-202506-07027800.json
RC-TXN-202506-10014071,receipt,receipt_thermal,v1,1,per_artifact/receipt/RC-TXN-202506-10014071.json
RC-TXN-202506-10029582,receipt,receipt_thermal,v1,1,per_artifact/receipt/RC-TXN-202506-10029582.json
RC-TXN-202506-11019977,receipt,receipt_thermal,v1,1,per_artifact/receipt/RC-TXN-202506-11019977.json
RC-TXN-202506-12015988,receipt,receipt_thermal,v1,1,per_artifact/receipt/RC-TXN-202506-12015988.json
RC-TXN-202506-12019003,receipt,receipt_thermal,v1,1,per_artifact/receipt/RC-TXN-202506-12019003.json
RC-TXN-202506-14013626,receipt,receipt_thermal,v1,1,per_artifact/receipt/RC-TXN-202506-14013626.json
RC-TXN-202506-14013728,receipt,receipt_thermal,v1,1,per_artifact/receipt/RC-TXN-202506-14013728.json
RC-TXN-202506-14020394,receipt,receipt_thermal,v1,1,per_artifact/receipt/RC-TXN-202506-14020394.json
RC-TXN-202506-17019181,receipt,receipt_thermal,v1,1,per_artifact/receipt/RC-TXN-202506-17019181.json
RC-TXN-202506-18012963,receipt,receipt_thermal,v1,1,per_artifact/receipt/RC-TXN-202506-18012963.json
RC-TXN-202506-20020899,receipt,receipt_thermal,v1,1,per_artifact/receipt/RC-TXN-202506-20020899.json
RC-TXN-202506-20029385,receipt,receipt_thermal,v1,1,per_artifact/receipt/RC-TXN-202506-20029385.json
RC-TXN-202506-21004718,receipt,receipt_thermal,v1,1,per_artifact/receipt/RC-TXN-202506-21004718.json
RC-TXN-202506-22011182,receipt,receipt_thermal,v1,1,per_artifact/receipt/RC-TXN-202506-22011182.json
RC-TXN-202506-28015965,receipt,receipt_thermal,v1,1,per_artifact/receipt/RC-TXN-202506-28015965.json
RC-TXN-202506-29011400,receipt,receipt_thermal,v1,1,per_artifact/receipt/RC-TXN-202506-29011400.json
RC-TXN-202506-30017900,receipt,receipt_thermal,v1,1,per_artifact/receipt/RC-TXN-202506-30017900.json
RC-TXN-202507-01013617,receipt,receipt_thermal,v1,1,per_artifact/receipt/RC-TXN-202507-01013617.json
RC-TXN-202507-02016545,receipt,receipt_thermal,v1,1,per_artifact/receipt/RC-TXN-202507-02016545.json
RC-TXN-202507-03003485,receipt,receipt_thermal,v1,1,per_artifact/receipt/RC-TXN-202507-03003485.json
RC-TXN-202507-05005256,receipt,receipt_thermal,v1,1,per_artifact/receipt/RC-TXN-202507-05005256.json
RC-TXN-202507-05011020,receipt,receipt_thermal,v1,1,per_artifact/receipt/RC-TXN-202507-05011020.json
RC-TXN-202507-05026887,receipt,receipt_thermal,v1,1,per_artifact/receipt/RC-TXN-202507-05026887.json
RC-TXN-202507-07008556,receipt,receipt_thermal,v1,1,per_artifact/receipt/RC-TXN-202507-07008556.json
RC-TXN-202507-07020741,receipt,receipt_thermal,v1,1,per_artifact/receipt/RC-TXN-202507-07020741.json
RC-TXN-202507-08012141,receipt,receipt_thermal,v1,1,per_artifact/receipt/RC-TXN-202507-08012141.json
RC-TXN-202507-08029154,receipt,receipt_thermal,v1,1,per_artifact/receipt/RC-TXN-202507-08029154.json
RC-TXN-202507-09000356,receipt,receipt_thermal,v1,1,per_artifact/receipt/RC-TXN-202507-09000356.json
RC-TXN-202507-10012462,receipt,receipt_thermal,v1,1,per_artifact/receipt/RC-TXN-202507-10012462.json
RC-TXN-202507-12010700,receipt,receipt_thermal,v1,1,per_artifact/receipt/RC-TXN-202507-12010700.json
RC-TXN-202507-13003765,receipt,receipt_thermal,v1,1,per_artifact/receipt/RC-TXN-202507-13003765.json
RC-TXN-202507-13015069,receipt,receipt_thermal,v1,1,per_artifact/receipt/RC-TXN-202507-13015069.json
RC-TXN-202507-14021882,receipt,receipt_thermal,v1,1,per_artifact/receipt/RC-TXN-202507-14021882.json
RC-TXN-202507-15012254,receipt,receipt_thermal,v1,1,per_artifact/receipt/RC-TXN-202507-15012254.json
RC-TXN-202507-15016300,receipt,receipt_thermal,v1,1,per_artifact/receipt/RC-TXN-202507-15016300.json
RC-TXN-202507-17020816,receipt,receipt_thermal,v1,1,per_artifact/receipt/RC-TXN-202507-17020816.json
RC-TXN-202507-21019592,receipt,receipt_thermal,v1,1,per_artifact/receipt/RC-TXN-202507-21019592.json
RC-TXN-202507-23009905,receipt,receipt_thermal,v1,1,per_artifact/receipt/RC-TXN-202507-23009905.json
RC-TXN-202507-23027644,receipt,receipt_thermal,v1,1,per_artifact/receipt/RC-TXN-202507-23027644.json
RC-TXN-202507-25005642,receipt,receipt_thermal,v1,1,per_artifact/receipt/RC-TXN-202507-25005642.json
RC-TXN-202507-25008700,receipt,receipt_thermal,v1,1,per_artifact/receipt/RC-TXN-202507-25008700.json
RC-TXN-202507-25018725,receipt,receipt_thermal,v1,1,per_artifact/receipt/RC-TXN-202507-25018725.json
RC-TXN-202507-26000991,receipt,receipt_thermal,v1,1,per_artifact/receipt/RC-TXN-202507-26000991.json
RC-TXN-202507-26012605,receipt,receipt_thermal,v1,1,per_artifact/receipt/RC-TXN-202507-26012605.json
RC-TXN-202508-04017047,receipt,receipt_thermal,v1,1,per_artifact/receipt/RC-TXN-202508-04017047.json
RC-TXN-202508-06029347,receipt,receipt_thermal,v1,1,per_artifact/receipt/RC-TXN-202508-06029347.json
RC-TXN-202508-07006774,receipt,receipt_thermal,v1,1,per_artifact/receipt/RC-TXN-202508-07006774.json
RC-TXN-202508-07007021,receipt,receipt_thermal,v1,1,per_artifact/receipt/RC-TXN-202508-07007021.json
RC-TXN-202508-08028800,receipt,receipt_thermal,v1,1,per_artifact/receipt/RC-TXN-202508-08028800.json
RC-TXN-202508-13010931,receipt,receipt_thermal,v1,1,per_artifact/receipt/RC-TXN-202508-13010931.json
RC-TXN-202508-13013887,receipt,receipt_thermal,v1,1,per_artifact/receipt/RC-TXN-202508-13013887.json
RC-TXN-202508-14008203,receipt,receipt_thermal,v1,1,per_artifact/receipt/RC-TXN-202508-14008203.json
RC-TXN-202508-17014515,receipt,receipt_thermal,v1,1,per_artifact/receipt/RC-TXN-202508-17014515.json
RC-TXN-202508-18015668,receipt,receipt_thermal,v1,1,per_artifact/receipt/RC-TXN-202508-18015668.json
RC-TXN-202508-20028062,receipt,receipt_thermal,v1,1,per_artifact/receipt/RC-TXN-202508-20028062.json
RC-TXN-202508-21006825,receipt,receipt_thermal,v1,1,per_artifact/receipt/RC-TXN-202508-21006825.json
RC-TXN-202508-21022102,receipt,receipt_thermal,v1,1,per_artifact/receipt/RC-TXN-202508-21022102.json
RC-TXN-202508-24008355,receipt,receipt_thermal,v1,1,per_artifact/receipt/RC-TXN-202508-24008355.json
RC-TXN-202508-24008903,receipt,receipt_thermal,v1,1,per_artifact/receipt/RC-TXN-202508-24008903.json
RC-TXN-202508-24011349,receipt,receipt_thermal,v1,1,per_artifact/receipt/RC-TXN-202508-24011349.json
RC-TXN-202508-27008115,receipt,receipt_thermal,v1,1,per_artifact/receipt/RC-TXN-202508-27008115.json
RC-TXN-202508-29004200,receipt,receipt_thermal,v1,1,per_artifact/receipt/RC-TXN-202508-29004200.json
RC-TXN-202508-29020441,receipt,receipt_thermal,v1,1,per_artifact/receipt/RC-TXN-202508-29020441.json
RC-TXN-202508-30014133,receipt,receipt_thermal,v1,1,per_artifact/receipt/RC-TXN-202508-30014133.json
RC-TXN-202508-30020800,receipt,receipt_thermal,v1,1,per_artifact/receipt/RC-TXN-202508-30020800.json
RC-TXN-202509-01019699,receipt,receipt_thermal,v1,1,per_artifact/receipt/RC-TXN-202509-01019699.json
RC-TXN-202509-03002601,receipt,receipt_thermal,v1,1,per_artifact/receipt/RC-TXN-202509-03002601.json
RC-TXN-202509-03006252,receipt,receipt_thermal,v1,1,per_artifact/receipt/RC-TXN-202509-03006252.json
RC-TXN-202509-04009813,receipt,receipt_thermal,v1,1,per_artifact/receipt/RC-TXN-202509-04009813.json
RC-TXN-202509-04026100,receipt,receipt_thermal,v1,1,per_artifact/receipt/RC-TXN-202509-04026100.json
RC-TXN-202509-05010276,receipt,receipt_thermal,v1,1,per_artifact/receipt/RC-TXN-202509-05010276.json
RC-TXN-202509-07002546,receipt,receipt_thermal,v1,1,per_artifact/receipt/RC-TXN-202509-07002546.json
RC-TXN-202509-07014693,receipt,receipt_thermal,v1,1,per_artifact/receipt/RC-TXN-202509-07014693.json
RC-TXN-202509-08020286,receipt,receipt_thermal,v1,1,per_artifact/receipt/RC-TXN-202509-08020286.json
RC-TXN-202509-09018400,receipt,receipt_thermal,v1,1,per_artifact/receipt/RC-TXN-202509-09018400.json
RC-TXN-202509-10009863,receipt,receipt_thermal,v1,1,per_artifact/receipt/RC-TXN-202509-10009863.json
RC-TXN-202509-10028100,receipt,receipt_thermal,v1,1,per_artifact/receipt/RC-TXN-202509-10028100.json
RC-TXN-202509-11001745,receipt,receipt_thermal,v1,1,per_artifact/receipt/RC-TXN-202509-11001745.json
RC-TXN-202509-12001962,receipt,receipt_thermal,v1,1,per_artifact/receipt/RC-TXN-202509-12001962.json
RC-TXN-202509-13022733,receipt,receipt_thermal,v1,1,per_artifact/receipt/RC-TXN-202509-13022733.json
RC-TXN-202509-14010551,receipt,receipt_thermal,v1,1,per_artifact/receipt/RC-TXN-202509-14010551.json
RC-TXN-202509-14010963,receipt,receipt_thermal,v1,1,per_artifact/receipt/RC-TXN-202509-14010963.json
RC-TXN-202509-14013300,receipt,receipt_thermal,v1,1,per_artifact/receipt/RC-TXN-202509-14013300.json
RC-TXN-202509-16008626,receipt,receipt_thermal,v1,1,per_artifact/receipt/RC-TXN-202509-16008626.json
RC-TXN-202509-18008879,receipt,receipt_thermal,v1,1,per_artifact/receipt/RC-TXN-202509-18008879.json
RC-TXN-202509-18014165,receipt,receipt_thermal,v1,1,per_artifact/receipt/RC-TXN-202509-18014165.json
RC-TXN-202509-20006833,receipt,receipt_thermal,v1,1,per_artifact/receipt/RC-TXN-202509-20006833.json
RC-TXN-202509-20008777,receipt,receipt_thermal,v1,1,per_artifact/receipt/RC-TXN-202509-20008777.json
RC-TXN-202509-21000300,receipt,receipt_thermal,v1,1,per_artifact/receipt/RC-TXN-202509-21000300.json
RC-TXN-202509-24002620,receipt,receipt_thermal,v1,1,per_artifact/receipt/RC-TXN-202509-24002620.json
RC-TXN-202509-24014696,receipt,receipt_thermal,v1,1,per_artifact/receipt/RC-TXN-202509-24014696.json
RC-TXN-202509-25024972,receipt,receipt_thermal,v1,1,per_artifact/receipt/RC-TXN-202509-25024972.json
RC-TXN-202509-27015709,receipt,receipt_thermal,v1,1,per_artifact/receipt/RC-TXN-202509-27015709.json
RC-TXN-202509-27026139,receipt,receipt_thermal,v1,1,per_artifact/receipt/RC-TXN-202509-27026139.json
RC-TXN-202509-28018855,receipt,receipt_thermal,v1,1,per_artifact/receipt/RC-TXN-202509-28018855.json
RC-TXN-202509-29000399,receipt,receipt_thermal,v1,1,per_artifact/receipt/RC-TXN-202509-29000399.json
RC-TXN-202510-01020984,receipt,receipt_thermal,v1,1,per_artifact/receipt/RC-TXN-202510-01020984.json
RC-TXN-202510-03019611,receipt,receipt_thermal,v1,1,per_artifact/receipt/RC-TXN-202510-03019611.json
RC-TXN-202510-08001100,receipt,receipt_thermal,v1,1,per_artifact/receipt/RC-TXN-202510-08001100.json
RC-TXN-202510-08017056,receipt,receipt_thermal,v1,1,per_artifact/receipt/RC-TXN-202510-08017056.json
RC-TXN-202510-11012700,receipt,receipt_thermal,v1,1,per_artifact/receipt/RC-TXN-202510-11012700.json
RC-TXN-202510-13023804,receipt,receipt_thermal,v1,1,per_artifact/receipt/RC-TXN-202510-13023804.json
RC-TXN-202510-14008287,receipt,receipt_thermal,v1,1,per_artifact/receipt/RC-TXN-202510-14008287.json
RC-TXN-202510-14009300,receipt,receipt_thermal,v1,1,per_artifact/receipt/RC-TXN-202510-14009300.json
RC-TXN-202510-14025838,receipt,receipt_thermal,v1,1,per_artifact/receipt/RC-TXN-202510-14025838.json
RC-TXN-202510-15008863,receipt,receipt_thermal,v1,1,per_artifact/receipt/RC-TXN-202510-15008863.json
RC-TXN-202510-15029860,receipt,receipt_thermal,v1,1,per_artifact/receipt/RC-TXN-202510-15029860.json
RC-TXN-202510-16003379,receipt,receipt_thermal,v1,1,per_artifact/receipt/RC-TXN-202510-16003379.json
RC-TXN-202510-16016700,receipt,receipt_thermal,v1,1,per_artifact/receipt/RC-TXN-202510-16016700.json
RC-TXN-202510-16026101,receipt,receipt_thermal,v1,1,per_artifact/receipt/RC-TXN-202510-16026101.json
RC-TXN-202510-17004936,receipt,receipt_thermal,v1,1,per_artifact/receipt/RC-TXN-202510-17004936.json
RC-TXN-202510-19025661,receipt,receipt_thermal,v1,1,per_artifact/receipt/RC-TXN-202510-19025661.json
RC-TXN-202510-20028379,receipt,receipt_thermal,v1,1,per_artifact/receipt/RC-TXN-202510-20028379.json
RC-TXN-202510-21019731,receipt,receipt_thermal,v1,1,per_artifact/receipt/RC-TXN-202510-21019731.json
RC-TXN-202510-23013014,receipt,receipt_thermal,v1,1,per_artifact/receipt/RC-TXN-202510-23013014.json
RC-TXN-202510-25016770,receipt,receipt_thermal,v1,1,per_artifact/receipt/RC-TXN-202510-25016770.json
RC-TXN-202510-26018395,receipt,receipt_thermal,v1,1,per_artifact/receipt/RC-TXN-202510-26018395.json
RC-TXN-202510-27005219,receipt,receipt_thermal,v1,1,per_artifact/receipt/RC-TXN-202510-27005219.json
RC-TXN-202510-27011486,receipt,receipt_thermal,v1,1,per_artifact/receipt/RC-TXN-202510-27011486.json
RC-TXN-202510-28003824,receipt,receipt_thermal,v1,1,per_artifact/receipt/RC-TXN-202510-28003824.json
RC-TXN-202510-29021445,receipt,receipt_thermal,v1,1,per_artifact/receipt/RC-TXN-202510-29021445.json
RC-TXN-202510-31028921,receipt,receipt_thermal,v1,1,per_artifact/receipt/RC-TXN-202510-31028921.json
RC-TXN-202511-01012340,receipt,receipt_thermal,v1,1,per_artifact/receipt/RC-TXN-202511-01012340.json
RC-TXN-202511-03007574,receipt,receipt_thermal,v1,1,per_artifact/receipt/RC-TXN-202511-03007574.json
RC-TXN-202511-04019168,receipt,receipt_thermal,v1,1,per_artifact/receipt/RC-TXN-202511-04019168.json
RC-TXN-202511-04027412,receipt,receipt_thermal,v1,1,per_artifact/receipt/RC-TXN-202511-04027412.json
RC-TXN-202511-04029665,receipt,receipt_thermal,v1,1,per_artifact/receipt/RC-TXN-202511-04029665.json
RC-TXN-202511-07011412,receipt,receipt_thermal,v1,1,per_artifact/receipt/RC-TXN-202511-07011412.json
RC-TXN-202511-07018336,receipt,receipt_thermal,v1,1,per_artifact/receipt/RC-TXN-202511-07018336.json
RC-TXN-202511-09012137,receipt,receipt_thermal,v1,1,per_artifact/receipt/RC-TXN-202511-09012137.json
RC-TXN-202511-09012491,receipt,receipt_thermal,v1,1,per_artifact/receipt/RC-TXN-202511-09012491.json
RC-TXN-202511-09016610,receipt,receipt_thermal,v1,1,per_artifact/receipt/RC-TXN-202511-09016610.json
RC-TXN-202511-09022249,receipt,receipt_thermal,v1,1,per_artifact/receipt/RC-TXN-202511-09022249.json
RC-TXN-202511-09029344,receipt,receipt_thermal,v1,1,per_artifact/receipt/RC-TXN-202511-09029344.json
RC-TXN-202511-10018814,receipt,receipt_thermal,v1,1,per_artifact/receipt/RC-TXN-202511-10018814.json
RC-TXN-202511-13026832,receipt,receipt_thermal,v1,1,per_artifact/receipt/RC-TXN-202511-13026832.json
RC-TXN-202511-14007540,receipt,receipt_thermal,v1,1,per_artifact/receipt/RC-TXN-202511-14007540.json
RC-TXN-202511-14024855,receipt,receipt_thermal,v1,1,per_artifact/receipt/RC-TXN-202511-14024855.json
RC-TXN-202511-15015300,receipt,receipt_thermal,v1,1,per_artifact/receipt/RC-TXN-202511-15015300.json
RC-TXN-202511-16005707,receipt,receipt_thermal,v1,1,per_artifact/receipt/RC-TXN-202511-16005707.json
RC-TXN-202511-16007868,receipt,receipt_thermal,v1,1,per_artifact/receipt/RC-TXN-202511-16007868.json
RC-TXN-202511-17010700,receipt,receipt_thermal,v1,1,per_artifact/receipt/RC-TXN-202511-17010700.json
RC-TXN-202511-19011381,receipt,receipt_thermal,v1,1,per_artifact/receipt/RC-TXN-202511-19011381.json
RC-TXN-202511-21008033,receipt,receipt_thermal,v1,1,per_artifact/receipt/RC-TXN-202511-21008033.json
RC-TXN-202511-24001788,receipt,receipt_thermal,v1,1,per_artifact/receipt/RC-TXN-202511-24001788.json
RC-TXN-202511-25015745,receipt,receipt_thermal,v1,1,per_artifact/receipt/RC-TXN-202511-25015745.json
RC-TXN-202511-26024686,receipt,receipt_thermal,v1,1,per_artifact/receipt/RC-TXN-202511-26024686.json
RC-TXN-202511-28028303,receipt,receipt_thermal,v1,1,per_artifact/receipt/RC-TXN-202511-28028303.json
RC-TXN-202511-30008835,receipt,receipt_thermal,v1,1,per_artifact/receipt/RC-TXN-202511-30008835.json
RC-TXN-202512-01002116,receipt,receipt_thermal,v1,1,per_artifact/receipt/RC-TXN-202512-01002116.json
RC-TXN-202512-03008734,receipt,receipt_thermal,v1,1,per_artifact/receipt/RC-TXN-202512-03008734.json
RC-TXN-202512-04026900,receipt,receipt_thermal,v1,1,per_artifact/receipt/RC-TXN-202512-04026900.json
RC-TXN-202512-08016700,receipt,receipt_thermal,v1,1,per_artifact/receipt/RC-TXN-202512-08016700.json
RC-TXN-202512-10000946,receipt,receipt_thermal,v1,1,per_artifact/receipt/RC-TXN-202512-10000946.json
RC-TXN-202512-11011048,receipt,receipt_thermal,v1,1,per_artifact/receipt/RC-TXN-202512-11011048.json
RC-TXN-202512-12028645,receipt,receipt_thermal,v1,1,per_artifact/receipt/RC-TXN-202512-12028645.json
RC-TXN-202512-13003262,receipt,receipt_thermal,v1,1,per_artifact/receipt/RC-TXN-202512-13003262.json
RC-TXN-202512-13015535,receipt,receipt_thermal,v1,1,per_artifact/receipt/RC-TXN-202512-13015535.json
RC-TXN-202512-15010868,receipt,receipt_thermal,v1,1,per_artifact/receipt/RC-TXN-202512-15010868.json
RC-TXN-202512-15021787,receipt,receipt_thermal,v1,1,per_artifact/receipt/RC-TXN-202512-15021787.json
RC-TXN-202512-21016639,receipt,receipt_thermal,v1,1,per_artifact/receipt/RC-TXN-202512-21016639.json
RC-TXN-202512-22028513,receipt,receipt_thermal,v1,1,per_artifact/receipt/RC-TXN-202512-22028513.json
RC-TXN-202512-23000338,receipt,receipt_thermal,v1,1,per_artifact/receipt/RC-TXN-202512-23000338.json
RC-TXN-202512-23009281,receipt,receipt_thermal,v1,1,per_artifact/receipt/RC-TXN-202512-23009281.json
RC-TXN-202512-23016965,receipt,receipt_thermal,v1,1,per_artifact/receipt/RC-TXN-202512-23016965.json
RC-TXN-202512-25015963,receipt,receipt_thermal,v1,1,per_artifact/receipt/RC-TXN-202512-25015963.json
RC-TXN-202512-27029948,receipt,receipt_thermal,v1,1,per_artifact/receipt/RC-TXN-202512-27029948.json
RC-TXN-202512-30021300,receipt,receipt_thermal,v1,1,per_artifact/receipt/RC-TXN-202512-30021300.json
AUD-001,t2_doc,t2_doc_audit_report,v1,1,per_artifact/t2_doc/AUD-001.json
AUD-002,t2_doc,t2_doc_audit_report,v1,1,per_artifact/t2_doc/AUD-002.json
EMAIL-001,t2_doc,t2_doc_email_discrete,v1,1,per_artifact/t2_doc/EMAIL-001.json
EMAIL-002,t2_doc,t2_doc_email_discrete,v1,1,per_artifact/t2_doc/EMAIL-002.json
EMAIL-003,t2_doc,t2_doc_email_discrete,v1,1,per_artifact/t2_doc/EMAIL-003.json
EMAIL-004,t2_doc,t2_doc_email_discrete,v1,1,per_artifact/t2_doc/EMAIL-004.json
EMAIL-005,t2_doc,t2_doc_email_discrete,v1,1,per_artifact/t2_doc/EMAIL-005.json
EMAIL-006,t2_doc,t2_doc_email_discrete,v1,1,per_artifact/t2_doc/EMAIL-006.json
EMAIL-007,t2_doc,t2_doc_email_discrete,v1,1,per_artifact/t2_doc/EMAIL-007.json
EMAIL-008,t2_doc,t2_doc_email_discrete,v1,1,per_artifact/t2_doc/EMAIL-008.json
EMAIL-009,t2_doc,t2_doc_email_discrete,v1,1,per_artifact/t2_doc/EMAIL-009.json
EMAIL-010,t2_doc,t2_doc_email_discrete,v1,1,per_artifact/t2_doc/EMAIL-010.json
EMAIL-011,t2_doc,t2_doc_email_discrete,v1,1,per_artifact/t2_doc/EMAIL-011.json
EMAIL-012,t2_doc,t2_doc_email_discrete,v1,1,per_artifact/t2_doc/EMAIL-012.json
MEMO-001,t2_doc,t2_doc_memo_announcement,v1,1,per_artifact/t2_doc/MEMO-001.json
MEMO-002,t2_doc,t2_doc_memo_announcement,v1,1,per_artifact/t2_doc/MEMO-002.json
MEMO-003,t2_doc,t2_doc_memo_announcement,v1,1,per_artifact/t2_doc/MEMO-003.json
MEMO-004,t2_doc,t2_doc_memo_announcement,v1,1,per_artifact/t2_doc/MEMO-004.json
MEMO-005,t2_doc,t2_doc_memo_announcement,v1,1,per_artifact/t2_doc/MEMO-005.json
MEMO-006,t2_doc,t2_doc_memo_announcement,v1,1,per_artifact/t2_doc/MEMO-006.json
MEMO-007,t2_doc,t2_doc_memo_announcement,v1,1,per_artifact/t2_doc/MEMO-007.json
MEMO-008,t2_doc,t2_doc_memo_announcement,v1,1,per_artifact/t2_doc/MEMO-008.json
MEMO-009,t2_doc,t2_doc_memo_announcement,v1,1,per_artifact/t2_doc/MEMO-009.json
MEMO-010,t2_doc,t2_doc_memo_announcement,v1,1,per_artifact/t2_doc/MEMO-010.json
MEMO-011,t2_doc,t2_doc_memo_announcement,v1,1,per_artifact/t2_doc/MEMO-011.json
MEMO-012,t2_doc,t2_doc_memo_announcement,v1,1,per_artifact/t2_doc/MEMO-012.json
MEMO-013,t2_doc,t2_doc_memo_announcement,v1,1,per_artifact/t2_doc/MEMO-013.json
MEMO-014,t2_doc,t2_doc_memo_announcement,v1,1,per_artifact/t2_doc/MEMO-014.json
MEMO-015,t2_doc,t2_doc_memo_announcement,v1,1,per_artifact/t2_doc/MEMO-015.json
MEMO-016,t2_doc,t2_doc_memo_announcement,v1,1,per_artifact/t2_doc/MEMO-016.json
MEMO-017,t2_doc,t2_doc_memo_announcement,v1,1,per_artifact/t2_doc/MEMO-017.json
MEMO-018,t2_doc,t2_doc_memo_announcement,v1,1,per_artifact/t2_doc/MEMO-018.json
MEMO-019,t2_doc,t2_doc_memo_announcement,v1,1,per_artifact/t2_doc/MEMO-019.json
MEMO-020,t2_doc,t2_doc_memo_announcement,v1,1,per_artifact/t2_doc/MEMO-020.json
MEMO-021,t2_doc,t2_doc_memo_announcement,v1,1,per_artifact/t2_doc/MEMO-021.json
MEMO-022,t2_doc,t2_doc_memo_announcement,v1,1,per_artifact/t2_doc/MEMO-022.json
MEMO-023,t2_doc,t2_doc_memo_announcement,v1,1,per_artifact/t2_doc/MEMO-023.json
MEMO-024,t2_doc,t2_doc_memo_announcement,v1,1,per_artifact/t2_doc/MEMO-024.json
MEMO-025,t2_doc,t2_doc_memo_announcement,v1,1,per_artifact/t2_doc/MEMO-025.json
MEMO-026,t2_doc,t2_doc_memo_announcement,v1,1,per_artifact/t2_doc/MEMO-026.json
MEMO-027,t2_doc,t2_doc_memo_announcement,v1,1,per_artifact/t2_doc/MEMO-027.json
MEMO-028,t2_doc,t2_doc_memo_announcement,v1,1,per_artifact/t2_doc/MEMO-028.json
POL-001,t2_doc,t2_doc_policy_doc,v1,1,per_artifact/t2_doc/POL-001.json
POL-002,t2_doc,t2_doc_policy_doc,v1,1,per_artifact/t2_doc/POL-002.json
POL-003,t2_doc,t2_doc_policy_doc,v1,1,per_artifact/t2_doc/POL-003.json
POL-004,t2_doc,t2_doc_policy_doc,v1,1,per_artifact/t2_doc/POL-004.json
POL-005,t2_doc,t2_doc_policy_doc,v1,1,per_artifact/t2_doc/POL-005.json
POL-006,t2_doc,t2_doc_policy_doc,v1,1,per_artifact/t2_doc/POL-006.json
POL-007,t2_doc,t2_doc_policy_doc,v1,1,per_artifact/t2_doc/POL-007.json
POL-008,t2_doc,t2_doc_policy_doc,v1,1,per_artifact/t2_doc/POL-008.json
POL-009,t2_doc,t2_doc_policy_doc,v1,1,per_artifact/t2_doc/POL-009.json
POL-010,t2_doc,t2_doc_policy_doc,v1,1,per_artifact/t2_doc/POL-010.json
POL-011,t2_doc,t2_doc_policy_doc,v1,1,per_artifact/t2_doc/POL-011.json
POL-012,t2_doc,t2_doc_policy_doc,v1,1,per_artifact/t2_doc/POL-012.json
TRAIN-001,t2_doc,t2_doc_training_material,v1,1,per_artifact/t2_doc/TRAIN-001.json
TRAIN-002,t2_doc,t2_doc_training_material,v1,1,per_artifact/t2_doc/TRAIN-002.json
TRAIN-003,t2_doc,t2_doc_training_material,v1,1,per_artifact/t2_doc/TRAIN-003.json
TRAIN-004,t2_doc,t2_doc_training_material,v1,1,per_artifact/t2_doc/TRAIN-004.json
TRAIN-005,t2_doc,t2_doc_training_material,v1,1,per_artifact/t2_doc/TRAIN-005.json
VC-001,t2_doc,t2_doc_vendor_contract,v1,1,per_artifact/t2_doc/VC-001.json
VC-002,t2_doc,t2_doc_vendor_contract,v1,1,per_artifact/t2_doc/VC-002.json
VC-003,t2_doc,t2_doc_vendor_contract,v1,1,per_artifact/t2_doc/VC-003.json
VC-004,t2_doc,t2_doc_vendor_contract,v1,1,per_artifact/t2_doc/VC-004.json
VC-005,t2_doc,t2_doc_vendor_contract,v1,1,per_artifact/t2_doc/VC-005.json
VC-006,t2_doc,t2_doc_vendor_contract,v1,1,per_artifact/t2_doc/VC-006.json
VC-007,t2_doc,t2_doc_vendor_contract,v1,1,per_artifact/t2_doc/VC-007.json
VC-008,t2_doc,t2_doc_vendor_contract,v1,1,per_artifact/t2_doc/VC-008.json
VC-009,t2_doc,t2_doc_vendor_contract,v1,1,per_artifact/t2_doc/VC-009.json
VC-010,t2_doc,t2_doc_vendor_contract,v1,1,per_artifact/t2_doc/VC-010.json
VC-011,t2_doc,t2_doc_vendor_contract,v1,1,per_artifact/t2_doc/VC-011.json
VC-012,t2_doc,t2_doc_vendor_contract,v1,1,per_artifact/t2_doc/VC-012.json
VC-013,t2_doc,t2_doc_vendor_contract,v1,1,per_artifact/t2_doc/VC-013.json
VC-014,t2_doc,t2_doc_vendor_contract,v1,1,per_artifact/t2_doc/VC-014.json
VC-015,t2_doc,t2_doc_vendor_contract,v1,1,per_artifact/t2_doc/VC-015.json
VC-016,t2_doc,t2_doc_vendor_contract,v1,1,per_artifact/t2_doc/VC-016.json
VC-017,t2_doc,t2_doc_vendor_contract,v1,1,per_artifact/t2_doc/VC-017.json
VC-018,t2_doc,t2_doc_vendor_contract,v1,1,per_artifact/t2_doc/VC-018.json
VC-019,t2_doc,t2_doc_vendor_contract,v1,1,per_artifact/t2_doc/VC-019.json
VC-020,t2_doc,t2_doc_vendor_contract,v1,1,per_artifact/t2_doc/VC-020.json
VC-021,t2_doc,t2_doc_vendor_contract,v1,1,per_artifact/t2_doc/VC-021.json
VC-022,t2_doc,t2_doc_vendor_contract,v1,1,per_artifact/t2_doc/VC-022.json
T3-LEASE-BKKCTW-2566-04-01,t3_doc,t3_doc_lease,v1,1,per_artifact/t3_doc/T3-LEASE-BKKCTW-2566-04-01.json
T3-LEASE-BKKEMSP-2566-04-01,t3_doc,t3_doc_lease,v1,1,per_artifact/t3_doc/T3-LEASE-BKKEMSP-2566-04-01.json
T3-LEASE-BKKPKT-2566-04-01,t3_doc,t3_doc_lease,v1,1,per_artifact/t3_doc/T3-LEASE-BKKPKT-2566-04-01.json
T3-LEASE-BKKR9-2566-04-01,t3_doc,t3_doc_lease,v1,1,per_artifact/t3_doc/T3-LEASE-BKKR9-2566-04-01.json
T3-LEASE-BKKSIAM-2566-04-01,t3_doc,t3_doc_lease,v1,1,per_artifact/t3_doc/T3-LEASE-BKKSIAM-2566-04-01.json
T3-LEASE-CNXMAYA-2566-04-01,t3_doc,t3_doc_lease,v1,1,per_artifact/t3_doc/T3-LEASE-CNXMAYA-2566-04-01.json
T3-LEASE-HKTFEST-2566-04-01,t3_doc,t3_doc_lease,v1,1,per_artifact/t3_doc/T3-LEASE-HKTFEST-2566-04-01.json
T3-LEASE-KKCCTRL-2566-04-01,t3_doc,t3_doc_lease,v1,1,per_artifact/t3_doc/T3-LEASE-KKCCTRL-2566-04-01.json
T3-LEASE-PTYCTRL-2566-04-01,t3_doc,t3_doc_lease,v1,1,per_artifact/t3_doc/T3-LEASE-PTYCTRL-2566-04-01.json
T3-LEASE-UDNCTRL-2566-04-01,t3_doc,t3_doc_lease,v1,1,per_artifact/t3_doc/T3-LEASE-UDNCTRL-2566-04-01.json
T3-TERM-V-014-2568-03-31,t3_doc,t3_doc_termination,v1,1,per_artifact/t3_doc/T3-TERM-V-014-2568-03-31.json
VI-V-001-INV-2567-1014725,vendor_invoice,vendor_invoice_a4,v1,1,per_artifact/vendor_invoice/VI-V-001-INV-2567-1014725.json
VI-V-001-INV-2567-1044269,vendor_invoice,vendor_invoice_a4,v1,1,per_artifact/vendor_invoice/VI-V-001-INV-2567-1044269.json
VI-V-001-INV-2567-10699,vendor_invoice,vendor_invoice_a4,v1,1,per_artifact/vendor_invoice/VI-V-001-INV-2567-10699.json
VI-V-001-INV-2567-115435,vendor_invoice,vendor_invoice_a4,v1,1,per_artifact/vendor_invoice/VI-V-001-INV-2567-115435.json
VI-V-001-INV-2567-116712,vendor_invoice,vendor_invoice_a4,v1,1,per_artifact/vendor_invoice/VI-V-001-INV-2567-116712.json
VI-V-001-INV-2567-117422,vendor_invoice,vendor_invoice_a4,v1,1,per_artifact/vendor_invoice/VI-V-001-INV-2567-117422.json
VI-V-001-INV-2567-121804,vendor_invoice,vendor_invoice_a4,v1,1,per_artifact/vendor_invoice/VI-V-001-INV-2567-121804.json
VI-V-001-INV-2567-125301,vendor_invoice,vendor_invoice_a4,v1,1,per_artifact/vendor_invoice/VI-V-001-INV-2567-125301.json
VI-V-001-INV-2567-126247,vendor_invoice,vendor_invoice_a4,v1,1,per_artifact/vendor_invoice/VI-V-001-INV-2567-126247.json
VI-V-001-INV-2567-131480,vendor_invoice,vendor_invoice_a4,v1,1,per_artifact/vendor_invoice/VI-V-001-INV-2567-131480.json
VI-V-001-INV-2567-140036,vendor_invoice,vendor_invoice_a4,v1,1,per_artifact/vendor_invoice/VI-V-001-INV-2567-140036.json
VI-V-001-INV-2567-14617,vendor_invoice,vendor_invoice_a4,v1,1,per_artifact/vendor_invoice/VI-V-001-INV-2567-14617.json
VI-V-001-INV-2567-166015,vendor_invoice,vendor_invoice_a4,v1,1,per_artifact/vendor_invoice/VI-V-001-INV-2567-166015.json
VI-V-001-INV-2567-171423,vendor_invoice,vendor_invoice_a4,v1,1,per_artifact/vendor_invoice/VI-V-001-INV-2567-171423.json
VI-V-001-INV-2567-180460,vendor_invoice,vendor_invoice_a4,v1,1,per_artifact/vendor_invoice/VI-V-001-INV-2567-180460.json
VI-V-001-INV-2567-201847,vendor_invoice,vendor_invoice_a4,v1,1,per_artifact/vendor_invoice/VI-V-001-INV-2567-201847.json
VI-V-001-INV-2567-204538,vendor_invoice,vendor_invoice_a4,v1,1,per_artifact/vendor_invoice/VI-V-001-INV-2567-204538.json
VI-V-001-INV-2567-206528,vendor_invoice,vendor_invoice_a4,v1,1,per_artifact/vendor_invoice/VI-V-001-INV-2567-206528.json
VI-V-001-INV-2567-211363,vendor_invoice,vendor_invoice_a4,v1,1,per_artifact/vendor_invoice/VI-V-001-INV-2567-211363.json
VI-V-001-INV-2567-230870,vendor_invoice,vendor_invoice_a4,v1,1,per_artifact/vendor_invoice/VI-V-001-INV-2567-230870.json
VI-V-001-INV-2567-234587,vendor_invoice,vendor_invoice_a4,v1,1,per_artifact/vendor_invoice/VI-V-001-INV-2567-234587.json
VI-V-001-INV-2567-241193,vendor_invoice,vendor_invoice_a4,v1,1,per_artifact/vendor_invoice/VI-V-001-INV-2567-241193.json
VI-V-001-INV-2567-256152,vendor_invoice,vendor_invoice_a4,v1,1,per_artifact/vendor_invoice/VI-V-001-INV-2567-256152.json
VI-V-001-INV-2567-26096,vendor_invoice,vendor_invoice_a4,v1,1,per_artifact/vendor_invoice/VI-V-001-INV-2567-26096.json
VI-V-001-INV-2567-264634,vendor_invoice,vendor_invoice_a4,v1,1,per_artifact/vendor_invoice/VI-V-001-INV-2567-264634.json
VI-V-001-INV-2567-281849,vendor_invoice,vendor_invoice_a4,v1,1,per_artifact/vendor_invoice/VI-V-001-INV-2567-281849.json
VI-V-001-INV-2567-28758,vendor_invoice,vendor_invoice_a4,v1,1,per_artifact/vendor_invoice/VI-V-001-INV-2567-28758.json
VI-V-001-INV-2567-287819,vendor_invoice,vendor_invoice_a4,v1,1,per_artifact/vendor_invoice/VI-V-001-INV-2567-287819.json
VI-V-001-INV-2567-29028,vendor_invoice,vendor_invoice_a4,v1,1,per_artifact/vendor_invoice/VI-V-001-INV-2567-29028.json
VI-V-001-INV-2567-314981,vendor_invoice,vendor_invoice_a4,v1,1,per_artifact/vendor_invoice/VI-V-001-INV-2567-314981.json
VI-V-001-INV-2567-317225,vendor_invoice,vendor_invoice_a4,v1,1,per_artifact/vendor_invoice/VI-V-001-INV-2567-317225.json
VI-V-001-INV-2567-326323,vendor_invoice,vendor_invoice_a4,v1,1,per_artifact/vendor_invoice/VI-V-001-INV-2567-326323.json
VI-V-001-INV-2567-360850,vendor_invoice,vendor_invoice_a4,v1,1,per_artifact/vendor_invoice/VI-V-001-INV-2567-360850.json
VI-V-001-INV-2567-36177,vendor_invoice,vendor_invoice_a4,v1,1,per_artifact/vendor_invoice/VI-V-001-INV-2567-36177.json
VI-V-001-INV-2567-403253,vendor_invoice,vendor_invoice_a4,v1,1,per_artifact/vendor_invoice/VI-V-001-INV-2567-403253.json
VI-V-001-INV-2567-422244,vendor_invoice,vendor_invoice_a4,v1,1,per_artifact/vendor_invoice/VI-V-001-INV-2567-422244.json
VI-V-001-INV-2567-430479,vendor_invoice,vendor_invoice_a4,v1,1,per_artifact/vendor_invoice/VI-V-001-INV-2567-430479.json
VI-V-001-INV-2567-431502,vendor_invoice,vendor_invoice_a4,v1,1,per_artifact/vendor_invoice/VI-V-001-INV-2567-431502.json
VI-V-001-INV-2567-434177,vendor_invoice,vendor_invoice_a4,v1,1,per_artifact/vendor_invoice/VI-V-001-INV-2567-434177.json
VI-V-001-INV-2567-450031,vendor_invoice,vendor_invoice_a4,v1,1,per_artifact/vendor_invoice/VI-V-001-INV-2567-450031.json
VI-V-001-INV-2567-46275,vendor_invoice,vendor_invoice_a4,v1,1,per_artifact/vendor_invoice/VI-V-001-INV-2567-46275.json
VI-V-001-INV-2567-475232,vendor_invoice,vendor_invoice_a4,v1,1,per_artifact/vendor_invoice/VI-V-001-INV-2567-475232.json
VI-V-001-INV-2567-476176,vendor_invoice,vendor_invoice_a4,v1,1,per_artifact/vendor_invoice/VI-V-001-INV-2567-476176.json
VI-V-001-INV-2567-499067,vendor_invoice,vendor_invoice_a4,v1,1,per_artifact/vendor_invoice/VI-V-001-INV-2567-499067.json
VI-V-001-INV-2567-500051,vendor_invoice,vendor_invoice_a4,v1,1,per_artifact/vendor_invoice/VI-V-001-INV-2567-500051.json
VI-V-001-INV-2567-507628,vendor_invoice,vendor_invoice_a4,v1,1,per_artifact/vendor_invoice/VI-V-001-INV-2567-507628.json
VI-V-001-INV-2567-515141,vendor_invoice,vendor_invoice_a4,v1,1,per_artifact/vendor_invoice/VI-V-001-INV-2567-515141.json
VI-V-001-INV-2567-515498,vendor_invoice,vendor_invoice_a4,v1,1,per_artifact/vendor_invoice/VI-V-001-INV-2567-515498.json
VI-V-001-INV-2567-525919,vendor_invoice,vendor_invoice_a4,v1,1,per_artifact/vendor_invoice/VI-V-001-INV-2567-525919.json
VI-V-001-INV-2567-528807,vendor_invoice,vendor_invoice_a4,v1,1,per_artifact/vendor_invoice/VI-V-001-INV-2567-528807.json
VI-V-001-INV-2567-535672,vendor_invoice,vendor_invoice_a4,v1,1,per_artifact/vendor_invoice/VI-V-001-INV-2567-535672.json
VI-V-001-INV-2567-554672,vendor_invoice,vendor_invoice_a4,v1,1,per_artifact/vendor_invoice/VI-V-001-INV-2567-554672.json
VI-V-001-INV-2567-556980,vendor_invoice,vendor_invoice_a4,v1,1,per_artifact/vendor_invoice/VI-V-001-INV-2567-556980.json
VI-V-001-INV-2567-560030,vendor_invoice,vendor_invoice_a4,v1,1,per_artifact/vendor_invoice/VI-V-001-INV-2567-560030.json
VI-V-001-INV-2567-561978,vendor_invoice,vendor_invoice_a4,v1,1,per_artifact/vendor_invoice/VI-V-001-INV-2567-561978.json
VI-V-001-INV-2567-57485,vendor_invoice,vendor_invoice_a4,v1,1,per_artifact/vendor_invoice/VI-V-001-INV-2567-57485.json
VI-V-001-INV-2567-580782,vendor_invoice,vendor_invoice_a4,v1,1,per_artifact/vendor_invoice/VI-V-001-INV-2567-580782.json
VI-V-001-INV-2567-593996,vendor_invoice,vendor_invoice_a4,v1,1,per_artifact/vendor_invoice/VI-V-001-INV-2567-593996.json
VI-V-001-INV-2567-610353,vendor_invoice,vendor_invoice_a4,v1,1,per_artifact/vendor_invoice/VI-V-001-INV-2567-610353.json
VI-V-001-INV-2567-611341,vendor_invoice,vendor_invoice_a4,v1,1,per_artifact/vendor_invoice/VI-V-001-INV-2567-611341.json
VI-V-001-INV-2567-623158,vendor_invoice,vendor_invoice_a4,v1,1,per_artifact/vendor_invoice/VI-V-001-INV-2567-623158.json
VI-V-001-INV-2567-64030,vendor_invoice,vendor_invoice_a4,v1,1,per_artifact/vendor_invoice/VI-V-001-INV-2567-64030.json
VI-V-001-INV-2567-651198,vendor_invoice,vendor_invoice_a4,v1,1,per_artifact/vendor_invoice/VI-V-001-INV-2567-651198.json
VI-V-001-INV-2567-672269,vendor_invoice,vendor_invoice_a4,v1,1,per_artifact/vendor_invoice/VI-V-001-INV-2567-672269.json
VI-V-001-INV-2567-679533,vendor_invoice,vendor_invoice_a4,v1,1,per_artifact/vendor_invoice/VI-V-001-INV-2567-679533.json
VI-V-001-INV-2567-685280,vendor_invoice,vendor_invoice_a4,v1,1,per_artifact/vendor_invoice/VI-V-001-INV-2567-685280.json
VI-V-001-INV-2567-693475,vendor_invoice,vendor_invoice_a4,v1,1,per_artifact/vendor_invoice/VI-V-001-INV-2567-693475.json
VI-V-001-INV-2567-701169,vendor_invoice,vendor_invoice_a4,v1,1,per_artifact/vendor_invoice/VI-V-001-INV-2567-701169.json
VI-V-001-INV-2567-710984,vendor_invoice,vendor_invoice_a4,v1,1,per_artifact/vendor_invoice/VI-V-001-INV-2567-710984.json
VI-V-001-INV-2567-735242,vendor_invoice,vendor_invoice_a4,v1,1,per_artifact/vendor_invoice/VI-V-001-INV-2567-735242.json
VI-V-001-INV-2567-737198,vendor_invoice,vendor_invoice_a4,v1,1,per_artifact/vendor_invoice/VI-V-001-INV-2567-737198.json
VI-V-001-INV-2567-760042,vendor_invoice,vendor_invoice_a4,v1,1,per_artifact/vendor_invoice/VI-V-001-INV-2567-760042.json
VI-V-001-INV-2567-760763,vendor_invoice,vendor_invoice_a4,v1,1,per_artifact/vendor_invoice/VI-V-001-INV-2567-760763.json
VI-V-001-INV-2567-769224,vendor_invoice,vendor_invoice_a4,v1,1,per_artifact/vendor_invoice/VI-V-001-INV-2567-769224.json
VI-V-001-INV-2567-772071,vendor_invoice,vendor_invoice_a4,v1,1,per_artifact/vendor_invoice/VI-V-001-INV-2567-772071.json
VI-V-001-INV-2567-793503,vendor_invoice,vendor_invoice_a4,v1,1,per_artifact/vendor_invoice/VI-V-001-INV-2567-793503.json
VI-V-001-INV-2567-825235,vendor_invoice,vendor_invoice_a4,v1,1,per_artifact/vendor_invoice/VI-V-001-INV-2567-825235.json
VI-V-001-INV-2567-848843,vendor_invoice,vendor_invoice_a4,v1,1,per_artifact/vendor_invoice/VI-V-001-INV-2567-848843.json
VI-V-001-INV-2567-863770,vendor_invoice,vendor_invoice_a4,v1,1,per_artifact/vendor_invoice/VI-V-001-INV-2567-863770.json
VI-V-001-INV-2567-871357,vendor_invoice,vendor_invoice_a4,v1,1,per_artifact/vendor_invoice/VI-V-001-INV-2567-871357.json
VI-V-001-INV-2567-889894,vendor_invoice,vendor_invoice_a4,v1,1,per_artifact/vendor_invoice/VI-V-001-INV-2567-889894.json
VI-V-001-INV-2567-894537,vendor_invoice,vendor_invoice_a4,v1,1,per_artifact/vendor_invoice/VI-V-001-INV-2567-894537.json
VI-V-001-INV-2567-895049,vendor_invoice,vendor_invoice_a4,v1,1,per_artifact/vendor_invoice/VI-V-001-INV-2567-895049.json
VI-V-001-INV-2567-900773,vendor_invoice,vendor_invoice_a4,v1,1,per_artifact/vendor_invoice/VI-V-001-INV-2567-900773.json
VI-V-001-INV-2567-914158,vendor_invoice,vendor_invoice_a4,v1,1,per_artifact/vendor_invoice/VI-V-001-INV-2567-914158.json
VI-V-001-INV-2567-930473,vendor_invoice,vendor_invoice_a4,v1,1,per_artifact/vendor_invoice/VI-V-001-INV-2567-930473.json
VI-V-001-INV-2567-938215,vendor_invoice,vendor_invoice_a4,v1,1,per_artifact/vendor_invoice/VI-V-001-INV-2567-938215.json
VI-V-001-INV-2567-939854,vendor_invoice,vendor_invoice_a4,v1,1,per_artifact/vendor_invoice/VI-V-001-INV-2567-939854.json
VI-V-001-INV-2567-941701,vendor_invoice,vendor_invoice_a4,v1,1,per_artifact/vendor_invoice/VI-V-001-INV-2567-941701.json
VI-V-001-INV-2567-955222,vendor_invoice,vendor_invoice_a4,v1,1,per_artifact/vendor_invoice/VI-V-001-INV-2567-955222.json
VI-V-001-INV-2567-978477,vendor_invoice,vendor_invoice_a4,v1,1,per_artifact/vendor_invoice/VI-V-001-INV-2567-978477.json
VI-V-001-INV-2567-978826,vendor_invoice,vendor_invoice_a4,v1,1,per_artifact/vendor_invoice/VI-V-001-INV-2567-978826.json
VI-V-001-INV-2567-980348,vendor_invoice,vendor_invoice_a4,v1,1,per_artifact/vendor_invoice/VI-V-001-INV-2567-980348.json
VI-V-001-INV-2567-98490,vendor_invoice,vendor_invoice_a4,v1,1,per_artifact/vendor_invoice/VI-V-001-INV-2567-98490.json
VI-V-001-INV-2567-990978,vendor_invoice,vendor_invoice_a4,v1,1,per_artifact/vendor_invoice/VI-V-001-INV-2567-990978.json
VI-V-001-INV-2567-999814,vendor_invoice,vendor_invoice_a4,v1,1,per_artifact/vendor_invoice/VI-V-001-INV-2567-999814.json
VI-V-001-INV-2568-04648,vendor_invoice,vendor_invoice_a4,v1,1,per_artifact/vendor_invoice/VI-V-001-INV-2568-04648.json
VI-V-001-INV-2568-1001823,vendor_invoice,vendor_invoice_a4,v1,1,per_artifact/vendor_invoice/VI-V-001-INV-2568-1001823.json
VI-V-001-INV-2568-1017511,vendor_invoice,vendor_invoice_a4,v1,1,per_artifact/vendor_invoice/VI-V-001-INV-2568-1017511.json
VI-V-001-INV-2568-1017526,vendor_invoice,vendor_invoice_a4,v1,1,per_artifact/vendor_invoice/VI-V-001-INV-2568-1017526.json
VI-V-001-INV-2568-1019056,vendor_invoice,vendor_invoice_a4,v1,1,per_artifact/vendor_invoice/VI-V-001-INV-2568-1019056.json
VI-V-001-INV-2568-104703,vendor_invoice,vendor_invoice_a4,v1,1,per_artifact/vendor_invoice/VI-V-001-INV-2568-104703.json
VI-V-001-INV-2568-108971,vendor_invoice,vendor_invoice_a4,v1,1,per_artifact/vendor_invoice/VI-V-001-INV-2568-108971.json
VI-V-001-INV-2568-11600,vendor_invoice,vendor_invoice_a4,v1,1,per_artifact/vendor_invoice/VI-V-001-INV-2568-11600.json
VI-V-001-INV-2568-124639,vendor_invoice,vendor_invoice_a4,v1,1,per_artifact/vendor_invoice/VI-V-001-INV-2568-124639.json
VI-V-001-INV-2568-134316,vendor_invoice,vendor_invoice_a4,v1,1,per_artifact/vendor_invoice/VI-V-001-INV-2568-134316.json
VI-V-001-INV-2568-164050,vendor_invoice,vendor_invoice_a4,v1,1,per_artifact/vendor_invoice/VI-V-001-INV-2568-164050.json
VI-V-001-INV-2568-164232,vendor_invoice,vendor_invoice_a4,v1,1,per_artifact/vendor_invoice/VI-V-001-INV-2568-164232.json
VI-V-001-INV-2568-168888,vendor_invoice,vendor_invoice_a4,v1,1,per_artifact/vendor_invoice/VI-V-001-INV-2568-168888.json
VI-V-001-INV-2568-18154,vendor_invoice,vendor_invoice_a4,v1,1,per_artifact/vendor_invoice/VI-V-001-INV-2568-18154.json
VI-V-001-INV-2568-190632,vendor_invoice,vendor_invoice_a4,v1,1,per_artifact/vendor_invoice/VI-V-001-INV-2568-190632.json
VI-V-001-INV-2568-19409,vendor_invoice,vendor_invoice_a4,v1,1,per_artifact/vendor_invoice/VI-V-001-INV-2568-19409.json
VI-V-001-INV-2568-196478,vendor_invoice,vendor_invoice_a4,v1,1,per_artifact/vendor_invoice/VI-V-001-INV-2568-196478.json
VI-V-001-INV-2568-197057,vendor_invoice,vendor_invoice_a4,v1,1,per_artifact/vendor_invoice/VI-V-001-INV-2568-197057.json
VI-V-001-INV-2568-20039,vendor_invoice,vendor_invoice_a4,v1,1,per_artifact/vendor_invoice/VI-V-001-INV-2568-20039.json
VI-V-001-INV-2568-23997,vendor_invoice,vendor_invoice_a4,v1,1,per_artifact/vendor_invoice/VI-V-001-INV-2568-23997.json
VI-V-001-INV-2568-241682,vendor_invoice,vendor_invoice_a4,v1,1,per_artifact/vendor_invoice/VI-V-001-INV-2568-241682.json
VI-V-001-INV-2568-241767,vendor_invoice,vendor_invoice_a4,v1,1,per_artifact/vendor_invoice/VI-V-001-INV-2568-241767.json
VI-V-001-INV-2568-250682,vendor_invoice,vendor_invoice_a4,v1,1,per_artifact/vendor_invoice/VI-V-001-INV-2568-250682.json
VI-V-001-INV-2568-253605,vendor_invoice,vendor_invoice_a4,v1,1,per_artifact/vendor_invoice/VI-V-001-INV-2568-253605.json
VI-V-001-INV-2568-261093,vendor_invoice,vendor_invoice_a4,v1,1,per_artifact/vendor_invoice/VI-V-001-INV-2568-261093.json
VI-V-001-INV-2568-280504,vendor_invoice,vendor_invoice_a4,v1,1,per_artifact/vendor_invoice/VI-V-001-INV-2568-280504.json
VI-V-001-INV-2568-292401,vendor_invoice,vendor_invoice_a4,v1,1,per_artifact/vendor_invoice/VI-V-001-INV-2568-292401.json
VI-V-001-INV-2568-302798,vendor_invoice,vendor_invoice_a4,v1,1,per_artifact/vendor_invoice/VI-V-001-INV-2568-302798.json
VI-V-001-INV-2568-310221,vendor_invoice,vendor_invoice_a4,v1,1,per_artifact/vendor_invoice/VI-V-001-INV-2568-310221.json
VI-V-001-INV-2568-316134,vendor_invoice,vendor_invoice_a4,v1,1,per_artifact/vendor_invoice/VI-V-001-INV-2568-316134.json
VI-V-001-INV-2568-330092,vendor_invoice,vendor_invoice_a4,v1,1,per_artifact/vendor_invoice/VI-V-001-INV-2568-330092.json
VI-V-001-INV-2568-358028,vendor_invoice,vendor_invoice_a4,v1,1,per_artifact/vendor_invoice/VI-V-001-INV-2568-358028.json
VI-V-001-INV-2568-359650,vendor_invoice,vendor_invoice_a4,v1,1,per_artifact/vendor_invoice/VI-V-001-INV-2568-359650.json
VI-V-001-INV-2568-367933,vendor_invoice,vendor_invoice_a4,v1,1,per_artifact/vendor_invoice/VI-V-001-INV-2568-367933.json
VI-V-001-INV-2568-367970,vendor_invoice,vendor_invoice_a4,v1,1,per_artifact/vendor_invoice/VI-V-001-INV-2568-367970.json
VI-V-001-INV-2568-370730,vendor_invoice,vendor_invoice_a4,v1,1,per_artifact/vendor_invoice/VI-V-001-INV-2568-370730.json
VI-V-001-INV-2568-376412,vendor_invoice,vendor_invoice_a4,v1,1,per_artifact/vendor_invoice/VI-V-001-INV-2568-376412.json
VI-V-001-INV-2568-389332,vendor_invoice,vendor_invoice_a4,v1,1,per_artifact/vendor_invoice/VI-V-001-INV-2568-389332.json
VI-V-001-INV-2568-389878,vendor_invoice,vendor_invoice_a4,v1,1,per_artifact/vendor_invoice/VI-V-001-INV-2568-389878.json
VI-V-001-INV-2568-391878,vendor_invoice,vendor_invoice_a4,v1,1,per_artifact/vendor_invoice/VI-V-001-INV-2568-391878.json
VI-V-001-INV-2568-391986,vendor_invoice,vendor_invoice_a4,v1,1,per_artifact/vendor_invoice/VI-V-001-INV-2568-391986.json
VI-V-001-INV-2568-427795,vendor_invoice,vendor_invoice_a4,v1,1,per_artifact/vendor_invoice/VI-V-001-INV-2568-427795.json
VI-V-001-INV-2568-433836,vendor_invoice,vendor_invoice_a4,v1,1,per_artifact/vendor_invoice/VI-V-001-INV-2568-433836.json
VI-V-001-INV-2568-435236,vendor_invoice,vendor_invoice_a4,v1,1,per_artifact/vendor_invoice/VI-V-001-INV-2568-435236.json
VI-V-001-INV-2568-456267,vendor_invoice,vendor_invoice_a4,v1,1,per_artifact/vendor_invoice/VI-V-001-INV-2568-456267.json
VI-V-001-INV-2568-465563,vendor_invoice,vendor_invoice_a4,v1,1,per_artifact/vendor_invoice/VI-V-001-INV-2568-465563.json
VI-V-001-INV-2568-467385,vendor_invoice,vendor_invoice_a4,v1,1,per_artifact/vendor_invoice/VI-V-001-INV-2568-467385.json
VI-V-001-INV-2568-484481,vendor_invoice,vendor_invoice_a4,v1,1,per_artifact/vendor_invoice/VI-V-001-INV-2568-484481.json
VI-V-001-INV-2568-492920,vendor_invoice,vendor_invoice_a4,v1,1,per_artifact/vendor_invoice/VI-V-001-INV-2568-492920.json
VI-V-001-INV-2568-496061,vendor_invoice,vendor_invoice_a4,v1,1,per_artifact/vendor_invoice/VI-V-001-INV-2568-496061.json
VI-V-001-INV-2568-501753,vendor_invoice,vendor_invoice_a4,v1,1,per_artifact/vendor_invoice/VI-V-001-INV-2568-501753.json
VI-V-001-INV-2568-510834,vendor_invoice,vendor_invoice_a4,v1,1,per_artifact/vendor_invoice/VI-V-001-INV-2568-510834.json
VI-V-001-INV-2568-532823,vendor_invoice,vendor_invoice_a4,v1,1,per_artifact/vendor_invoice/VI-V-001-INV-2568-532823.json
VI-V-001-INV-2568-548536,vendor_invoice,vendor_invoice_a4,v1,1,per_artifact/vendor_invoice/VI-V-001-INV-2568-548536.json
VI-V-001-INV-2568-569799,vendor_invoice,vendor_invoice_a4,v1,1,per_artifact/vendor_invoice/VI-V-001-INV-2568-569799.json
VI-V-001-INV-2568-578250,vendor_invoice,vendor_invoice_a4,v1,1,per_artifact/vendor_invoice/VI-V-001-INV-2568-578250.json
VI-V-001-INV-2568-592817,vendor_invoice,vendor_invoice_a4,v1,1,per_artifact/vendor_invoice/VI-V-001-INV-2568-592817.json
VI-V-001-INV-2568-632885,vendor_invoice,vendor_invoice_a4,v1,1,per_artifact/vendor_invoice/VI-V-001-INV-2568-632885.json
VI-V-001-INV-2568-633103,vendor_invoice,vendor_invoice_a4,v1,1,per_artifact/vendor_invoice/VI-V-001-INV-2568-633103.json
VI-V-001-INV-2568-641075,vendor_invoice,vendor_invoice_a4,v1,1,per_artifact/vendor_invoice/VI-V-001-INV-2568-641075.json
VI-V-001-INV-2568-65657,vendor_invoice,vendor_invoice_a4,v1,1,per_artifact/vendor_invoice/VI-V-001-INV-2568-65657.json
VI-V-001-INV-2568-669422,vendor_invoice,vendor_invoice_a4,v1,1,per_artifact/vendor_invoice/VI-V-001-INV-2568-669422.json
VI-V-001-INV-2568-674890,vendor_invoice,vendor_invoice_a4,v1,1,per_artifact/vendor_invoice/VI-V-001-INV-2568-674890.json
VI-V-001-INV-2568-693659,vendor_invoice,vendor_invoice_a4,v1,1,per_artifact/vendor_invoice/VI-V-001-INV-2568-693659.json
VI-V-001-INV-2568-694514,vendor_invoice,vendor_invoice_a4,v1,1,per_artifact/vendor_invoice/VI-V-001-INV-2568-694514.json
VI-V-001-INV-2568-699432,vendor_invoice,vendor_invoice_a4,v1,1,per_artifact/vendor_invoice/VI-V-001-INV-2568-699432.json
VI-V-001-INV-2568-699861,vendor_invoice,vendor_invoice_a4,v1,1,per_artifact/vendor_invoice/VI-V-001-INV-2568-699861.json
VI-V-001-INV-2568-70790,vendor_invoice,vendor_invoice_a4,v1,1,per_artifact/vendor_invoice/VI-V-001-INV-2568-70790.json
VI-V-001-INV-2568-710532,vendor_invoice,vendor_invoice_a4,v1,1,per_artifact/vendor_invoice/VI-V-001-INV-2568-710532.json
VI-V-001-INV-2568-719656,vendor_invoice,vendor_invoice_a4,v1,1,per_artifact/vendor_invoice/VI-V-001-INV-2568-719656.json
VI-V-001-INV-2568-734959,vendor_invoice,vendor_invoice_a4,v1,1,per_artifact/vendor_invoice/VI-V-001-INV-2568-734959.json
VI-V-001-INV-2568-757000,vendor_invoice,vendor_invoice_a4,v1,1,per_artifact/vendor_invoice/VI-V-001-INV-2568-757000.json
VI-V-001-INV-2568-762906,vendor_invoice,vendor_invoice_a4,v1,1,per_artifact/vendor_invoice/VI-V-001-INV-2568-762906.json
VI-V-001-INV-2568-770585,vendor_invoice,vendor_invoice_a4,v1,1,per_artifact/vendor_invoice/VI-V-001-INV-2568-770585.json
VI-V-001-INV-2568-788986,vendor_invoice,vendor_invoice_a4,v1,1,per_artifact/vendor_invoice/VI-V-001-INV-2568-788986.json
VI-V-001-INV-2568-792051,vendor_invoice,vendor_invoice_a4,v1,1,per_artifact/vendor_invoice/VI-V-001-INV-2568-792051.json
VI-V-001-INV-2568-794889,vendor_invoice,vendor_invoice_a4,v1,1,per_artifact/vendor_invoice/VI-V-001-INV-2568-794889.json
VI-V-001-INV-2568-800178,vendor_invoice,vendor_invoice_a4,v1,1,per_artifact/vendor_invoice/VI-V-001-INV-2568-800178.json
VI-V-001-INV-2568-80261,vendor_invoice,vendor_invoice_a4,v1,1,per_artifact/vendor_invoice/VI-V-001-INV-2568-80261.json
VI-V-001-INV-2568-817411,vendor_invoice,vendor_invoice_a4,v1,1,per_artifact/vendor_invoice/VI-V-001-INV-2568-817411.json
VI-V-001-INV-2568-820604,vendor_invoice,vendor_invoice_a4,v1,1,per_artifact/vendor_invoice/VI-V-001-INV-2568-820604.json
VI-V-001-INV-2568-833020,vendor_invoice,vendor_invoice_a4,v1,1,per_artifact/vendor_invoice/VI-V-001-INV-2568-833020.json
VI-V-001-INV-2568-836183,vendor_invoice,vendor_invoice_a4,v1,1,per_artifact/vendor_invoice/VI-V-001-INV-2568-836183.json
VI-V-001-INV-2568-850854,vendor_invoice,vendor_invoice_a4,v1,1,per_artifact/vendor_invoice/VI-V-001-INV-2568-850854.json
VI-V-001-INV-2568-855980,vendor_invoice,vendor_invoice_a4,v1,1,per_artifact/vendor_invoice/VI-V-001-INV-2568-855980.json
VI-V-001-INV-2568-87438,vendor_invoice,vendor_invoice_a4,v1,1,per_artifact/vendor_invoice/VI-V-001-INV-2568-87438.json
VI-V-001-INV-2568-883091,vendor_invoice,vendor_invoice_a4,v1,1,per_artifact/vendor_invoice/VI-V-001-INV-2568-883091.json
VI-V-001-INV-2568-889878,vendor_invoice,vendor_invoice_a4,v1,1,per_artifact/vendor_invoice/VI-V-001-INV-2568-889878.json
VI-V-001-INV-2568-904943,vendor_invoice,vendor_invoice_a4,v1,1,per_artifact/vendor_invoice/VI-V-001-INV-2568-904943.json
VI-V-001-INV-2568-906736,vendor_invoice,vendor_invoice_a4,v1,1,per_artifact/vendor_invoice/VI-V-001-INV-2568-906736.json
VI-V-001-INV-2568-915810,vendor_invoice,vendor_invoice_a4,v1,1,per_artifact/vendor_invoice/VI-V-001-INV-2568-915810.json
VI-V-001-INV-2568-956782,vendor_invoice,vendor_invoice_a4,v1,1,per_artifact/vendor_invoice/VI-V-001-INV-2568-956782.json
VI-V-001-INV-2568-967918,vendor_invoice,vendor_invoice_a4,v1,1,per_artifact/vendor_invoice/VI-V-001-INV-2568-967918.json
VI-V-001-INV-2568-973744,vendor_invoice,vendor_invoice_a4,v1,1,per_artifact/vendor_invoice/VI-V-001-INV-2568-973744.json
VI-V-001-INV-2568-974070,vendor_invoice,vendor_invoice_a4,v1,1,per_artifact/vendor_invoice/VI-V-001-INV-2568-974070.json
VI-V-001-INV-2568-996484,vendor_invoice,vendor_invoice_a4,v1,1,per_artifact/vendor_invoice/VI-V-001-INV-2568-996484.json
VI-V-002-INV-2567-00151,vendor_invoice,vendor_invoice_a4,v1,1,per_artifact/vendor_invoice/VI-V-002-INV-2567-00151.json
VI-V-002-INV-2567-02349,vendor_invoice,vendor_invoice_a4,v1,1,per_artifact/vendor_invoice/VI-V-002-INV-2567-02349.json
VI-V-002-INV-2567-09206,vendor_invoice,vendor_invoice_a4,v1,1,per_artifact/vendor_invoice/VI-V-002-INV-2567-09206.json
VI-V-002-INV-2567-1025907,vendor_invoice,vendor_invoice_a4,v1,1,per_artifact/vendor_invoice/VI-V-002-INV-2567-1025907.json
VI-V-002-INV-2567-1034901,vendor_invoice,vendor_invoice_a4,v1,1,per_artifact/vendor_invoice/VI-V-002-INV-2567-1034901.json
VI-V-002-INV-2567-1045498,vendor_invoice,vendor_invoice_a4,v1,1,per_artifact/vendor_invoice/VI-V-002-INV-2567-1045498.json
VI-V-002-INV-2567-122791,vendor_invoice,vendor_invoice_a4,v1,1,per_artifact/vendor_invoice/VI-V-002-INV-2567-122791.json
VI-V-002-INV-2567-13539,vendor_invoice,vendor_invoice_a4,v1,1,per_artifact/vendor_invoice/VI-V-002-INV-2567-13539.json
VI-V-002-INV-2567-135431,vendor_invoice,vendor_invoice_a4,v1,1,per_artifact/vendor_invoice/VI-V-002-INV-2567-135431.json
VI-V-002-INV-2567-139734,vendor_invoice,vendor_invoice_a4,v1,1,per_artifact/vendor_invoice/VI-V-002-INV-2567-139734.json
VI-V-002-INV-2567-146522,vendor_invoice,vendor_invoice_a4,v1,1,per_artifact/vendor_invoice/VI-V-002-INV-2567-146522.json
VI-V-002-INV-2567-147295,vendor_invoice,vendor_invoice_a4,v1,1,per_artifact/vendor_invoice/VI-V-002-INV-2567-147295.json
VI-V-002-INV-2567-147834,vendor_invoice,vendor_invoice_a4,v1,1,per_artifact/vendor_invoice/VI-V-002-INV-2567-147834.json
VI-V-002-INV-2567-153532,vendor_invoice,vendor_invoice_a4,v1,1,per_artifact/vendor_invoice/VI-V-002-INV-2567-153532.json
VI-V-002-INV-2567-17967,vendor_invoice,vendor_invoice_a4,v1,1,per_artifact/vendor_invoice/VI-V-002-INV-2567-17967.json
VI-V-002-INV-2567-179717,vendor_invoice,vendor_invoice_a4,v1,1,per_artifact/vendor_invoice/VI-V-002-INV-2567-179717.json
VI-V-002-INV-2567-181638,vendor_invoice,vendor_invoice_a4,v1,1,per_artifact/vendor_invoice/VI-V-002-INV-2567-181638.json
VI-V-002-INV-2567-192906,vendor_invoice,vendor_invoice_a4,v1,1,per_artifact/vendor_invoice/VI-V-002-INV-2567-192906.json
VI-V-002-INV-2567-196799,vendor_invoice,vendor_invoice_a4,v1,1,per_artifact/vendor_invoice/VI-V-002-INV-2567-196799.json
VI-V-002-INV-2567-197066,vendor_invoice,vendor_invoice_a4,v1,1,per_artifact/vendor_invoice/VI-V-002-INV-2567-197066.json
VI-V-002-INV-2567-21494,vendor_invoice,vendor_invoice_a4,v1,1,per_artifact/vendor_invoice/VI-V-002-INV-2567-21494.json
VI-V-002-INV-2567-219392,vendor_invoice,vendor_invoice_a4,v1,1,per_artifact/vendor_invoice/VI-V-002-INV-2567-219392.json
VI-V-002-INV-2567-220981,vendor_invoice,vendor_invoice_a4,v1,1,per_artifact/vendor_invoice/VI-V-002-INV-2567-220981.json
VI-V-002-INV-2567-232850,vendor_invoice,vendor_invoice_a4,v1,1,per_artifact/vendor_invoice/VI-V-002-INV-2567-232850.json
VI-V-002-INV-2567-242907,vendor_invoice,vendor_invoice_a4,v1,1,per_artifact/vendor_invoice/VI-V-002-INV-2567-242907.json
VI-V-002-INV-2567-250608,vendor_invoice,vendor_invoice_a4,v1,1,per_artifact/vendor_invoice/VI-V-002-INV-2567-250608.json
VI-V-002-INV-2567-27563,vendor_invoice,vendor_invoice_a4,v1,1,per_artifact/vendor_invoice/VI-V-002-INV-2567-27563.json
VI-V-002-INV-2567-282857,vendor_invoice,vendor_invoice_a4,v1,1,per_artifact/vendor_invoice/VI-V-002-INV-2567-282857.json
VI-V-002-INV-2567-29051,vendor_invoice,vendor_invoice_a4,v1,1,per_artifact/vendor_invoice/VI-V-002-INV-2567-29051.json
VI-V-002-INV-2567-297747,vendor_invoice,vendor_invoice_a4,v1,1,per_artifact/vendor_invoice/VI-V-002-INV-2567-297747.json
VI-V-002-INV-2567-298627,vendor_invoice,vendor_invoice_a4,v1,1,per_artifact/vendor_invoice/VI-V-002-INV-2567-298627.json
VI-V-002-INV-2567-307172,vendor_invoice,vendor_invoice_a4,v1,1,per_artifact/vendor_invoice/VI-V-002-INV-2567-307172.json
VI-V-002-INV-2567-318749,vendor_invoice,vendor_invoice_a4,v1,1,per_artifact/vendor_invoice/VI-V-002-INV-2567-318749.json
VI-V-002-INV-2567-319644,vendor_invoice,vendor_invoice_a4,v1,1,per_artifact/vendor_invoice/VI-V-002-INV-2567-319644.json
VI-V-002-INV-2567-331075,vendor_invoice,vendor_invoice_a4,v1,1,per_artifact/vendor_invoice/VI-V-002-INV-2567-331075.json
VI-V-002-INV-2567-344170,vendor_invoice,vendor_invoice_a4,v1,1,per_artifact/vendor_invoice/VI-V-002-INV-2567-344170.json
VI-V-002-INV-2567-345686,vendor_invoice,vendor_invoice_a4,v1,1,per_artifact/vendor_invoice/VI-V-002-INV-2567-345686.json
VI-V-002-INV-2567-353880,vendor_invoice,vendor_invoice_a4,v1,1,per_artifact/vendor_invoice/VI-V-002-INV-2567-353880.json
VI-V-002-INV-2567-359463,vendor_invoice,vendor_invoice_a4,v1,1,per_artifact/vendor_invoice/VI-V-002-INV-2567-359463.json
VI-V-002-INV-2567-381013,vendor_invoice,vendor_invoice_a4,v1,1,per_artifact/vendor_invoice/VI-V-002-INV-2567-381013.json
VI-V-002-INV-2567-384963,vendor_invoice,vendor_invoice_a4,v1,1,per_artifact/vendor_invoice/VI-V-002-INV-2567-384963.json
VI-V-002-INV-2567-389098,vendor_invoice,vendor_invoice_a4,v1,1,per_artifact/vendor_invoice/VI-V-002-INV-2567-389098.json
VI-V-002-INV-2567-404667,vendor_invoice,vendor_invoice_a4,v1,1,per_artifact/vendor_invoice/VI-V-002-INV-2567-404667.json
VI-V-002-INV-2567-405141,vendor_invoice,vendor_invoice_a4,v1,1,per_artifact/vendor_invoice/VI-V-002-INV-2567-405141.json
VI-V-002-INV-2567-423198,vendor_invoice,vendor_invoice_a4,v1,1,per_artifact/vendor_invoice/VI-V-002-INV-2567-423198.json
VI-V-002-INV-2567-423773,vendor_invoice,vendor_invoice_a4,v1,1,per_artifact/vendor_invoice/VI-V-002-INV-2567-423773.json
VI-V-002-INV-2567-444103,vendor_invoice,vendor_invoice_a4,v1,1,per_artifact/vendor_invoice/VI-V-002-INV-2567-444103.json
VI-V-002-INV-2567-450700,vendor_invoice,vendor_invoice_a4,v1,1,per_artifact/vendor_invoice/VI-V-002-INV-2567-450700.json
VI-V-002-INV-2567-474808,vendor_invoice,vendor_invoice_a4,v1,1,per_artifact/vendor_invoice/VI-V-002-INV-2567-474808.json
VI-V-002-INV-2567-477638,vendor_invoice,vendor_invoice_a4,v1,1,per_artifact/vendor_invoice/VI-V-002-INV-2567-477638.json
VI-V-002-INV-2567-484503,vendor_invoice,vendor_invoice_a4,v1,1,per_artifact/vendor_invoice/VI-V-002-INV-2567-484503.json
VI-V-002-INV-2567-484682,vendor_invoice,vendor_invoice_a4,v1,1,per_artifact/vendor_invoice/VI-V-002-INV-2567-484682.json
VI-V-002-INV-2567-494444,vendor_invoice,vendor_invoice_a4,v1,1,per_artifact/vendor_invoice/VI-V-002-INV-2567-494444.json
VI-V-002-INV-2567-504708,vendor_invoice,vendor_invoice_a4,v1,1,per_artifact/vendor_invoice/VI-V-002-INV-2567-504708.json
VI-V-002-INV-2567-533380,vendor_invoice,vendor_invoice_a4,v1,1,per_artifact/vendor_invoice/VI-V-002-INV-2567-533380.json
VI-V-002-INV-2567-535525,vendor_invoice,vendor_invoice_a4,v1,1,per_artifact/vendor_invoice/VI-V-002-INV-2567-535525.json
VI-V-002-INV-2567-537043,vendor_invoice,vendor_invoice_a4,v1,1,per_artifact/vendor_invoice/VI-V-002-INV-2567-537043.json
VI-V-002-INV-2567-543100,vendor_invoice,vendor_invoice_a4,v1,1,per_artifact/vendor_invoice/VI-V-002-INV-2567-543100.json
VI-V-002-INV-2567-55120,vendor_invoice,vendor_invoice_a4,v1,1,per_artifact/vendor_invoice/VI-V-002-INV-2567-55120.json
VI-V-002-INV-2567-563606,vendor_invoice,vendor_invoice_a4,v1,1,per_artifact/vendor_invoice/VI-V-002-INV-2567-563606.json
VI-V-002-INV-2567-580912,vendor_invoice,vendor_invoice_a4,v1,1,per_artifact/vendor_invoice/VI-V-002-INV-2567-580912.json
VI-V-002-INV-2567-587816,vendor_invoice,vendor_invoice_a4,v1,1,per_artifact/vendor_invoice/VI-V-002-INV-2567-587816.json
VI-V-002-INV-2567-619689,vendor_invoice,vendor_invoice_a4,v1,1,per_artifact/vendor_invoice/VI-V-002-INV-2567-619689.json
VI-V-002-INV-2567-621361,vendor_invoice,vendor_invoice_a4,v1,1,per_artifact/vendor_invoice/VI-V-002-INV-2567-621361.json
VI-V-002-INV-2567-643046,vendor_invoice,vendor_invoice_a4,v1,1,per_artifact/vendor_invoice/VI-V-002-INV-2567-643046.json
VI-V-002-INV-2567-652002,vendor_invoice,vendor_invoice_a4,v1,1,per_artifact/vendor_invoice/VI-V-002-INV-2567-652002.json
VI-V-002-INV-2567-663705,vendor_invoice,vendor_invoice_a4,v1,1,per_artifact/vendor_invoice/VI-V-002-INV-2567-663705.json
VI-V-002-INV-2567-672926,vendor_invoice,vendor_invoice_a4,v1,1,per_artifact/vendor_invoice/VI-V-002-INV-2567-672926.json
VI-V-002-INV-2567-688697,vendor_invoice,vendor_invoice_a4,v1,1,per_artifact/vendor_invoice/VI-V-002-INV-2567-688697.json
VI-V-002-INV-2567-69234,vendor_invoice,vendor_invoice_a4,v1,1,per_artifact/vendor_invoice/VI-V-002-INV-2567-69234.json
VI-V-002-INV-2567-739819,vendor_invoice,vendor_invoice_a4,v1,1,per_artifact/vendor_invoice/VI-V-002-INV-2567-739819.json
VI-V-002-INV-2567-749651,vendor_invoice,vendor_invoice_a4,v1,1,per_artifact/vendor_invoice/VI-V-002-INV-2567-749651.json
VI-V-002-INV-2567-752283,vendor_invoice,vendor_invoice_a4,v1,1,per_artifact/vendor_invoice/VI-V-002-INV-2567-752283.json
VI-V-002-INV-2567-756441,vendor_invoice,vendor_invoice_a4,v1,1,per_artifact/vendor_invoice/VI-V-002-INV-2567-756441.json
VI-V-002-INV-2567-775789,vendor_invoice,vendor_invoice_a4,v1,1,per_artifact/vendor_invoice/VI-V-002-INV-2567-775789.json
VI-V-002-INV-2567-776958,vendor_invoice,vendor_invoice_a4,v1,1,per_artifact/vendor_invoice/VI-V-002-INV-2567-776958.json
VI-V-002-INV-2567-778598,vendor_invoice,vendor_invoice_a4,v1,1,per_artifact/vendor_invoice/VI-V-002-INV-2567-778598.json
VI-V-002-INV-2567-781654,vendor_invoice,vendor_invoice_a4,v1,1,per_artifact/vendor_invoice/VI-V-002-INV-2567-781654.json
VI-V-002-INV-2567-789252,vendor_invoice,vendor_invoice_a4,v1,1,per_artifact/vendor_invoice/VI-V-002-INV-2567-789252.json
VI-V-002-INV-2567-795734,vendor_invoice,vendor_invoice_a4,v1,1,per_artifact/vendor_invoice/VI-V-002-INV-2567-795734.json
VI-V-002-INV-2567-852316,vendor_invoice,vendor_invoice_a4,v1,1,per_artifact/vendor_invoice/VI-V-002-INV-2567-852316.json
VI-V-002-INV-2567-859017,vendor_invoice,vendor_invoice_a4,v1,1,per_artifact/vendor_invoice/VI-V-002-INV-2567-859017.json
VI-V-002-INV-2567-86757,vendor_invoice,vendor_invoice_a4,v1,1,per_artifact/vendor_invoice/VI-V-002-INV-2567-86757.json
VI-V-002-INV-2567-869524,vendor_invoice,vendor_invoice_a4,v1,1,per_artifact/vendor_invoice/VI-V-002-INV-2567-869524.json
VI-V-002-INV-2567-870503,vendor_invoice,vendor_invoice_a4,v1,1,per_artifact/vendor_invoice/VI-V-002-INV-2567-870503.json
VI-V-002-INV-2567-871735,vendor_invoice,vendor_invoice_a4,v1,1,per_artifact/vendor_invoice/VI-V-002-INV-2567-871735.json
VI-V-002-INV-2567-912284,vendor_invoice,vendor_invoice_a4,v1,1,per_artifact/vendor_invoice/VI-V-002-INV-2567-912284.json
VI-V-002-INV-2567-927602,vendor_invoice,vendor_invoice_a4,v1,1,per_artifact/vendor_invoice/VI-V-002-INV-2567-927602.json
VI-V-002-INV-2567-935526,vendor_invoice,vendor_invoice_a4,v1,1,per_artifact/vendor_invoice/VI-V-002-INV-2567-935526.json
VI-V-002-INV-2567-946706,vendor_invoice,vendor_invoice_a4,v1,1,per_artifact/vendor_invoice/VI-V-002-INV-2567-946706.json
VI-V-002-INV-2567-949517,vendor_invoice,vendor_invoice_a4,v1,1,per_artifact/vendor_invoice/VI-V-002-INV-2567-949517.json
VI-V-002-INV-2567-954029,vendor_invoice,vendor_invoice_a4,v1,1,per_artifact/vendor_invoice/VI-V-002-INV-2567-954029.json
VI-V-002-INV-2567-967490,vendor_invoice,vendor_invoice_a4,v1,1,per_artifact/vendor_invoice/VI-V-002-INV-2567-967490.json
VI-V-002-INV-2567-969199,vendor_invoice,vendor_invoice_a4,v1,1,per_artifact/vendor_invoice/VI-V-002-INV-2567-969199.json
VI-V-002-INV-2567-970919,vendor_invoice,vendor_invoice_a4,v1,1,per_artifact/vendor_invoice/VI-V-002-INV-2567-970919.json
VI-V-002-INV-2567-98297,vendor_invoice,vendor_invoice_a4,v1,1,per_artifact/vendor_invoice/VI-V-002-INV-2567-98297.json
VI-V-002-INV-2568-1001612,vendor_invoice,vendor_invoice_a4,v1,1,per_artifact/vendor_invoice/VI-V-002-INV-2568-1001612.json
VI-V-002-INV-2568-101070,vendor_invoice,vendor_invoice_a4,v1,1,per_artifact/vendor_invoice/VI-V-002-INV-2568-101070.json
VI-V-002-INV-2568-1028121,vendor_invoice,vendor_invoice_a4,v1,1,per_artifact/vendor_invoice/VI-V-002-INV-2568-1028121.json
VI-V-002-INV-2568-1035633,vendor_invoice,vendor_invoice_a4,v1,1,per_artifact/vendor_invoice/VI-V-002-INV-2568-1035633.json
VI-V-002-INV-2568-103698,vendor_invoice,vendor_invoice_a4,v1,1,per_artifact/vendor_invoice/VI-V-002-INV-2568-103698.json
VI-V-002-INV-2568-104196,vendor_invoice,vendor_invoice_a4,v1,1,per_artifact/vendor_invoice/VI-V-002-INV-2568-104196.json
VI-V-002-INV-2568-104286,vendor_invoice,vendor_invoice_a4,v1,1,per_artifact/vendor_invoice/VI-V-002-INV-2568-104286.json
VI-V-002-INV-2568-1044030,vendor_invoice,vendor_invoice_a4,v1,1,per_artifact/vendor_invoice/VI-V-002-INV-2568-1044030.json
VI-V-002-INV-2568-109840,vendor_invoice,vendor_invoice_a4,v1,1,per_artifact/vendor_invoice/VI-V-002-INV-2568-109840.json
VI-V-002-INV-2568-143123,vendor_invoice,vendor_invoice_a4,v1,1,per_artifact/vendor_invoice/VI-V-002-INV-2568-143123.json
VI-V-002-INV-2568-164757,vendor_invoice,vendor_invoice_a4,v1,1,per_artifact/vendor_invoice/VI-V-002-INV-2568-164757.json
VI-V-002-INV-2568-167093,vendor_invoice,vendor_invoice_a4,v1,1,per_artifact/vendor_invoice/VI-V-002-INV-2568-167093.json
VI-V-002-INV-2568-175792,vendor_invoice,vendor_invoice_a4,v1,1,per_artifact/vendor_invoice/VI-V-002-INV-2568-175792.json
VI-V-002-INV-2568-176396,vendor_invoice,vendor_invoice_a4,v1,1,per_artifact/vendor_invoice/VI-V-002-INV-2568-176396.json
VI-V-002-INV-2568-205236,vendor_invoice,vendor_invoice_a4,v1,1,per_artifact/vendor_invoice/VI-V-002-INV-2568-205236.json
VI-V-002-INV-2568-214050,vendor_invoice,vendor_invoice_a4,v1,1,per_artifact/vendor_invoice/VI-V-002-INV-2568-214050.json
VI-V-002-INV-2568-220228,vendor_invoice,vendor_invoice_a4,v1,1,per_artifact/vendor_invoice/VI-V-002-INV-2568-220228.json
VI-V-002-INV-2568-251904,vendor_invoice,vendor_invoice_a4,v1,1,per_artifact/vendor_invoice/VI-V-002-INV-2568-251904.json
VI-V-002-INV-2568-271473,vendor_invoice,vendor_invoice_a4,v1,1,per_artifact/vendor_invoice/VI-V-002-INV-2568-271473.json
VI-V-002-INV-2568-277482,vendor_invoice,vendor_invoice_a4,v1,1,per_artifact/vendor_invoice/VI-V-002-INV-2568-277482.json
VI-V-002-INV-2568-277723,vendor_invoice,vendor_invoice_a4,v1,1,per_artifact/vendor_invoice/VI-V-002-INV-2568-277723.json
VI-V-002-INV-2568-281537,vendor_invoice,vendor_invoice_a4,v1,1,per_artifact/vendor_invoice/VI-V-002-INV-2568-281537.json
VI-V-002-INV-2568-295319,vendor_invoice,vendor_invoice_a4,v1,1,per_artifact/vendor_invoice/VI-V-002-INV-2568-295319.json
VI-V-002-INV-2568-299955,vendor_invoice,vendor_invoice_a4,v1,1,per_artifact/vendor_invoice/VI-V-002-INV-2568-299955.json
VI-V-002-INV-2568-309823,vendor_invoice,vendor_invoice_a4,v1,1,per_artifact/vendor_invoice/VI-V-002-INV-2568-309823.json
VI-V-002-INV-2568-323214,vendor_invoice,vendor_invoice_a4,v1,1,per_artifact/vendor_invoice/VI-V-002-INV-2568-323214.json
VI-V-002-INV-2568-323301,vendor_invoice,vendor_invoice_a4,v1,1,per_artifact/vendor_invoice/VI-V-002-INV-2568-323301.json
VI-V-002-INV-2568-329285,vendor_invoice,vendor_invoice_a4,v1,1,per_artifact/vendor_invoice/VI-V-002-INV-2568-329285.json
VI-V-002-INV-2568-34274,vendor_invoice,vendor_invoice_a4,v1,1,per_artifact/vendor_invoice/VI-V-002-INV-2568-34274.json
VI-V-002-INV-2568-349728,vendor_invoice,vendor_invoice_a4,v1,1,per_artifact/vendor_invoice/VI-V-002-INV-2568-349728.json
VI-V-002-INV-2568-388693,vendor_invoice,vendor_invoice_a4,v1,1,per_artifact/vendor_invoice/VI-V-002-INV-2568-388693.json
VI-V-002-INV-2568-390186,vendor_invoice,vendor_invoice_a4,v1,1,per_artifact/vendor_invoice/VI-V-002-INV-2568-390186.json
VI-V-002-INV-2568-39538,vendor_invoice,vendor_invoice_a4,v1,1,per_artifact/vendor_invoice/VI-V-002-INV-2568-39538.json
VI-V-002-INV-2568-440076,vendor_invoice,vendor_invoice_a4,v1,1,per_artifact/vendor_invoice/VI-V-002-INV-2568-440076.json
VI-V-002-INV-2568-45243,vendor_invoice,vendor_invoice_a4,v1,1,per_artifact/vendor_invoice/VI-V-002-INV-2568-45243.json
VI-V-002-INV-2568-461989,vendor_invoice,vendor_invoice_a4,v1,1,per_artifact/vendor_invoice/VI-V-002-INV-2568-461989.json
VI-V-002-INV-2568-474274,vendor_invoice,vendor_invoice_a4,v1,1,per_artifact/vendor_invoice/VI-V-002-INV-2568-474274.json
VI-V-002-INV-2568-477174,vendor_invoice,vendor_invoice_a4,v1,1,per_artifact/vendor_invoice/VI-V-002-INV-2568-477174.json
VI-V-002-INV-2568-508618,vendor_invoice,vendor_invoice_a4,v1,1,per_artifact/vendor_invoice/VI-V-002-INV-2568-508618.json
VI-V-002-INV-2568-516937,vendor_invoice,vendor_invoice_a4,v1,1,per_artifact/vendor_invoice/VI-V-002-INV-2568-516937.json
VI-V-002-INV-2568-529698,vendor_invoice,vendor_invoice_a4,v1,1,per_artifact/vendor_invoice/VI-V-002-INV-2568-529698.json
VI-V-002-INV-2568-530268,vendor_invoice,vendor_invoice_a4,v1,1,per_artifact/vendor_invoice/VI-V-002-INV-2568-530268.json
VI-V-002-INV-2568-533872,vendor_invoice,vendor_invoice_a4,v1,1,per_artifact/vendor_invoice/VI-V-002-INV-2568-533872.json
VI-V-002-INV-2568-540735,vendor_invoice,vendor_invoice_a4,v1,1,per_artifact/vendor_invoice/VI-V-002-INV-2568-540735.json
VI-V-002-INV-2568-54287,vendor_invoice,vendor_invoice_a4,v1,1,per_artifact/vendor_invoice/VI-V-002-INV-2568-54287.json
VI-V-002-INV-2568-553526,vendor_invoice,vendor_invoice_a4,v1,1,per_artifact/vendor_invoice/VI-V-002-INV-2568-553526.json
VI-V-002-INV-2568-572876,vendor_invoice,vendor_invoice_a4,v1,1,per_artifact/vendor_invoice/VI-V-002-INV-2568-572876.json
VI-V-002-INV-2568-593846,vendor_invoice,vendor_invoice_a4,v1,1,per_artifact/vendor_invoice/VI-V-002-INV-2568-593846.json
VI-V-002-INV-2568-599972,vendor_invoice,vendor_invoice_a4,v1,1,per_artifact/vendor_invoice/VI-V-002-INV-2568-599972.json
VI-V-002-INV-2568-61892,vendor_invoice,vendor_invoice_a4,v1,1,per_artifact/vendor_invoice/VI-V-002-INV-2568-61892.json
VI-V-002-INV-2568-619877,vendor_invoice,vendor_invoice_a4,v1,1,per_artifact/vendor_invoice/VI-V-002-INV-2568-619877.json
VI-V-002-INV-2568-627822,vendor_invoice,vendor_invoice_a4,v1,1,per_artifact/vendor_invoice/VI-V-002-INV-2568-627822.json
VI-V-002-INV-2568-628362,vendor_invoice,vendor_invoice_a4,v1,1,per_artifact/vendor_invoice/VI-V-002-INV-2568-628362.json
VI-V-002-INV-2568-643249,vendor_invoice,vendor_invoice_a4,v1,1,per_artifact/vendor_invoice/VI-V-002-INV-2568-643249.json
VI-V-002-INV-2568-646772,vendor_invoice,vendor_invoice_a4,v1,1,per_artifact/vendor_invoice/VI-V-002-INV-2568-646772.json
VI-V-002-INV-2568-648798,vendor_invoice,vendor_invoice_a4,v1,1,per_artifact/vendor_invoice/VI-V-002-INV-2568-648798.json
VI-V-002-INV-2568-655058,vendor_invoice,vendor_invoice_a4,v1,1,per_artifact/vendor_invoice/VI-V-002-INV-2568-655058.json
VI-V-002-INV-2568-658413,vendor_invoice,vendor_invoice_a4,v1,1,per_artifact/vendor_invoice/VI-V-002-INV-2568-658413.json
VI-V-002-INV-2568-666940,vendor_invoice,vendor_invoice_a4,v1,1,per_artifact/vendor_invoice/VI-V-002-INV-2568-666940.json
VI-V-002-INV-2568-668633,vendor_invoice,vendor_invoice_a4,v1,1,per_artifact/vendor_invoice/VI-V-002-INV-2568-668633.json
VI-V-002-INV-2568-689697,vendor_invoice,vendor_invoice_a4,v1,1,per_artifact/vendor_invoice/VI-V-002-INV-2568-689697.json
VI-V-002-INV-2568-696570,vendor_invoice,vendor_invoice_a4,v1,1,per_artifact/vendor_invoice/VI-V-002-INV-2568-696570.json
VI-V-002-INV-2568-696982,vendor_invoice,vendor_invoice_a4,v1,1,per_artifact/vendor_invoice/VI-V-002-INV-2568-696982.json
VI-V-002-INV-2568-711119,vendor_invoice,vendor_invoice_a4,v1,1,per_artifact/vendor_invoice/VI-V-002-INV-2568-711119.json
VI-V-002-INV-2568-721678,vendor_invoice,vendor_invoice_a4,v1,1,per_artifact/vendor_invoice/VI-V-002-INV-2568-721678.json
VI-V-002-INV-2568-72284,vendor_invoice,vendor_invoice_a4,v1,1,per_artifact/vendor_invoice/VI-V-002-INV-2568-72284.json
VI-V-002-INV-2568-723521,vendor_invoice,vendor_invoice_a4,v1,1,per_artifact/vendor_invoice/VI-V-002-INV-2568-723521.json
VI-V-002-INV-2568-743374,vendor_invoice,vendor_invoice_a4,v1,1,per_artifact/vendor_invoice/VI-V-002-INV-2568-743374.json
VI-V-002-INV-2568-759788,vendor_invoice,vendor_invoice_a4,v1,1,per_artifact/vendor_invoice/VI-V-002-INV-2568-759788.json
VI-V-002-INV-2568-760760,vendor_invoice,vendor_invoice_a4,v1,1,per_artifact/vendor_invoice/VI-V-002-INV-2568-760760.json
VI-V-002-INV-2568-765630,vendor_invoice,vendor_invoice_a4,v1,1,per_artifact/vendor_invoice/VI-V-002-INV-2568-765630.json
VI-V-002-INV-2568-775405,vendor_invoice,vendor_invoice_a4,v1,1,per_artifact/vendor_invoice/VI-V-002-INV-2568-775405.json
VI-V-002-INV-2568-777091,vendor_invoice,vendor_invoice_a4,v1,1,per_artifact/vendor_invoice/VI-V-002-INV-2568-777091.json
VI-V-002-INV-2568-783715,vendor_invoice,vendor_invoice_a4,v1,1,per_artifact/vendor_invoice/VI-V-002-INV-2568-783715.json
VI-V-002-INV-2568-786349,vendor_invoice,vendor_invoice_a4,v1,1,per_artifact/vendor_invoice/VI-V-002-INV-2568-786349.json
VI-V-002-INV-2568-789380,vendor_invoice,vendor_invoice_a4,v1,1,per_artifact/vendor_invoice/VI-V-002-INV-2568-789380.json
VI-V-002-INV-2568-790980,vendor_invoice,vendor_invoice_a4,v1,1,per_artifact/vendor_invoice/VI-V-002-INV-2568-790980.json
VI-V-002-INV-2568-817232,vendor_invoice,vendor_invoice_a4,v1,1,per_artifact/vendor_invoice/VI-V-002-INV-2568-817232.json
VI-V-002-INV-2568-820592,vendor_invoice,vendor_invoice_a4,v1,1,per_artifact/vendor_invoice/VI-V-002-INV-2568-820592.json
VI-V-002-INV-2568-826679,vendor_invoice,vendor_invoice_a4,v1,1,per_artifact/vendor_invoice/VI-V-002-INV-2568-826679.json
VI-V-002-INV-2568-868766,vendor_invoice,vendor_invoice_a4,v1,1,per_artifact/vendor_invoice/VI-V-002-INV-2568-868766.json
VI-V-002-INV-2568-875164,vendor_invoice,vendor_invoice_a4,v1,1,per_artifact/vendor_invoice/VI-V-002-INV-2568-875164.json
VI-V-002-INV-2568-885315,vendor_invoice,vendor_invoice_a4,v1,1,per_artifact/vendor_invoice/VI-V-002-INV-2568-885315.json
VI-V-002-INV-2568-890691,vendor_invoice,vendor_invoice_a4,v1,1,per_artifact/vendor_invoice/VI-V-002-INV-2568-890691.json
VI-V-002-INV-2568-893185,vendor_invoice,vendor_invoice_a4,v1,1,per_artifact/vendor_invoice/VI-V-002-INV-2568-893185.json
VI-V-002-INV-2568-928590,vendor_invoice,vendor_invoice_a4,v1,1,per_artifact/vendor_invoice/VI-V-002-INV-2568-928590.json
VI-V-002-INV-2568-931703,vendor_invoice,vendor_invoice_a4,v1,1,per_artifact/vendor_invoice/VI-V-002-INV-2568-931703.json
VI-V-002-INV-2568-949119,vendor_invoice,vendor_invoice_a4,v1,1,per_artifact/vendor_invoice/VI-V-002-INV-2568-949119.json
VI-V-002-INV-2568-95406,vendor_invoice,vendor_invoice_a4,v1,1,per_artifact/vendor_invoice/VI-V-002-INV-2568-95406.json
VI-V-002-INV-2568-95892,vendor_invoice,vendor_invoice_a4,v1,1,per_artifact/vendor_invoice/VI-V-002-INV-2568-95892.json
VI-V-002-INV-2568-95981,vendor_invoice,vendor_invoice_a4,v1,1,per_artifact/vendor_invoice/VI-V-002-INV-2568-95981.json
VI-V-002-INV-2568-962339,vendor_invoice,vendor_invoice_a4,v1,1,per_artifact/vendor_invoice/VI-V-002-INV-2568-962339.json
VI-V-002-INV-2568-970703,vendor_invoice,vendor_invoice_a4,v1,1,per_artifact/vendor_invoice/VI-V-002-INV-2568-970703.json
VI-V-002-INV-2568-972954,vendor_invoice,vendor_invoice_a4,v1,1,per_artifact/vendor_invoice/VI-V-002-INV-2568-972954.json
VI-V-002-INV-2568-976526,vendor_invoice,vendor_invoice_a4,v1,1,per_artifact/vendor_invoice/VI-V-002-INV-2568-976526.json
VI-V-002-INV-2568-978859,vendor_invoice,vendor_invoice_a4,v1,1,per_artifact/vendor_invoice/VI-V-002-INV-2568-978859.json
VI-V-006-INV-2567-02257,vendor_invoice,vendor_invoice_a4,v1,1,per_artifact/vendor_invoice/VI-V-006-INV-2567-02257.json
VI-V-006-INV-2567-1003713,vendor_invoice,vendor_invoice_a4,v1,1,per_artifact/vendor_invoice/VI-V-006-INV-2567-1003713.json
VI-V-006-INV-2567-1006621,vendor_invoice,vendor_invoice_a4,v1,1,per_artifact/vendor_invoice/VI-V-006-INV-2567-1006621.json
VI-V-006-INV-2567-1010219,vendor_invoice,vendor_invoice_a4,v1,1,per_artifact/vendor_invoice/VI-V-006-INV-2567-1010219.json
VI-V-006-INV-2567-1023633,vendor_invoice,vendor_invoice_a4,v1,1,per_artifact/vendor_invoice/VI-V-006-INV-2567-1023633.json
VI-V-006-INV-2567-1026768,vendor_invoice,vendor_invoice_a4,v1,1,per_artifact/vendor_invoice/VI-V-006-INV-2567-1026768.json
VI-V-006-INV-2567-1035689,vendor_invoice,vendor_invoice_a4,v1,1,per_artifact/vendor_invoice/VI-V-006-INV-2567-1035689.json
VI-V-006-INV-2567-1036685,vendor_invoice,vendor_invoice_a4,v1,1,per_artifact/vendor_invoice/VI-V-006-INV-2567-1036685.json
VI-V-006-INV-2567-105793,vendor_invoice,vendor_invoice_a4,v1,1,per_artifact/vendor_invoice/VI-V-006-INV-2567-105793.json
VI-V-006-INV-2567-115300,vendor_invoice,vendor_invoice_a4,v1,1,per_artifact/vendor_invoice/VI-V-006-INV-2567-115300.json
VI-V-006-INV-2567-120387,vendor_invoice,vendor_invoice_a4,v1,1,per_artifact/vendor_invoice/VI-V-006-INV-2567-120387.json
VI-V-006-INV-2567-142098,vendor_invoice,vendor_invoice_a4,v1,1,per_artifact/vendor_invoice/VI-V-006-INV-2567-142098.json
VI-V-006-INV-2567-158218,vendor_invoice,vendor_invoice_a4,v1,1,per_artifact/vendor_invoice/VI-V-006-INV-2567-158218.json
VI-V-006-INV-2567-159054,vendor_invoice,vendor_invoice_a4,v1,1,per_artifact/vendor_invoice/VI-V-006-INV-2567-159054.json
VI-V-006-INV-2567-16713,vendor_invoice,vendor_invoice_a4,v1,1,per_artifact/vendor_invoice/VI-V-006-INV-2567-16713.json
VI-V-006-INV-2567-171254,vendor_invoice,vendor_invoice_a4,v1,1,per_artifact/vendor_invoice/VI-V-006-INV-2567-171254.json
VI-V-006-INV-2567-18544,vendor_invoice,vendor_invoice_a4,v1,1,per_artifact/vendor_invoice/VI-V-006-INV-2567-18544.json
VI-V-006-INV-2567-188373,vendor_invoice,vendor_invoice_a4,v1,1,per_artifact/vendor_invoice/VI-V-006-INV-2567-188373.json
VI-V-006-INV-2567-188979,vendor_invoice,vendor_invoice_a4,v1,1,per_artifact/vendor_invoice/VI-V-006-INV-2567-188979.json
VI-V-006-INV-2567-193810,vendor_invoice,vendor_invoice_a4,v1,1,per_artifact/vendor_invoice/VI-V-006-INV-2567-193810.json
VI-V-006-INV-2567-200945,vendor_invoice,vendor_invoice_a4,v1,1,per_artifact/vendor_invoice/VI-V-006-INV-2567-200945.json
VI-V-006-INV-2567-206867,vendor_invoice,vendor_invoice_a4,v1,1,per_artifact/vendor_invoice/VI-V-006-INV-2567-206867.json
VI-V-006-INV-2567-207224,vendor_invoice,vendor_invoice_a4,v1,1,per_artifact/vendor_invoice/VI-V-006-INV-2567-207224.json
VI-V-006-INV-2567-212133,vendor_invoice,vendor_invoice_a4,v1,1,per_artifact/vendor_invoice/VI-V-006-INV-2567-212133.json
VI-V-006-INV-2567-212634,vendor_invoice,vendor_invoice_a4,v1,1,per_artifact/vendor_invoice/VI-V-006-INV-2567-212634.json
VI-V-006-INV-2567-229003,vendor_invoice,vendor_invoice_a4,v1,1,per_artifact/vendor_invoice/VI-V-006-INV-2567-229003.json
VI-V-006-INV-2567-274505,vendor_invoice,vendor_invoice_a4,v1,1,per_artifact/vendor_invoice/VI-V-006-INV-2567-274505.json
VI-V-006-INV-2567-27959,vendor_invoice,vendor_invoice_a4,v1,1,per_artifact/vendor_invoice/VI-V-006-INV-2567-27959.json
VI-V-006-INV-2567-289091,vendor_invoice,vendor_invoice_a4,v1,1,per_artifact/vendor_invoice/VI-V-006-INV-2567-289091.json
VI-V-006-INV-2567-300981,vendor_invoice,vendor_invoice_a4,v1,1,per_artifact/vendor_invoice/VI-V-006-INV-2567-300981.json
VI-V-006-INV-2567-322889,vendor_invoice,vendor_invoice_a4,v1,1,per_artifact/vendor_invoice/VI-V-006-INV-2567-322889.json
VI-V-006-INV-2567-336644,vendor_invoice,vendor_invoice_a4,v1,1,per_artifact/vendor_invoice/VI-V-006-INV-2567-336644.json
VI-V-006-INV-2567-346792,vendor_invoice,vendor_invoice_a4,v1,1,per_artifact/vendor_invoice/VI-V-006-INV-2567-346792.json
VI-V-006-INV-2567-357251,vendor_invoice,vendor_invoice_a4,v1,1,per_artifact/vendor_invoice/VI-V-006-INV-2567-357251.json
VI-V-006-INV-2567-391466,vendor_invoice,vendor_invoice_a4,v1,1,per_artifact/vendor_invoice/VI-V-006-INV-2567-391466.json
VI-V-006-INV-2567-393040,vendor_invoice,vendor_invoice_a4,v1,1,per_artifact/vendor_invoice/VI-V-006-INV-2567-393040.json
VI-V-006-INV-2567-403100,vendor_invoice,vendor_invoice_a4,v1,1,per_artifact/vendor_invoice/VI-V-006-INV-2567-403100.json
VI-V-006-INV-2567-407470,vendor_invoice,vendor_invoice_a4,v1,1,per_artifact/vendor_invoice/VI-V-006-INV-2567-407470.json
VI-V-006-INV-2567-413856,vendor_invoice,vendor_invoice_a4,v1,1,per_artifact/vendor_invoice/VI-V-006-INV-2567-413856.json
VI-V-006-INV-2567-417849,vendor_invoice,vendor_invoice_a4,v1,1,per_artifact/vendor_invoice/VI-V-006-INV-2567-417849.json
VI-V-006-INV-2567-425614,vendor_invoice,vendor_invoice_a4,v1,1,per_artifact/vendor_invoice/VI-V-006-INV-2567-425614.json
VI-V-006-INV-2567-431080,vendor_invoice,vendor_invoice_a4,v1,1,per_artifact/vendor_invoice/VI-V-006-INV-2567-431080.json
VI-V-006-INV-2567-454915,vendor_invoice,vendor_invoice_a4,v1,1,per_artifact/vendor_invoice/VI-V-006-INV-2567-454915.json
VI-V-006-INV-2567-488266,vendor_invoice,vendor_invoice_a4,v1,1,per_artifact/vendor_invoice/VI-V-006-INV-2567-488266.json
VI-V-006-INV-2567-500597,vendor_invoice,vendor_invoice_a4,v1,1,per_artifact/vendor_invoice/VI-V-006-INV-2567-500597.json
VI-V-006-INV-2567-506089,vendor_invoice,vendor_invoice_a4,v1,1,per_artifact/vendor_invoice/VI-V-006-INV-2567-506089.json
VI-V-006-INV-2567-508378,vendor_invoice,vendor_invoice_a4,v1,1,per_artifact/vendor_invoice/VI-V-006-INV-2567-508378.json
VI-V-006-INV-2567-512923,vendor_invoice,vendor_invoice_a4,v1,1,per_artifact/vendor_invoice/VI-V-006-INV-2567-512923.json
VI-V-006-INV-2567-514416,vendor_invoice,vendor_invoice_a4,v1,1,per_artifact/vendor_invoice/VI-V-006-INV-2567-514416.json
VI-V-006-INV-2567-519164,vendor_invoice,vendor_invoice_a4,v1,1,per_artifact/vendor_invoice/VI-V-006-INV-2567-519164.json
VI-V-006-INV-2567-523354,vendor_invoice,vendor_invoice_a4,v1,1,per_artifact/vendor_invoice/VI-V-006-INV-2567-523354.json
VI-V-006-INV-2567-547649,vendor_invoice,vendor_invoice_a4,v1,1,per_artifact/vendor_invoice/VI-V-006-INV-2567-547649.json
VI-V-006-INV-2567-553480,vendor_invoice,vendor_invoice_a4,v1,1,per_artifact/vendor_invoice/VI-V-006-INV-2567-553480.json
VI-V-006-INV-2567-563585,vendor_invoice,vendor_invoice_a4,v1,1,per_artifact/vendor_invoice/VI-V-006-INV-2567-563585.json
VI-V-006-INV-2567-567382,vendor_invoice,vendor_invoice_a4,v1,1,per_artifact/vendor_invoice/VI-V-006-INV-2567-567382.json
VI-V-006-INV-2567-584602,vendor_invoice,vendor_invoice_a4,v1,1,per_artifact/vendor_invoice/VI-V-006-INV-2567-584602.json
VI-V-006-INV-2567-59537,vendor_invoice,vendor_invoice_a4,v1,1,per_artifact/vendor_invoice/VI-V-006-INV-2567-59537.json
VI-V-006-INV-2567-604449,vendor_invoice,vendor_invoice_a4,v1,1,per_artifact/vendor_invoice/VI-V-006-INV-2567-604449.json
VI-V-006-INV-2567-607535,vendor_invoice,vendor_invoice_a4,v1,1,per_artifact/vendor_invoice/VI-V-006-INV-2567-607535.json
VI-V-006-INV-2567-610493,vendor_invoice,vendor_invoice_a4,v1,1,per_artifact/vendor_invoice/VI-V-006-INV-2567-610493.json
VI-V-006-INV-2567-613585,vendor_invoice,vendor_invoice_a4,v1,1,per_artifact/vendor_invoice/VI-V-006-INV-2567-613585.json
VI-V-006-INV-2567-614663,vendor_invoice,vendor_invoice_a4,v1,1,per_artifact/vendor_invoice/VI-V-006-INV-2567-614663.json
VI-V-006-INV-2567-634579,vendor_invoice,vendor_invoice_a4,v1,1,per_artifact/vendor_invoice/VI-V-006-INV-2567-634579.json
VI-V-006-INV-2567-637517,vendor_invoice,vendor_invoice_a4,v1,1,per_artifact/vendor_invoice/VI-V-006-INV-2567-637517.json
VI-V-006-INV-2567-645184,vendor_invoice,vendor_invoice_a4,v1,1,per_artifact/vendor_invoice/VI-V-006-INV-2567-645184.json
VI-V-006-INV-2567-647668,vendor_invoice,vendor_invoice_a4,v1,1,per_artifact/vendor_invoice/VI-V-006-INV-2567-647668.json
VI-V-006-INV-2567-649362,vendor_invoice,vendor_invoice_a4,v1,1,per_artifact/vendor_invoice/VI-V-006-INV-2567-649362.json
VI-V-006-INV-2567-669367,vendor_invoice,vendor_invoice_a4,v1,1,per_artifact/vendor_invoice/VI-V-006-INV-2567-669367.json
VI-V-006-INV-2567-673954,vendor_invoice,vendor_invoice_a4,v1,1,per_artifact/vendor_invoice/VI-V-006-INV-2567-673954.json
VI-V-006-INV-2567-684356,vendor_invoice,vendor_invoice_a4,v1,1,per_artifact/vendor_invoice/VI-V-006-INV-2567-684356.json
VI-V-006-INV-2567-689747,vendor_invoice,vendor_invoice_a4,v1,1,per_artifact/vendor_invoice/VI-V-006-INV-2567-689747.json
VI-V-006-INV-2567-733271,vendor_invoice,vendor_invoice_a4,v1,1,per_artifact/vendor_invoice/VI-V-006-INV-2567-733271.json
VI-V-006-INV-2567-736880,vendor_invoice,vendor_invoice_a4,v1,1,per_artifact/vendor_invoice/VI-V-006-INV-2567-736880.json
VI-V-006-INV-2567-740846,vendor_invoice,vendor_invoice_a4,v1,1,per_artifact/vendor_invoice/VI-V-006-INV-2567-740846.json
VI-V-006-INV-2567-75416,vendor_invoice,vendor_invoice_a4,v1,1,per_artifact/vendor_invoice/VI-V-006-INV-2567-75416.json
VI-V-006-INV-2567-759755,vendor_invoice,vendor_invoice_a4,v1,1,per_artifact/vendor_invoice/VI-V-006-INV-2567-759755.json
VI-V-006-INV-2567-759951,vendor_invoice,vendor_invoice_a4,v1,1,per_artifact/vendor_invoice/VI-V-006-INV-2567-759951.json
VI-V-006-INV-2567-768970,vendor_invoice,vendor_invoice_a4,v1,1,per_artifact/vendor_invoice/VI-V-006-INV-2567-768970.json
VI-V-006-INV-2567-788528,vendor_invoice,vendor_invoice_a4,v1,1,per_artifact/vendor_invoice/VI-V-006-INV-2567-788528.json
VI-V-006-INV-2567-790784,vendor_invoice,vendor_invoice_a4,v1,1,per_artifact/vendor_invoice/VI-V-006-INV-2567-790784.json
VI-V-006-INV-2567-793982,vendor_invoice,vendor_invoice_a4,v1,1,per_artifact/vendor_invoice/VI-V-006-INV-2567-793982.json
VI-V-006-INV-2567-802112,vendor_invoice,vendor_invoice_a4,v1,1,per_artifact/vendor_invoice/VI-V-006-INV-2567-802112.json
VI-V-006-INV-2567-815662,vendor_invoice,vendor_invoice_a4,v1,1,per_artifact/vendor_invoice/VI-V-006-INV-2567-815662.json
VI-V-006-INV-2567-816385,vendor_invoice,vendor_invoice_a4,v1,1,per_artifact/vendor_invoice/VI-V-006-INV-2567-816385.json
VI-V-006-INV-2567-82278,vendor_invoice,vendor_invoice_a4,v1,1,per_artifact/vendor_invoice/VI-V-006-INV-2567-82278.json
VI-V-006-INV-2567-854594,vendor_invoice,vendor_invoice_a4,v1,1,per_artifact/vendor_invoice/VI-V-006-INV-2567-854594.json
VI-V-006-INV-2567-863563,vendor_invoice,vendor_invoice_a4,v1,1,per_artifact/vendor_invoice/VI-V-006-INV-2567-863563.json
VI-V-006-INV-2567-864671,vendor_invoice,vendor_invoice_a4,v1,1,per_artifact/vendor_invoice/VI-V-006-INV-2567-864671.json
VI-V-006-INV-2567-868895,vendor_invoice,vendor_invoice_a4,v1,1,per_artifact/vendor_invoice/VI-V-006-INV-2567-868895.json
VI-V-006-INV-2567-906389,vendor_invoice,vendor_invoice_a4,v1,1,per_artifact/vendor_invoice/VI-V-006-INV-2567-906389.json
VI-V-006-INV-2567-917176,vendor_invoice,vendor_invoice_a4,v1,1,per_artifact/vendor_invoice/VI-V-006-INV-2567-917176.json
VI-V-006-INV-2567-933470,vendor_invoice,vendor_invoice_a4,v1,1,per_artifact/vendor_invoice/VI-V-006-INV-2567-933470.json
VI-V-006-INV-2567-945402,vendor_invoice,vendor_invoice_a4,v1,1,per_artifact/vendor_invoice/VI-V-006-INV-2567-945402.json
VI-V-006-INV-2567-959989,vendor_invoice,vendor_invoice_a4,v1,1,per_artifact/vendor_invoice/VI-V-006-INV-2567-959989.json
VI-V-006-INV-2567-971419,vendor_invoice,vendor_invoice_a4,v1,1,per_artifact/vendor_invoice/VI-V-006-INV-2567-971419.json
VI-V-006-INV-2567-981946,vendor_invoice,vendor_invoice_a4,v1,1,per_artifact/vendor_invoice/VI-V-006-INV-2567-981946.json
VI-V-006-INV-2568-02711,vendor_invoice,vendor_invoice_a4,v1,1,per_artifact/vendor_invoice/VI-V-006-INV-2568-02711.json
VI-V-006-INV-2568-05309,vendor_invoice,vendor_invoice_a4,v1,1,per_artifact/vendor_invoice/VI-V-006-INV-2568-05309.json
VI-V-006-INV-2568-1003606,vendor_invoice,vendor_invoice_a4,v1,1,per_artifact/vendor_invoice/VI-V-006-INV-2568-1003606.json
VI-V-006-INV-2568-1010918,vendor_invoice,vendor_invoice_a4,v1,1,per_artifact/vendor_invoice/VI-V-006-INV-2568-1010918.json
VI-V-006-INV-2568-1018441,vendor_invoice,vendor_invoice_a4,v1,1,per_artifact/vendor_invoice/VI-V-006-INV-2568-1018441.json
VI-V-006-INV-2568-102067,vendor_invoice,vendor_invoice_a4,v1,1,per_artifact/vendor_invoice/VI-V-006-INV-2568-102067.json
VI-V-006-INV-2568-1033679,vendor_invoice,vendor_invoice_a4,v1,1,per_artifact/vendor_invoice/VI-V-006-INV-2568-1033679.json
VI-V-006-INV-2568-1040779,vendor_invoice,vendor_invoice_a4,v1,1,per_artifact/vendor_invoice/VI-V-006-INV-2568-1040779.json
VI-V-006-INV-2568-106510,vendor_invoice,vendor_invoice_a4,v1,1,per_artifact/vendor_invoice/VI-V-006-INV-2568-106510.json
VI-V-006-INV-2568-125873,vendor_invoice,vendor_invoice_a4,v1,1,per_artifact/vendor_invoice/VI-V-006-INV-2568-125873.json
VI-V-006-INV-2568-130454,vendor_invoice,vendor_invoice_a4,v1,1,per_artifact/vendor_invoice/VI-V-006-INV-2568-130454.json
VI-V-006-INV-2568-144207,vendor_invoice,vendor_invoice_a4,v1,1,per_artifact/vendor_invoice/VI-V-006-INV-2568-144207.json
VI-V-006-INV-2568-163969,vendor_invoice,vendor_invoice_a4,v1,1,per_artifact/vendor_invoice/VI-V-006-INV-2568-163969.json
VI-V-006-INV-2568-167652,vendor_invoice,vendor_invoice_a4,v1,1,per_artifact/vendor_invoice/VI-V-006-INV-2568-167652.json
VI-V-006-INV-2568-168298,vendor_invoice,vendor_invoice_a4,v1,1,per_artifact/vendor_invoice/VI-V-006-INV-2568-168298.json
VI-V-006-INV-2568-197892,vendor_invoice,vendor_invoice_a4,v1,1,per_artifact/vendor_invoice/VI-V-006-INV-2568-197892.json
VI-V-006-INV-2568-221317,vendor_invoice,vendor_invoice_a4,v1,1,per_artifact/vendor_invoice/VI-V-006-INV-2568-221317.json
VI-V-006-INV-2568-227468,vendor_invoice,vendor_invoice_a4,v1,1,per_artifact/vendor_invoice/VI-V-006-INV-2568-227468.json
VI-V-006-INV-2568-239519,vendor_invoice,vendor_invoice_a4,v1,1,per_artifact/vendor_invoice/VI-V-006-INV-2568-239519.json
VI-V-006-INV-2568-247974,vendor_invoice,vendor_invoice_a4,v1,1,per_artifact/vendor_invoice/VI-V-006-INV-2568-247974.json
VI-V-006-INV-2568-252217,vendor_invoice,vendor_invoice_a4,v1,1,per_artifact/vendor_invoice/VI-V-006-INV-2568-252217.json
VI-V-006-INV-2568-255791,vendor_invoice,vendor_invoice_a4,v1,1,per_artifact/vendor_invoice/VI-V-006-INV-2568-255791.json
VI-V-006-INV-2568-269861,vendor_invoice,vendor_invoice_a4,v1,1,per_artifact/vendor_invoice/VI-V-006-INV-2568-269861.json
VI-V-006-INV-2568-274515,vendor_invoice,vendor_invoice_a4,v1,1,per_artifact/vendor_invoice/VI-V-006-INV-2568-274515.json
VI-V-006-INV-2568-283223,vendor_invoice,vendor_invoice_a4,v1,1,per_artifact/vendor_invoice/VI-V-006-INV-2568-283223.json
VI-V-006-INV-2568-293745,vendor_invoice,vendor_invoice_a4,v1,1,per_artifact/vendor_invoice/VI-V-006-INV-2568-293745.json
VI-V-006-INV-2568-297106,vendor_invoice,vendor_invoice_a4,v1,1,per_artifact/vendor_invoice/VI-V-006-INV-2568-297106.json
VI-V-006-INV-2568-313027,vendor_invoice,vendor_invoice_a4,v1,1,per_artifact/vendor_invoice/VI-V-006-INV-2568-313027.json
VI-V-006-INV-2568-315488,vendor_invoice,vendor_invoice_a4,v1,1,per_artifact/vendor_invoice/VI-V-006-INV-2568-315488.json
VI-V-006-INV-2568-345580,vendor_invoice,vendor_invoice_a4,v1,1,per_artifact/vendor_invoice/VI-V-006-INV-2568-345580.json
VI-V-006-INV-2568-357260,vendor_invoice,vendor_invoice_a4,v1,1,per_artifact/vendor_invoice/VI-V-006-INV-2568-357260.json
VI-V-006-INV-2568-364405,vendor_invoice,vendor_invoice_a4,v1,1,per_artifact/vendor_invoice/VI-V-006-INV-2568-364405.json
VI-V-006-INV-2568-367268,vendor_invoice,vendor_invoice_a4,v1,1,per_artifact/vendor_invoice/VI-V-006-INV-2568-367268.json
VI-V-006-INV-2568-391714,vendor_invoice,vendor_invoice_a4,v1,1,per_artifact/vendor_invoice/VI-V-006-INV-2568-391714.json
VI-V-006-INV-2568-39542,vendor_invoice,vendor_invoice_a4,v1,1,per_artifact/vendor_invoice/VI-V-006-INV-2568-39542.json
VI-V-006-INV-2568-396547,vendor_invoice,vendor_invoice_a4,v1,1,per_artifact/vendor_invoice/VI-V-006-INV-2568-396547.json
VI-V-006-INV-2568-413483,vendor_invoice,vendor_invoice_a4,v1,1,per_artifact/vendor_invoice/VI-V-006-INV-2568-413483.json
VI-V-006-INV-2568-416514,vendor_invoice,vendor_invoice_a4,v1,1,per_artifact/vendor_invoice/VI-V-006-INV-2568-416514.json
VI-V-006-INV-2568-416848,vendor_invoice,vendor_invoice_a4,v1,1,per_artifact/vendor_invoice/VI-V-006-INV-2568-416848.json
VI-V-006-INV-2568-423908,vendor_invoice,vendor_invoice_a4,v1,1,per_artifact/vendor_invoice/VI-V-006-INV-2568-423908.json
VI-V-006-INV-2568-435619,vendor_invoice,vendor_invoice_a4,v1,1,per_artifact/vendor_invoice/VI-V-006-INV-2568-435619.json
VI-V-006-INV-2568-439015,vendor_invoice,vendor_invoice_a4,v1,1,per_artifact/vendor_invoice/VI-V-006-INV-2568-439015.json
VI-V-006-INV-2568-443442,vendor_invoice,vendor_invoice_a4,v1,1,per_artifact/vendor_invoice/VI-V-006-INV-2568-443442.json
VI-V-006-INV-2568-475461,vendor_invoice,vendor_invoice_a4,v1,1,per_artifact/vendor_invoice/VI-V-006-INV-2568-475461.json
VI-V-006-INV-2568-48148,vendor_invoice,vendor_invoice_a4,v1,1,per_artifact/vendor_invoice/VI-V-006-INV-2568-48148.json
VI-V-006-INV-2568-484720,vendor_invoice,vendor_invoice_a4,v1,1,per_artifact/vendor_invoice/VI-V-006-INV-2568-484720.json
VI-V-006-INV-2568-485111,vendor_invoice,vendor_invoice_a4,v1,1,per_artifact/vendor_invoice/VI-V-006-INV-2568-485111.json
VI-V-006-INV-2568-489425,vendor_invoice,vendor_invoice_a4,v1,1,per_artifact/vendor_invoice/VI-V-006-INV-2568-489425.json
VI-V-006-INV-2568-507255,vendor_invoice,vendor_invoice_a4,v1,1,per_artifact/vendor_invoice/VI-V-006-INV-2568-507255.json
VI-V-006-INV-2568-510965,vendor_invoice,vendor_invoice_a4,v1,1,per_artifact/vendor_invoice/VI-V-006-INV-2568-510965.json
VI-V-006-INV-2568-528790,vendor_invoice,vendor_invoice_a4,v1,1,per_artifact/vendor_invoice/VI-V-006-INV-2568-528790.json
VI-V-006-INV-2568-52934,vendor_invoice,vendor_invoice_a4,v1,1,per_artifact/vendor_invoice/VI-V-006-INV-2568-52934.json
VI-V-006-INV-2568-541601,vendor_invoice,vendor_invoice_a4,v1,1,per_artifact/vendor_invoice/VI-V-006-INV-2568-541601.json
VI-V-006-INV-2568-541722,vendor_invoice,vendor_invoice_a4,v1,1,per_artifact/vendor_invoice/VI-V-006-INV-2568-541722.json
VI-V-006-INV-2568-574695,vendor_invoice,vendor_invoice_a4,v1,1,per_artifact/vendor_invoice/VI-V-006-INV-2568-574695.json
VI-V-006-INV-2568-58649,vendor_invoice,vendor_invoice_a4,v1,1,per_artifact/vendor_invoice/VI-V-006-INV-2568-58649.json
VI-V-006-INV-2568-589472,vendor_invoice,vendor_invoice_a4,v1,1,per_artifact/vendor_invoice/VI-V-006-INV-2568-589472.json
VI-V-006-INV-2568-591796,vendor_invoice,vendor_invoice_a4,v1,1,per_artifact/vendor_invoice/VI-V-006-INV-2568-591796.json
VI-V-006-INV-2568-600175,vendor_invoice,vendor_invoice_a4,v1,1,per_artifact/vendor_invoice/VI-V-006-INV-2568-600175.json
VI-V-006-INV-2568-601694,vendor_invoice,vendor_invoice_a4,v1,1,per_artifact/vendor_invoice/VI-V-006-INV-2568-601694.json
VI-V-006-INV-2568-602401,vendor_invoice,vendor_invoice_a4,v1,1,per_artifact/vendor_invoice/VI-V-006-INV-2568-602401.json
VI-V-006-INV-2568-606542,vendor_invoice,vendor_invoice_a4,v1,1,per_artifact/vendor_invoice/VI-V-006-INV-2568-606542.json
VI-V-006-INV-2568-617232,vendor_invoice,vendor_invoice_a4,v1,1,per_artifact/vendor_invoice/VI-V-006-INV-2568-617232.json
VI-V-006-INV-2568-639593,vendor_invoice,vendor_invoice_a4,v1,1,per_artifact/vendor_invoice/VI-V-006-INV-2568-639593.json
VI-V-006-INV-2568-65304,vendor_invoice,vendor_invoice_a4,v1,1,per_artifact/vendor_invoice/VI-V-006-INV-2568-65304.json
VI-V-006-INV-2568-654480,vendor_invoice,vendor_invoice_a4,v1,1,per_artifact/vendor_invoice/VI-V-006-INV-2568-654480.json
VI-V-006-INV-2568-669542,vendor_invoice,vendor_invoice_a4,v1,1,per_artifact/vendor_invoice/VI-V-006-INV-2568-669542.json
VI-V-006-INV-2568-672579,vendor_invoice,vendor_invoice_a4,v1,1,per_artifact/vendor_invoice/VI-V-006-INV-2568-672579.json
VI-V-006-INV-2568-702416,vendor_invoice,vendor_invoice_a4,v1,1,per_artifact/vendor_invoice/VI-V-006-INV-2568-702416.json
VI-V-006-INV-2568-71609,vendor_invoice,vendor_invoice_a4,v1,1,per_artifact/vendor_invoice/VI-V-006-INV-2568-71609.json
VI-V-006-INV-2568-742193,vendor_invoice,vendor_invoice_a4,v1,1,per_artifact/vendor_invoice/VI-V-006-INV-2568-742193.json
VI-V-006-INV-2568-745205,vendor_invoice,vendor_invoice_a4,v1,1,per_artifact/vendor_invoice/VI-V-006-INV-2568-745205.json
VI-V-006-INV-2568-74902,vendor_invoice,vendor_invoice_a4,v1,1,per_artifact/vendor_invoice/VI-V-006-INV-2568-74902.json
VI-V-006-INV-2568-754517,vendor_invoice,vendor_invoice_a4,v1,1,per_artifact/vendor_invoice/VI-V-006-INV-2568-754517.json
VI-V-006-INV-2568-76384,vendor_invoice,vendor_invoice_a4,v1,1,per_artifact/vendor_invoice/VI-V-006-INV-2568-76384.json
VI-V-006-INV-2568-78147,vendor_invoice,vendor_invoice_a4,v1,1,per_artifact/vendor_invoice/VI-V-006-INV-2568-78147.json
VI-V-006-INV-2568-78369,vendor_invoice,vendor_invoice_a4,v1,1,per_artifact/vendor_invoice/VI-V-006-INV-2568-78369.json
VI-V-006-INV-2568-787893,vendor_invoice,vendor_invoice_a4,v1,1,per_artifact/vendor_invoice/VI-V-006-INV-2568-787893.json
VI-V-006-INV-2568-812196,vendor_invoice,vendor_invoice_a4,v1,1,per_artifact/vendor_invoice/VI-V-006-INV-2568-812196.json
VI-V-006-INV-2568-825514,vendor_invoice,vendor_invoice_a4,v1,1,per_artifact/vendor_invoice/VI-V-006-INV-2568-825514.json
VI-V-006-INV-2568-828749,vendor_invoice,vendor_invoice_a4,v1,1,per_artifact/vendor_invoice/VI-V-006-INV-2568-828749.json
VI-V-006-INV-2568-85163,vendor_invoice,vendor_invoice_a4,v1,1,per_artifact/vendor_invoice/VI-V-006-INV-2568-85163.json
VI-V-006-INV-2568-877518,vendor_invoice,vendor_invoice_a4,v1,1,per_artifact/vendor_invoice/VI-V-006-INV-2568-877518.json
VI-V-006-INV-2568-892971,vendor_invoice,vendor_invoice_a4,v1,1,per_artifact/vendor_invoice/VI-V-006-INV-2568-892971.json
VI-V-006-INV-2568-895447,vendor_invoice,vendor_invoice_a4,v1,1,per_artifact/vendor_invoice/VI-V-006-INV-2568-895447.json
VI-V-006-INV-2568-898634,vendor_invoice,vendor_invoice_a4,v1,1,per_artifact/vendor_invoice/VI-V-006-INV-2568-898634.json
VI-V-006-INV-2568-903075,vendor_invoice,vendor_invoice_a4,v1,1,per_artifact/vendor_invoice/VI-V-006-INV-2568-903075.json
VI-V-006-INV-2568-907093,vendor_invoice,vendor_invoice_a4,v1,1,per_artifact/vendor_invoice/VI-V-006-INV-2568-907093.json
VI-V-006-INV-2568-909710,vendor_invoice,vendor_invoice_a4,v1,1,per_artifact/vendor_invoice/VI-V-006-INV-2568-909710.json
VI-V-006-INV-2568-919325,vendor_invoice,vendor_invoice_a4,v1,1,per_artifact/vendor_invoice/VI-V-006-INV-2568-919325.json
VI-V-006-INV-2568-925248,vendor_invoice,vendor_invoice_a4,v1,1,per_artifact/vendor_invoice/VI-V-006-INV-2568-925248.json
VI-V-006-INV-2568-928869,vendor_invoice,vendor_invoice_a4,v1,1,per_artifact/vendor_invoice/VI-V-006-INV-2568-928869.json
VI-V-006-INV-2568-940018,vendor_invoice,vendor_invoice_a4,v1,1,per_artifact/vendor_invoice/VI-V-006-INV-2568-940018.json
VI-V-006-INV-2568-96821,vendor_invoice,vendor_invoice_a4,v1,1,per_artifact/vendor_invoice/VI-V-006-INV-2568-96821.json
VI-V-006-INV-2568-980153,vendor_invoice,vendor_invoice_a4,v1,1,per_artifact/vendor_invoice/VI-V-006-INV-2568-980153.json
VI-V-006-INV-2568-995820,vendor_invoice,vendor_invoice_a4,v1,1,per_artifact/vendor_invoice/VI-V-006-INV-2568-995820.json
VI-V-013-INV-2567-114868,vendor_invoice,vendor_invoice_a4,v1,1,per_artifact/vendor_invoice/VI-V-013-INV-2567-114868.json
VI-V-013-INV-2567-118525,vendor_invoice,vendor_invoice_a4,v1,1,per_artifact/vendor_invoice/VI-V-013-INV-2567-118525.json
VI-V-013-INV-2567-174241,vendor_invoice,vendor_invoice_a4,v1,1,per_artifact/vendor_invoice/VI-V-013-INV-2567-174241.json
VI-V-013-INV-2567-226313,vendor_invoice,vendor_invoice_a4,v1,1,per_artifact/vendor_invoice/VI-V-013-INV-2567-226313.json
VI-V-013-INV-2567-261217,vendor_invoice,vendor_invoice_a4,v1,1,per_artifact/vendor_invoice/VI-V-013-INV-2567-261217.json
VI-V-013-INV-2567-380558,vendor_invoice,vendor_invoice_a4,v1,1,per_artifact/vendor_invoice/VI-V-013-INV-2567-380558.json
VI-V-013-INV-2567-406744,vendor_invoice,vendor_invoice_a4,v1,1,per_artifact/vendor_invoice/VI-V-013-INV-2567-406744.json
VI-V-013-INV-2567-592574,vendor_invoice,vendor_invoice_a4,v1,1,per_artifact/vendor_invoice/VI-V-013-INV-2567-592574.json
VI-V-013-INV-2567-683788,vendor_invoice,vendor_invoice_a4,v1,1,per_artifact/vendor_invoice/VI-V-013-INV-2567-683788.json
VI-V-013-INV-2567-869824,vendor_invoice,vendor_invoice_a4,v1,1,per_artifact/vendor_invoice/VI-V-013-INV-2567-869824.json
VI-V-013-INV-2567-942163,vendor_invoice,vendor_invoice_a4,v1,1,per_artifact/vendor_invoice/VI-V-013-INV-2567-942163.json
VI-V-013-INV-2567-957493,vendor_invoice,vendor_invoice_a4,v1,1,per_artifact/vendor_invoice/VI-V-013-INV-2567-957493.json
VI-V-013-INV-2568-1035063,vendor_invoice,vendor_invoice_a4,v1,1,per_artifact/vendor_invoice/VI-V-013-INV-2568-1035063.json
VI-V-013-INV-2568-1040565,vendor_invoice,vendor_invoice_a4,v1,1,per_artifact/vendor_invoice/VI-V-013-INV-2568-1040565.json
VI-V-013-INV-2568-432024,vendor_invoice,vendor_invoice_a4,v1,1,per_artifact/vendor_invoice/VI-V-013-INV-2568-432024.json
VI-V-013-INV-2568-432598,vendor_invoice,vendor_invoice_a4,v1,1,per_artifact/vendor_invoice/VI-V-013-INV-2568-432598.json
VI-V-013-INV-2568-469293,vendor_invoice,vendor_invoice_a4,v1,1,per_artifact/vendor_invoice/VI-V-013-INV-2568-469293.json
VI-V-013-INV-2568-509271,vendor_invoice,vendor_invoice_a4,v1,1,per_artifact/vendor_invoice/VI-V-013-INV-2568-509271.json
VI-V-013-INV-2568-533297,vendor_invoice,vendor_invoice_a4,v1,1,per_artifact/vendor_invoice/VI-V-013-INV-2568-533297.json
VI-V-013-INV-2568-56623,vendor_invoice,vendor_invoice_a4,v1,1,per_artifact/vendor_invoice/VI-V-013-INV-2568-56623.json
VI-V-013-INV-2568-713683,vendor_invoice,vendor_invoice_a4,v1,1,per_artifact/vendor_invoice/VI-V-013-INV-2568-713683.json
VI-V-013-INV-2568-736404,vendor_invoice,vendor_invoice_a4,v1,1,per_artifact/vendor_invoice/VI-V-013-INV-2568-736404.json
VI-V-013-INV-2568-769094,vendor_invoice,vendor_invoice_a4,v1,1,per_artifact/vendor_invoice/VI-V-013-INV-2568-769094.json
VI-V-013-INV-2568-80637,vendor_invoice,vendor_invoice_a4,v1,1,per_artifact/vendor_invoice/VI-V-013-INV-2568-80637.json
VI-V-014-INV-2567-1007231,vendor_invoice,vendor_invoice_a4,v1,1,per_artifact/vendor_invoice/VI-V-014-INV-2567-1007231.json
VI-V-014-INV-2567-1027518,vendor_invoice,vendor_invoice_a4,v1,1,per_artifact/vendor_invoice/VI-V-014-INV-2567-1027518.json
VI-V-014-INV-2567-1041829,vendor_invoice,vendor_invoice_a4,v1,1,per_artifact/vendor_invoice/VI-V-014-INV-2567-1041829.json
VI-V-014-INV-2567-109298,vendor_invoice,vendor_invoice_a4,v1,1,per_artifact/vendor_invoice/VI-V-014-INV-2567-109298.json
VI-V-014-INV-2567-16469,vendor_invoice,vendor_invoice_a4,v1,1,per_artifact/vendor_invoice/VI-V-014-INV-2567-16469.json
VI-V-014-INV-2567-212582,vendor_invoice,vendor_invoice_a4,v1,1,per_artifact/vendor_invoice/VI-V-014-INV-2567-212582.json
VI-V-014-INV-2567-213360,vendor_invoice,vendor_invoice_a4,v1,1,per_artifact/vendor_invoice/VI-V-014-INV-2567-213360.json
VI-V-014-INV-2567-215369,vendor_invoice,vendor_invoice_a4,v1,1,per_artifact/vendor_invoice/VI-V-014-INV-2567-215369.json
VI-V-014-INV-2567-22068,vendor_invoice,vendor_invoice_a4,v1,1,per_artifact/vendor_invoice/VI-V-014-INV-2567-22068.json
VI-V-014-INV-2567-223994,vendor_invoice,vendor_invoice_a4,v1,1,per_artifact/vendor_invoice/VI-V-014-INV-2567-223994.json
VI-V-014-INV-2567-236129,vendor_invoice,vendor_invoice_a4,v1,1,per_artifact/vendor_invoice/VI-V-014-INV-2567-236129.json
VI-V-014-INV-2567-236232,vendor_invoice,vendor_invoice_a4,v1,1,per_artifact/vendor_invoice/VI-V-014-INV-2567-236232.json
VI-V-014-INV-2567-23649,vendor_invoice,vendor_invoice_a4,v1,1,per_artifact/vendor_invoice/VI-V-014-INV-2567-23649.json
VI-V-014-INV-2567-236889,vendor_invoice,vendor_invoice_a4,v1,1,per_artifact/vendor_invoice/VI-V-014-INV-2567-236889.json
VI-V-014-INV-2567-246625,vendor_invoice,vendor_invoice_a4,v1,1,per_artifact/vendor_invoice/VI-V-014-INV-2567-246625.json
VI-V-014-INV-2567-248444,vendor_invoice,vendor_invoice_a4,v1,1,per_artifact/vendor_invoice/VI-V-014-INV-2567-248444.json
VI-V-014-INV-2567-266877,vendor_invoice,vendor_invoice_a4,v1,1,per_artifact/vendor_invoice/VI-V-014-INV-2567-266877.json
VI-V-014-INV-2567-280944,vendor_invoice,vendor_invoice_a4,v1,1,per_artifact/vendor_invoice/VI-V-014-INV-2567-280944.json
VI-V-014-INV-2567-282362,vendor_invoice,vendor_invoice_a4,v1,1,per_artifact/vendor_invoice/VI-V-014-INV-2567-282362.json
VI-V-014-INV-2567-290589,vendor_invoice,vendor_invoice_a4,v1,1,per_artifact/vendor_invoice/VI-V-014-INV-2567-290589.json
VI-V-014-INV-2567-304892,vendor_invoice,vendor_invoice_a4,v1,1,per_artifact/vendor_invoice/VI-V-014-INV-2567-304892.json
VI-V-014-INV-2567-307191,vendor_invoice,vendor_invoice_a4,v1,1,per_artifact/vendor_invoice/VI-V-014-INV-2567-307191.json
VI-V-014-INV-2567-307440,vendor_invoice,vendor_invoice_a4,v1,1,per_artifact/vendor_invoice/VI-V-014-INV-2567-307440.json
VI-V-014-INV-2567-310384,vendor_invoice,vendor_invoice_a4,v1,1,per_artifact/vendor_invoice/VI-V-014-INV-2567-310384.json
VI-V-014-INV-2567-33130,vendor_invoice,vendor_invoice_a4,v1,1,per_artifact/vendor_invoice/VI-V-014-INV-2567-33130.json
VI-V-014-INV-2567-331596,vendor_invoice,vendor_invoice_a4,v1,1,per_artifact/vendor_invoice/VI-V-014-INV-2567-331596.json
VI-V-014-INV-2567-343397,vendor_invoice,vendor_invoice_a4,v1,1,per_artifact/vendor_invoice/VI-V-014-INV-2567-343397.json
VI-V-014-INV-2567-353568,vendor_invoice,vendor_invoice_a4,v1,1,per_artifact/vendor_invoice/VI-V-014-INV-2567-353568.json
VI-V-014-INV-2567-360350,vendor_invoice,vendor_invoice_a4,v1,1,per_artifact/vendor_invoice/VI-V-014-INV-2567-360350.json
VI-V-014-INV-2567-362500,vendor_invoice,vendor_invoice_a4,v1,1,per_artifact/vendor_invoice/VI-V-014-INV-2567-362500.json
VI-V-014-INV-2567-376099,vendor_invoice,vendor_invoice_a4,v1,1,per_artifact/vendor_invoice/VI-V-014-INV-2567-376099.json
VI-V-014-INV-2567-383399,vendor_invoice,vendor_invoice_a4,v1,1,per_artifact/vendor_invoice/VI-V-014-INV-2567-383399.json
VI-V-014-INV-2567-389318,vendor_invoice,vendor_invoice_a4,v1,1,per_artifact/vendor_invoice/VI-V-014-INV-2567-389318.json
VI-V-014-INV-2567-391960,vendor_invoice,vendor_invoice_a4,v1,1,per_artifact/vendor_invoice/VI-V-014-INV-2567-391960.json
VI-V-014-INV-2567-395715,vendor_invoice,vendor_invoice_a4,v1,1,per_artifact/vendor_invoice/VI-V-014-INV-2567-395715.json
VI-V-014-INV-2567-429946,vendor_invoice,vendor_invoice_a4,v1,1,per_artifact/vendor_invoice/VI-V-014-INV-2567-429946.json
VI-V-014-INV-2567-433777,vendor_invoice,vendor_invoice_a4,v1,1,per_artifact/vendor_invoice/VI-V-014-INV-2567-433777.json
VI-V-014-INV-2567-434125,vendor_invoice,vendor_invoice_a4,v1,1,per_artifact/vendor_invoice/VI-V-014-INV-2567-434125.json
VI-V-014-INV-2567-448273,vendor_invoice,vendor_invoice_a4,v1,1,per_artifact/vendor_invoice/VI-V-014-INV-2567-448273.json
VI-V-014-INV-2567-471644,vendor_invoice,vendor_invoice_a4,v1,1,per_artifact/vendor_invoice/VI-V-014-INV-2567-471644.json
VI-V-014-INV-2567-482593,vendor_invoice,vendor_invoice_a4,v1,1,per_artifact/vendor_invoice/VI-V-014-INV-2567-482593.json
VI-V-014-INV-2567-507565,vendor_invoice,vendor_invoice_a4,v1,1,per_artifact/vendor_invoice/VI-V-014-INV-2567-507565.json
VI-V-014-INV-2567-516040,vendor_invoice,vendor_invoice_a4,v1,1,per_artifact/vendor_invoice/VI-V-014-INV-2567-516040.json
VI-V-014-INV-2567-540503,vendor_invoice,vendor_invoice_a4,v1,1,per_artifact/vendor_invoice/VI-V-014-INV-2567-540503.json
VI-V-014-INV-2567-554989,vendor_invoice,vendor_invoice_a4,v1,1,per_artifact/vendor_invoice/VI-V-014-INV-2567-554989.json
VI-V-014-INV-2567-557176,vendor_invoice,vendor_invoice_a4,v1,1,per_artifact/vendor_invoice/VI-V-014-INV-2567-557176.json
VI-V-014-INV-2567-558954,vendor_invoice,vendor_invoice_a4,v1,1,per_artifact/vendor_invoice/VI-V-014-INV-2567-558954.json
VI-V-014-INV-2567-55937,vendor_invoice,vendor_invoice_a4,v1,1,per_artifact/vendor_invoice/VI-V-014-INV-2567-55937.json
VI-V-014-INV-2567-561890,vendor_invoice,vendor_invoice_a4,v1,1,per_artifact/vendor_invoice/VI-V-014-INV-2567-561890.json
VI-V-014-INV-2567-571664,vendor_invoice,vendor_invoice_a4,v1,1,per_artifact/vendor_invoice/VI-V-014-INV-2567-571664.json
VI-V-014-INV-2567-580265,vendor_invoice,vendor_invoice_a4,v1,1,per_artifact/vendor_invoice/VI-V-014-INV-2567-580265.json
VI-V-014-INV-2567-590627,vendor_invoice,vendor_invoice_a4,v1,1,per_artifact/vendor_invoice/VI-V-014-INV-2567-590627.json
VI-V-014-INV-2567-601322,vendor_invoice,vendor_invoice_a4,v1,1,per_artifact/vendor_invoice/VI-V-014-INV-2567-601322.json
VI-V-014-INV-2567-61264,vendor_invoice,vendor_invoice_a4,v1,1,per_artifact/vendor_invoice/VI-V-014-INV-2567-61264.json
VI-V-014-INV-2567-635387,vendor_invoice,vendor_invoice_a4,v1,1,per_artifact/vendor_invoice/VI-V-014-INV-2567-635387.json
VI-V-014-INV-2567-644810,vendor_invoice,vendor_invoice_a4,v1,1,per_artifact/vendor_invoice/VI-V-014-INV-2567-644810.json
VI-V-014-INV-2567-655335,vendor_invoice,vendor_invoice_a4,v1,1,per_artifact/vendor_invoice/VI-V-014-INV-2567-655335.json
VI-V-014-INV-2567-672117,vendor_invoice,vendor_invoice_a4,v1,1,per_artifact/vendor_invoice/VI-V-014-INV-2567-672117.json
VI-V-014-INV-2567-672542,vendor_invoice,vendor_invoice_a4,v1,1,per_artifact/vendor_invoice/VI-V-014-INV-2567-672542.json
VI-V-014-INV-2567-683215,vendor_invoice,vendor_invoice_a4,v1,1,per_artifact/vendor_invoice/VI-V-014-INV-2567-683215.json
VI-V-014-INV-2567-690589,vendor_invoice,vendor_invoice_a4,v1,1,per_artifact/vendor_invoice/VI-V-014-INV-2567-690589.json
VI-V-014-INV-2567-693440,vendor_invoice,vendor_invoice_a4,v1,1,per_artifact/vendor_invoice/VI-V-014-INV-2567-693440.json
VI-V-014-INV-2567-699152,vendor_invoice,vendor_invoice_a4,v1,1,per_artifact/vendor_invoice/VI-V-014-INV-2567-699152.json
VI-V-014-INV-2567-699175,vendor_invoice,vendor_invoice_a4,v1,1,per_artifact/vendor_invoice/VI-V-014-INV-2567-699175.json
VI-V-014-INV-2567-708811,vendor_invoice,vendor_invoice_a4,v1,1,per_artifact/vendor_invoice/VI-V-014-INV-2567-708811.json
VI-V-014-INV-2567-724860,vendor_invoice,vendor_invoice_a4,v1,1,per_artifact/vendor_invoice/VI-V-014-INV-2567-724860.json
VI-V-014-INV-2567-725107,vendor_invoice,vendor_invoice_a4,v1,1,per_artifact/vendor_invoice/VI-V-014-INV-2567-725107.json
VI-V-014-INV-2567-730240,vendor_invoice,vendor_invoice_a4,v1,1,per_artifact/vendor_invoice/VI-V-014-INV-2567-730240.json
VI-V-014-INV-2567-763634,vendor_invoice,vendor_invoice_a4,v1,1,per_artifact/vendor_invoice/VI-V-014-INV-2567-763634.json
VI-V-014-INV-2567-77106,vendor_invoice,vendor_invoice_a4,v1,1,per_artifact/vendor_invoice/VI-V-014-INV-2567-77106.json
VI-V-014-INV-2567-775657,vendor_invoice,vendor_invoice_a4,v1,1,per_artifact/vendor_invoice/VI-V-014-INV-2567-775657.json
VI-V-014-INV-2567-790735,vendor_invoice,vendor_invoice_a4,v1,1,per_artifact/vendor_invoice/VI-V-014-INV-2567-790735.json
VI-V-014-INV-2567-814073,vendor_invoice,vendor_invoice_a4,v1,1,per_artifact/vendor_invoice/VI-V-014-INV-2567-814073.json
VI-V-014-INV-2567-853643,vendor_invoice,vendor_invoice_a4,v1,1,per_artifact/vendor_invoice/VI-V-014-INV-2567-853643.json
VI-V-014-INV-2567-859037,vendor_invoice,vendor_invoice_a4,v1,1,per_artifact/vendor_invoice/VI-V-014-INV-2567-859037.json
VI-V-014-INV-2567-862692,vendor_invoice,vendor_invoice_a4,v1,1,per_artifact/vendor_invoice/VI-V-014-INV-2567-862692.json
VI-V-014-INV-2567-866187,vendor_invoice,vendor_invoice_a4,v1,1,per_artifact/vendor_invoice/VI-V-014-INV-2567-866187.json
VI-V-014-INV-2567-879963,vendor_invoice,vendor_invoice_a4,v1,1,per_artifact/vendor_invoice/VI-V-014-INV-2567-879963.json
VI-V-014-INV-2567-906927,vendor_invoice,vendor_invoice_a4,v1,1,per_artifact/vendor_invoice/VI-V-014-INV-2567-906927.json
VI-V-014-INV-2567-907145,vendor_invoice,vendor_invoice_a4,v1,1,per_artifact/vendor_invoice/VI-V-014-INV-2567-907145.json
VI-V-014-INV-2567-912679,vendor_invoice,vendor_invoice_a4,v1,1,per_artifact/vendor_invoice/VI-V-014-INV-2567-912679.json
VI-V-014-INV-2567-916050,vendor_invoice,vendor_invoice_a4,v1,1,per_artifact/vendor_invoice/VI-V-014-INV-2567-916050.json
VI-V-014-INV-2567-920341,vendor_invoice,vendor_invoice_a4,v1,1,per_artifact/vendor_invoice/VI-V-014-INV-2567-920341.json
VI-V-014-INV-2567-922630,vendor_invoice,vendor_invoice_a4,v1,1,per_artifact/vendor_invoice/VI-V-014-INV-2567-922630.json
VI-V-014-INV-2567-926277,vendor_invoice,vendor_invoice_a4,v1,1,per_artifact/vendor_invoice/VI-V-014-INV-2567-926277.json
VI-V-014-INV-2567-929353,vendor_invoice,vendor_invoice_a4,v1,1,per_artifact/vendor_invoice/VI-V-014-INV-2567-929353.json
VI-V-014-INV-2567-932065,vendor_invoice,vendor_invoice_a4,v1,1,per_artifact/vendor_invoice/VI-V-014-INV-2567-932065.json
VI-V-014-INV-2567-933054,vendor_invoice,vendor_invoice_a4,v1,1,per_artifact/vendor_invoice/VI-V-014-INV-2567-933054.json
VI-V-014-INV-2567-946240,vendor_invoice,vendor_invoice_a4,v1,1,per_artifact/vendor_invoice/VI-V-014-INV-2567-946240.json
VI-V-014-INV-2567-96853,vendor_invoice,vendor_invoice_a4,v1,1,per_artifact/vendor_invoice/VI-V-014-INV-2567-96853.json
VI-V-014-INV-2567-970269,vendor_invoice,vendor_invoice_a4,v1,1,per_artifact/vendor_invoice/VI-V-014-INV-2567-970269.json
VI-V-014-INV-2567-979966,vendor_invoice,vendor_invoice_a4,v1,1,per_artifact/vendor_invoice/VI-V-014-INV-2567-979966.json
VI-V-014-INV-2567-980419,vendor_invoice,vendor_invoice_a4,v1,1,per_artifact/vendor_invoice/VI-V-014-INV-2567-980419.json
VI-V-014-INV-2567-987519,vendor_invoice,vendor_invoice_a4,v1,1,per_artifact/vendor_invoice/VI-V-014-INV-2567-987519.json
VI-V-014-INV-2567-988773,vendor_invoice,vendor_invoice_a4,v1,1,per_artifact/vendor_invoice/VI-V-014-INV-2567-988773.json
VI-V-014-INV-2567-991952,vendor_invoice,vendor_invoice_a4,v1,1,per_artifact/vendor_invoice/VI-V-014-INV-2567-991952.json
VI-V-014-INV-2568-180565,vendor_invoice,vendor_invoice_a4,v1,1,per_artifact/vendor_invoice/VI-V-014-INV-2568-180565.json
VI-V-014-INV-2568-185208,vendor_invoice,vendor_invoice_a4,v1,1,per_artifact/vendor_invoice/VI-V-014-INV-2568-185208.json
VI-V-014-INV-2568-24908,vendor_invoice,vendor_invoice_a4,v1,1,per_artifact/vendor_invoice/VI-V-014-INV-2568-24908.json
VI-V-014-INV-2568-276527,vendor_invoice,vendor_invoice_a4,v1,1,per_artifact/vendor_invoice/VI-V-014-INV-2568-276527.json
VI-V-014-INV-2568-329561,vendor_invoice,vendor_invoice_a4,v1,1,per_artifact/vendor_invoice/VI-V-014-INV-2568-329561.json
VI-V-014-INV-2568-453714,vendor_invoice,vendor_invoice_a4,v1,1,per_artifact/vendor_invoice/VI-V-014-INV-2568-453714.json
VI-V-014-INV-2568-471936,vendor_invoice,vendor_invoice_a4,v1,1,per_artifact/vendor_invoice/VI-V-014-INV-2568-471936.json
VI-V-014-INV-2568-48974,vendor_invoice,vendor_invoice_a4,v1,1,per_artifact/vendor_invoice/VI-V-014-INV-2568-48974.json
VI-V-014-INV-2568-529243,vendor_invoice,vendor_invoice_a4,v1,1,per_artifact/vendor_invoice/VI-V-014-INV-2568-529243.json
VI-V-014-INV-2568-584826,vendor_invoice,vendor_invoice_a4,v1,1,per_artifact/vendor_invoice/VI-V-014-INV-2568-584826.json
VI-V-014-INV-2568-653904,vendor_invoice,vendor_invoice_a4,v1,1,per_artifact/vendor_invoice/VI-V-014-INV-2568-653904.json
VI-V-014-INV-2568-657433,vendor_invoice,vendor_invoice_a4,v1,1,per_artifact/vendor_invoice/VI-V-014-INV-2568-657433.json
VI-V-014-INV-2568-664644,vendor_invoice,vendor_invoice_a4,v1,1,per_artifact/vendor_invoice/VI-V-014-INV-2568-664644.json
VI-V-014-INV-2568-667472,vendor_invoice,vendor_invoice_a4,v1,1,per_artifact/vendor_invoice/VI-V-014-INV-2568-667472.json
VI-V-014-INV-2568-778376,vendor_invoice,vendor_invoice_a4,v1,1,per_artifact/vendor_invoice/VI-V-014-INV-2568-778376.json
VI-V-014-INV-2568-787974,vendor_invoice,vendor_invoice_a4,v1,1,per_artifact/vendor_invoice/VI-V-014-INV-2568-787974.json
VI-V-014-INV-2568-799660,vendor_invoice,vendor_invoice_a4,v1,1,per_artifact/vendor_invoice/VI-V-014-INV-2568-799660.json
VI-V-014-INV-2568-835954,vendor_invoice,vendor_invoice_a4,v1,1,per_artifact/vendor_invoice/VI-V-014-INV-2568-835954.json
VI-V-014-INV-2568-843122,vendor_invoice,vendor_invoice_a4,v1,1,per_artifact/vendor_invoice/VI-V-014-INV-2568-843122.json
VI-V-014-INV-2568-880521,vendor_invoice,vendor_invoice_a4,v1,1,per_artifact/vendor_invoice/VI-V-014-INV-2568-880521.json
VI-V-014-INV-2568-88071,vendor_invoice,vendor_invoice_a4,v1,1,per_artifact/vendor_invoice/VI-V-014-INV-2568-88071.json
VI-V-014-INV-2568-88767,vendor_invoice,vendor_invoice_a4,v1,1,per_artifact/vendor_invoice/VI-V-014-INV-2568-88767.json
VI-V-014-INV-2568-954055,vendor_invoice,vendor_invoice_a4,v1,1,per_artifact/vendor_invoice/VI-V-014-INV-2568-954055.json
VI-V-014-INV-2568-957532,vendor_invoice,vendor_invoice_a4,v1,1,per_artifact/vendor_invoice/VI-V-014-INV-2568-957532.json
VI-V-018-INV-2568-06347,vendor_invoice,vendor_invoice_a4,v1,1,per_artifact/vendor_invoice/VI-V-018-INV-2568-06347.json
VI-V-018-INV-2568-1003175,vendor_invoice,vendor_invoice_a4,v1,1,per_artifact/vendor_invoice/VI-V-018-INV-2568-1003175.json
VI-V-018-INV-2568-1012691,vendor_invoice,vendor_invoice_a4,v1,1,per_artifact/vendor_invoice/VI-V-018-INV-2568-1012691.json
VI-V-018-INV-2568-1027964,vendor_invoice,vendor_invoice_a4,v1,1,per_artifact/vendor_invoice/VI-V-018-INV-2568-1027964.json
VI-V-018-INV-2568-102942,vendor_invoice,vendor_invoice_a4,v1,1,per_artifact/vendor_invoice/VI-V-018-INV-2568-102942.json
VI-V-018-INV-2568-122768,vendor_invoice,vendor_invoice_a4,v1,1,per_artifact/vendor_invoice/VI-V-018-INV-2568-122768.json
VI-V-018-INV-2568-133155,vendor_invoice,vendor_invoice_a4,v1,1,per_artifact/vendor_invoice/VI-V-018-INV-2568-133155.json
VI-V-018-INV-2568-140146,vendor_invoice,vendor_invoice_a4,v1,1,per_artifact/vendor_invoice/VI-V-018-INV-2568-140146.json
VI-V-018-INV-2568-172688,vendor_invoice,vendor_invoice_a4,v1,1,per_artifact/vendor_invoice/VI-V-018-INV-2568-172688.json
VI-V-018-INV-2568-17956,vendor_invoice,vendor_invoice_a4,v1,1,per_artifact/vendor_invoice/VI-V-018-INV-2568-17956.json
VI-V-018-INV-2568-188904,vendor_invoice,vendor_invoice_a4,v1,1,per_artifact/vendor_invoice/VI-V-018-INV-2568-188904.json
VI-V-018-INV-2568-196404,vendor_invoice,vendor_invoice_a4,v1,1,per_artifact/vendor_invoice/VI-V-018-INV-2568-196404.json
VI-V-018-INV-2568-216269,vendor_invoice,vendor_invoice_a4,v1,1,per_artifact/vendor_invoice/VI-V-018-INV-2568-216269.json
VI-V-018-INV-2568-218486,vendor_invoice,vendor_invoice_a4,v1,1,per_artifact/vendor_invoice/VI-V-018-INV-2568-218486.json
VI-V-018-INV-2568-264811,vendor_invoice,vendor_invoice_a4,v1,1,per_artifact/vendor_invoice/VI-V-018-INV-2568-264811.json
VI-V-018-INV-2568-287679,vendor_invoice,vendor_invoice_a4,v1,1,per_artifact/vendor_invoice/VI-V-018-INV-2568-287679.json
VI-V-018-INV-2568-287880,vendor_invoice,vendor_invoice_a4,v1,1,per_artifact/vendor_invoice/VI-V-018-INV-2568-287880.json
VI-V-018-INV-2568-288687,vendor_invoice,vendor_invoice_a4,v1,1,per_artifact/vendor_invoice/VI-V-018-INV-2568-288687.json
VI-V-018-INV-2568-290734,vendor_invoice,vendor_invoice_a4,v1,1,per_artifact/vendor_invoice/VI-V-018-INV-2568-290734.json
VI-V-018-INV-2568-339489,vendor_invoice,vendor_invoice_a4,v1,1,per_artifact/vendor_invoice/VI-V-018-INV-2568-339489.json
VI-V-018-INV-2568-347324,vendor_invoice,vendor_invoice_a4,v1,1,per_artifact/vendor_invoice/VI-V-018-INV-2568-347324.json
VI-V-018-INV-2568-348801,vendor_invoice,vendor_invoice_a4,v1,1,per_artifact/vendor_invoice/VI-V-018-INV-2568-348801.json
VI-V-018-INV-2568-351624,vendor_invoice,vendor_invoice_a4,v1,1,per_artifact/vendor_invoice/VI-V-018-INV-2568-351624.json
VI-V-018-INV-2568-351654,vendor_invoice,vendor_invoice_a4,v1,1,per_artifact/vendor_invoice/VI-V-018-INV-2568-351654.json
VI-V-018-INV-2568-362655,vendor_invoice,vendor_invoice_a4,v1,1,per_artifact/vendor_invoice/VI-V-018-INV-2568-362655.json
VI-V-018-INV-2568-389371,vendor_invoice,vendor_invoice_a4,v1,1,per_artifact/vendor_invoice/VI-V-018-INV-2568-389371.json
VI-V-018-INV-2568-410652,vendor_invoice,vendor_invoice_a4,v1,1,per_artifact/vendor_invoice/VI-V-018-INV-2568-410652.json
VI-V-018-INV-2568-432728,vendor_invoice,vendor_invoice_a4,v1,1,per_artifact/vendor_invoice/VI-V-018-INV-2568-432728.json
VI-V-018-INV-2568-446393,vendor_invoice,vendor_invoice_a4,v1,1,per_artifact/vendor_invoice/VI-V-018-INV-2568-446393.json
VI-V-018-INV-2568-460340,vendor_invoice,vendor_invoice_a4,v1,1,per_artifact/vendor_invoice/VI-V-018-INV-2568-460340.json
VI-V-018-INV-2568-461063,vendor_invoice,vendor_invoice_a4,v1,1,per_artifact/vendor_invoice/VI-V-018-INV-2568-461063.json
VI-V-018-INV-2568-46224,vendor_invoice,vendor_invoice_a4,v1,1,per_artifact/vendor_invoice/VI-V-018-INV-2568-46224.json
VI-V-018-INV-2568-500943,vendor_invoice,vendor_invoice_a4,v1,1,per_artifact/vendor_invoice/VI-V-018-INV-2568-500943.json
VI-V-018-INV-2568-525136,vendor_invoice,vendor_invoice_a4,v1,1,per_artifact/vendor_invoice/VI-V-018-INV-2568-525136.json
VI-V-018-INV-2568-528616,vendor_invoice,vendor_invoice_a4,v1,1,per_artifact/vendor_invoice/VI-V-018-INV-2568-528616.json
VI-V-018-INV-2568-532678,vendor_invoice,vendor_invoice_a4,v1,1,per_artifact/vendor_invoice/VI-V-018-INV-2568-532678.json
VI-V-018-INV-2568-537278,vendor_invoice,vendor_invoice_a4,v1,1,per_artifact/vendor_invoice/VI-V-018-INV-2568-537278.json
VI-V-018-INV-2568-578658,vendor_invoice,vendor_invoice_a4,v1,1,per_artifact/vendor_invoice/VI-V-018-INV-2568-578658.json
VI-V-018-INV-2568-580637,vendor_invoice,vendor_invoice_a4,v1,1,per_artifact/vendor_invoice/VI-V-018-INV-2568-580637.json
VI-V-018-INV-2568-596692,vendor_invoice,vendor_invoice_a4,v1,1,per_artifact/vendor_invoice/VI-V-018-INV-2568-596692.json
VI-V-018-INV-2568-602142,vendor_invoice,vendor_invoice_a4,v1,1,per_artifact/vendor_invoice/VI-V-018-INV-2568-602142.json
VI-V-018-INV-2568-628871,vendor_invoice,vendor_invoice_a4,v1,1,per_artifact/vendor_invoice/VI-V-018-INV-2568-628871.json
VI-V-018-INV-2568-651426,vendor_invoice,vendor_invoice_a4,v1,1,per_artifact/vendor_invoice/VI-V-018-INV-2568-651426.json
VI-V-018-INV-2568-702922,vendor_invoice,vendor_invoice_a4,v1,1,per_artifact/vendor_invoice/VI-V-018-INV-2568-702922.json
VI-V-018-INV-2568-748258,vendor_invoice,vendor_invoice_a4,v1,1,per_artifact/vendor_invoice/VI-V-018-INV-2568-748258.json
VI-V-018-INV-2568-748935,vendor_invoice,vendor_invoice_a4,v1,1,per_artifact/vendor_invoice/VI-V-018-INV-2568-748935.json
VI-V-018-INV-2568-749499,vendor_invoice,vendor_invoice_a4,v1,1,per_artifact/vendor_invoice/VI-V-018-INV-2568-749499.json
VI-V-018-INV-2568-75099,vendor_invoice,vendor_invoice_a4,v1,1,per_artifact/vendor_invoice/VI-V-018-INV-2568-75099.json
VI-V-018-INV-2568-759579,vendor_invoice,vendor_invoice_a4,v1,1,per_artifact/vendor_invoice/VI-V-018-INV-2568-759579.json
VI-V-018-INV-2568-779486,vendor_invoice,vendor_invoice_a4,v1,1,per_artifact/vendor_invoice/VI-V-018-INV-2568-779486.json
VI-V-018-INV-2568-781702,vendor_invoice,vendor_invoice_a4,v1,1,per_artifact/vendor_invoice/VI-V-018-INV-2568-781702.json
VI-V-018-INV-2568-784394,vendor_invoice,vendor_invoice_a4,v1,1,per_artifact/vendor_invoice/VI-V-018-INV-2568-784394.json
VI-V-018-INV-2568-790142,vendor_invoice,vendor_invoice_a4,v1,1,per_artifact/vendor_invoice/VI-V-018-INV-2568-790142.json
VI-V-018-INV-2568-792300,vendor_invoice,vendor_invoice_a4,v1,1,per_artifact/vendor_invoice/VI-V-018-INV-2568-792300.json
VI-V-018-INV-2568-794008,vendor_invoice,vendor_invoice_a4,v1,1,per_artifact/vendor_invoice/VI-V-018-INV-2568-794008.json
VI-V-018-INV-2568-813066,vendor_invoice,vendor_invoice_a4,v1,1,per_artifact/vendor_invoice/VI-V-018-INV-2568-813066.json
VI-V-018-INV-2568-825103,vendor_invoice,vendor_invoice_a4,v1,1,per_artifact/vendor_invoice/VI-V-018-INV-2568-825103.json
VI-V-018-INV-2568-828843,vendor_invoice,vendor_invoice_a4,v1,1,per_artifact/vendor_invoice/VI-V-018-INV-2568-828843.json
VI-V-018-INV-2568-835169,vendor_invoice,vendor_invoice_a4,v1,1,per_artifact/vendor_invoice/VI-V-018-INV-2568-835169.json
VI-V-018-INV-2568-841412,vendor_invoice,vendor_invoice_a4,v1,1,per_artifact/vendor_invoice/VI-V-018-INV-2568-841412.json
VI-V-018-INV-2568-849884,vendor_invoice,vendor_invoice_a4,v1,1,per_artifact/vendor_invoice/VI-V-018-INV-2568-849884.json
VI-V-018-INV-2568-853603,vendor_invoice,vendor_invoice_a4,v1,1,per_artifact/vendor_invoice/VI-V-018-INV-2568-853603.json
VI-V-018-INV-2568-85938,vendor_invoice,vendor_invoice_a4,v1,1,per_artifact/vendor_invoice/VI-V-018-INV-2568-85938.json
VI-V-018-INV-2568-871823,vendor_invoice,vendor_invoice_a4,v1,1,per_artifact/vendor_invoice/VI-V-018-INV-2568-871823.json
VI-V-018-INV-2568-910534,vendor_invoice,vendor_invoice_a4,v1,1,per_artifact/vendor_invoice/VI-V-018-INV-2568-910534.json
VI-V-018-INV-2568-916117,vendor_invoice,vendor_invoice_a4,v1,1,per_artifact/vendor_invoice/VI-V-018-INV-2568-916117.json
VI-V-018-INV-2568-957084,vendor_invoice,vendor_invoice_a4,v1,1,per_artifact/vendor_invoice/VI-V-018-INV-2568-957084.json
VI-V-018-INV-2568-957202,vendor_invoice,vendor_invoice_a4,v1,1,per_artifact/vendor_invoice/VI-V-018-INV-2568-957202.json
VI-V-018-INV-2568-989538,vendor_invoice,vendor_invoice_a4,v1,1,per_artifact/vendor_invoice/VI-V-018-INV-2568-989538.json
VI-V-018-INV-2568-992513,vendor_invoice,vendor_invoice_a4,v1,1,per_artifact/vendor_invoice/VI-V-018-INV-2568-992513.json
VI-V-018-INV-2568-994064,vendor_invoice,vendor_invoice_a4,v1,1,per_artifact/vendor_invoice/VI-V-018-INV-2568-994064.json
VI-V-018-INV-2568-997125,vendor_invoice,vendor_invoice_a4,v1,1,per_artifact/vendor_invoice/VI-V-018-INV-2568-997125.json
WC-AW-MN-001-202402-12026091,warranty_form,warranty_form_a4,v1,1,per_artifact/warranty_form/WC-AW-MN-001-202402-12026091.json
WC-AW-MN-001-202405-08020568,warranty_form,warranty_form_a4,v1,1,per_artifact/warranty_form/WC-AW-MN-001-202405-08020568.json
WC-AW-MN-001-202405-09008697,warranty_form,warranty_form_a4,v1,1,per_artifact/warranty_form/WC-AW-MN-001-202405-09008697.json
WC-AW-MN-001-202405-13028747,warranty_form,warranty_form_a4,v1,1,per_artifact/warranty_form/WC-AW-MN-001-202405-13028747.json
WC-AW-MN-001-202405-19005879,warranty_form,warranty_form_a4,v1,1,per_artifact/warranty_form/WC-AW-MN-001-202405-19005879.json
WC-AW-MN-001-202406-13027442,warranty_form,warranty_form_a4,v1,1,per_artifact/warranty_form/WC-AW-MN-001-202406-13027442.json
WC-AW-MN-001-202407-04024094,warranty_form,warranty_form_a4,v1,1,per_artifact/warranty_form/WC-AW-MN-001-202407-04024094.json
WC-AW-MN-001-202407-31015316,warranty_form,warranty_form_a4,v1,1,per_artifact/warranty_form/WC-AW-MN-001-202407-31015316.json
WC-AW-MN-001-202408-11001272,warranty_form,warranty_form_a4,v1,1,per_artifact/warranty_form/WC-AW-MN-001-202408-11001272.json
WC-AW-MN-001-202408-23009748,warranty_form,warranty_form_a4,v1,1,per_artifact/warranty_form/WC-AW-MN-001-202408-23009748.json
WC-AW-MN-001-202408-29003843,warranty_form,warranty_form_a4,v1,1,per_artifact/warranty_form/WC-AW-MN-001-202408-29003843.json
WC-AW-MN-001-202410-29001094,warranty_form,warranty_form_a4,v1,1,per_artifact/warranty_form/WC-AW-MN-001-202410-29001094.json
WC-AW-MN-001-202411-02011889,warranty_form,warranty_form_a4,v1,1,per_artifact/warranty_form/WC-AW-MN-001-202411-02011889.json
WC-AW-MN-001-202501-21008657,warranty_form,warranty_form_a4,v1,1,per_artifact/warranty_form/WC-AW-MN-001-202501-21008657.json
WC-AW-MN-001-202503-16016215,warranty_form,warranty_form_a4,v1,1,per_artifact/warranty_form/WC-AW-MN-001-202503-16016215.json
WC-AW-MN-001-202507-26000991,warranty_form,warranty_form_a4,v1,1,per_artifact/warranty_form/WC-AW-MN-001-202507-26000991.json
WC-AW-MN-001-202508-22002029,warranty_form,warranty_form_a4,v1,1,per_artifact/warranty_form/WC-AW-MN-001-202508-22002029.json
WC-AW-MN-001-202510-04011567,warranty_form,warranty_form_a4,v1,1,per_artifact/warranty_form/WC-AW-MN-001-202510-04011567.json
WC-AW-MN-001-202510-24001755,warranty_form,warranty_form_a4,v1,1,per_artifact/warranty_form/WC-AW-MN-001-202510-24001755.json
WC-AW-MN-001-202512-17003354,warranty_form,warranty_form_a4,v1,1,per_artifact/warranty_form/WC-AW-MN-001-202512-17003354.json
WC-AW-MN-001-202512-27013952,warranty_form,warranty_form_a4,v1,1,per_artifact/warranty_form/WC-AW-MN-001-202512-27013952.json
WC-DN-LT-010-202401-31024662,warranty_form,warranty_form_a4,v1,1,per_artifact/warranty_form/WC-DN-LT-010-202401-31024662.json
WC-DN-LT-010-202402-12003232,warranty_form,warranty_form_a4,v1,1,per_artifact/warranty_form/WC-DN-LT-010-202402-12003232.json
WC-DN-LT-010-202402-25023360,warranty_form,warranty_form_a4,v1,1,per_artifact/warranty_form/WC-DN-LT-010-202402-25023360.json
WC-DN-LT-010-202403-10013243,warranty_form,warranty_form_a4,v1,1,per_artifact/warranty_form/WC-DN-LT-010-202403-10013243.json
WC-DN-LT-010-202403-29021059,warranty_form,warranty_form_a4,v1,1,per_artifact/warranty_form/WC-DN-LT-010-202403-29021059.json
WC-DN-LT-010-202405-03007169,warranty_form,warranty_form_a4,v1,1,per_artifact/warranty_form/WC-DN-LT-010-202405-03007169.json
WC-DN-LT-010-202410-09003794,warranty_form,warranty_form_a4,v1,1,per_artifact/warranty_form/WC-DN-LT-010-202410-09003794.json
WC-DN-LT-010-202410-15004067,warranty_form,warranty_form_a4,v1,1,per_artifact/warranty_form/WC-DN-LT-010-202410-15004067.json
WC-DN-LT-010-202410-17016599,warranty_form,warranty_form_a4,v1,1,per_artifact/warranty_form/WC-DN-LT-010-202410-17016599.json
WC-DN-LT-010-202410-29010911,warranty_form,warranty_form_a4,v1,1,per_artifact/warranty_form/WC-DN-LT-010-202410-29010911.json
WC-DN-LT-010-202410-29019309,warranty_form,warranty_form_a4,v1,1,per_artifact/warranty_form/WC-DN-LT-010-202410-29019309.json
WC-DN-LT-010-202412-28024360,warranty_form,warranty_form_a4,v1,1,per_artifact/warranty_form/WC-DN-LT-010-202412-28024360.json
WC-DN-LT-010-202501-05027629,warranty_form,warranty_form_a4,v1,1,per_artifact/warranty_form/WC-DN-LT-010-202501-05027629.json
WC-DN-LT-010-202502-23029025,warranty_form,warranty_form_a4,v1,1,per_artifact/warranty_form/WC-DN-LT-010-202502-23029025.json
WC-DN-LT-010-202502-24001254,warranty_form,warranty_form_a4,v1,1,per_artifact/warranty_form/WC-DN-LT-010-202502-24001254.json
WC-DN-LT-010-202503-04015071,warranty_form,warranty_form_a4,v1,1,per_artifact/warranty_form/WC-DN-LT-010-202503-04015071.json
WC-DN-LT-010-202504-07021633,warranty_form,warranty_form_a4,v1,1,per_artifact/warranty_form/WC-DN-LT-010-202504-07021633.json
WC-DN-LT-010-202509-13011051,warranty_form,warranty_form_a4,v1,1,per_artifact/warranty_form/WC-DN-LT-010-202509-13011051.json
WC-DN-LT-010-202509-15011909,warranty_form,warranty_form_a4,v1,1,per_artifact/warranty_form/WC-DN-LT-010-202509-15011909.json
WC-NT-LT-001-202401-29028467,warranty_form,warranty_form_a4,v1,1,per_artifact/warranty_form/WC-NT-LT-001-202401-29028467.json
WC-NT-LT-001-202405-18027955,warranty_form,warranty_form_a4,v1,1,per_artifact/warranty_form/WC-NT-LT-001-202405-18027955.json
WC-NT-LT-001-202406-12022788,warranty_form,warranty_form_a4,v1,1,per_artifact/warranty_form/WC-NT-LT-001-202406-12022788.json
WC-NT-LT-001-202406-14018402,warranty_form,warranty_form_a4,v1,1,per_artifact/warranty_form/WC-NT-LT-001-202406-14018402.json
WC-NT-LT-001-202407-14023042,warranty_form,warranty_form_a4,v1,1,per_artifact/warranty_form/WC-NT-LT-001-202407-14023042.json
WC-NT-LT-001-202408-04024295,warranty_form,warranty_form_a4,v1,1,per_artifact/warranty_form/WC-NT-LT-001-202408-04024295.json
WC-NT-LT-001-202410-11001259,warranty_form,warranty_form_a4,v1,1,per_artifact/warranty_form/WC-NT-LT-001-202410-11001259.json
WC-NT-LT-001-202411-02025868,warranty_form,warranty_form_a4,v1,1,per_artifact/warranty_form/WC-NT-LT-001-202411-02025868.json
WC-NT-LT-001-202411-20017788,warranty_form,warranty_form_a4,v1,1,per_artifact/warranty_form/WC-NT-LT-001-202411-20017788.json
WC-NT-LT-001-202501-02029247,warranty_form,warranty_form_a4,v1,1,per_artifact/warranty_form/WC-NT-LT-001-202501-02029247.json
WC-NT-LT-001-202502-24028370,warranty_form,warranty_form_a4,v1,1,per_artifact/warranty_form/WC-NT-LT-001-202502-24028370.json
WC-NT-LT-001-202505-01007974,warranty_form,warranty_form_a4,v1,1,per_artifact/warranty_form/WC-NT-LT-001-202505-01007974.json
WC-NT-LT-001-202505-11020886,warranty_form,warranty_form_a4,v1,1,per_artifact/warranty_form/WC-NT-LT-001-202505-11020886.json
WC-NT-LT-001-202508-10018368,warranty_form,warranty_form_a4,v1,1,per_artifact/warranty_form/WC-NT-LT-001-202508-10018368.json
WC-NT-LT-001-202510-31009830,warranty_form,warranty_form_a4,v1,1,per_artifact/warranty_form/WC-NT-LT-001-202510-31009830.json
WC-NT-LT-001-202511-14010401,warranty_form,warranty_form_a4,v1,1,per_artifact/warranty_form/WC-NT-LT-001-202511-14010401.json
WC-SF-Galaxy-Pro-2568-202508-26014003,warranty_form,warranty_form_a4,v1,1,per_artifact/warranty_form/WC-SF-Galaxy-Pro-2568-202508-26014003.json
WC-SF-Galaxy-Pro-2568-202510-08009505,warranty_form,warranty_form_a4,v1,1,per_artifact/warranty_form/WC-SF-Galaxy-Pro-2568-202510-08009505.json
WC-SF-Galaxy-Pro-2568-202511-19009757,warranty_form,warranty_form_a4,v1,1,per_artifact/warranty_form/WC-SF-Galaxy-Pro-2568-202511-19009757.json
WC-SKU-MASS-007-202401-15026218,warranty_form,warranty_form_a4,v1,1,per_artifact/warranty_form/WC-SKU-MASS-007-202401-15026218.json
WC-SKU-MASS-007-202401-16013360,warranty_form,warranty_form_a4,v1,1,per_artifact/warranty_form/WC-SKU-MASS-007-202401-16013360.json
WC-SKU-MASS-007-202402-14018447,warranty_form,warranty_form_a4,v1,1,per_artifact/warranty_form/WC-SKU-MASS-007-202402-14018447.json
WC-SKU-MASS-007-202403-27017688,warranty_form,warranty_form_a4,v1,1,per_artifact/warranty_form/WC-SKU-MASS-007-202403-27017688.json
WC-SKU-MASS-007-202405-15010959,warranty_form,warranty_form_a4,v1,1,per_artifact/warranty_form/WC-SKU-MASS-007-202405-15010959.json
WC-SKU-MASS-007-202408-10026490,warranty_form,warranty_form_a4,v1,1,per_artifact/warranty_form/WC-SKU-MASS-007-202408-10026490.json
WC-SKU-MASS-007-202409-22026486,warranty_form,warranty_form_a4,v1,1,per_artifact/warranty_form/WC-SKU-MASS-007-202409-22026486.json
WC-SKU-MASS-007-202409-27027554,warranty_form,warranty_form_a4,v1,1,per_artifact/warranty_form/WC-SKU-MASS-007-202409-27027554.json
WC-SKU-MASS-007-202409-29002934,warranty_form,warranty_form_a4,v1,1,per_artifact/warranty_form/WC-SKU-MASS-007-202409-29002934.json
WC-SKU-MASS-007-202410-05001459,warranty_form,warranty_form_a4,v1,1,per_artifact/warranty_form/WC-SKU-MASS-007-202410-05001459.json
WC-SKU-MASS-007-202410-18022699,warranty_form,warranty_form_a4,v1,1,per_artifact/warranty_form/WC-SKU-MASS-007-202410-18022699.json
WC-SKU-MASS-007-202410-21000178,warranty_form,warranty_form_a4,v1,1,per_artifact/warranty_form/WC-SKU-MASS-007-202410-21000178.json
WC-SKU-MASS-007-202411-23014099,warranty_form,warranty_form_a4,v1,1,per_artifact/warranty_form/WC-SKU-MASS-007-202411-23014099.json
WC-SKU-MASS-007-202411-25001066,warranty_form,warranty_form_a4,v1,1,per_artifact/warranty_form/WC-SKU-MASS-007-202411-25001066.json
WC-SKU-MASS-007-202505-01011398,warranty_form,warranty_form_a4,v1,1,per_artifact/warranty_form/WC-SKU-MASS-007-202505-01011398.json
WC-SKU-MASS-007-202505-08011939,warranty_form,warranty_form_a4,v1,1,per_artifact/warranty_form/WC-SKU-MASS-007-202505-08011939.json
WC-SKU-MASS-007-202506-01000184,warranty_form,warranty_form_a4,v1,1,per_artifact/warranty_form/WC-SKU-MASS-007-202506-01000184.json
WC-SKU-MASS-007-202506-25002559,warranty_form,warranty_form_a4,v1,1,per_artifact/warranty_form/WC-SKU-MASS-007-202506-25002559.json
WC-SKU-MASS-007-202507-12025517,warranty_form,warranty_form_a4,v1,1,per_artifact/warranty_form/WC-SKU-MASS-007-202507-12025517.json
WC-SKU-MASS-007-202507-18017205,warranty_form,warranty_form_a4,v1,1,per_artifact/warranty_form/WC-SKU-MASS-007-202507-18017205.json
WC-SKU-MASS-007-202509-04006722,warranty_form,warranty_form_a4,v1,1,per_artifact/warranty_form/WC-SKU-MASS-007-202509-04006722.json
WC-SKU-MASS-007-202509-21020909,warranty_form,warranty_form_a4,v1,1,per_artifact/warranty_form/WC-SKU-MASS-007-202509-21020909.json
WC-SKU-MASS-007-202510-10027156,warranty_form,warranty_form_a4,v1,1,per_artifact/warranty_form/WC-SKU-MASS-007-202510-10027156.json
WC-SKU-MASS-007-202511-26012109,warranty_form,warranty_form_a4,v1,1,per_artifact/warranty_form/WC-SKU-MASS-007-202511-26012109.json
WC-SKU-MASS-007-202512-03017037,warranty_form,warranty_form_a4,v1,1,per_artifact/warranty_form/WC-SKU-MASS-007-202512-03017037.json
WC-SKU-MASS-008-202401-07027480,warranty_form,warranty_form_a4,v1,1,per_artifact/warranty_form/WC-SKU-MASS-008-202401-07027480.json
WC-SKU-MASS-008-202402-21029816,warranty_form,warranty_form_a4,v1,1,per_artifact/warranty_form/WC-SKU-MASS-008-202402-21029816.json
WC-SKU-MASS-008-202406-01005892,warranty_form,warranty_form_a4,v1,1,per_artifact/warranty_form/WC-SKU-MASS-008-202406-01005892.json
WC-SKU-MASS-008-202406-23006266,warranty_form,warranty_form_a4,v1,1,per_artifact/warranty_form/WC-SKU-MASS-008-202406-23006266.json
WC-SKU-MASS-008-202406-29003512,warranty_form,warranty_form_a4,v1,1,per_artifact/warranty_form/WC-SKU-MASS-008-202406-29003512.json
WC-SKU-MASS-008-202409-14020505,warranty_form,warranty_form_a4,v1,1,per_artifact/warranty_form/WC-SKU-MASS-008-202409-14020505.json
WC-SKU-MASS-008-202410-07002021,warranty_form,warranty_form_a4,v1,1,per_artifact/warranty_form/WC-SKU-MASS-008-202410-07002021.json
WC-SKU-MASS-008-202410-22017216,warranty_form,warranty_form_a4,v1,1,per_artifact/warranty_form/WC-SKU-MASS-008-202410-22017216.json
WC-SKU-MASS-008-202411-09012458,warranty_form,warranty_form_a4,v1,1,per_artifact/warranty_form/WC-SKU-MASS-008-202411-09012458.json
WC-SKU-MASS-008-202502-04025040,warranty_form,warranty_form_a4,v1,1,per_artifact/warranty_form/WC-SKU-MASS-008-202502-04025040.json
WC-SKU-MASS-008-202503-17029508,warranty_form,warranty_form_a4,v1,1,per_artifact/warranty_form/WC-SKU-MASS-008-202503-17029508.json
WC-SKU-MASS-008-202505-10010673,warranty_form,warranty_form_a4,v1,1,per_artifact/warranty_form/WC-SKU-MASS-008-202505-10010673.json
WC-SKU-MASS-008-202506-12001006,warranty_form,warranty_form_a4,v1,1,per_artifact/warranty_form/WC-SKU-MASS-008-202506-12001006.json
WC-SKU-MASS-008-202506-12028421,warranty_form,warranty_form_a4,v1,1,per_artifact/warranty_form/WC-SKU-MASS-008-202506-12028421.json
WC-SKU-MASS-008-202507-11001209,warranty_form,warranty_form_a4,v1,1,per_artifact/warranty_form/WC-SKU-MASS-008-202507-11001209.json
WC-SKU-MASS-008-202507-11002823,warranty_form,warranty_form_a4,v1,1,per_artifact/warranty_form/WC-SKU-MASS-008-202507-11002823.json
WC-SKU-MASS-008-202508-22025341,warranty_form,warranty_form_a4,v1,1,per_artifact/warranty_form/WC-SKU-MASS-008-202508-22025341.json
WC-SKU-MASS-008-202510-09024896,warranty_form,warranty_form_a4,v1,1,per_artifact/warranty_form/WC-SKU-MASS-008-202510-09024896.json
WC-SKU-MASS-008-202510-22025786,warranty_form,warranty_form_a4,v1,1,per_artifact/warranty_form/WC-SKU-MASS-008-202510-22025786.json
WC-SKU-MASS-009-202402-29025298,warranty_form,warranty_form_a4,v1,1,per_artifact/warranty_form/WC-SKU-MASS-009-202402-29025298.json
WC-SKU-MASS-009-202403-03027816,warranty_form,warranty_form_a4,v1,1,per_artifact/warranty_form/WC-SKU-MASS-009-202403-03027816.json
WC-SKU-MASS-009-202404-28029594,warranty_form,warranty_form_a4,v1,1,per_artifact/warranty_form/WC-SKU-MASS-009-202404-28029594.json
WC-SKU-MASS-009-202405-20021318,warranty_form,warranty_form_a4,v1,1,per_artifact/warranty_form/WC-SKU-MASS-009-202405-20021318.json
WC-SKU-MASS-009-202406-23021066,warranty_form,warranty_form_a4,v1,1,per_artifact/warranty_form/WC-SKU-MASS-009-202406-23021066.json
WC-SKU-MASS-009-202407-25009631,warranty_form,warranty_form_a4,v1,1,per_artifact/warranty_form/WC-SKU-MASS-009-202407-25009631.json
WC-SKU-MASS-009-202408-13010721,warranty_form,warranty_form_a4,v1,1,per_artifact/warranty_form/WC-SKU-MASS-009-202408-13010721.json
WC-SKU-MASS-009-202408-21026661,warranty_form,warranty_form_a4,v1,1,per_artifact/warranty_form/WC-SKU-MASS-009-202408-21026661.json
WC-SKU-MASS-009-202412-27001308,warranty_form,warranty_form_a4,v1,1,per_artifact/warranty_form/WC-SKU-MASS-009-202412-27001308.json
WC-SKU-MASS-009-202502-07011963,warranty_form,warranty_form_a4,v1,1,per_artifact/warranty_form/WC-SKU-MASS-009-202502-07011963.json
WC-SKU-MASS-009-202503-14021863,warranty_form,warranty_form_a4,v1,1,per_artifact/warranty_form/WC-SKU-MASS-009-202503-14021863.json
WC-SKU-MASS-009-202504-22028374,warranty_form,warranty_form_a4,v1,1,per_artifact/warranty_form/WC-SKU-MASS-009-202504-22028374.json
WC-SKU-MASS-009-202504-26005149,warranty_form,warranty_form_a4,v1,1,per_artifact/warranty_form/WC-SKU-MASS-009-202504-26005149.json
WC-SKU-MASS-009-202505-24023839,warranty_form,warranty_form_a4,v1,1,per_artifact/warranty_form/WC-SKU-MASS-009-202505-24023839.json
WC-SKU-MASS-009-202507-10011607,warranty_form,warranty_form_a4,v1,1,per_artifact/warranty_form/WC-SKU-MASS-009-202507-10011607.json
WC-SKU-MASS-009-202512-30022084,warranty_form,warranty_form_a4,v1,1,per_artifact/warranty_form/WC-SKU-MASS-009-202512-30022084.json
WC-SKU-MASS-010-202403-25021172,warranty_form,warranty_form_a4,v1,1,per_artifact/warranty_form/WC-SKU-MASS-010-202403-25021172.json
WC-SKU-MASS-010-202405-19005191,warranty_form,warranty_form_a4,v1,1,per_artifact/warranty_form/WC-SKU-MASS-010-202405-19005191.json
WC-SKU-MASS-010-202407-13026301,warranty_form,warranty_form_a4,v1,1,per_artifact/warranty_form/WC-SKU-MASS-010-202407-13026301.json
WC-SKU-MASS-010-202407-22013869,warranty_form,warranty_form_a4,v1,1,per_artifact/warranty_form/WC-SKU-MASS-010-202407-22013869.json
WC-SKU-MASS-010-202408-21002831,warranty_form,warranty_form_a4,v1,1,per_artifact/warranty_form/WC-SKU-MASS-010-202408-21002831.json
WC-SKU-MASS-010-202410-05024393,warranty_form,warranty_form_a4,v1,1,per_artifact/warranty_form/WC-SKU-MASS-010-202410-05024393.json
WC-SKU-MASS-010-202412-02020743,warranty_form,warranty_form_a4,v1,1,per_artifact/warranty_form/WC-SKU-MASS-010-202412-02020743.json
WC-SKU-MASS-010-202501-24008636,warranty_form,warranty_form_a4,v1,1,per_artifact/warranty_form/WC-SKU-MASS-010-202501-24008636.json
WC-SKU-MASS-010-202503-27004747,warranty_form,warranty_form_a4,v1,1,per_artifact/warranty_form/WC-SKU-MASS-010-202503-27004747.json
WC-SKU-MASS-010-202505-04001333,warranty_form,warranty_form_a4,v1,1,per_artifact/warranty_form/WC-SKU-MASS-010-202505-04001333.json
WC-SKU-MASS-010-202505-15028321,warranty_form,warranty_form_a4,v1,1,per_artifact/warranty_form/WC-SKU-MASS-010-202505-15028321.json
WC-SKU-MASS-010-202505-25012012,warranty_form,warranty_form_a4,v1,1,per_artifact/warranty_form/WC-SKU-MASS-010-202505-25012012.json
WC-SKU-MASS-010-202507-03024898,warranty_form,warranty_form_a4,v1,1,per_artifact/warranty_form/WC-SKU-MASS-010-202507-03024898.json
WC-SKU-MASS-010-202507-11006099,warranty_form,warranty_form_a4,v1,1,per_artifact/warranty_form/WC-SKU-MASS-010-202507-11006099.json
WC-SKU-MASS-010-202509-03023967,warranty_form,warranty_form_a4,v1,1,per_artifact/warranty_form/WC-SKU-MASS-010-202509-03023967.json
WC-SKU-MASS-010-202509-17019504,warranty_form,warranty_form_a4,v1,1,per_artifact/warranty_form/WC-SKU-MASS-010-202509-17019504.json
WC-SKU-MASS-010-202509-25016983,warranty_form,warranty_form_a4,v1,1,per_artifact/warranty_form/WC-SKU-MASS-010-202509-25016983.json
WC-SKU-MASS-010-202510-14021753,warranty_form,warranty_form_a4,v1,1,per_artifact/warranty_form/WC-SKU-MASS-010-202510-14021753.json
WC-SKU-MASS-010-202512-07029050,warranty_form,warranty_form_a4,v1,1,per_artifact/warranty_form/WC-SKU-MASS-010-202512-07029050.json
WC-SKU-MASS-011-202401-13009364,warranty_form,warranty_form_a4,v1,1,per_artifact/warranty_form/WC-SKU-MASS-011-202401-13009364.json
WC-SKU-MASS-011-202402-05009526,warranty_form,warranty_form_a4,v1,1,per_artifact/warranty_form/WC-SKU-MASS-011-202402-05009526.json
WC-SKU-MASS-011-202404-06001584,warranty_form,warranty_form_a4,v1,1,per_artifact/warranty_form/WC-SKU-MASS-011-202404-06001584.json
WC-SKU-MASS-011-202405-23008511,warranty_form,warranty_form_a4,v1,1,per_artifact/warranty_form/WC-SKU-MASS-011-202405-23008511.json
WC-SKU-MASS-011-202406-11021381,warranty_form,warranty_form_a4,v1,1,per_artifact/warranty_form/WC-SKU-MASS-011-202406-11021381.json
WC-SKU-MASS-011-202407-19028686,warranty_form,warranty_form_a4,v1,1,per_artifact/warranty_form/WC-SKU-MASS-011-202407-19028686.json
WC-SKU-MASS-011-202407-24018767,warranty_form,warranty_form_a4,v1,1,per_artifact/warranty_form/WC-SKU-MASS-011-202407-24018767.json
WC-SKU-MASS-011-202408-31017917,warranty_form,warranty_form_a4,v1,1,per_artifact/warranty_form/WC-SKU-MASS-011-202408-31017917.json
WC-SKU-MASS-011-202409-03021472,warranty_form,warranty_form_a4,v1,1,per_artifact/warranty_form/WC-SKU-MASS-011-202409-03021472.json
WC-SKU-MASS-011-202409-04019944,warranty_form,warranty_form_a4,v1,1,per_artifact/warranty_form/WC-SKU-MASS-011-202409-04019944.json
WC-SKU-MASS-011-202409-17029491,warranty_form,warranty_form_a4,v1,1,per_artifact/warranty_form/WC-SKU-MASS-011-202409-17029491.json
WC-SKU-MASS-011-202409-19011557,warranty_form,warranty_form_a4,v1,1,per_artifact/warranty_form/WC-SKU-MASS-011-202409-19011557.json
WC-SKU-MASS-011-202410-01007744,warranty_form,warranty_form_a4,v1,1,per_artifact/warranty_form/WC-SKU-MASS-011-202410-01007744.json
WC-SKU-MASS-011-202411-07010177,warranty_form,warranty_form_a4,v1,1,per_artifact/warranty_form/WC-SKU-MASS-011-202411-07010177.json
WC-SKU-MASS-011-202411-14023852,warranty_form,warranty_form_a4,v1,1,per_artifact/warranty_form/WC-SKU-MASS-011-202411-14023852.json
WC-SKU-MASS-011-202412-05006256,warranty_form,warranty_form_a4,v1,1,per_artifact/warranty_form/WC-SKU-MASS-011-202412-05006256.json
WC-SKU-MASS-011-202412-29007260,warranty_form,warranty_form_a4,v1,1,per_artifact/warranty_form/WC-SKU-MASS-011-202412-29007260.json
WC-SKU-MASS-011-202412-30002766,warranty_form,warranty_form_a4,v1,1,per_artifact/warranty_form/WC-SKU-MASS-011-202412-30002766.json
WC-SKU-MASS-011-202501-16009809,warranty_form,warranty_form_a4,v1,1,per_artifact/warranty_form/WC-SKU-MASS-011-202501-16009809.json
WC-SKU-MASS-011-202501-30014082,warranty_form,warranty_form_a4,v1,1,per_artifact/warranty_form/WC-SKU-MASS-011-202501-30014082.json
WC-SKU-MASS-011-202503-02003695,warranty_form,warranty_form_a4,v1,1,per_artifact/warranty_form/WC-SKU-MASS-011-202503-02003695.json
WC-SKU-MASS-011-202504-30010186,warranty_form,warranty_form_a4,v1,1,per_artifact/warranty_form/WC-SKU-MASS-011-202504-30010186.json
WC-SKU-MASS-011-202506-29027921,warranty_form,warranty_form_a4,v1,1,per_artifact/warranty_form/WC-SKU-MASS-011-202506-29027921.json
WC-SKU-MASS-011-202507-19027193,warranty_form,warranty_form_a4,v1,1,per_artifact/warranty_form/WC-SKU-MASS-011-202507-19027193.json
WC-SKU-MASS-011-202509-18016842,warranty_form,warranty_form_a4,v1,1,per_artifact/warranty_form/WC-SKU-MASS-011-202509-18016842.json
WC-SKU-MASS-011-202512-04021924,warranty_form,warranty_form_a4,v1,1,per_artifact/warranty_form/WC-SKU-MASS-011-202512-04021924.json
WC-SKU-MASS-011-202512-06028249,warranty_form,warranty_form_a4,v1,1,per_artifact/warranty_form/WC-SKU-MASS-011-202512-06028249.json
WC-SKU-MASS-012-202403-05012226,warranty_form,warranty_form_a4,v1,1,per_artifact/warranty_form/WC-SKU-MASS-012-202403-05012226.json
WC-SKU-MASS-012-202406-17020539,warranty_form,warranty_form_a4,v1,1,per_artifact/warranty_form/WC-SKU-MASS-012-202406-17020539.json
WC-SKU-MASS-012-202408-24009746,warranty_form,warranty_form_a4,v1,1,per_artifact/warranty_form/WC-SKU-MASS-012-202408-24009746.json
WC-SKU-MASS-012-202409-30016855,warranty_form,warranty_form_a4,v1,1,per_artifact/warranty_form/WC-SKU-MASS-012-202409-30016855.json
WC-SKU-MASS-012-202501-22020951,warranty_form,warranty_form_a4,v1,1,per_artifact/warranty_form/WC-SKU-MASS-012-202501-22020951.json
WC-SKU-MASS-012-202502-24012680,warranty_form,warranty_form_a4,v1,1,per_artifact/warranty_form/WC-SKU-MASS-012-202502-24012680.json
WC-SKU-MASS-012-202505-12010638,warranty_form,warranty_form_a4,v1,1,per_artifact/warranty_form/WC-SKU-MASS-012-202505-12010638.json
WC-SKU-MASS-012-202509-17016495,warranty_form,warranty_form_a4,v1,1,per_artifact/warranty_form/WC-SKU-MASS-012-202509-17016495.json
WC-SKU-MASS-012-202509-24000356,warranty_form,warranty_form_a4,v1,1,per_artifact/warranty_form/WC-SKU-MASS-012-202509-24000356.json
WC-SKU-MASS-012-202509-28015464,warranty_form,warranty_form_a4,v1,1,per_artifact/warranty_form/WC-SKU-MASS-012-202509-28015464.json
WC-SKU-MASS-012-202510-14021778,warranty_form,warranty_form_a4,v1,1,per_artifact/warranty_form/WC-SKU-MASS-012-202510-14021778.json
WC-SKU-MASS-012-202511-05004199,warranty_form,warranty_form_a4,v1,1,per_artifact/warranty_form/WC-SKU-MASS-012-202511-05004199.json
WC-SKU-MASS-012-202511-14016445,warranty_form,warranty_form_a4,v1,1,per_artifact/warranty_form/WC-SKU-MASS-012-202511-14016445.json
WC-SKU-MASS-012-202512-12002714,warranty_form,warranty_form_a4,v1,1,per_artifact/warranty_form/WC-SKU-MASS-012-202512-12002714.json
WC-SKU-MASS-012-202512-24008687,warranty_form,warranty_form_a4,v1,1,per_artifact/warranty_form/WC-SKU-MASS-012-202512-24008687.json
WC-SKU-MASS-013-202402-26008918,warranty_form,warranty_form_a4,v1,1,per_artifact/warranty_form/WC-SKU-MASS-013-202402-26008918.json
WC-SKU-MASS-013-202408-27019811,warranty_form,warranty_form_a4,v1,1,per_artifact/warranty_form/WC-SKU-MASS-013-202408-27019811.json
WC-SKU-MASS-013-202411-06013969,warranty_form,warranty_form_a4,v1,1,per_artifact/warranty_form/WC-SKU-MASS-013-202411-06013969.json
WC-SKU-MASS-013-202411-30004039,warranty_form,warranty_form_a4,v1,1,per_artifact/warranty_form/WC-SKU-MASS-013-202411-30004039.json
WC-SKU-MASS-013-202412-07022636,warranty_form,warranty_form_a4,v1,1,per_artifact/warranty_form/WC-SKU-MASS-013-202412-07022636.json
WC-SKU-MASS-013-202412-23009054,warranty_form,warranty_form_a4,v1,1,per_artifact/warranty_form/WC-SKU-MASS-013-202412-23009054.json
WC-SKU-MASS-013-202502-28012257,warranty_form,warranty_form_a4,v1,1,per_artifact/warranty_form/WC-SKU-MASS-013-202502-28012257.json
WC-SKU-MASS-013-202504-09000193,warranty_form,warranty_form_a4,v1,1,per_artifact/warranty_form/WC-SKU-MASS-013-202504-09000193.json
WC-SKU-MASS-013-202504-09013494,warranty_form,warranty_form_a4,v1,1,per_artifact/warranty_form/WC-SKU-MASS-013-202504-09013494.json
WC-SKU-MASS-013-202504-12008194,warranty_form,warranty_form_a4,v1,1,per_artifact/warranty_form/WC-SKU-MASS-013-202504-12008194.json
WC-SKU-MASS-013-202509-09023040,warranty_form,warranty_form_a4,v1,1,per_artifact/warranty_form/WC-SKU-MASS-013-202509-09023040.json
WC-SKU-MASS-014-202402-25000843,warranty_form,warranty_form_a4,v1,1,per_artifact/warranty_form/WC-SKU-MASS-014-202402-25000843.json
WC-SKU-MASS-014-202402-29020171,warranty_form,warranty_form_a4,v1,1,per_artifact/warranty_form/WC-SKU-MASS-014-202402-29020171.json
WC-SKU-MASS-014-202404-25024216,warranty_form,warranty_form_a4,v1,1,per_artifact/warranty_form/WC-SKU-MASS-014-202404-25024216.json
WC-SKU-MASS-014-202406-21016216,warranty_form,warranty_form_a4,v1,1,per_artifact/warranty_form/WC-SKU-MASS-014-202406-21016216.json
WC-SKU-MASS-014-202407-04012658,warranty_form,warranty_form_a4,v1,1,per_artifact/warranty_form/WC-SKU-MASS-014-202407-04012658.json
WC-SKU-MASS-014-202407-19003716,warranty_form,warranty_form_a4,v1,1,per_artifact/warranty_form/WC-SKU-MASS-014-202407-19003716.json
WC-SKU-MASS-014-202407-29020477,warranty_form,warranty_form_a4,v1,1,per_artifact/warranty_form/WC-SKU-MASS-014-202407-29020477.json
WC-SKU-MASS-014-202409-05019398,warranty_form,warranty_form_a4,v1,1,per_artifact/warranty_form/WC-SKU-MASS-014-202409-05019398.json
WC-SKU-MASS-014-202409-14008858,warranty_form,warranty_form_a4,v1,1,per_artifact/warranty_form/WC-SKU-MASS-014-202409-14008858.json
WC-SKU-MASS-014-202409-15022077,warranty_form,warranty_form_a4,v1,1,per_artifact/warranty_form/WC-SKU-MASS-014-202409-15022077.json
WC-SKU-MASS-014-202411-23009060,warranty_form,warranty_form_a4,v1,1,per_artifact/warranty_form/WC-SKU-MASS-014-202411-23009060.json
WC-SKU-MASS-014-202412-08028394,warranty_form,warranty_form_a4,v1,1,per_artifact/warranty_form/WC-SKU-MASS-014-202412-08028394.json
WC-SKU-MASS-014-202412-18015858,warranty_form,warranty_form_a4,v1,1,per_artifact/warranty_form/WC-SKU-MASS-014-202412-18015858.json
WC-SKU-MASS-014-202502-10020560,warranty_form,warranty_form_a4,v1,1,per_artifact/warranty_form/WC-SKU-MASS-014-202502-10020560.json
WC-SKU-MASS-014-202502-11013853,warranty_form,warranty_form_a4,v1,1,per_artifact/warranty_form/WC-SKU-MASS-014-202502-11013853.json
WC-SKU-MASS-014-202502-24014049,warranty_form,warranty_form_a4,v1,1,per_artifact/warranty_form/WC-SKU-MASS-014-202502-24014049.json
WC-SKU-MASS-014-202503-07003159,warranty_form,warranty_form_a4,v1,1,per_artifact/warranty_form/WC-SKU-MASS-014-202503-07003159.json
WC-SKU-MASS-014-202503-29025786,warranty_form,warranty_form_a4,v1,1,per_artifact/warranty_form/WC-SKU-MASS-014-202503-29025786.json
WC-SKU-MASS-014-202505-08028753,warranty_form,warranty_form_a4,v1,1,per_artifact/warranty_form/WC-SKU-MASS-014-202505-08028753.json
WC-SKU-MASS-014-202508-04024267,warranty_form,warranty_form_a4,v1,1,per_artifact/warranty_form/WC-SKU-MASS-014-202508-04024267.json
WC-SKU-MASS-014-202508-28018099,warranty_form,warranty_form_a4,v1,1,per_artifact/warranty_form/WC-SKU-MASS-014-202508-28018099.json
WC-SKU-MASS-014-202509-02010126,warranty_form,warranty_form_a4,v1,1,per_artifact/warranty_form/WC-SKU-MASS-014-202509-02010126.json
WC-SKU-MASS-014-202510-25013398,warranty_form,warranty_form_a4,v1,1,per_artifact/warranty_form/WC-SKU-MASS-014-202510-25013398.json
WC-SKU-MASS-014-202512-23023661,warranty_form,warranty_form_a4,v1,1,per_artifact/warranty_form/WC-SKU-MASS-014-202512-23023661.json
WC-SKU-MASS-015-202401-07024362,warranty_form,warranty_form_a4,v1,1,per_artifact/warranty_form/WC-SKU-MASS-015-202401-07024362.json
WC-SKU-MASS-015-202403-06006246,warranty_form,warranty_form_a4,v1,1,per_artifact/warranty_form/WC-SKU-MASS-015-202403-06006246.json
WC-SKU-MASS-015-202404-20023538,warranty_form,warranty_form_a4,v1,1,per_artifact/warranty_form/WC-SKU-MASS-015-202404-20023538.json
WC-SKU-MASS-015-202406-05013007,warranty_form,warranty_form_a4,v1,1,per_artifact/warranty_form/WC-SKU-MASS-015-202406-05013007.json
WC-SKU-MASS-015-202407-21026119,warranty_form,warranty_form_a4,v1,1,per_artifact/warranty_form/WC-SKU-MASS-015-202407-21026119.json
WC-SKU-MASS-015-202408-21000284,warranty_form,warranty_form_a4,v1,1,per_artifact/warranty_form/WC-SKU-MASS-015-202408-21000284.json
WC-SKU-MASS-015-202409-20012458,warranty_form,warranty_form_a4,v1,1,per_artifact/warranty_form/WC-SKU-MASS-015-202409-20012458.json
WC-SKU-MASS-015-202412-20028553,warranty_form,warranty_form_a4,v1,1,per_artifact/warranty_form/WC-SKU-MASS-015-202412-20028553.json
WC-SKU-MASS-015-202501-06009758,warranty_form,warranty_form_a4,v1,1,per_artifact/warranty_form/WC-SKU-MASS-015-202501-06009758.json
WC-SKU-MASS-015-202502-20028895,warranty_form,warranty_form_a4,v1,1,per_artifact/warranty_form/WC-SKU-MASS-015-202502-20028895.json
WC-SKU-MASS-015-202503-17016584,warranty_form,warranty_form_a4,v1,1,per_artifact/warranty_form/WC-SKU-MASS-015-202503-17016584.json
WC-SKU-MASS-015-202504-12016870,warranty_form,warranty_form_a4,v1,1,per_artifact/warranty_form/WC-SKU-MASS-015-202504-12016870.json
WC-SKU-MASS-015-202509-23028862,warranty_form,warranty_form_a4,v1,1,per_artifact/warranty_form/WC-SKU-MASS-015-202509-23028862.json
WC-SKU-MASS-016-202402-01008831,warranty_form,warranty_form_a4,v1,1,per_artifact/warranty_form/WC-SKU-MASS-016-202402-01008831.json
WC-SKU-MASS-016-202404-24021423,warranty_form,warranty_form_a4,v1,1,per_artifact/warranty_form/WC-SKU-MASS-016-202404-24021423.json
WC-SKU-MASS-016-202406-09006429,warranty_form,warranty_form_a4,v1,1,per_artifact/warranty_form/WC-SKU-MASS-016-202406-09006429.json
WC-SKU-MASS-016-202408-17010529,warranty_form,warranty_form_a4,v1,1,per_artifact/warranty_form/WC-SKU-MASS-016-202408-17010529.json
WC-SKU-MASS-016-202408-20016036,warranty_form,warranty_form_a4,v1,1,per_artifact/warranty_form/WC-SKU-MASS-016-202408-20016036.json
WC-SKU-MASS-016-202409-25007359,warranty_form,warranty_form_a4,v1,1,per_artifact/warranty_form/WC-SKU-MASS-016-202409-25007359.json
WC-SKU-MASS-016-202410-10005124,warranty_form,warranty_form_a4,v1,1,per_artifact/warranty_form/WC-SKU-MASS-016-202410-10005124.json
WC-SKU-MASS-016-202501-01020260,warranty_form,warranty_form_a4,v1,1,per_artifact/warranty_form/WC-SKU-MASS-016-202501-01020260.json
WC-SKU-MASS-016-202501-03018921,warranty_form,warranty_form_a4,v1,1,per_artifact/warranty_form/WC-SKU-MASS-016-202501-03018921.json
WC-SKU-MASS-016-202502-28012150,warranty_form,warranty_form_a4,v1,1,per_artifact/warranty_form/WC-SKU-MASS-016-202502-28012150.json
WC-SKU-MASS-016-202506-02025769,warranty_form,warranty_form_a4,v1,1,per_artifact/warranty_form/WC-SKU-MASS-016-202506-02025769.json
WC-SKU-MASS-016-202508-01015535,warranty_form,warranty_form_a4,v1,1,per_artifact/warranty_form/WC-SKU-MASS-016-202508-01015535.json
WC-SKU-MASS-016-202508-23012108,warranty_form,warranty_form_a4,v1,1,per_artifact/warranty_form/WC-SKU-MASS-016-202508-23012108.json
WC-SKU-MASS-016-202509-08024349,warranty_form,warranty_form_a4,v1,1,per_artifact/warranty_form/WC-SKU-MASS-016-202509-08024349.json
WC-SKU-MASS-016-202510-21009384,warranty_form,warranty_form_a4,v1,1,per_artifact/warranty_form/WC-SKU-MASS-016-202510-21009384.json
WC-SKU-MASS-016-202510-24028233,warranty_form,warranty_form_a4,v1,1,per_artifact/warranty_form/WC-SKU-MASS-016-202510-24028233.json
WC-SKU-MASS-016-202511-05003097,warranty_form,warranty_form_a4,v1,1,per_artifact/warranty_form/WC-SKU-MASS-016-202511-05003097.json
WC-SKU-MASS-016-202512-30008929,warranty_form,warranty_form_a4,v1,1,per_artifact/warranty_form/WC-SKU-MASS-016-202512-30008929.json
WC-SKU-MASS-017-202401-24004037,warranty_form,warranty_form_a4,v1,1,per_artifact/warranty_form/WC-SKU-MASS-017-202401-24004037.json
WC-SKU-MASS-017-202402-05011856,warranty_form,warranty_form_a4,v1,1,per_artifact/warranty_form/WC-SKU-MASS-017-202402-05011856.json
WC-SKU-MASS-017-202404-08028699,warranty_form,warranty_form_a4,v1,1,per_artifact/warranty_form/WC-SKU-MASS-017-202404-08028699.json
WC-SKU-MASS-017-202411-06022206,warranty_form,warranty_form_a4,v1,1,per_artifact/warranty_form/WC-SKU-MASS-017-202411-06022206.json
WC-SKU-MASS-017-202501-22009144,warranty_form,warranty_form_a4,v1,1,per_artifact/warranty_form/WC-SKU-MASS-017-202501-22009144.json
WC-SKU-MASS-017-202504-10017130,warranty_form,warranty_form_a4,v1,1,per_artifact/warranty_form/WC-SKU-MASS-017-202504-10017130.json
WC-SKU-MASS-017-202504-19022247,warranty_form,warranty_form_a4,v1,1,per_artifact/warranty_form/WC-SKU-MASS-017-202504-19022247.json
WC-SKU-MASS-017-202505-08028809,warranty_form,warranty_form_a4,v1,1,per_artifact/warranty_form/WC-SKU-MASS-017-202505-08028809.json
WC-SKU-MASS-017-202505-15000220,warranty_form,warranty_form_a4,v1,1,per_artifact/warranty_form/WC-SKU-MASS-017-202505-15000220.json
WC-SKU-MASS-017-202506-01013502,warranty_form,warranty_form_a4,v1,1,per_artifact/warranty_form/WC-SKU-MASS-017-202506-01013502.json
WC-SKU-MASS-017-202506-13021906,warranty_form,warranty_form_a4,v1,1,per_artifact/warranty_form/WC-SKU-MASS-017-202506-13021906.json
WC-SKU-MASS-017-202507-31000084,warranty_form,warranty_form_a4,v1,1,per_artifact/warranty_form/WC-SKU-MASS-017-202507-31000084.json
WC-SKU-MASS-017-202508-19028061,warranty_form,warranty_form_a4,v1,1,per_artifact/warranty_form/WC-SKU-MASS-017-202508-19028061.json
WC-SKU-MASS-017-202510-26000016,warranty_form,warranty_form_a4,v1,1,per_artifact/warranty_form/WC-SKU-MASS-017-202510-26000016.json
WC-SKU-MASS-017-202511-12027721,warranty_form,warranty_form_a4,v1,1,per_artifact/warranty_form/WC-SKU-MASS-017-202511-12027721.json
WC-SKU-MASS-017-202512-12009161,warranty_form,warranty_form_a4,v1,1,per_artifact/warranty_form/WC-SKU-MASS-017-202512-12009161.json
WC-SKU-MASS-018-202402-06002862,warranty_form,warranty_form_a4,v1,1,per_artifact/warranty_form/WC-SKU-MASS-018-202402-06002862.json
WC-SKU-MASS-018-202404-19010498,warranty_form,warranty_form_a4,v1,1,per_artifact/warranty_form/WC-SKU-MASS-018-202404-19010498.json
WC-SKU-MASS-018-202404-24007485,warranty_form,warranty_form_a4,v1,1,per_artifact/warranty_form/WC-SKU-MASS-018-202404-24007485.json
WC-SKU-MASS-018-202408-29004366,warranty_form,warranty_form_a4,v1,1,per_artifact/warranty_form/WC-SKU-MASS-018-202408-29004366.json
WC-SKU-MASS-018-202409-21008092,warranty_form,warranty_form_a4,v1,1,per_artifact/warranty_form/WC-SKU-MASS-018-202409-21008092.json
WC-SKU-MASS-018-202411-14003779,warranty_form,warranty_form_a4,v1,1,per_artifact/warranty_form/WC-SKU-MASS-018-202411-14003779.json
WC-SKU-MASS-018-202411-29014620,warranty_form,warranty_form_a4,v1,1,per_artifact/warranty_form/WC-SKU-MASS-018-202411-29014620.json
WC-SKU-MASS-018-202504-23027840,warranty_form,warranty_form_a4,v1,1,per_artifact/warranty_form/WC-SKU-MASS-018-202504-23027840.json
WC-SKU-MASS-018-202505-03027091,warranty_form,warranty_form_a4,v1,1,per_artifact/warranty_form/WC-SKU-MASS-018-202505-03027091.json
WC-SKU-MASS-018-202506-03028148,warranty_form,warranty_form_a4,v1,1,per_artifact/warranty_form/WC-SKU-MASS-018-202506-03028148.json
WC-SKU-MASS-018-202506-10008778,warranty_form,warranty_form_a4,v1,1,per_artifact/warranty_form/WC-SKU-MASS-018-202506-10008778.json
WC-SKU-MASS-018-202506-21000504,warranty_form,warranty_form_a4,v1,1,per_artifact/warranty_form/WC-SKU-MASS-018-202506-21000504.json
WC-SKU-MASS-018-202507-06006059,warranty_form,warranty_form_a4,v1,1,per_artifact/warranty_form/WC-SKU-MASS-018-202507-06006059.json
WC-SKU-MASS-018-202508-05016146,warranty_form,warranty_form_a4,v1,1,per_artifact/warranty_form/WC-SKU-MASS-018-202508-05016146.json
WC-SKU-MASS-018-202509-19005646,warranty_form,warranty_form_a4,v1,1,per_artifact/warranty_form/WC-SKU-MASS-018-202509-19005646.json
WC-SKU-MASS-018-202511-15025928,warranty_form,warranty_form_a4,v1,1,per_artifact/warranty_form/WC-SKU-MASS-018-202511-15025928.json
WC-SKU-MASS-018-202511-19004285,warranty_form,warranty_form_a4,v1,1,per_artifact/warranty_form/WC-SKU-MASS-018-202511-19004285.json
WC-SKU-MASS-018-202511-30016603,warranty_form,warranty_form_a4,v1,1,per_artifact/warranty_form/WC-SKU-MASS-018-202511-30016603.json
WC-SKU-MASS-019-202401-24003342,warranty_form,warranty_form_a4,v1,1,per_artifact/warranty_form/WC-SKU-MASS-019-202401-24003342.json
WC-SKU-MASS-019-202401-30011902,warranty_form,warranty_form_a4,v1,1,per_artifact/warranty_form/WC-SKU-MASS-019-202401-30011902.json
WC-SKU-MASS-019-202404-06003792,warranty_form,warranty_form_a4,v1,1,per_artifact/warranty_form/WC-SKU-MASS-019-202404-06003792.json
WC-SKU-MASS-019-202404-26006911,warranty_form,warranty_form_a4,v1,1,per_artifact/warranty_form/WC-SKU-MASS-019-202404-26006911.json
WC-SKU-MASS-019-202408-07003713,warranty_form,warranty_form_a4,v1,1,per_artifact/warranty_form/WC-SKU-MASS-019-202408-07003713.json
WC-SKU-MASS-019-202408-15025864,warranty_form,warranty_form_a4,v1,1,per_artifact/warranty_form/WC-SKU-MASS-019-202408-15025864.json
WC-SKU-MASS-019-202501-01026233,warranty_form,warranty_form_a4,v1,1,per_artifact/warranty_form/WC-SKU-MASS-019-202501-01026233.json
WC-SKU-MASS-019-202504-08017886,warranty_form,warranty_form_a4,v1,1,per_artifact/warranty_form/WC-SKU-MASS-019-202504-08017886.json
WC-SKU-MASS-019-202505-22014893,warranty_form,warranty_form_a4,v1,1,per_artifact/warranty_form/WC-SKU-MASS-019-202505-22014893.json
WC-SKU-MASS-019-202506-03014729,warranty_form,warranty_form_a4,v1,1,per_artifact/warranty_form/WC-SKU-MASS-019-202506-03014729.json
WC-SKU-MASS-019-202507-14012480,warranty_form,warranty_form_a4,v1,1,per_artifact/warranty_form/WC-SKU-MASS-019-202507-14012480.json
WC-SKU-MASS-019-202510-07008942,warranty_form,warranty_form_a4,v1,1,per_artifact/warranty_form/WC-SKU-MASS-019-202510-07008942.json
WC-SKU-MASS-019-202510-24029659,warranty_form,warranty_form_a4,v1,1,per_artifact/warranty_form/WC-SKU-MASS-019-202510-24029659.json
WC-SKU-MASS-019-202512-10006763,warranty_form,warranty_form_a4,v1,1,per_artifact/warranty_form/WC-SKU-MASS-019-202512-10006763.json
WC-SKU-MASS-020-202402-03000276,warranty_form,warranty_form_a4,v1,1,per_artifact/warranty_form/WC-SKU-MASS-020-202402-03000276.json
WC-SKU-MASS-020-202403-10000027,warranty_form,warranty_form_a4,v1,1,per_artifact/warranty_form/WC-SKU-MASS-020-202403-10000027.json
WC-SKU-MASS-020-202404-03001896,warranty_form,warranty_form_a4,v1,1,per_artifact/warranty_form/WC-SKU-MASS-020-202404-03001896.json
WC-SKU-MASS-020-202404-04001307,warranty_form,warranty_form_a4,v1,1,per_artifact/warranty_form/WC-SKU-MASS-020-202404-04001307.json
WC-SKU-MASS-020-202405-18020717,warranty_form,warranty_form_a4,v1,1,per_artifact/warranty_form/WC-SKU-MASS-020-202405-18020717.json
WC-SKU-MASS-020-202406-02028558,warranty_form,warranty_form_a4,v1,1,per_artifact/warranty_form/WC-SKU-MASS-020-202406-02028558.json
WC-SKU-MASS-020-202407-30014434,warranty_form,warranty_form_a4,v1,1,per_artifact/warranty_form/WC-SKU-MASS-020-202407-30014434.json
WC-SKU-MASS-020-202408-08029203,warranty_form,warranty_form_a4,v1,1,per_artifact/warranty_form/WC-SKU-MASS-020-202408-08029203.json
WC-SKU-MASS-020-202408-26022035,warranty_form,warranty_form_a4,v1,1,per_artifact/warranty_form/WC-SKU-MASS-020-202408-26022035.json
WC-SKU-MASS-020-202412-17002410,warranty_form,warranty_form_a4,v1,1,per_artifact/warranty_form/WC-SKU-MASS-020-202412-17002410.json
WC-SKU-MASS-020-202412-31028990,warranty_form,warranty_form_a4,v1,1,per_artifact/warranty_form/WC-SKU-MASS-020-202412-31028990.json
WC-SKU-MASS-020-202502-15024721,warranty_form,warranty_form_a4,v1,1,per_artifact/warranty_form/WC-SKU-MASS-020-202502-15024721.json
WC-SKU-MASS-020-202502-27012905,warranty_form,warranty_form_a4,v1,1,per_artifact/warranty_form/WC-SKU-MASS-020-202502-27012905.json
WC-SKU-MASS-020-202503-07026943,warranty_form,warranty_form_a4,v1,1,per_artifact/warranty_form/WC-SKU-MASS-020-202503-07026943.json
WC-SKU-MASS-020-202503-21013037,warranty_form,warranty_form_a4,v1,1,per_artifact/warranty_form/WC-SKU-MASS-020-202503-21013037.json
WC-SKU-MASS-020-202503-24017891,warranty_form,warranty_form_a4,v1,1,per_artifact/warranty_form/WC-SKU-MASS-020-202503-24017891.json
WC-SKU-MASS-020-202504-07011118,warranty_form,warranty_form_a4,v1,1,per_artifact/warranty_form/WC-SKU-MASS-020-202504-07011118.json
WC-SKU-MASS-020-202504-26029673,warranty_form,warranty_form_a4,v1,1,per_artifact/warranty_form/WC-SKU-MASS-020-202504-26029673.json
WC-SKU-MASS-020-202505-03023521,warranty_form,warranty_form_a4,v1,1,per_artifact/warranty_form/WC-SKU-MASS-020-202505-03023521.json
WC-SKU-MASS-020-202506-10013044,warranty_form,warranty_form_a4,v1,1,per_artifact/warranty_form/WC-SKU-MASS-020-202506-10013044.json
WC-SKU-MASS-020-202507-17015659,warranty_form,warranty_form_a4,v1,1,per_artifact/warranty_form/WC-SKU-MASS-020-202507-17015659.json
WC-SKU-MASS-020-202510-25027214,warranty_form,warranty_form_a4,v1,1,per_artifact/warranty_form/WC-SKU-MASS-020-202510-25027214.json
WC-SKU-MASS-020-202512-14021180,warranty_form,warranty_form_a4,v1,1,per_artifact/warranty_form/WC-SKU-MASS-020-202512-14021180.json
WC-SKU-MASS-021-202402-09028843,warranty_form,warranty_form_a4,v1,1,per_artifact/warranty_form/WC-SKU-MASS-021-202402-09028843.json
WC-SKU-MASS-021-202402-12026347,warranty_form,warranty_form_a4,v1,1,per_artifact/warranty_form/WC-SKU-MASS-021-202402-12026347.json
WC-SKU-MASS-021-202402-26027696,warranty_form,warranty_form_a4,v1,1,per_artifact/warranty_form/WC-SKU-MASS-021-202402-26027696.json
WC-SKU-MASS-021-202404-07024582,warranty_form,warranty_form_a4,v1,1,per_artifact/warranty_form/WC-SKU-MASS-021-202404-07024582.json
WC-SKU-MASS-021-202404-21018920,warranty_form,warranty_form_a4,v1,1,per_artifact/warranty_form/WC-SKU-MASS-021-202404-21018920.json
WC-SKU-MASS-021-202405-20004130,warranty_form,warranty_form_a4,v1,1,per_artifact/warranty_form/WC-SKU-MASS-021-202405-20004130.json
WC-SKU-MASS-021-202407-26027664,warranty_form,warranty_form_a4,v1,1,per_artifact/warranty_form/WC-SKU-MASS-021-202407-26027664.json
WC-SKU-MASS-021-202409-11016617,warranty_form,warranty_form_a4,v1,1,per_artifact/warranty_form/WC-SKU-MASS-021-202409-11016617.json
WC-SKU-MASS-021-202410-01026594,warranty_form,warranty_form_a4,v1,1,per_artifact/warranty_form/WC-SKU-MASS-021-202410-01026594.json
WC-SKU-MASS-021-202410-19024012,warranty_form,warranty_form_a4,v1,1,per_artifact/warranty_form/WC-SKU-MASS-021-202410-19024012.json
WC-SKU-MASS-021-202501-10020527,warranty_form,warranty_form_a4,v1,1,per_artifact/warranty_form/WC-SKU-MASS-021-202501-10020527.json
WC-SKU-MASS-021-202502-24028274,warranty_form,warranty_form_a4,v1,1,per_artifact/warranty_form/WC-SKU-MASS-021-202502-24028274.json
WC-SKU-MASS-021-202503-05014762,warranty_form,warranty_form_a4,v1,1,per_artifact/warranty_form/WC-SKU-MASS-021-202503-05014762.json
WC-SKU-MASS-021-202504-19023658,warranty_form,warranty_form_a4,v1,1,per_artifact/warranty_form/WC-SKU-MASS-021-202504-19023658.json
WC-SKU-MASS-021-202505-21026746,warranty_form,warranty_form_a4,v1,1,per_artifact/warranty_form/WC-SKU-MASS-021-202505-21026746.json
WC-SKU-MASS-021-202506-11026283,warranty_form,warranty_form_a4,v1,1,per_artifact/warranty_form/WC-SKU-MASS-021-202506-11026283.json
WC-SKU-MASS-021-202510-03005915,warranty_form,warranty_form_a4,v1,1,per_artifact/warranty_form/WC-SKU-MASS-021-202510-03005915.json
WC-SKU-MASS-022-202401-08010529,warranty_form,warranty_form_a4,v1,1,per_artifact/warranty_form/WC-SKU-MASS-022-202401-08010529.json
WC-SKU-MASS-022-202402-24014082,warranty_form,warranty_form_a4,v1,1,per_artifact/warranty_form/WC-SKU-MASS-022-202402-24014082.json
WC-SKU-MASS-022-202404-25029643,warranty_form,warranty_form_a4,v1,1,per_artifact/warranty_form/WC-SKU-MASS-022-202404-25029643.json
WC-SKU-MASS-022-202406-18010462,warranty_form,warranty_form_a4,v1,1,per_artifact/warranty_form/WC-SKU-MASS-022-202406-18010462.json
WC-SKU-MASS-022-202407-21008289,warranty_form,warranty_form_a4,v1,1,per_artifact/warranty_form/WC-SKU-MASS-022-202407-21008289.json
WC-SKU-MASS-022-202407-22021573,warranty_form,warranty_form_a4,v1,1,per_artifact/warranty_form/WC-SKU-MASS-022-202407-22021573.json
WC-SKU-MASS-022-202409-19015562,warranty_form,warranty_form_a4,v1,1,per_artifact/warranty_form/WC-SKU-MASS-022-202409-19015562.json
WC-SKU-MASS-022-202412-06021021,warranty_form,warranty_form_a4,v1,1,per_artifact/warranty_form/WC-SKU-MASS-022-202412-06021021.json
WC-SKU-MASS-022-202412-20027219,warranty_form,warranty_form_a4,v1,1,per_artifact/warranty_form/WC-SKU-MASS-022-202412-20027219.json
WC-SKU-MASS-022-202501-03025896,warranty_form,warranty_form_a4,v1,1,per_artifact/warranty_form/WC-SKU-MASS-022-202501-03025896.json
WC-SKU-MASS-022-202502-05000432,warranty_form,warranty_form_a4,v1,1,per_artifact/warranty_form/WC-SKU-MASS-022-202502-05000432.json
WC-SKU-MASS-022-202503-02022265,warranty_form,warranty_form_a4,v1,1,per_artifact/warranty_form/WC-SKU-MASS-022-202503-02022265.json
WC-SKU-MASS-022-202503-22023273,warranty_form,warranty_form_a4,v1,1,per_artifact/warranty_form/WC-SKU-MASS-022-202503-22023273.json
WC-SKU-MASS-022-202504-23026042,warranty_form,warranty_form_a4,v1,1,per_artifact/warranty_form/WC-SKU-MASS-022-202504-23026042.json
WC-SKU-MASS-022-202505-04019292,warranty_form,warranty_form_a4,v1,1,per_artifact/warranty_form/WC-SKU-MASS-022-202505-04019292.json
WC-SKU-MASS-022-202507-10008398,warranty_form,warranty_form_a4,v1,1,per_artifact/warranty_form/WC-SKU-MASS-022-202507-10008398.json
WC-SKU-MASS-022-202510-05019172,warranty_form,warranty_form_a4,v1,1,per_artifact/warranty_form/WC-SKU-MASS-022-202510-05019172.json
WC-SKU-MASS-022-202510-29002050,warranty_form,warranty_form_a4,v1,1,per_artifact/warranty_form/WC-SKU-MASS-022-202510-29002050.json
WC-SKU-MASS-022-202511-16001494,warranty_form,warranty_form_a4,v1,1,per_artifact/warranty_form/WC-SKU-MASS-022-202511-16001494.json
WC-SKU-MASS-022-202512-25008840,warranty_form,warranty_form_a4,v1,1,per_artifact/warranty_form/WC-SKU-MASS-022-202512-25008840.json
WC-SKU-MASS-022-202512-25009745,warranty_form,warranty_form_a4,v1,1,per_artifact/warranty_form/WC-SKU-MASS-022-202512-25009745.json
WC-SKU-MASS-023-202401-20013166,warranty_form,warranty_form_a4,v1,1,per_artifact/warranty_form/WC-SKU-MASS-023-202401-20013166.json
WC-SKU-MASS-023-202403-16025265,warranty_form,warranty_form_a4,v1,1,per_artifact/warranty_form/WC-SKU-MASS-023-202403-16025265.json
WC-SKU-MASS-023-202403-30008331,warranty_form,warranty_form_a4,v1,1,per_artifact/warranty_form/WC-SKU-MASS-023-202403-30008331.json
WC-SKU-MASS-023-202407-21002461,warranty_form,warranty_form_a4,v1,1,per_artifact/warranty_form/WC-SKU-MASS-023-202407-21002461.json
WC-SKU-MASS-023-202412-26021362,warranty_form,warranty_form_a4,v1,1,per_artifact/warranty_form/WC-SKU-MASS-023-202412-26021362.json
WC-SKU-MASS-023-202501-04016018,warranty_form,warranty_form_a4,v1,1,per_artifact/warranty_form/WC-SKU-MASS-023-202501-04016018.json
WC-SKU-MASS-023-202501-30025344,warranty_form,warranty_form_a4,v1,1,per_artifact/warranty_form/WC-SKU-MASS-023-202501-30025344.json
WC-SKU-MASS-023-202504-07004562,warranty_form,warranty_form_a4,v1,1,per_artifact/warranty_form/WC-SKU-MASS-023-202504-07004562.json
WC-SKU-MASS-023-202505-20019530,warranty_form,warranty_form_a4,v1,1,per_artifact/warranty_form/WC-SKU-MASS-023-202505-20019530.json
WC-SKU-MASS-023-202507-13013785,warranty_form,warranty_form_a4,v1,1,per_artifact/warranty_form/WC-SKU-MASS-023-202507-13013785.json
WC-SKU-MASS-023-202507-13018469,warranty_form,warranty_form_a4,v1,1,per_artifact/warranty_form/WC-SKU-MASS-023-202507-13018469.json
WC-SKU-MASS-023-202509-11029039,warranty_form,warranty_form_a4,v1,1,per_artifact/warranty_form/WC-SKU-MASS-023-202509-11029039.json
WC-SKU-MASS-023-202510-16022295,warranty_form,warranty_form_a4,v1,1,per_artifact/warranty_form/WC-SKU-MASS-023-202510-16022295.json
WC-SKU-MASS-023-202510-17028395,warranty_form,warranty_form_a4,v1,1,per_artifact/warranty_form/WC-SKU-MASS-023-202510-17028395.json
WC-SKU-MASS-024-202401-28001571,warranty_form,warranty_form_a4,v1,1,per_artifact/warranty_form/WC-SKU-MASS-024-202401-28001571.json
WC-SKU-MASS-024-202403-17007476,warranty_form,warranty_form_a4,v1,1,per_artifact/warranty_form/WC-SKU-MASS-024-202403-17007476.json
WC-SKU-MASS-024-202406-11017107,warranty_form,warranty_form_a4,v1,1,per_artifact/warranty_form/WC-SKU-MASS-024-202406-11017107.json
WC-SKU-MASS-024-202406-11026315,warranty_form,warranty_form_a4,v1,1,per_artifact/warranty_form/WC-SKU-MASS-024-202406-11026315.json
WC-SKU-MASS-024-202408-09028796,warranty_form,warranty_form_a4,v1,1,per_artifact/warranty_form/WC-SKU-MASS-024-202408-09028796.json
WC-SKU-MASS-024-202409-04024217,warranty_form,warranty_form_a4,v1,1,per_artifact/warranty_form/WC-SKU-MASS-024-202409-04024217.json
WC-SKU-MASS-024-202503-02017124,warranty_form,warranty_form_a4,v1,1,per_artifact/warranty_form/WC-SKU-MASS-024-202503-02017124.json
WC-SKU-MASS-024-202506-23009261,warranty_form,warranty_form_a4,v1,1,per_artifact/warranty_form/WC-SKU-MASS-024-202506-23009261.json
WC-SKU-MASS-024-202507-17021175,warranty_form,warranty_form_a4,v1,1,per_artifact/warranty_form/WC-SKU-MASS-024-202507-17021175.json
WC-SKU-MASS-025-202401-06016635,warranty_form,warranty_form_a4,v1,1,per_artifact/warranty_form/WC-SKU-MASS-025-202401-06016635.json
WC-SKU-MASS-025-202404-27006649,warranty_form,warranty_form_a4,v1,1,per_artifact/warranty_form/WC-SKU-MASS-025-202404-27006649.json
WC-SKU-MASS-025-202410-28018094,warranty_form,warranty_form_a4,v1,1,per_artifact/warranty_form/WC-SKU-MASS-025-202410-28018094.json
WC-SKU-MASS-025-202412-06005502,warranty_form,warranty_form_a4,v1,1,per_artifact/warranty_form/WC-SKU-MASS-025-202412-06005502.json
WC-SKU-MASS-025-202503-03001928,warranty_form,warranty_form_a4,v1,1,per_artifact/warranty_form/WC-SKU-MASS-025-202503-03001928.json
WC-SKU-MASS-025-202503-13010328,warranty_form,warranty_form_a4,v1,1,per_artifact/warranty_form/WC-SKU-MASS-025-202503-13010328.json
WC-SKU-MASS-025-202505-26026149,warranty_form,warranty_form_a4,v1,1,per_artifact/warranty_form/WC-SKU-MASS-025-202505-26026149.json
WC-SKU-MASS-025-202506-16015916,warranty_form,warranty_form_a4,v1,1,per_artifact/warranty_form/WC-SKU-MASS-025-202506-16015916.json
WC-SKU-MASS-025-202508-30011186,warranty_form,warranty_form_a4,v1,1,per_artifact/warranty_form/WC-SKU-MASS-025-202508-30011186.json
WC-SKU-MASS-025-202511-07002130,warranty_form,warranty_form_a4,v1,1,per_artifact/warranty_form/WC-SKU-MASS-025-202511-07002130.json
WC-SKU-MASS-026-202403-31019208,warranty_form,warranty_form_a4,v1,1,per_artifact/warranty_form/WC-SKU-MASS-026-202403-31019208.json
WC-SKU-MASS-026-202406-02005128,warranty_form,warranty_form_a4,v1,1,per_artifact/warranty_form/WC-SKU-MASS-026-202406-02005128.json
WC-SKU-MASS-026-202407-29017858,warranty_form,warranty_form_a4,v1,1,per_artifact/warranty_form/WC-SKU-MASS-026-202407-29017858.json
WC-SKU-MASS-026-202408-01004267,warranty_form,warranty_form_a4,v1,1,per_artifact/warranty_form/WC-SKU-MASS-026-202408-01004267.json
WC-SKU-MASS-026-202408-04023150,warranty_form,warranty_form_a4,v1,1,per_artifact/warranty_form/WC-SKU-MASS-026-202408-04023150.json
WC-SKU-MASS-026-202408-27005393,warranty_form,warranty_form_a4,v1,1,per_artifact/warranty_form/WC-SKU-MASS-026-202408-27005393.json
WC-SKU-MASS-026-202409-12022747,warranty_form,warranty_form_a4,v1,1,per_artifact/warranty_form/WC-SKU-MASS-026-202409-12022747.json
WC-SKU-MASS-026-202409-21018675,warranty_form,warranty_form_a4,v1,1,per_artifact/warranty_form/WC-SKU-MASS-026-202409-21018675.json
WC-SKU-MASS-026-202411-12004880,warranty_form,warranty_form_a4,v1,1,per_artifact/warranty_form/WC-SKU-MASS-026-202411-12004880.json
WC-SKU-MASS-026-202502-27005358,warranty_form,warranty_form_a4,v1,1,per_artifact/warranty_form/WC-SKU-MASS-026-202502-27005358.json
WC-SKU-MASS-026-202505-15007110,warranty_form,warranty_form_a4,v1,1,per_artifact/warranty_form/WC-SKU-MASS-026-202505-15007110.json
WC-SKU-MASS-026-202507-31014046,warranty_form,warranty_form_a4,v1,1,per_artifact/warranty_form/WC-SKU-MASS-026-202507-31014046.json
WC-SKU-MASS-026-202508-02013858,warranty_form,warranty_form_a4,v1,1,per_artifact/warranty_form/WC-SKU-MASS-026-202508-02013858.json
WC-SKU-MASS-026-202510-23002963,warranty_form,warranty_form_a4,v1,1,per_artifact/warranty_form/WC-SKU-MASS-026-202510-23002963.json
WC-SKU-MASS-026-202511-04003599,warranty_form,warranty_form_a4,v1,1,per_artifact/warranty_form/WC-SKU-MASS-026-202511-04003599.json
WC-SKU-MASS-026-202511-08007690,warranty_form,warranty_form_a4,v1,1,per_artifact/warranty_form/WC-SKU-MASS-026-202511-08007690.json
WC-SKU-MASS-026-202511-08024696,warranty_form,warranty_form_a4,v1,1,per_artifact/warranty_form/WC-SKU-MASS-026-202511-08024696.json
WC-SKU-MASS-027-202401-12004510,warranty_form,warranty_form_a4,v1,1,per_artifact/warranty_form/WC-SKU-MASS-027-202401-12004510.json
WC-SKU-MASS-027-202402-03001631,warranty_form,warranty_form_a4,v1,1,per_artifact/warranty_form/WC-SKU-MASS-027-202402-03001631.json
WC-SKU-MASS-027-202403-17013050,warranty_form,warranty_form_a4,v1,1,per_artifact/warranty_form/WC-SKU-MASS-027-202403-17013050.json
WC-SKU-MASS-027-202404-14003320,warranty_form,warranty_form_a4,v1,1,per_artifact/warranty_form/WC-SKU-MASS-027-202404-14003320.json
WC-SKU-MASS-027-202404-21027552,warranty_form,warranty_form_a4,v1,1,per_artifact/warranty_form/WC-SKU-MASS-027-202404-21027552.json
WC-SKU-MASS-027-202406-27003965,warranty_form,warranty_form_a4,v1,1,per_artifact/warranty_form/WC-SKU-MASS-027-202406-27003965.json
WC-SKU-MASS-027-202407-12024105,warranty_form,warranty_form_a4,v1,1,per_artifact/warranty_form/WC-SKU-MASS-027-202407-12024105.json
WC-SKU-MASS-027-202407-13002685,warranty_form,warranty_form_a4,v1,1,per_artifact/warranty_form/WC-SKU-MASS-027-202407-13002685.json
WC-SKU-MASS-027-202409-12006479,warranty_form,warranty_form_a4,v1,1,per_artifact/warranty_form/WC-SKU-MASS-027-202409-12006479.json
WC-SKU-MASS-027-202409-17019940,warranty_form,warranty_form_a4,v1,1,per_artifact/warranty_form/WC-SKU-MASS-027-202409-17019940.json
WC-SKU-MASS-027-202411-03007503,warranty_form,warranty_form_a4,v1,1,per_artifact/warranty_form/WC-SKU-MASS-027-202411-03007503.json
WC-SKU-MASS-027-202411-12024773,warranty_form,warranty_form_a4,v1,1,per_artifact/warranty_form/WC-SKU-MASS-027-202411-12024773.json
WC-SKU-MASS-027-202411-18007347,warranty_form,warranty_form_a4,v1,1,per_artifact/warranty_form/WC-SKU-MASS-027-202411-18007347.json
WC-SKU-MASS-027-202411-27009484,warranty_form,warranty_form_a4,v1,1,per_artifact/warranty_form/WC-SKU-MASS-027-202411-27009484.json
WC-SKU-MASS-027-202505-08000712,warranty_form,warranty_form_a4,v1,1,per_artifact/warranty_form/WC-SKU-MASS-027-202505-08000712.json
WC-SKU-MASS-027-202507-18020283,warranty_form,warranty_form_a4,v1,1,per_artifact/warranty_form/WC-SKU-MASS-027-202507-18020283.json
WC-SKU-MASS-027-202508-18002351,warranty_form,warranty_form_a4,v1,1,per_artifact/warranty_form/WC-SKU-MASS-027-202508-18002351.json
WC-SKU-MASS-027-202508-20008102,warranty_form,warranty_form_a4,v1,1,per_artifact/warranty_form/WC-SKU-MASS-027-202508-20008102.json
WC-SKU-MASS-027-202508-29002413,warranty_form,warranty_form_a4,v1,1,per_artifact/warranty_form/WC-SKU-MASS-027-202508-29002413.json
WC-SKU-MASS-027-202509-13011844,warranty_form,warranty_form_a4,v1,1,per_artifact/warranty_form/WC-SKU-MASS-027-202509-13011844.json
WC-SKU-MASS-027-202509-24025402,warranty_form,warranty_form_a4,v1,1,per_artifact/warranty_form/WC-SKU-MASS-027-202509-24025402.json
WC-SKU-MASS-027-202511-02021656,warranty_form,warranty_form_a4,v1,1,per_artifact/warranty_form/WC-SKU-MASS-027-202511-02021656.json
WC-SKU-MASS-027-202511-08022444,warranty_form,warranty_form_a4,v1,1,per_artifact/warranty_form/WC-SKU-MASS-027-202511-08022444.json
WC-SKU-MASS-027-202511-29002661,warranty_form,warranty_form_a4,v1,1,per_artifact/warranty_form/WC-SKU-MASS-027-202511-29002661.json
WC-SKU-MASS-027-202512-06024045,warranty_form,warranty_form_a4,v1,1,per_artifact/warranty_form/WC-SKU-MASS-027-202512-06024045.json
WC-SKU-MASS-028-202402-09009427,warranty_form,warranty_form_a4,v1,1,per_artifact/warranty_form/WC-SKU-MASS-028-202402-09009427.json
WC-SKU-MASS-028-202402-15008083,warranty_form,warranty_form_a4,v1,1,per_artifact/warranty_form/WC-SKU-MASS-028-202402-15008083.json
WC-SKU-MASS-028-202402-24017441,warranty_form,warranty_form_a4,v1,1,per_artifact/warranty_form/WC-SKU-MASS-028-202402-24017441.json
WC-SKU-MASS-028-202402-28006150,warranty_form,warranty_form_a4,v1,1,per_artifact/warranty_form/WC-SKU-MASS-028-202402-28006150.json
WC-SKU-MASS-028-202403-12001373,warranty_form,warranty_form_a4,v1,1,per_artifact/warranty_form/WC-SKU-MASS-028-202403-12001373.json
WC-SKU-MASS-028-202406-11022737,warranty_form,warranty_form_a4,v1,1,per_artifact/warranty_form/WC-SKU-MASS-028-202406-11022737.json
WC-SKU-MASS-028-202407-23010208,warranty_form,warranty_form_a4,v1,1,per_artifact/warranty_form/WC-SKU-MASS-028-202407-23010208.json
WC-SKU-MASS-028-202408-07016716,warranty_form,warranty_form_a4,v1,1,per_artifact/warranty_form/WC-SKU-MASS-028-202408-07016716.json
WC-SKU-MASS-028-202409-28014837,warranty_form,warranty_form_a4,v1,1,per_artifact/warranty_form/WC-SKU-MASS-028-202409-28014837.json
WC-SKU-MASS-028-202502-20029342,warranty_form,warranty_form_a4,v1,1,per_artifact/warranty_form/WC-SKU-MASS-028-202502-20029342.json
WC-SKU-MASS-028-202504-01008858,warranty_form,warranty_form_a4,v1,1,per_artifact/warranty_form/WC-SKU-MASS-028-202504-01008858.json
WC-SKU-MASS-028-202505-14015750,warranty_form,warranty_form_a4,v1,1,per_artifact/warranty_form/WC-SKU-MASS-028-202505-14015750.json
WC-SKU-MASS-028-202506-08018091,warranty_form,warranty_form_a4,v1,1,per_artifact/warranty_form/WC-SKU-MASS-028-202506-08018091.json
WC-SKU-MASS-028-202506-18028413,warranty_form,warranty_form_a4,v1,1,per_artifact/warranty_form/WC-SKU-MASS-028-202506-18028413.json
WC-SKU-MASS-028-202507-16009937,warranty_form,warranty_form_a4,v1,1,per_artifact/warranty_form/WC-SKU-MASS-028-202507-16009937.json
WC-SKU-MASS-028-202507-22014584,warranty_form,warranty_form_a4,v1,1,per_artifact/warranty_form/WC-SKU-MASS-028-202507-22014584.json
WC-SKU-MASS-028-202507-24026940,warranty_form,warranty_form_a4,v1,1,per_artifact/warranty_form/WC-SKU-MASS-028-202507-24026940.json
WC-SKU-MASS-028-202509-06027275,warranty_form,warranty_form_a4,v1,1,per_artifact/warranty_form/WC-SKU-MASS-028-202509-06027275.json
WC-SKU-MASS-028-202509-15025878,warranty_form,warranty_form_a4,v1,1,per_artifact/warranty_form/WC-SKU-MASS-028-202509-15025878.json
WC-SKU-MASS-028-202511-15027038,warranty_form,warranty_form_a4,v1,1,per_artifact/warranty_form/WC-SKU-MASS-028-202511-15027038.json
WC-SKU-MASS-028-202511-28000688,warranty_form,warranty_form_a4,v1,1,per_artifact/warranty_form/WC-SKU-MASS-028-202511-28000688.json
WC-SKU-MASS-029-202402-04004451,warranty_form,warranty_form_a4,v1,1,per_artifact/warranty_form/WC-SKU-MASS-029-202402-04004451.json
WC-SKU-MASS-029-202402-23016720,warranty_form,warranty_form_a4,v1,1,per_artifact/warranty_form/WC-SKU-MASS-029-202402-23016720.json
WC-SKU-MASS-029-202403-03014833,warranty_form,warranty_form_a4,v1,1,per_artifact/warranty_form/WC-SKU-MASS-029-202403-03014833.json
WC-SKU-MASS-029-202403-05024247,warranty_form,warranty_form_a4,v1,1,per_artifact/warranty_form/WC-SKU-MASS-029-202403-05024247.json
WC-SKU-MASS-029-202404-27001547,warranty_form,warranty_form_a4,v1,1,per_artifact/warranty_form/WC-SKU-MASS-029-202404-27001547.json
WC-SKU-MASS-029-202405-27016956,warranty_form,warranty_form_a4,v1,1,per_artifact/warranty_form/WC-SKU-MASS-029-202405-27016956.json
WC-SKU-MASS-029-202408-06009107,warranty_form,warranty_form_a4,v1,1,per_artifact/warranty_form/WC-SKU-MASS-029-202408-06009107.json
WC-SKU-MASS-029-202408-21028971,warranty_form,warranty_form_a4,v1,1,per_artifact/warranty_form/WC-SKU-MASS-029-202408-21028971.json
WC-SKU-MASS-029-202409-15024575,warranty_form,warranty_form_a4,v1,1,per_artifact/warranty_form/WC-SKU-MASS-029-202409-15024575.json
WC-SKU-MASS-029-202409-28029765,warranty_form,warranty_form_a4,v1,1,per_artifact/warranty_form/WC-SKU-MASS-029-202409-28029765.json
WC-SKU-MASS-029-202411-23011594,warranty_form,warranty_form_a4,v1,1,per_artifact/warranty_form/WC-SKU-MASS-029-202411-23011594.json
WC-SKU-MASS-029-202411-27005906,warranty_form,warranty_form_a4,v1,1,per_artifact/warranty_form/WC-SKU-MASS-029-202411-27005906.json
WC-SKU-MASS-029-202502-14020728,warranty_form,warranty_form_a4,v1,1,per_artifact/warranty_form/WC-SKU-MASS-029-202502-14020728.json
WC-SKU-MASS-029-202502-28014921,warranty_form,warranty_form_a4,v1,1,per_artifact/warranty_form/WC-SKU-MASS-029-202502-28014921.json
WC-SKU-MASS-029-202503-06014158,warranty_form,warranty_form_a4,v1,1,per_artifact/warranty_form/WC-SKU-MASS-029-202503-06014158.json
WC-SKU-MASS-029-202504-05009497,warranty_form,warranty_form_a4,v1,1,per_artifact/warranty_form/WC-SKU-MASS-029-202504-05009497.json
WC-SKU-MASS-029-202504-21017926,warranty_form,warranty_form_a4,v1,1,per_artifact/warranty_form/WC-SKU-MASS-029-202504-21017926.json
WC-SKU-MASS-029-202504-23003973,warranty_form,warranty_form_a4,v1,1,per_artifact/warranty_form/WC-SKU-MASS-029-202504-23003973.json
WC-SKU-MASS-029-202505-01016933,warranty_form,warranty_form_a4,v1,1,per_artifact/warranty_form/WC-SKU-MASS-029-202505-01016933.json
WC-SKU-MASS-029-202505-11015172,warranty_form,warranty_form_a4,v1,1,per_artifact/warranty_form/WC-SKU-MASS-029-202505-11015172.json
WC-SKU-MASS-029-202505-29025824,warranty_form,warranty_form_a4,v1,1,per_artifact/warranty_form/WC-SKU-MASS-029-202505-29025824.json
WC-SKU-MASS-029-202507-11004226,warranty_form,warranty_form_a4,v1,1,per_artifact/warranty_form/WC-SKU-MASS-029-202507-11004226.json
WC-SKU-MASS-029-202509-03019334,warranty_form,warranty_form_a4,v1,1,per_artifact/warranty_form/WC-SKU-MASS-029-202509-03019334.json
WC-SKU-MASS-029-202509-20014277,warranty_form,warranty_form_a4,v1,1,per_artifact/warranty_form/WC-SKU-MASS-029-202509-20014277.json
WC-SKU-MASS-029-202509-30021016,warranty_form,warranty_form_a4,v1,1,per_artifact/warranty_form/WC-SKU-MASS-029-202509-30021016.json
WC-SKU-MASS-029-202510-02013273,warranty_form,warranty_form_a4,v1,1,per_artifact/warranty_form/WC-SKU-MASS-029-202510-02013273.json
WC-SKU-MASS-029-202510-15012411,warranty_form,warranty_form_a4,v1,1,per_artifact/warranty_form/WC-SKU-MASS-029-202510-15012411.json
WC-SKU-MASS-029-202510-19013037,warranty_form,warranty_form_a4,v1,1,per_artifact/warranty_form/WC-SKU-MASS-029-202510-19013037.json
WC-SKU-MASS-029-202511-14026710,warranty_form,warranty_form_a4,v1,1,per_artifact/warranty_form/WC-SKU-MASS-029-202511-14026710.json
WC-SKU-MASS-030-202401-01029212,warranty_form,warranty_form_a4,v1,1,per_artifact/warranty_form/WC-SKU-MASS-030-202401-01029212.json
WC-SKU-MASS-030-202402-19013091,warranty_form,warranty_form_a4,v1,1,per_artifact/warranty_form/WC-SKU-MASS-030-202402-19013091.json
WC-SKU-MASS-030-202403-22027561,warranty_form,warranty_form_a4,v1,1,per_artifact/warranty_form/WC-SKU-MASS-030-202403-22027561.json
WC-SKU-MASS-030-202404-08023559,warranty_form,warranty_form_a4,v1,1,per_artifact/warranty_form/WC-SKU-MASS-030-202404-08023559.json
WC-SKU-MASS-030-202406-27012523,warranty_form,warranty_form_a4,v1,1,per_artifact/warranty_form/WC-SKU-MASS-030-202406-27012523.json
WC-SKU-MASS-030-202407-02000315,warranty_form,warranty_form_a4,v1,1,per_artifact/warranty_form/WC-SKU-MASS-030-202407-02000315.json
WC-SKU-MASS-030-202407-12008961,warranty_form,warranty_form_a4,v1,1,per_artifact/warranty_form/WC-SKU-MASS-030-202407-12008961.json
WC-SKU-MASS-030-202410-11023459,warranty_form,warranty_form_a4,v1,1,per_artifact/warranty_form/WC-SKU-MASS-030-202410-11023459.json
WC-SKU-MASS-030-202501-13018779,warranty_form,warranty_form_a4,v1,1,per_artifact/warranty_form/WC-SKU-MASS-030-202501-13018779.json
WC-SKU-MASS-030-202502-20017536,warranty_form,warranty_form_a4,v1,1,per_artifact/warranty_form/WC-SKU-MASS-030-202502-20017536.json
WC-SKU-MASS-030-202504-29020533,warranty_form,warranty_form_a4,v1,1,per_artifact/warranty_form/WC-SKU-MASS-030-202504-29020533.json
WC-SKU-MASS-030-202506-15019705,warranty_form,warranty_form_a4,v1,1,per_artifact/warranty_form/WC-SKU-MASS-030-202506-15019705.json
WC-SKU-MASS-030-202508-14025624,warranty_form,warranty_form_a4,v1,1,per_artifact/warranty_form/WC-SKU-MASS-030-202508-14025624.json
WC-SKU-MASS-030-202509-10025514,warranty_form,warranty_form_a4,v1,1,per_artifact/warranty_form/WC-SKU-MASS-030-202509-10025514.json
WC-SKU-MASS-030-202509-13020745,warranty_form,warranty_form_a4,v1,1,per_artifact/warranty_form/WC-SKU-MASS-030-202509-13020745.json
WC-SKU-MASS-030-202510-20005660,warranty_form,warranty_form_a4,v1,1,per_artifact/warranty_form/WC-SKU-MASS-030-202510-20005660.json
WC-SKU-MASS-030-202512-14003745,warranty_form,warranty_form_a4,v1,1,per_artifact/warranty_form/WC-SKU-MASS-030-202512-14003745.json
WC-SKU-MASS-031-202402-26011407,warranty_form,warranty_form_a4,v1,1,per_artifact/warranty_form/WC-SKU-MASS-031-202402-26011407.json
WC-SKU-MASS-031-202404-18023274,warranty_form,warranty_form_a4,v1,1,per_artifact/warranty_form/WC-SKU-MASS-031-202404-18023274.json
WC-SKU-MASS-031-202407-12014143,warranty_form,warranty_form_a4,v1,1,per_artifact/warranty_form/WC-SKU-MASS-031-202407-12014143.json
WC-SKU-MASS-031-202407-30022726,warranty_form,warranty_form_a4,v1,1,per_artifact/warranty_form/WC-SKU-MASS-031-202407-30022726.json
WC-SKU-MASS-031-202408-20012419,warranty_form,warranty_form_a4,v1,1,per_artifact/warranty_form/WC-SKU-MASS-031-202408-20012419.json
WC-SKU-MASS-031-202409-05011282,warranty_form,warranty_form_a4,v1,1,per_artifact/warranty_form/WC-SKU-MASS-031-202409-05011282.json
WC-SKU-MASS-031-202502-11027569,warranty_form,warranty_form_a4,v1,1,per_artifact/warranty_form/WC-SKU-MASS-031-202502-11027569.json
WC-SKU-MASS-031-202502-27021135,warranty_form,warranty_form_a4,v1,1,per_artifact/warranty_form/WC-SKU-MASS-031-202502-27021135.json
WC-SKU-MASS-031-202505-23016283,warranty_form,warranty_form_a4,v1,1,per_artifact/warranty_form/WC-SKU-MASS-031-202505-23016283.json
WC-SKU-MASS-031-202505-30026815,warranty_form,warranty_form_a4,v1,1,per_artifact/warranty_form/WC-SKU-MASS-031-202505-30026815.json
WC-SKU-MASS-031-202506-04004191,warranty_form,warranty_form_a4,v1,1,per_artifact/warranty_form/WC-SKU-MASS-031-202506-04004191.json
WC-SKU-MASS-031-202506-10006411,warranty_form,warranty_form_a4,v1,1,per_artifact/warranty_form/WC-SKU-MASS-031-202506-10006411.json
WC-SKU-MASS-031-202506-15009412,warranty_form,warranty_form_a4,v1,1,per_artifact/warranty_form/WC-SKU-MASS-031-202506-15009412.json
WC-SKU-MASS-031-202507-16026189,warranty_form,warranty_form_a4,v1,1,per_artifact/warranty_form/WC-SKU-MASS-031-202507-16026189.json
WC-SKU-MASS-031-202507-25001018,warranty_form,warranty_form_a4,v1,1,per_artifact/warranty_form/WC-SKU-MASS-031-202507-25001018.json
WC-SKU-MASS-031-202511-29029893,warranty_form,warranty_form_a4,v1,1,per_artifact/warranty_form/WC-SKU-MASS-031-202511-29029893.json
WC-SKU-MASS-031-202512-27020553,warranty_form,warranty_form_a4,v1,1,per_artifact/warranty_form/WC-SKU-MASS-031-202512-27020553.json
WC-SKU-MASS-032-202401-13017113,warranty_form,warranty_form_a4,v1,1,per_artifact/warranty_form/WC-SKU-MASS-032-202401-13017113.json
WC-SKU-MASS-032-202403-02015113,warranty_form,warranty_form_a4,v1,1,per_artifact/warranty_form/WC-SKU-MASS-032-202403-02015113.json
WC-SKU-MASS-032-202403-28018067,warranty_form,warranty_form_a4,v1,1,per_artifact/warranty_form/WC-SKU-MASS-032-202403-28018067.json
WC-SKU-MASS-032-202404-04026367,warranty_form,warranty_form_a4,v1,1,per_artifact/warranty_form/WC-SKU-MASS-032-202404-04026367.json
WC-SKU-MASS-032-202404-27010402,warranty_form,warranty_form_a4,v1,1,per_artifact/warranty_form/WC-SKU-MASS-032-202404-27010402.json
WC-SKU-MASS-032-202405-16021359,warranty_form,warranty_form_a4,v1,1,per_artifact/warranty_form/WC-SKU-MASS-032-202405-16021359.json
WC-SKU-MASS-032-202405-20004008,warranty_form,warranty_form_a4,v1,1,per_artifact/warranty_form/WC-SKU-MASS-032-202405-20004008.json
WC-SKU-MASS-032-202405-24016540,warranty_form,warranty_form_a4,v1,1,per_artifact/warranty_form/WC-SKU-MASS-032-202405-24016540.json
WC-SKU-MASS-032-202406-17014386,warranty_form,warranty_form_a4,v1,1,per_artifact/warranty_form/WC-SKU-MASS-032-202406-17014386.json
WC-SKU-MASS-032-202410-25029899,warranty_form,warranty_form_a4,v1,1,per_artifact/warranty_form/WC-SKU-MASS-032-202410-25029899.json
WC-SKU-MASS-032-202501-08024224,warranty_form,warranty_form_a4,v1,1,per_artifact/warranty_form/WC-SKU-MASS-032-202501-08024224.json
WC-SKU-MASS-032-202501-15022177,warranty_form,warranty_form_a4,v1,1,per_artifact/warranty_form/WC-SKU-MASS-032-202501-15022177.json
WC-SKU-MASS-032-202501-21014940,warranty_form,warranty_form_a4,v1,1,per_artifact/warranty_form/WC-SKU-MASS-032-202501-21014940.json
WC-SKU-MASS-032-202502-07024350,warranty_form,warranty_form_a4,v1,1,per_artifact/warranty_form/WC-SKU-MASS-032-202502-07024350.json
WC-SKU-MASS-032-202509-28007117,warranty_form,warranty_form_a4,v1,1,per_artifact/warranty_form/WC-SKU-MASS-032-202509-28007117.json
WC-SKU-MASS-033-202401-17002306,warranty_form,warranty_form_a4,v1,1,per_artifact/warranty_form/WC-SKU-MASS-033-202401-17002306.json
WC-SKU-MASS-033-202402-06010862,warranty_form,warranty_form_a4,v1,1,per_artifact/warranty_form/WC-SKU-MASS-033-202402-06010862.json
WC-SKU-MASS-033-202403-14018850,warranty_form,warranty_form_a4,v1,1,per_artifact/warranty_form/WC-SKU-MASS-033-202403-14018850.json
WC-SKU-MASS-033-202405-14018508,warranty_form,warranty_form_a4,v1,1,per_artifact/warranty_form/WC-SKU-MASS-033-202405-14018508.json
WC-SKU-MASS-033-202406-20016688,warranty_form,warranty_form_a4,v1,1,per_artifact/warranty_form/WC-SKU-MASS-033-202406-20016688.json
WC-SKU-MASS-033-202408-10006384,warranty_form,warranty_form_a4,v1,1,per_artifact/warranty_form/WC-SKU-MASS-033-202408-10006384.json
WC-SKU-MASS-033-202409-23009415,warranty_form,warranty_form_a4,v1,1,per_artifact/warranty_form/WC-SKU-MASS-033-202409-23009415.json
WC-SKU-MASS-033-202503-23010643,warranty_form,warranty_form_a4,v1,1,per_artifact/warranty_form/WC-SKU-MASS-033-202503-23010643.json
WC-SKU-MASS-033-202505-04000075,warranty_form,warranty_form_a4,v1,1,per_artifact/warranty_form/WC-SKU-MASS-033-202505-04000075.json
WC-SKU-MASS-033-202505-29006987,warranty_form,warranty_form_a4,v1,1,per_artifact/warranty_form/WC-SKU-MASS-033-202505-29006987.json
WC-SKU-MASS-033-202506-07024793,warranty_form,warranty_form_a4,v1,1,per_artifact/warranty_form/WC-SKU-MASS-033-202506-07024793.json
WC-SKU-MASS-033-202506-15001513,warranty_form,warranty_form_a4,v1,1,per_artifact/warranty_form/WC-SKU-MASS-033-202506-15001513.json
WC-SKU-MASS-033-202507-16016143,warranty_form,warranty_form_a4,v1,1,per_artifact/warranty_form/WC-SKU-MASS-033-202507-16016143.json
WC-SKU-MASS-033-202507-19008746,warranty_form,warranty_form_a4,v1,1,per_artifact/warranty_form/WC-SKU-MASS-033-202507-19008746.json
WC-SKU-MASS-033-202509-02027277,warranty_form,warranty_form_a4,v1,1,per_artifact/warranty_form/WC-SKU-MASS-033-202509-02027277.json
WC-SKU-MASS-033-202511-19011128,warranty_form,warranty_form_a4,v1,1,per_artifact/warranty_form/WC-SKU-MASS-033-202511-19011128.json
WC-SKU-MASS-033-202512-19013147,warranty_form,warranty_form_a4,v1,1,per_artifact/warranty_form/WC-SKU-MASS-033-202512-19013147.json
WC-SKU-MASS-034-202401-19016314,warranty_form,warranty_form_a4,v1,1,per_artifact/warranty_form/WC-SKU-MASS-034-202401-19016314.json
WC-SKU-MASS-034-202403-13006536,warranty_form,warranty_form_a4,v1,1,per_artifact/warranty_form/WC-SKU-MASS-034-202403-13006536.json
WC-SKU-MASS-034-202405-04011259,warranty_form,warranty_form_a4,v1,1,per_artifact/warranty_form/WC-SKU-MASS-034-202405-04011259.json
WC-SKU-MASS-034-202405-26000045,warranty_form,warranty_form_a4,v1,1,per_artifact/warranty_form/WC-SKU-MASS-034-202405-26000045.json
WC-SKU-MASS-034-202405-28007281,warranty_form,warranty_form_a4,v1,1,per_artifact/warranty_form/WC-SKU-MASS-034-202405-28007281.json
WC-SKU-MASS-034-202409-29027634,warranty_form,warranty_form_a4,v1,1,per_artifact/warranty_form/WC-SKU-MASS-034-202409-29027634.json
WC-SKU-MASS-034-202411-04016798,warranty_form,warranty_form_a4,v1,1,per_artifact/warranty_form/WC-SKU-MASS-034-202411-04016798.json
WC-SKU-MASS-034-202411-17025341,warranty_form,warranty_form_a4,v1,1,per_artifact/warranty_form/WC-SKU-MASS-034-202411-17025341.json
WC-SKU-MASS-034-202411-18017874,warranty_form,warranty_form_a4,v1,1,per_artifact/warranty_form/WC-SKU-MASS-034-202411-18017874.json
WC-SKU-MASS-034-202411-24025087,warranty_form,warranty_form_a4,v1,1,per_artifact/warranty_form/WC-SKU-MASS-034-202411-24025087.json
WC-SKU-MASS-034-202412-24027918,warranty_form,warranty_form_a4,v1,1,per_artifact/warranty_form/WC-SKU-MASS-034-202412-24027918.json
WC-SKU-MASS-034-202501-11024478,warranty_form,warranty_form_a4,v1,1,per_artifact/warranty_form/WC-SKU-MASS-034-202501-11024478.json
WC-SKU-MASS-034-202503-04011139,warranty_form,warranty_form_a4,v1,1,per_artifact/warranty_form/WC-SKU-MASS-034-202503-04011139.json
WC-SKU-MASS-034-202504-04013243,warranty_form,warranty_form_a4,v1,1,per_artifact/warranty_form/WC-SKU-MASS-034-202504-04013243.json
WC-SKU-MASS-034-202506-18006850,warranty_form,warranty_form_a4,v1,1,per_artifact/warranty_form/WC-SKU-MASS-034-202506-18006850.json
WC-SKU-MASS-034-202507-29029448,warranty_form,warranty_form_a4,v1,1,per_artifact/warranty_form/WC-SKU-MASS-034-202507-29029448.json
WC-SKU-MASS-034-202509-19027196,warranty_form,warranty_form_a4,v1,1,per_artifact/warranty_form/WC-SKU-MASS-034-202509-19027196.json
WC-SKU-MASS-034-202510-07007444,warranty_form,warranty_form_a4,v1,1,per_artifact/warranty_form/WC-SKU-MASS-034-202510-07007444.json
WC-SKU-MASS-034-202510-09024775,warranty_form,warranty_form_a4,v1,1,per_artifact/warranty_form/WC-SKU-MASS-034-202510-09024775.json
WC-SKU-MASS-034-202511-07013222,warranty_form,warranty_form_a4,v1,1,per_artifact/warranty_form/WC-SKU-MASS-034-202511-07013222.json
WC-SKU-MASS-035-202401-15023558,warranty_form,warranty_form_a4,v1,1,per_artifact/warranty_form/WC-SKU-MASS-035-202401-15023558.json
WC-SKU-MASS-035-202403-31027088,warranty_form,warranty_form_a4,v1,1,per_artifact/warranty_form/WC-SKU-MASS-035-202403-31027088.json
WC-SKU-MASS-035-202406-29002688,warranty_form,warranty_form_a4,v1,1,per_artifact/warranty_form/WC-SKU-MASS-035-202406-29002688.json
WC-SKU-MASS-035-202408-11025571,warranty_form,warranty_form_a4,v1,1,per_artifact/warranty_form/WC-SKU-MASS-035-202408-11025571.json
WC-SKU-MASS-035-202408-16004362,warranty_form,warranty_form_a4,v1,1,per_artifact/warranty_form/WC-SKU-MASS-035-202408-16004362.json
WC-SKU-MASS-035-202409-05002248,warranty_form,warranty_form_a4,v1,1,per_artifact/warranty_form/WC-SKU-MASS-035-202409-05002248.json
WC-SKU-MASS-035-202502-01002603,warranty_form,warranty_form_a4,v1,1,per_artifact/warranty_form/WC-SKU-MASS-035-202502-01002603.json
WC-SKU-MASS-035-202508-11004407,warranty_form,warranty_form_a4,v1,1,per_artifact/warranty_form/WC-SKU-MASS-035-202508-11004407.json
WC-SKU-MASS-035-202508-24007959,warranty_form,warranty_form_a4,v1,1,per_artifact/warranty_form/WC-SKU-MASS-035-202508-24007959.json
WC-SKU-MASS-035-202510-26016811,warranty_form,warranty_form_a4,v1,1,per_artifact/warranty_form/WC-SKU-MASS-035-202510-26016811.json
WC-SKU-MASS-036-202405-13014481,warranty_form,warranty_form_a4,v1,1,per_artifact/warranty_form/WC-SKU-MASS-036-202405-13014481.json
WC-SKU-MASS-036-202406-28012499,warranty_form,warranty_form_a4,v1,1,per_artifact/warranty_form/WC-SKU-MASS-036-202406-28012499.json
WC-SKU-MASS-036-202406-30022928,warranty_form,warranty_form_a4,v1,1,per_artifact/warranty_form/WC-SKU-MASS-036-202406-30022928.json
WC-SKU-MASS-036-202407-07023982,warranty_form,warranty_form_a4,v1,1,per_artifact/warranty_form/WC-SKU-MASS-036-202407-07023982.json
WC-SKU-MASS-036-202408-08023461,warranty_form,warranty_form_a4,v1,1,per_artifact/warranty_form/WC-SKU-MASS-036-202408-08023461.json
WC-SKU-MASS-036-202503-25010176,warranty_form,warranty_form_a4,v1,1,per_artifact/warranty_form/WC-SKU-MASS-036-202503-25010176.json
WC-SKU-MASS-036-202504-04005555,warranty_form,warranty_form_a4,v1,1,per_artifact/warranty_form/WC-SKU-MASS-036-202504-04005555.json
WC-SKU-MASS-036-202505-17013980,warranty_form,warranty_form_a4,v1,1,per_artifact/warranty_form/WC-SKU-MASS-036-202505-17013980.json
WC-SKU-MASS-036-202506-01011854,warranty_form,warranty_form_a4,v1,1,per_artifact/warranty_form/WC-SKU-MASS-036-202506-01011854.json
WC-SKU-MASS-036-202508-02018458,warranty_form,warranty_form_a4,v1,1,per_artifact/warranty_form/WC-SKU-MASS-036-202508-02018458.json
WC-SKU-MASS-036-202509-14024156,warranty_form,warranty_form_a4,v1,1,per_artifact/warranty_form/WC-SKU-MASS-036-202509-14024156.json
WC-SKU-MASS-036-202511-02000652,warranty_form,warranty_form_a4,v1,1,per_artifact/warranty_form/WC-SKU-MASS-036-202511-02000652.json
WC-SKU-MASS-036-202511-28015953,warranty_form,warranty_form_a4,v1,1,per_artifact/warranty_form/WC-SKU-MASS-036-202511-28015953.json
WC-SKU-MASS-036-202512-18017954,warranty_form,warranty_form_a4,v1,1,per_artifact/warranty_form/WC-SKU-MASS-036-202512-18017954.json
WC-SKU-MASS-036-202512-25022449,warranty_form,warranty_form_a4,v1,1,per_artifact/warranty_form/WC-SKU-MASS-036-202512-25022449.json
WC-SKU-MASS-036-202512-28028732,warranty_form,warranty_form_a4,v1,1,per_artifact/warranty_form/WC-SKU-MASS-036-202512-28028732.json
WC-SKU-MASS-037-202402-15028053,warranty_form,warranty_form_a4,v1,1,per_artifact/warranty_form/WC-SKU-MASS-037-202402-15028053.json
WC-SKU-MASS-037-202403-04019070,warranty_form,warranty_form_a4,v1,1,per_artifact/warranty_form/WC-SKU-MASS-037-202403-04019070.json
WC-SKU-MASS-037-202407-17002399,warranty_form,warranty_form_a4,v1,1,per_artifact/warranty_form/WC-SKU-MASS-037-202407-17002399.json
WC-SKU-MASS-037-202408-12009375,warranty_form,warranty_form_a4,v1,1,per_artifact/warranty_form/WC-SKU-MASS-037-202408-12009375.json
WC-SKU-MASS-037-202409-15004868,warranty_form,warranty_form_a4,v1,1,per_artifact/warranty_form/WC-SKU-MASS-037-202409-15004868.json
WC-SKU-MASS-037-202409-15008386,warranty_form,warranty_form_a4,v1,1,per_artifact/warranty_form/WC-SKU-MASS-037-202409-15008386.json
WC-SKU-MASS-037-202411-08022124,warranty_form,warranty_form_a4,v1,1,per_artifact/warranty_form/WC-SKU-MASS-037-202411-08022124.json
WC-SKU-MASS-037-202412-22021306,warranty_form,warranty_form_a4,v1,1,per_artifact/warranty_form/WC-SKU-MASS-037-202412-22021306.json
WC-SKU-MASS-037-202503-13014512,warranty_form,warranty_form_a4,v1,1,per_artifact/warranty_form/WC-SKU-MASS-037-202503-13014512.json
WC-SKU-MASS-037-202506-30007534,warranty_form,warranty_form_a4,v1,1,per_artifact/warranty_form/WC-SKU-MASS-037-202506-30007534.json
WC-SKU-MASS-037-202508-09011846,warranty_form,warranty_form_a4,v1,1,per_artifact/warranty_form/WC-SKU-MASS-037-202508-09011846.json
WC-SKU-MASS-037-202510-07002281,warranty_form,warranty_form_a4,v1,1,per_artifact/warranty_form/WC-SKU-MASS-037-202510-07002281.json
WC-SKU-MASS-037-202510-11019357,warranty_form,warranty_form_a4,v1,1,per_artifact/warranty_form/WC-SKU-MASS-037-202510-11019357.json
WC-SKU-MASS-038-202405-08015859,warranty_form,warranty_form_a4,v1,1,per_artifact/warranty_form/WC-SKU-MASS-038-202405-08015859.json
WC-SKU-MASS-038-202407-09014558,warranty_form,warranty_form_a4,v1,1,per_artifact/warranty_form/WC-SKU-MASS-038-202407-09014558.json
WC-SKU-MASS-038-202408-31011042,warranty_form,warranty_form_a4,v1,1,per_artifact/warranty_form/WC-SKU-MASS-038-202408-31011042.json
WC-SKU-MASS-038-202410-03029321,warranty_form,warranty_form_a4,v1,1,per_artifact/warranty_form/WC-SKU-MASS-038-202410-03029321.json
WC-SKU-MASS-038-202411-09017205,warranty_form,warranty_form_a4,v1,1,per_artifact/warranty_form/WC-SKU-MASS-038-202411-09017205.json
WC-SKU-MASS-038-202411-09026327,warranty_form,warranty_form_a4,v1,1,per_artifact/warranty_form/WC-SKU-MASS-038-202411-09026327.json
WC-SKU-MASS-038-202412-06017604,warranty_form,warranty_form_a4,v1,1,per_artifact/warranty_form/WC-SKU-MASS-038-202412-06017604.json
WC-SKU-MASS-038-202502-18019367,warranty_form,warranty_form_a4,v1,1,per_artifact/warranty_form/WC-SKU-MASS-038-202502-18019367.json
WC-SKU-MASS-038-202503-02023358,warranty_form,warranty_form_a4,v1,1,per_artifact/warranty_form/WC-SKU-MASS-038-202503-02023358.json
WC-SKU-MASS-038-202503-06012614,warranty_form,warranty_form_a4,v1,1,per_artifact/warranty_form/WC-SKU-MASS-038-202503-06012614.json
WC-SKU-MASS-038-202503-13012520,warranty_form,warranty_form_a4,v1,1,per_artifact/warranty_form/WC-SKU-MASS-038-202503-13012520.json
WC-SKU-MASS-038-202504-25022181,warranty_form,warranty_form_a4,v1,1,per_artifact/warranty_form/WC-SKU-MASS-038-202504-25022181.json
WC-SKU-MASS-038-202505-02012819,warranty_form,warranty_form_a4,v1,1,per_artifact/warranty_form/WC-SKU-MASS-038-202505-02012819.json
WC-SKU-MASS-038-202510-02012039,warranty_form,warranty_form_a4,v1,1,per_artifact/warranty_form/WC-SKU-MASS-038-202510-02012039.json
WC-SKU-MASS-039-202404-28028620,warranty_form,warranty_form_a4,v1,1,per_artifact/warranty_form/WC-SKU-MASS-039-202404-28028620.json
WC-SKU-MASS-039-202405-02027894,warranty_form,warranty_form_a4,v1,1,per_artifact/warranty_form/WC-SKU-MASS-039-202405-02027894.json
WC-SKU-MASS-039-202405-13000519,warranty_form,warranty_form_a4,v1,1,per_artifact/warranty_form/WC-SKU-MASS-039-202405-13000519.json
WC-SKU-MASS-039-202407-09007730,warranty_form,warranty_form_a4,v1,1,per_artifact/warranty_form/WC-SKU-MASS-039-202407-09007730.json
WC-SKU-MASS-039-202409-25029787,warranty_form,warranty_form_a4,v1,1,per_artifact/warranty_form/WC-SKU-MASS-039-202409-25029787.json
WC-SKU-MASS-039-202410-30008523,warranty_form,warranty_form_a4,v1,1,per_artifact/warranty_form/WC-SKU-MASS-039-202410-30008523.json
WC-SKU-MASS-039-202411-03001242,warranty_form,warranty_form_a4,v1,1,per_artifact/warranty_form/WC-SKU-MASS-039-202411-03001242.json
WC-SKU-MASS-039-202411-13028690,warranty_form,warranty_form_a4,v1,1,per_artifact/warranty_form/WC-SKU-MASS-039-202411-13028690.json
WC-SKU-MASS-039-202411-26012249,warranty_form,warranty_form_a4,v1,1,per_artifact/warranty_form/WC-SKU-MASS-039-202411-26012249.json
WC-SKU-MASS-039-202412-05018288,warranty_form,warranty_form_a4,v1,1,per_artifact/warranty_form/WC-SKU-MASS-039-202412-05018288.json
WC-SKU-MASS-039-202412-11022571,warranty_form,warranty_form_a4,v1,1,per_artifact/warranty_form/WC-SKU-MASS-039-202412-11022571.json
WC-SKU-MASS-039-202503-20027976,warranty_form,warranty_form_a4,v1,1,per_artifact/warranty_form/WC-SKU-MASS-039-202503-20027976.json
WC-SKU-MASS-039-202504-23019987,warranty_form,warranty_form_a4,v1,1,per_artifact/warranty_form/WC-SKU-MASS-039-202504-23019987.json
WC-SKU-MASS-039-202506-08009752,warranty_form,warranty_form_a4,v1,1,per_artifact/warranty_form/WC-SKU-MASS-039-202506-08009752.json
WC-SKU-MASS-039-202506-25013491,warranty_form,warranty_form_a4,v1,1,per_artifact/warranty_form/WC-SKU-MASS-039-202506-25013491.json
WC-SKU-MASS-039-202508-23013561,warranty_form,warranty_form_a4,v1,1,per_artifact/warranty_form/WC-SKU-MASS-039-202508-23013561.json
WC-SKU-MASS-039-202508-30028399,warranty_form,warranty_form_a4,v1,1,per_artifact/warranty_form/WC-SKU-MASS-039-202508-30028399.json
WC-SKU-MASS-039-202509-14008729,warranty_form,warranty_form_a4,v1,1,per_artifact/warranty_form/WC-SKU-MASS-039-202509-14008729.json
WC-SKU-MASS-039-202509-20012517,warranty_form,warranty_form_a4,v1,1,per_artifact/warranty_form/WC-SKU-MASS-039-202509-20012517.json
WC-SKU-MASS-039-202509-24002632,warranty_form,warranty_form_a4,v1,1,per_artifact/warranty_form/WC-SKU-MASS-039-202509-24002632.json
WC-SKU-MASS-039-202510-10027837,warranty_form,warranty_form_a4,v1,1,per_artifact/warranty_form/WC-SKU-MASS-039-202510-10027837.json
WC-SKU-MASS-039-202512-24017577,warranty_form,warranty_form_a4,v1,1,per_artifact/warranty_form/WC-SKU-MASS-039-202512-24017577.json
WC-SKU-MASS-040-202402-18024696,warranty_form,warranty_form_a4,v1,1,per_artifact/warranty_form/WC-SKU-MASS-040-202402-18024696.json
WC-SKU-MASS-040-202403-23028099,warranty_form,warranty_form_a4,v1,1,per_artifact/warranty_form/WC-SKU-MASS-040-202403-23028099.json
WC-SKU-MASS-040-202405-01018046,warranty_form,warranty_form_a4,v1,1,per_artifact/warranty_form/WC-SKU-MASS-040-202405-01018046.json
WC-SKU-MASS-040-202406-02012380,warranty_form,warranty_form_a4,v1,1,per_artifact/warranty_form/WC-SKU-MASS-040-202406-02012380.json
WC-SKU-MASS-040-202408-18026438,warranty_form,warranty_form_a4,v1,1,per_artifact/warranty_form/WC-SKU-MASS-040-202408-18026438.json
WC-SKU-MASS-040-202409-03005323,warranty_form,warranty_form_a4,v1,1,per_artifact/warranty_form/WC-SKU-MASS-040-202409-03005323.json
WC-SKU-MASS-040-202409-29009609,warranty_form,warranty_form_a4,v1,1,per_artifact/warranty_form/WC-SKU-MASS-040-202409-29009609.json
WC-SKU-MASS-040-202411-08026887,warranty_form,warranty_form_a4,v1,1,per_artifact/warranty_form/WC-SKU-MASS-040-202411-08026887.json
WC-SKU-MASS-040-202411-12000846,warranty_form,warranty_form_a4,v1,1,per_artifact/warranty_form/WC-SKU-MASS-040-202411-12000846.json
WC-SKU-MASS-040-202412-17000359,warranty_form,warranty_form_a4,v1,1,per_artifact/warranty_form/WC-SKU-MASS-040-202412-17000359.json
WC-SKU-MASS-040-202501-06007334,warranty_form,warranty_form_a4,v1,1,per_artifact/warranty_form/WC-SKU-MASS-040-202501-06007334.json
WC-SKU-MASS-040-202502-28020539,warranty_form,warranty_form_a4,v1,1,per_artifact/warranty_form/WC-SKU-MASS-040-202502-28020539.json
WC-SKU-MASS-040-202503-06028744,warranty_form,warranty_form_a4,v1,1,per_artifact/warranty_form/WC-SKU-MASS-040-202503-06028744.json
WC-SKU-MASS-040-202507-04013008,warranty_form,warranty_form_a4,v1,1,per_artifact/warranty_form/WC-SKU-MASS-040-202507-04013008.json
WC-SKU-MASS-040-202509-03022643,warranty_form,warranty_form_a4,v1,1,per_artifact/warranty_form/WC-SKU-MASS-040-202509-03022643.json
WC-SKU-MASS-040-202509-16016178,warranty_form,warranty_form_a4,v1,1,per_artifact/warranty_form/WC-SKU-MASS-040-202509-16016178.json
WC-SKU-MASS-040-202509-25029554,warranty_form,warranty_form_a4,v1,1,per_artifact/warranty_form/WC-SKU-MASS-040-202509-25029554.json
WC-SKU-MASS-040-202510-01010328,warranty_form,warranty_form_a4,v1,1,per_artifact/warranty_form/WC-SKU-MASS-040-202510-01010328.json
WC-SKU-MASS-040-202510-30020335,warranty_form,warranty_form_a4,v1,1,per_artifact/warranty_form/WC-SKU-MASS-040-202510-30020335.json
WC-SKU-MASS-040-202511-03000832,warranty_form,warranty_form_a4,v1,1,per_artifact/warranty_form/WC-SKU-MASS-040-202511-03000832.json
WC-SKU-MASS-040-202511-28013702,warranty_form,warranty_form_a4,v1,1,per_artifact/warranty_form/WC-SKU-MASS-040-202511-28013702.json
WC-SKU-MASS-040-202512-25009438,warranty_form,warranty_form_a4,v1,1,per_artifact/warranty_form/WC-SKU-MASS-040-202512-25009438.json
WC-SKU-MASS-041-202401-20018045,warranty_form,warranty_form_a4,v1,1,per_artifact/warranty_form/WC-SKU-MASS-041-202401-20018045.json
WC-SKU-MASS-041-202401-20021682,warranty_form,warranty_form_a4,v1,1,per_artifact/warranty_form/WC-SKU-MASS-041-202401-20021682.json
WC-SKU-MASS-041-202404-28013838,warranty_form,warranty_form_a4,v1,1,per_artifact/warranty_form/WC-SKU-MASS-041-202404-28013838.json
WC-SKU-MASS-041-202405-05029182,warranty_form,warranty_form_a4,v1,1,per_artifact/warranty_form/WC-SKU-MASS-041-202405-05029182.json
WC-SKU-MASS-041-202405-10013981,warranty_form,warranty_form_a4,v1,1,per_artifact/warranty_form/WC-SKU-MASS-041-202405-10013981.json
WC-SKU-MASS-041-202406-18002322,warranty_form,warranty_form_a4,v1,1,per_artifact/warranty_form/WC-SKU-MASS-041-202406-18002322.json
WC-SKU-MASS-041-202408-10017967,warranty_form,warranty_form_a4,v1,1,per_artifact/warranty_form/WC-SKU-MASS-041-202408-10017967.json
WC-SKU-MASS-041-202410-27013808,warranty_form,warranty_form_a4,v1,1,per_artifact/warranty_form/WC-SKU-MASS-041-202410-27013808.json
WC-SKU-MASS-041-202412-08027854,warranty_form,warranty_form_a4,v1,1,per_artifact/warranty_form/WC-SKU-MASS-041-202412-08027854.json
WC-SKU-MASS-041-202412-19018117,warranty_form,warranty_form_a4,v1,1,per_artifact/warranty_form/WC-SKU-MASS-041-202412-19018117.json
WC-SKU-MASS-041-202502-01012473,warranty_form,warranty_form_a4,v1,1,per_artifact/warranty_form/WC-SKU-MASS-041-202502-01012473.json
WC-SKU-MASS-041-202502-09017771,warranty_form,warranty_form_a4,v1,1,per_artifact/warranty_form/WC-SKU-MASS-041-202502-09017771.json
WC-SKU-MASS-041-202502-19003182,warranty_form,warranty_form_a4,v1,1,per_artifact/warranty_form/WC-SKU-MASS-041-202502-19003182.json
WC-SKU-MASS-041-202504-24012685,warranty_form,warranty_form_a4,v1,1,per_artifact/warranty_form/WC-SKU-MASS-041-202504-24012685.json
WC-SKU-MASS-041-202505-13010798,warranty_form,warranty_form_a4,v1,1,per_artifact/warranty_form/WC-SKU-MASS-041-202505-13010798.json
WC-SKU-MASS-041-202507-31023339,warranty_form,warranty_form_a4,v1,1,per_artifact/warranty_form/WC-SKU-MASS-041-202507-31023339.json
WC-SKU-MASS-041-202508-03025357,warranty_form,warranty_form_a4,v1,1,per_artifact/warranty_form/WC-SKU-MASS-041-202508-03025357.json
WC-SKU-MASS-041-202508-29026833,warranty_form,warranty_form_a4,v1,1,per_artifact/warranty_form/WC-SKU-MASS-041-202508-29026833.json
WC-SKU-MASS-041-202510-11013998,warranty_form,warranty_form_a4,v1,1,per_artifact/warranty_form/WC-SKU-MASS-041-202510-11013998.json
WC-SKU-MASS-041-202510-24012333,warranty_form,warranty_form_a4,v1,1,per_artifact/warranty_form/WC-SKU-MASS-041-202510-24012333.json
WC-SKU-MASS-041-202510-28012642,warranty_form,warranty_form_a4,v1,1,per_artifact/warranty_form/WC-SKU-MASS-041-202510-28012642.json
WC-SKU-MASS-041-202511-07003130,warranty_form,warranty_form_a4,v1,1,per_artifact/warranty_form/WC-SKU-MASS-041-202511-07003130.json
WC-SKU-MASS-041-202511-19002526,warranty_form,warranty_form_a4,v1,1,per_artifact/warranty_form/WC-SKU-MASS-041-202511-19002526.json
WC-SKU-MASS-042-202402-06011156,warranty_form,warranty_form_a4,v1,1,per_artifact/warranty_form/WC-SKU-MASS-042-202402-06011156.json
WC-SKU-MASS-042-202402-24009154,warranty_form,warranty_form_a4,v1,1,per_artifact/warranty_form/WC-SKU-MASS-042-202402-24009154.json
WC-SKU-MASS-042-202403-02022596,warranty_form,warranty_form_a4,v1,1,per_artifact/warranty_form/WC-SKU-MASS-042-202403-02022596.json
WC-SKU-MASS-042-202406-03005353,warranty_form,warranty_form_a4,v1,1,per_artifact/warranty_form/WC-SKU-MASS-042-202406-03005353.json
WC-SKU-MASS-042-202406-24026026,warranty_form,warranty_form_a4,v1,1,per_artifact/warranty_form/WC-SKU-MASS-042-202406-24026026.json
WC-SKU-MASS-042-202407-05021966,warranty_form,warranty_form_a4,v1,1,per_artifact/warranty_form/WC-SKU-MASS-042-202407-05021966.json
WC-SKU-MASS-042-202407-10027342,warranty_form,warranty_form_a4,v1,1,per_artifact/warranty_form/WC-SKU-MASS-042-202407-10027342.json
WC-SKU-MASS-042-202408-05005084,warranty_form,warranty_form_a4,v1,1,per_artifact/warranty_form/WC-SKU-MASS-042-202408-05005084.json
WC-SKU-MASS-042-202408-17027424,warranty_form,warranty_form_a4,v1,1,per_artifact/warranty_form/WC-SKU-MASS-042-202408-17027424.json
WC-SKU-MASS-042-202409-13023813,warranty_form,warranty_form_a4,v1,1,per_artifact/warranty_form/WC-SKU-MASS-042-202409-13023813.json
WC-SKU-MASS-042-202411-26007320,warranty_form,warranty_form_a4,v1,1,per_artifact/warranty_form/WC-SKU-MASS-042-202411-26007320.json
WC-SKU-MASS-042-202504-11010323,warranty_form,warranty_form_a4,v1,1,per_artifact/warranty_form/WC-SKU-MASS-042-202504-11010323.json
WC-SKU-MASS-042-202504-25021028,warranty_form,warranty_form_a4,v1,1,per_artifact/warranty_form/WC-SKU-MASS-042-202504-25021028.json
WC-SKU-MASS-042-202505-13021177,warranty_form,warranty_form_a4,v1,1,per_artifact/warranty_form/WC-SKU-MASS-042-202505-13021177.json
WC-SKU-MASS-043-202404-21011321,warranty_form,warranty_form_a4,v1,1,per_artifact/warranty_form/WC-SKU-MASS-043-202404-21011321.json
WC-SKU-MASS-043-202407-19024231,warranty_form,warranty_form_a4,v1,1,per_artifact/warranty_form/WC-SKU-MASS-043-202407-19024231.json
WC-SKU-MASS-043-202408-28009855,warranty_form,warranty_form_a4,v1,1,per_artifact/warranty_form/WC-SKU-MASS-043-202408-28009855.json
WC-SKU-MASS-043-202409-10016539,warranty_form,warranty_form_a4,v1,1,per_artifact/warranty_form/WC-SKU-MASS-043-202409-10016539.json
WC-SKU-MASS-043-202412-07012032,warranty_form,warranty_form_a4,v1,1,per_artifact/warranty_form/WC-SKU-MASS-043-202412-07012032.json
WC-SKU-MASS-043-202412-13007542,warranty_form,warranty_form_a4,v1,1,per_artifact/warranty_form/WC-SKU-MASS-043-202412-13007542.json
WC-SKU-MASS-043-202501-30013997,warranty_form,warranty_form_a4,v1,1,per_artifact/warranty_form/WC-SKU-MASS-043-202501-30013997.json
WC-SKU-MASS-043-202503-14011348,warranty_form,warranty_form_a4,v1,1,per_artifact/warranty_form/WC-SKU-MASS-043-202503-14011348.json
WC-SKU-MASS-043-202503-16003995,warranty_form,warranty_form_a4,v1,1,per_artifact/warranty_form/WC-SKU-MASS-043-202503-16003995.json
WC-SKU-MASS-043-202503-23005620,warranty_form,warranty_form_a4,v1,1,per_artifact/warranty_form/WC-SKU-MASS-043-202503-23005620.json
WC-SKU-MASS-043-202503-25019177,warranty_form,warranty_form_a4,v1,1,per_artifact/warranty_form/WC-SKU-MASS-043-202503-25019177.json
WC-SKU-MASS-043-202505-11020373,warranty_form,warranty_form_a4,v1,1,per_artifact/warranty_form/WC-SKU-MASS-043-202505-11020373.json
WC-SKU-MASS-043-202505-30007524,warranty_form,warranty_form_a4,v1,1,per_artifact/warranty_form/WC-SKU-MASS-043-202505-30007524.json
WC-SKU-MASS-043-202506-16023933,warranty_form,warranty_form_a4,v1,1,per_artifact/warranty_form/WC-SKU-MASS-043-202506-16023933.json
WC-SKU-MASS-043-202507-08017563,warranty_form,warranty_form_a4,v1,1,per_artifact/warranty_form/WC-SKU-MASS-043-202507-08017563.json
WC-SKU-MASS-043-202507-18025190,warranty_form,warranty_form_a4,v1,1,per_artifact/warranty_form/WC-SKU-MASS-043-202507-18025190.json
WC-SKU-MASS-043-202509-06026074,warranty_form,warranty_form_a4,v1,1,per_artifact/warranty_form/WC-SKU-MASS-043-202509-06026074.json
WC-SKU-MASS-043-202510-01024275,warranty_form,warranty_form_a4,v1,1,per_artifact/warranty_form/WC-SKU-MASS-043-202510-01024275.json
WC-SKU-MASS-043-202511-12009776,warranty_form,warranty_form_a4,v1,1,per_artifact/warranty_form/WC-SKU-MASS-043-202511-12009776.json
WC-SKU-MASS-043-202511-16007868,warranty_form,warranty_form_a4,v1,1,per_artifact/warranty_form/WC-SKU-MASS-043-202511-16007868.json
WC-SKU-MASS-044-202401-18013019,warranty_form,warranty_form_a4,v1,1,per_artifact/warranty_form/WC-SKU-MASS-044-202401-18013019.json
WC-SKU-MASS-044-202401-20024326,warranty_form,warranty_form_a4,v1,1,per_artifact/warranty_form/WC-SKU-MASS-044-202401-20024326.json
WC-SKU-MASS-044-202404-18004341,warranty_form,warranty_form_a4,v1,1,per_artifact/warranty_form/WC-SKU-MASS-044-202404-18004341.json
WC-SKU-MASS-044-202407-16007078,warranty_form,warranty_form_a4,v1,1,per_artifact/warranty_form/WC-SKU-MASS-044-202407-16007078.json
WC-SKU-MASS-044-202408-07026776,warranty_form,warranty_form_a4,v1,1,per_artifact/warranty_form/WC-SKU-MASS-044-202408-07026776.json
WC-SKU-MASS-044-202408-15022946,warranty_form,warranty_form_a4,v1,1,per_artifact/warranty_form/WC-SKU-MASS-044-202408-15022946.json
WC-SKU-MASS-044-202411-20001784,warranty_form,warranty_form_a4,v1,1,per_artifact/warranty_form/WC-SKU-MASS-044-202411-20001784.json
WC-SKU-MASS-044-202412-31005938,warranty_form,warranty_form_a4,v1,1,per_artifact/warranty_form/WC-SKU-MASS-044-202412-31005938.json
WC-SKU-MASS-044-202502-22024203,warranty_form,warranty_form_a4,v1,1,per_artifact/warranty_form/WC-SKU-MASS-044-202502-22024203.json
WC-SKU-MASS-044-202503-23022794,warranty_form,warranty_form_a4,v1,1,per_artifact/warranty_form/WC-SKU-MASS-044-202503-23022794.json
WC-SKU-MASS-044-202504-26015917,warranty_form,warranty_form_a4,v1,1,per_artifact/warranty_form/WC-SKU-MASS-044-202504-26015917.json
WC-SKU-MASS-044-202505-24003076,warranty_form,warranty_form_a4,v1,1,per_artifact/warranty_form/WC-SKU-MASS-044-202505-24003076.json
WC-SKU-MASS-044-202506-03021405,warranty_form,warranty_form_a4,v1,1,per_artifact/warranty_form/WC-SKU-MASS-044-202506-03021405.json
WC-SKU-MASS-044-202509-01018831,warranty_form,warranty_form_a4,v1,1,per_artifact/warranty_form/WC-SKU-MASS-044-202509-01018831.json
WC-SKU-MASS-044-202512-19004807,warranty_form,warranty_form_a4,v1,1,per_artifact/warranty_form/WC-SKU-MASS-044-202512-19004807.json
WC-SKU-MASS-045-202403-28028445,warranty_form,warranty_form_a4,v1,1,per_artifact/warranty_form/WC-SKU-MASS-045-202403-28028445.json
WC-SKU-MASS-045-202403-29029472,warranty_form,warranty_form_a4,v1,1,per_artifact/warranty_form/WC-SKU-MASS-045-202403-29029472.json
WC-SKU-MASS-045-202406-05002159,warranty_form,warranty_form_a4,v1,1,per_artifact/warranty_form/WC-SKU-MASS-045-202406-05002159.json
WC-SKU-MASS-045-202406-19000720,warranty_form,warranty_form_a4,v1,1,per_artifact/warranty_form/WC-SKU-MASS-045-202406-19000720.json
WC-SKU-MASS-045-202406-25018911,warranty_form,warranty_form_a4,v1,1,per_artifact/warranty_form/WC-SKU-MASS-045-202406-25018911.json
WC-SKU-MASS-045-202407-22013151,warranty_form,warranty_form_a4,v1,1,per_artifact/warranty_form/WC-SKU-MASS-045-202407-22013151.json
WC-SKU-MASS-045-202412-25011476,warranty_form,warranty_form_a4,v1,1,per_artifact/warranty_form/WC-SKU-MASS-045-202412-25011476.json
WC-SKU-MASS-045-202501-31025605,warranty_form,warranty_form_a4,v1,1,per_artifact/warranty_form/WC-SKU-MASS-045-202501-31025605.json
WC-SKU-MASS-045-202502-18014899,warranty_form,warranty_form_a4,v1,1,per_artifact/warranty_form/WC-SKU-MASS-045-202502-18014899.json
WC-SKU-MASS-045-202504-03002995,warranty_form,warranty_form_a4,v1,1,per_artifact/warranty_form/WC-SKU-MASS-045-202504-03002995.json
WC-SKU-MASS-045-202505-24003623,warranty_form,warranty_form_a4,v1,1,per_artifact/warranty_form/WC-SKU-MASS-045-202505-24003623.json
WC-SKU-MASS-045-202506-26029478,warranty_form,warranty_form_a4,v1,1,per_artifact/warranty_form/WC-SKU-MASS-045-202506-26029478.json
WC-SKU-MASS-045-202507-09003117,warranty_form,warranty_form_a4,v1,1,per_artifact/warranty_form/WC-SKU-MASS-045-202507-09003117.json
WC-SKU-MASS-045-202508-12009401,warranty_form,warranty_form_a4,v1,1,per_artifact/warranty_form/WC-SKU-MASS-045-202508-12009401.json
WC-SKU-MASS-045-202508-22016767,warranty_form,warranty_form_a4,v1,1,per_artifact/warranty_form/WC-SKU-MASS-045-202508-22016767.json
WC-SKU-MASS-045-202508-26015310,warranty_form,warranty_form_a4,v1,1,per_artifact/warranty_form/WC-SKU-MASS-045-202508-26015310.json
WC-SKU-MASS-045-202511-26027258,warranty_form,warranty_form_a4,v1,1,per_artifact/warranty_form/WC-SKU-MASS-045-202511-26027258.json
WC-SKU-MASS-046-202401-11004196,warranty_form,warranty_form_a4,v1,1,per_artifact/warranty_form/WC-SKU-MASS-046-202401-11004196.json
WC-SKU-MASS-046-202401-27005111,warranty_form,warranty_form_a4,v1,1,per_artifact/warranty_form/WC-SKU-MASS-046-202401-27005111.json
WC-SKU-MASS-046-202402-07028571,warranty_form,warranty_form_a4,v1,1,per_artifact/warranty_form/WC-SKU-MASS-046-202402-07028571.json
WC-SKU-MASS-046-202405-10011040,warranty_form,warranty_form_a4,v1,1,per_artifact/warranty_form/WC-SKU-MASS-046-202405-10011040.json
WC-SKU-MASS-046-202405-12005733,warranty_form,warranty_form_a4,v1,1,per_artifact/warranty_form/WC-SKU-MASS-046-202405-12005733.json
WC-SKU-MASS-046-202406-11022137,warranty_form,warranty_form_a4,v1,1,per_artifact/warranty_form/WC-SKU-MASS-046-202406-11022137.json
WC-SKU-MASS-046-202406-27027271,warranty_form,warranty_form_a4,v1,1,per_artifact/warranty_form/WC-SKU-MASS-046-202406-27027271.json
WC-SKU-MASS-046-202409-08005986,warranty_form,warranty_form_a4,v1,1,per_artifact/warranty_form/WC-SKU-MASS-046-202409-08005986.json
WC-SKU-MASS-046-202410-24028081,warranty_form,warranty_form_a4,v1,1,per_artifact/warranty_form/WC-SKU-MASS-046-202410-24028081.json
WC-SKU-MASS-046-202412-07016042,warranty_form,warranty_form_a4,v1,1,per_artifact/warranty_form/WC-SKU-MASS-046-202412-07016042.json
WC-SKU-MASS-046-202501-05020509,warranty_form,warranty_form_a4,v1,1,per_artifact/warranty_form/WC-SKU-MASS-046-202501-05020509.json
WC-SKU-MASS-046-202501-13022374,warranty_form,warranty_form_a4,v1,1,per_artifact/warranty_form/WC-SKU-MASS-046-202501-13022374.json
WC-SKU-MASS-046-202502-22012046,warranty_form,warranty_form_a4,v1,1,per_artifact/warranty_form/WC-SKU-MASS-046-202502-22012046.json
WC-SKU-MASS-046-202503-15021345,warranty_form,warranty_form_a4,v1,1,per_artifact/warranty_form/WC-SKU-MASS-046-202503-15021345.json
WC-SKU-MASS-046-202504-27002173,warranty_form,warranty_form_a4,v1,1,per_artifact/warranty_form/WC-SKU-MASS-046-202504-27002173.json
WC-SKU-MASS-046-202505-10029084,warranty_form,warranty_form_a4,v1,1,per_artifact/warranty_form/WC-SKU-MASS-046-202505-10029084.json
WC-SKU-MASS-046-202505-17013594,warranty_form,warranty_form_a4,v1,1,per_artifact/warranty_form/WC-SKU-MASS-046-202505-17013594.json
WC-SKU-MASS-046-202508-08018988,warranty_form,warranty_form_a4,v1,1,per_artifact/warranty_form/WC-SKU-MASS-046-202508-08018988.json
WC-SKU-MASS-046-202509-16000073,warranty_form,warranty_form_a4,v1,1,per_artifact/warranty_form/WC-SKU-MASS-046-202509-16000073.json
WC-SKU-MASS-046-202510-19005017,warranty_form,warranty_form_a4,v1,1,per_artifact/warranty_form/WC-SKU-MASS-046-202510-19005017.json
WC-SKU-MASS-046-202512-05028004,warranty_form,warranty_form_a4,v1,1,per_artifact/warranty_form/WC-SKU-MASS-046-202512-05028004.json
WC-SKU-MASS-046-202512-09021447,warranty_form,warranty_form_a4,v1,1,per_artifact/warranty_form/WC-SKU-MASS-046-202512-09021447.json
WC-SKU-MASS-046-202512-17004964,warranty_form,warranty_form_a4,v1,1,per_artifact/warranty_form/WC-SKU-MASS-046-202512-17004964.json
WC-SKU-MASS-047-202401-11002922,warranty_form,warranty_form_a4,v1,1,per_artifact/warranty_form/WC-SKU-MASS-047-202401-11002922.json
WC-SKU-MASS-047-202401-31024169,warranty_form,warranty_form_a4,v1,1,per_artifact/warranty_form/WC-SKU-MASS-047-202401-31024169.json
WC-SKU-MASS-047-202402-22010090,warranty_form,warranty_form_a4,v1,1,per_artifact/warranty_form/WC-SKU-MASS-047-202402-22010090.json
WC-SKU-MASS-047-202404-26025370,warranty_form,warranty_form_a4,v1,1,per_artifact/warranty_form/WC-SKU-MASS-047-202404-26025370.json
WC-SKU-MASS-047-202406-10017872,warranty_form,warranty_form_a4,v1,1,per_artifact/warranty_form/WC-SKU-MASS-047-202406-10017872.json
WC-SKU-MASS-047-202407-15000636,warranty_form,warranty_form_a4,v1,1,per_artifact/warranty_form/WC-SKU-MASS-047-202407-15000636.json
WC-SKU-MASS-047-202501-13015924,warranty_form,warranty_form_a4,v1,1,per_artifact/warranty_form/WC-SKU-MASS-047-202501-13015924.json
WC-SKU-MASS-047-202502-24008841,warranty_form,warranty_form_a4,v1,1,per_artifact/warranty_form/WC-SKU-MASS-047-202502-24008841.json
WC-SKU-MASS-047-202504-03020861,warranty_form,warranty_form_a4,v1,1,per_artifact/warranty_form/WC-SKU-MASS-047-202504-03020861.json
WC-SKU-MASS-047-202505-25006858,warranty_form,warranty_form_a4,v1,1,per_artifact/warranty_form/WC-SKU-MASS-047-202505-25006858.json
WC-SKU-MASS-047-202507-28008606,warranty_form,warranty_form_a4,v1,1,per_artifact/warranty_form/WC-SKU-MASS-047-202507-28008606.json
WC-SKU-MASS-047-202509-09026295,warranty_form,warranty_form_a4,v1,1,per_artifact/warranty_form/WC-SKU-MASS-047-202509-09026295.json
WC-SKU-MASS-047-202510-02020893,warranty_form,warranty_form_a4,v1,1,per_artifact/warranty_form/WC-SKU-MASS-047-202510-02020893.json
WC-SKU-MASS-047-202512-29014701,warranty_form,warranty_form_a4,v1,1,per_artifact/warranty_form/WC-SKU-MASS-047-202512-29014701.json
WC-SKU-MASS-047-202512-30009781,warranty_form,warranty_form_a4,v1,1,per_artifact/warranty_form/WC-SKU-MASS-047-202512-30009781.json
WC-SKU-MASS-048-202402-02028826,warranty_form,warranty_form_a4,v1,1,per_artifact/warranty_form/WC-SKU-MASS-048-202402-02028826.json
WC-SKU-MASS-048-202402-03028557,warranty_form,warranty_form_a4,v1,1,per_artifact/warranty_form/WC-SKU-MASS-048-202402-03028557.json
WC-SKU-MASS-048-202402-21026399,warranty_form,warranty_form_a4,v1,1,per_artifact/warranty_form/WC-SKU-MASS-048-202402-21026399.json
WC-SKU-MASS-048-202403-06002643,warranty_form,warranty_form_a4,v1,1,per_artifact/warranty_form/WC-SKU-MASS-048-202403-06002643.json
WC-SKU-MASS-048-202405-01001583,warranty_form,warranty_form_a4,v1,1,per_artifact/warranty_form/WC-SKU-MASS-048-202405-01001583.json
WC-SKU-MASS-048-202407-30026126,warranty_form,warranty_form_a4,v1,1,per_artifact/warranty_form/WC-SKU-MASS-048-202407-30026126.json
WC-SKU-MASS-048-202408-29019875,warranty_form,warranty_form_a4,v1,1,per_artifact/warranty_form/WC-SKU-MASS-048-202408-29019875.json
WC-SKU-MASS-048-202410-02021217,warranty_form,warranty_form_a4,v1,1,per_artifact/warranty_form/WC-SKU-MASS-048-202410-02021217.json
WC-SKU-MASS-048-202410-15028397,warranty_form,warranty_form_a4,v1,1,per_artifact/warranty_form/WC-SKU-MASS-048-202410-15028397.json
WC-SKU-MASS-048-202410-29007464,warranty_form,warranty_form_a4,v1,1,per_artifact/warranty_form/WC-SKU-MASS-048-202410-29007464.json
WC-SKU-MASS-048-202411-30017663,warranty_form,warranty_form_a4,v1,1,per_artifact/warranty_form/WC-SKU-MASS-048-202411-30017663.json
WC-SKU-MASS-048-202502-12021540,warranty_form,warranty_form_a4,v1,1,per_artifact/warranty_form/WC-SKU-MASS-048-202502-12021540.json
WC-SKU-MASS-048-202503-12013643,warranty_form,warranty_form_a4,v1,1,per_artifact/warranty_form/WC-SKU-MASS-048-202503-12013643.json
WC-SKU-MASS-048-202506-30007017,warranty_form,warranty_form_a4,v1,1,per_artifact/warranty_form/WC-SKU-MASS-048-202506-30007017.json
WC-SKU-MASS-048-202507-09000416,warranty_form,warranty_form_a4,v1,1,per_artifact/warranty_form/WC-SKU-MASS-048-202507-09000416.json
WC-SKU-MASS-048-202508-09021703,warranty_form,warranty_form_a4,v1,1,per_artifact/warranty_form/WC-SKU-MASS-048-202508-09021703.json
WC-SKU-MASS-048-202508-24018022,warranty_form,warranty_form_a4,v1,1,per_artifact/warranty_form/WC-SKU-MASS-048-202508-24018022.json
WC-SKU-MASS-048-202511-13020037,warranty_form,warranty_form_a4,v1,1,per_artifact/warranty_form/WC-SKU-MASS-048-202511-13020037.json
WC-SKU-MASS-048-202511-23020025,warranty_form,warranty_form_a4,v1,1,per_artifact/warranty_form/WC-SKU-MASS-048-202511-23020025.json
WC-SKU-MASS-049-202401-27005575,warranty_form,warranty_form_a4,v1,1,per_artifact/warranty_form/WC-SKU-MASS-049-202401-27005575.json
WC-SKU-MASS-049-202403-17026226,warranty_form,warranty_form_a4,v1,1,per_artifact/warranty_form/WC-SKU-MASS-049-202403-17026226.json
WC-SKU-MASS-049-202403-25010561,warranty_form,warranty_form_a4,v1,1,per_artifact/warranty_form/WC-SKU-MASS-049-202403-25010561.json
WC-SKU-MASS-049-202406-10026172,warranty_form,warranty_form_a4,v1,1,per_artifact/warranty_form/WC-SKU-MASS-049-202406-10026172.json
WC-SKU-MASS-049-202406-15004794,warranty_form,warranty_form_a4,v1,1,per_artifact/warranty_form/WC-SKU-MASS-049-202406-15004794.json
WC-SKU-MASS-049-202407-16028966,warranty_form,warranty_form_a4,v1,1,per_artifact/warranty_form/WC-SKU-MASS-049-202407-16028966.json
WC-SKU-MASS-049-202407-17002372,warranty_form,warranty_form_a4,v1,1,per_artifact/warranty_form/WC-SKU-MASS-049-202407-17002372.json
WC-SKU-MASS-049-202408-02029091,warranty_form,warranty_form_a4,v1,1,per_artifact/warranty_form/WC-SKU-MASS-049-202408-02029091.json
WC-SKU-MASS-049-202408-20003717,warranty_form,warranty_form_a4,v1,1,per_artifact/warranty_form/WC-SKU-MASS-049-202408-20003717.json
WC-SKU-MASS-049-202408-24023609,warranty_form,warranty_form_a4,v1,1,per_artifact/warranty_form/WC-SKU-MASS-049-202408-24023609.json
WC-SKU-MASS-049-202409-01018509,warranty_form,warranty_form_a4,v1,1,per_artifact/warranty_form/WC-SKU-MASS-049-202409-01018509.json
WC-SKU-MASS-049-202409-21001581,warranty_form,warranty_form_a4,v1,1,per_artifact/warranty_form/WC-SKU-MASS-049-202409-21001581.json
WC-SKU-MASS-049-202410-07015604,warranty_form,warranty_form_a4,v1,1,per_artifact/warranty_form/WC-SKU-MASS-049-202410-07015604.json
WC-SKU-MASS-049-202410-17009253,warranty_form,warranty_form_a4,v1,1,per_artifact/warranty_form/WC-SKU-MASS-049-202410-17009253.json
WC-SKU-MASS-049-202412-28000149,warranty_form,warranty_form_a4,v1,1,per_artifact/warranty_form/WC-SKU-MASS-049-202412-28000149.json
WC-SKU-MASS-049-202501-02006105,warranty_form,warranty_form_a4,v1,1,per_artifact/warranty_form/WC-SKU-MASS-049-202501-02006105.json
WC-SKU-MASS-049-202504-01026180,warranty_form,warranty_form_a4,v1,1,per_artifact/warranty_form/WC-SKU-MASS-049-202504-01026180.json
WC-SKU-MASS-049-202507-18017006,warranty_form,warranty_form_a4,v1,1,per_artifact/warranty_form/WC-SKU-MASS-049-202507-18017006.json
WC-SKU-MASS-049-202512-02010522,warranty_form,warranty_form_a4,v1,1,per_artifact/warranty_form/WC-SKU-MASS-049-202512-02010522.json
WC-SKU-MASS-050-202405-01007242,warranty_form,warranty_form_a4,v1,1,per_artifact/warranty_form/WC-SKU-MASS-050-202405-01007242.json
WC-SKU-MASS-050-202405-18002257,warranty_form,warranty_form_a4,v1,1,per_artifact/warranty_form/WC-SKU-MASS-050-202405-18002257.json
WC-SKU-MASS-050-202410-03017198,warranty_form,warranty_form_a4,v1,1,per_artifact/warranty_form/WC-SKU-MASS-050-202410-03017198.json
WC-SKU-MASS-050-202410-07021620,warranty_form,warranty_form_a4,v1,1,per_artifact/warranty_form/WC-SKU-MASS-050-202410-07021620.json
WC-SKU-MASS-050-202411-22013088,warranty_form,warranty_form_a4,v1,1,per_artifact/warranty_form/WC-SKU-MASS-050-202411-22013088.json
WC-SKU-MASS-050-202411-30009554,warranty_form,warranty_form_a4,v1,1,per_artifact/warranty_form/WC-SKU-MASS-050-202411-30009554.json
WC-SKU-MASS-050-202501-22026546,warranty_form,warranty_form_a4,v1,1,per_artifact/warranty_form/WC-SKU-MASS-050-202501-22026546.json
WC-SKU-MASS-050-202504-01028123,warranty_form,warranty_form_a4,v1,1,per_artifact/warranty_form/WC-SKU-MASS-050-202504-01028123.json
WC-SKU-MASS-050-202504-15001898,warranty_form,warranty_form_a4,v1,1,per_artifact/warranty_form/WC-SKU-MASS-050-202504-15001898.json
WC-SKU-MASS-050-202506-11013813,warranty_form,warranty_form_a4,v1,1,per_artifact/warranty_form/WC-SKU-MASS-050-202506-11013813.json
WC-SKU-MASS-050-202508-14009782,warranty_form,warranty_form_a4,v1,1,per_artifact/warranty_form/WC-SKU-MASS-050-202508-14009782.json
WC-SKU-MASS-050-202510-17028255,warranty_form,warranty_form_a4,v1,1,per_artifact/warranty_form/WC-SKU-MASS-050-202510-17028255.json
WC-SKU-MASS-051-202401-05020318,warranty_form,warranty_form_a4,v1,1,per_artifact/warranty_form/WC-SKU-MASS-051-202401-05020318.json
WC-SKU-MASS-051-202401-30015515,warranty_form,warranty_form_a4,v1,1,per_artifact/warranty_form/WC-SKU-MASS-051-202401-30015515.json
WC-SKU-MASS-051-202403-28007718,warranty_form,warranty_form_a4,v1,1,per_artifact/warranty_form/WC-SKU-MASS-051-202403-28007718.json
WC-SKU-MASS-051-202406-03003124,warranty_form,warranty_form_a4,v1,1,per_artifact/warranty_form/WC-SKU-MASS-051-202406-03003124.json
WC-SKU-MASS-051-202406-17003649,warranty_form,warranty_form_a4,v1,1,per_artifact/warranty_form/WC-SKU-MASS-051-202406-17003649.json
WC-SKU-MASS-051-202407-12024836,warranty_form,warranty_form_a4,v1,1,per_artifact/warranty_form/WC-SKU-MASS-051-202407-12024836.json
WC-SKU-MASS-051-202407-31006460,warranty_form,warranty_form_a4,v1,1,per_artifact/warranty_form/WC-SKU-MASS-051-202407-31006460.json
WC-SKU-MASS-051-202408-10021980,warranty_form,warranty_form_a4,v1,1,per_artifact/warranty_form/WC-SKU-MASS-051-202408-10021980.json
WC-SKU-MASS-051-202410-01005238,warranty_form,warranty_form_a4,v1,1,per_artifact/warranty_form/WC-SKU-MASS-051-202410-01005238.json
WC-SKU-MASS-051-202410-16025189,warranty_form,warranty_form_a4,v1,1,per_artifact/warranty_form/WC-SKU-MASS-051-202410-16025189.json
WC-SKU-MASS-051-202411-14010979,warranty_form,warranty_form_a4,v1,1,per_artifact/warranty_form/WC-SKU-MASS-051-202411-14010979.json
WC-SKU-MASS-051-202411-18006818,warranty_form,warranty_form_a4,v1,1,per_artifact/warranty_form/WC-SKU-MASS-051-202411-18006818.json
WC-SKU-MASS-051-202412-11003710,warranty_form,warranty_form_a4,v1,1,per_artifact/warranty_form/WC-SKU-MASS-051-202412-11003710.json
WC-SKU-MASS-051-202501-16011605,warranty_form,warranty_form_a4,v1,1,per_artifact/warranty_form/WC-SKU-MASS-051-202501-16011605.json
WC-SKU-MASS-051-202501-25005962,warranty_form,warranty_form_a4,v1,1,per_artifact/warranty_form/WC-SKU-MASS-051-202501-25005962.json
WC-SKU-MASS-051-202502-06022444,warranty_form,warranty_form_a4,v1,1,per_artifact/warranty_form/WC-SKU-MASS-051-202502-06022444.json
WC-SKU-MASS-051-202502-18028813,warranty_form,warranty_form_a4,v1,1,per_artifact/warranty_form/WC-SKU-MASS-051-202502-18028813.json
WC-SKU-MASS-051-202503-01001616,warranty_form,warranty_form_a4,v1,1,per_artifact/warranty_form/WC-SKU-MASS-051-202503-01001616.json
WC-SKU-MASS-051-202505-29025749,warranty_form,warranty_form_a4,v1,1,per_artifact/warranty_form/WC-SKU-MASS-051-202505-29025749.json
WC-SKU-MASS-051-202506-12024127,warranty_form,warranty_form_a4,v1,1,per_artifact/warranty_form/WC-SKU-MASS-051-202506-12024127.json
WC-SKU-MASS-052-202402-21021185,warranty_form,warranty_form_a4,v1,1,per_artifact/warranty_form/WC-SKU-MASS-052-202402-21021185.json
WC-SKU-MASS-052-202403-28029994,warranty_form,warranty_form_a4,v1,1,per_artifact/warranty_form/WC-SKU-MASS-052-202403-28029994.json
WC-SKU-MASS-052-202408-04020673,warranty_form,warranty_form_a4,v1,1,per_artifact/warranty_form/WC-SKU-MASS-052-202408-04020673.json
WC-SKU-MASS-052-202408-20024566,warranty_form,warranty_form_a4,v1,1,per_artifact/warranty_form/WC-SKU-MASS-052-202408-20024566.json
WC-SKU-MASS-052-202409-23018296,warranty_form,warranty_form_a4,v1,1,per_artifact/warranty_form/WC-SKU-MASS-052-202409-23018296.json
WC-SKU-MASS-052-202409-26021061,warranty_form,warranty_form_a4,v1,1,per_artifact/warranty_form/WC-SKU-MASS-052-202409-26021061.json
WC-SKU-MASS-052-202410-25013071,warranty_form,warranty_form_a4,v1,1,per_artifact/warranty_form/WC-SKU-MASS-052-202410-25013071.json
WC-SKU-MASS-052-202410-31004695,warranty_form,warranty_form_a4,v1,1,per_artifact/warranty_form/WC-SKU-MASS-052-202410-31004695.json
WC-SKU-MASS-052-202411-05026469,warranty_form,warranty_form_a4,v1,1,per_artifact/warranty_form/WC-SKU-MASS-052-202411-05026469.json
WC-SKU-MASS-052-202411-09025781,warranty_form,warranty_form_a4,v1,1,per_artifact/warranty_form/WC-SKU-MASS-052-202411-09025781.json
WC-SKU-MASS-052-202411-16015910,warranty_form,warranty_form_a4,v1,1,per_artifact/warranty_form/WC-SKU-MASS-052-202411-16015910.json
WC-SKU-MASS-052-202412-22005625,warranty_form,warranty_form_a4,v1,1,per_artifact/warranty_form/WC-SKU-MASS-052-202412-22005625.json
WC-SKU-MASS-052-202501-06002175,warranty_form,warranty_form_a4,v1,1,per_artifact/warranty_form/WC-SKU-MASS-052-202501-06002175.json
WC-SKU-MASS-052-202501-14026432,warranty_form,warranty_form_a4,v1,1,per_artifact/warranty_form/WC-SKU-MASS-052-202501-14026432.json
WC-SKU-MASS-052-202501-28028039,warranty_form,warranty_form_a4,v1,1,per_artifact/warranty_form/WC-SKU-MASS-052-202501-28028039.json
WC-SKU-MASS-052-202502-25006661,warranty_form,warranty_form_a4,v1,1,per_artifact/warranty_form/WC-SKU-MASS-052-202502-25006661.json
WC-SKU-MASS-052-202503-05028757,warranty_form,warranty_form_a4,v1,1,per_artifact/warranty_form/WC-SKU-MASS-052-202503-05028757.json
WC-SKU-MASS-052-202505-29013591,warranty_form,warranty_form_a4,v1,1,per_artifact/warranty_form/WC-SKU-MASS-052-202505-29013591.json
WC-SKU-MASS-052-202508-20026493,warranty_form,warranty_form_a4,v1,1,per_artifact/warranty_form/WC-SKU-MASS-052-202508-20026493.json
WC-SKU-MASS-052-202509-06022780,warranty_form,warranty_form_a4,v1,1,per_artifact/warranty_form/WC-SKU-MASS-052-202509-06022780.json
WC-SKU-MASS-052-202511-29023157,warranty_form,warranty_form_a4,v1,1,per_artifact/warranty_form/WC-SKU-MASS-052-202511-29023157.json
WC-SKU-MASS-052-202512-30007254,warranty_form,warranty_form_a4,v1,1,per_artifact/warranty_form/WC-SKU-MASS-052-202512-30007254.json
WC-SKU-MASS-053-202401-06015330,warranty_form,warranty_form_a4,v1,1,per_artifact/warranty_form/WC-SKU-MASS-053-202401-06015330.json
WC-SKU-MASS-053-202401-17028508,warranty_form,warranty_form_a4,v1,1,per_artifact/warranty_form/WC-SKU-MASS-053-202401-17028508.json
WC-SKU-MASS-053-202402-22005610,warranty_form,warranty_form_a4,v1,1,per_artifact/warranty_form/WC-SKU-MASS-053-202402-22005610.json
WC-SKU-MASS-053-202402-25003557,warranty_form,warranty_form_a4,v1,1,per_artifact/warranty_form/WC-SKU-MASS-053-202402-25003557.json
WC-SKU-MASS-053-202403-06013085,warranty_form,warranty_form_a4,v1,1,per_artifact/warranty_form/WC-SKU-MASS-053-202403-06013085.json
WC-SKU-MASS-053-202404-04009871,warranty_form,warranty_form_a4,v1,1,per_artifact/warranty_form/WC-SKU-MASS-053-202404-04009871.json
WC-SKU-MASS-053-202409-18004851,warranty_form,warranty_form_a4,v1,1,per_artifact/warranty_form/WC-SKU-MASS-053-202409-18004851.json
WC-SKU-MASS-053-202410-20022052,warranty_form,warranty_form_a4,v1,1,per_artifact/warranty_form/WC-SKU-MASS-053-202410-20022052.json
WC-SKU-MASS-053-202411-06017266,warranty_form,warranty_form_a4,v1,1,per_artifact/warranty_form/WC-SKU-MASS-053-202411-06017266.json
WC-SKU-MASS-053-202411-21019440,warranty_form,warranty_form_a4,v1,1,per_artifact/warranty_form/WC-SKU-MASS-053-202411-21019440.json
WC-SKU-MASS-053-202501-02019579,warranty_form,warranty_form_a4,v1,1,per_artifact/warranty_form/WC-SKU-MASS-053-202501-02019579.json
WC-SKU-MASS-053-202502-08007055,warranty_form,warranty_form_a4,v1,1,per_artifact/warranty_form/WC-SKU-MASS-053-202502-08007055.json
WC-SKU-MASS-053-202503-06016737,warranty_form,warranty_form_a4,v1,1,per_artifact/warranty_form/WC-SKU-MASS-053-202503-06016737.json
WC-SKU-MASS-053-202506-09001576,warranty_form,warranty_form_a4,v1,1,per_artifact/warranty_form/WC-SKU-MASS-053-202506-09001576.json
WC-SKU-MASS-053-202507-18025526,warranty_form,warranty_form_a4,v1,1,per_artifact/warranty_form/WC-SKU-MASS-053-202507-18025526.json
WC-SKU-MASS-053-202508-04027189,warranty_form,warranty_form_a4,v1,1,per_artifact/warranty_form/WC-SKU-MASS-053-202508-04027189.json
WC-SKU-MASS-053-202509-03007032,warranty_form,warranty_form_a4,v1,1,per_artifact/warranty_form/WC-SKU-MASS-053-202509-03007032.json
WC-SKU-MASS-053-202512-22012358,warranty_form,warranty_form_a4,v1,1,per_artifact/warranty_form/WC-SKU-MASS-053-202512-22012358.json
WC-SKU-MASS-054-202402-07024678,warranty_form,warranty_form_a4,v1,1,per_artifact/warranty_form/WC-SKU-MASS-054-202402-07024678.json
WC-SKU-MASS-054-202402-27008889,warranty_form,warranty_form_a4,v1,1,per_artifact/warranty_form/WC-SKU-MASS-054-202402-27008889.json
WC-SKU-MASS-054-202405-01001780,warranty_form,warranty_form_a4,v1,1,per_artifact/warranty_form/WC-SKU-MASS-054-202405-01001780.json
WC-SKU-MASS-054-202406-16013488,warranty_form,warranty_form_a4,v1,1,per_artifact/warranty_form/WC-SKU-MASS-054-202406-16013488.json
WC-SKU-MASS-054-202408-09000506,warranty_form,warranty_form_a4,v1,1,per_artifact/warranty_form/WC-SKU-MASS-054-202408-09000506.json
WC-SKU-MASS-054-202409-01017430,warranty_form,warranty_form_a4,v1,1,per_artifact/warranty_form/WC-SKU-MASS-054-202409-01017430.json
WC-SKU-MASS-054-202409-27021034,warranty_form,warranty_form_a4,v1,1,per_artifact/warranty_form/WC-SKU-MASS-054-202409-27021034.json
WC-SKU-MASS-054-202412-07007916,warranty_form,warranty_form_a4,v1,1,per_artifact/warranty_form/WC-SKU-MASS-054-202412-07007916.json
WC-SKU-MASS-054-202501-18007296,warranty_form,warranty_form_a4,v1,1,per_artifact/warranty_form/WC-SKU-MASS-054-202501-18007296.json
WC-SKU-MASS-054-202501-28010799,warranty_form,warranty_form_a4,v1,1,per_artifact/warranty_form/WC-SKU-MASS-054-202501-28010799.json
WC-SKU-MASS-054-202502-13002791,warranty_form,warranty_form_a4,v1,1,per_artifact/warranty_form/WC-SKU-MASS-054-202502-13002791.json
WC-SKU-MASS-054-202502-16028829,warranty_form,warranty_form_a4,v1,1,per_artifact/warranty_form/WC-SKU-MASS-054-202502-16028829.json
WC-SKU-MASS-054-202506-08018284,warranty_form,warranty_form_a4,v1,1,per_artifact/warranty_form/WC-SKU-MASS-054-202506-08018284.json
WC-SKU-MASS-054-202506-15029755,warranty_form,warranty_form_a4,v1,1,per_artifact/warranty_form/WC-SKU-MASS-054-202506-15029755.json
WC-SKU-MASS-054-202507-06008970,warranty_form,warranty_form_a4,v1,1,per_artifact/warranty_form/WC-SKU-MASS-054-202507-06008970.json
WC-SKU-MASS-054-202508-11011891,warranty_form,warranty_form_a4,v1,1,per_artifact/warranty_form/WC-SKU-MASS-054-202508-11011891.json
WC-SKU-MASS-054-202508-29006650,warranty_form,warranty_form_a4,v1,1,per_artifact/warranty_form/WC-SKU-MASS-054-202508-29006650.json
WC-SKU-MASS-054-202509-07008995,warranty_form,warranty_form_a4,v1,1,per_artifact/warranty_form/WC-SKU-MASS-054-202509-07008995.json
WC-SKU-MASS-054-202509-16019305,warranty_form,warranty_form_a4,v1,1,per_artifact/warranty_form/WC-SKU-MASS-054-202509-16019305.json
WC-SKU-MASS-054-202511-26021066,warranty_form,warranty_form_a4,v1,1,per_artifact/warranty_form/WC-SKU-MASS-054-202511-26021066.json
WC-SKU-MASS-054-202512-08007061,warranty_form,warranty_form_a4,v1,1,per_artifact/warranty_form/WC-SKU-MASS-054-202512-08007061.json
WC-SKU-MASS-055-202401-18001329,warranty_form,warranty_form_a4,v1,1,per_artifact/warranty_form/WC-SKU-MASS-055-202401-18001329.json
WC-SKU-MASS-055-202405-09025273,warranty_form,warranty_form_a4,v1,1,per_artifact/warranty_form/WC-SKU-MASS-055-202405-09025273.json
WC-SKU-MASS-055-202406-17024945,warranty_form,warranty_form_a4,v1,1,per_artifact/warranty_form/WC-SKU-MASS-055-202406-17024945.json
WC-SKU-MASS-055-202406-24027860,warranty_form,warranty_form_a4,v1,1,per_artifact/warranty_form/WC-SKU-MASS-055-202406-24027860.json
WC-SKU-MASS-055-202407-16011998,warranty_form,warranty_form_a4,v1,1,per_artifact/warranty_form/WC-SKU-MASS-055-202407-16011998.json
WC-SKU-MASS-055-202407-18014077,warranty_form,warranty_form_a4,v1,1,per_artifact/warranty_form/WC-SKU-MASS-055-202407-18014077.json
WC-SKU-MASS-055-202409-12019201,warranty_form,warranty_form_a4,v1,1,per_artifact/warranty_form/WC-SKU-MASS-055-202409-12019201.json
WC-SKU-MASS-055-202409-15018927,warranty_form,warranty_form_a4,v1,1,per_artifact/warranty_form/WC-SKU-MASS-055-202409-15018927.json
WC-SKU-MASS-055-202409-27009138,warranty_form,warranty_form_a4,v1,1,per_artifact/warranty_form/WC-SKU-MASS-055-202409-27009138.json
WC-SKU-MASS-055-202410-04026470,warranty_form,warranty_form_a4,v1,1,per_artifact/warranty_form/WC-SKU-MASS-055-202410-04026470.json
WC-SKU-MASS-055-202411-05002153,warranty_form,warranty_form_a4,v1,1,per_artifact/warranty_form/WC-SKU-MASS-055-202411-05002153.json
WC-SKU-MASS-055-202411-28008556,warranty_form,warranty_form_a4,v1,1,per_artifact/warranty_form/WC-SKU-MASS-055-202411-28008556.json
WC-SKU-MASS-055-202505-13026164,warranty_form,warranty_form_a4,v1,1,per_artifact/warranty_form/WC-SKU-MASS-055-202505-13026164.json
WC-SKU-MASS-055-202505-16025853,warranty_form,warranty_form_a4,v1,1,per_artifact/warranty_form/WC-SKU-MASS-055-202505-16025853.json
WC-SKU-MASS-055-202506-13028788,warranty_form,warranty_form_a4,v1,1,per_artifact/warranty_form/WC-SKU-MASS-055-202506-13028788.json
WC-SKU-MASS-055-202507-06024214,warranty_form,warranty_form_a4,v1,1,per_artifact/warranty_form/WC-SKU-MASS-055-202507-06024214.json
WC-SKU-MASS-055-202507-26011859,warranty_form,warranty_form_a4,v1,1,per_artifact/warranty_form/WC-SKU-MASS-055-202507-26011859.json
WC-SKU-MASS-055-202509-04023852,warranty_form,warranty_form_a4,v1,1,per_artifact/warranty_form/WC-SKU-MASS-055-202509-04023852.json
WC-SKU-MASS-055-202509-16017924,warranty_form,warranty_form_a4,v1,1,per_artifact/warranty_form/WC-SKU-MASS-055-202509-16017924.json
WC-SKU-MASS-055-202511-12018790,warranty_form,warranty_form_a4,v1,1,per_artifact/warranty_form/WC-SKU-MASS-055-202511-12018790.json
WC-SKU-MASS-055-202512-25028095,warranty_form,warranty_form_a4,v1,1,per_artifact/warranty_form/WC-SKU-MASS-055-202512-25028095.json
WC-SKU-MASS-056-202402-11026408,warranty_form,warranty_form_a4,v1,1,per_artifact/warranty_form/WC-SKU-MASS-056-202402-11026408.json
WC-SKU-MASS-056-202402-27015046,warranty_form,warranty_form_a4,v1,1,per_artifact/warranty_form/WC-SKU-MASS-056-202402-27015046.json
WC-SKU-MASS-056-202405-13006311,warranty_form,warranty_form_a4,v1,1,per_artifact/warranty_form/WC-SKU-MASS-056-202405-13006311.json
WC-SKU-MASS-056-202407-13022668,warranty_form,warranty_form_a4,v1,1,per_artifact/warranty_form/WC-SKU-MASS-056-202407-13022668.json
WC-SKU-MASS-056-202407-25013478,warranty_form,warranty_form_a4,v1,1,per_artifact/warranty_form/WC-SKU-MASS-056-202407-25013478.json
WC-SKU-MASS-056-202408-02014861,warranty_form,warranty_form_a4,v1,1,per_artifact/warranty_form/WC-SKU-MASS-056-202408-02014861.json
WC-SKU-MASS-056-202408-04024892,warranty_form,warranty_form_a4,v1,1,per_artifact/warranty_form/WC-SKU-MASS-056-202408-04024892.json
WC-SKU-MASS-056-202409-01011939,warranty_form,warranty_form_a4,v1,1,per_artifact/warranty_form/WC-SKU-MASS-056-202409-01011939.json
WC-SKU-MASS-056-202409-25018883,warranty_form,warranty_form_a4,v1,1,per_artifact/warranty_form/WC-SKU-MASS-056-202409-25018883.json
WC-SKU-MASS-056-202409-25026531,warranty_form,warranty_form_a4,v1,1,per_artifact/warranty_form/WC-SKU-MASS-056-202409-25026531.json
WC-SKU-MASS-056-202410-16008741,warranty_form,warranty_form_a4,v1,1,per_artifact/warranty_form/WC-SKU-MASS-056-202410-16008741.json
WC-SKU-MASS-056-202410-17016761,warranty_form,warranty_form_a4,v1,1,per_artifact/warranty_form/WC-SKU-MASS-056-202410-17016761.json
WC-SKU-MASS-056-202411-12023797,warranty_form,warranty_form_a4,v1,1,per_artifact/warranty_form/WC-SKU-MASS-056-202411-12023797.json
WC-SKU-MASS-056-202501-10010832,warranty_form,warranty_form_a4,v1,1,per_artifact/warranty_form/WC-SKU-MASS-056-202501-10010832.json
WC-SKU-MASS-056-202502-07013182,warranty_form,warranty_form_a4,v1,1,per_artifact/warranty_form/WC-SKU-MASS-056-202502-07013182.json
WC-SKU-MASS-056-202502-07028465,warranty_form,warranty_form_a4,v1,1,per_artifact/warranty_form/WC-SKU-MASS-056-202502-07028465.json
WC-SKU-MASS-056-202503-24022689,warranty_form,warranty_form_a4,v1,1,per_artifact/warranty_form/WC-SKU-MASS-056-202503-24022689.json
WC-SKU-MASS-056-202508-27005470,warranty_form,warranty_form_a4,v1,1,per_artifact/warranty_form/WC-SKU-MASS-056-202508-27005470.json
WC-SKU-MASS-056-202509-05023564,warranty_form,warranty_form_a4,v1,1,per_artifact/warranty_form/WC-SKU-MASS-056-202509-05023564.json
WC-SKU-MASS-056-202509-30022564,warranty_form,warranty_form_a4,v1,1,per_artifact/warranty_form/WC-SKU-MASS-056-202509-30022564.json
WC-SKU-MASS-056-202510-13011874,warranty_form,warranty_form_a4,v1,1,per_artifact/warranty_form/WC-SKU-MASS-056-202510-13011874.json
WC-SKU-MASS-056-202510-24002442,warranty_form,warranty_form_a4,v1,1,per_artifact/warranty_form/WC-SKU-MASS-056-202510-24002442.json
WC-SKU-MASS-056-202511-08003615,warranty_form,warranty_form_a4,v1,1,per_artifact/warranty_form/WC-SKU-MASS-056-202511-08003615.json
WC-SKU-MASS-056-202512-02002174,warranty_form,warranty_form_a4,v1,1,per_artifact/warranty_form/WC-SKU-MASS-056-202512-02002174.json
WC-SKU-MASS-057-202403-16026761,warranty_form,warranty_form_a4,v1,1,per_artifact/warranty_form/WC-SKU-MASS-057-202403-16026761.json
WC-SKU-MASS-057-202405-25028655,warranty_form,warranty_form_a4,v1,1,per_artifact/warranty_form/WC-SKU-MASS-057-202405-25028655.json
WC-SKU-MASS-057-202405-26025607,warranty_form,warranty_form_a4,v1,1,per_artifact/warranty_form/WC-SKU-MASS-057-202405-26025607.json
WC-SKU-MASS-057-202407-28010027,warranty_form,warranty_form_a4,v1,1,per_artifact/warranty_form/WC-SKU-MASS-057-202407-28010027.json
WC-SKU-MASS-057-202409-18014072,warranty_form,warranty_form_a4,v1,1,per_artifact/warranty_form/WC-SKU-MASS-057-202409-18014072.json
WC-SKU-MASS-057-202412-01022892,warranty_form,warranty_form_a4,v1,1,per_artifact/warranty_form/WC-SKU-MASS-057-202412-01022892.json
WC-SKU-MASS-057-202502-03005932,warranty_form,warranty_form_a4,v1,1,per_artifact/warranty_form/WC-SKU-MASS-057-202502-03005932.json
WC-SKU-MASS-057-202503-18006963,warranty_form,warranty_form_a4,v1,1,per_artifact/warranty_form/WC-SKU-MASS-057-202503-18006963.json
WC-SKU-MASS-057-202504-17024508,warranty_form,warranty_form_a4,v1,1,per_artifact/warranty_form/WC-SKU-MASS-057-202504-17024508.json
WC-SKU-MASS-057-202504-19015834,warranty_form,warranty_form_a4,v1,1,per_artifact/warranty_form/WC-SKU-MASS-057-202504-19015834.json
WC-SKU-MASS-057-202506-19002271,warranty_form,warranty_form_a4,v1,1,per_artifact/warranty_form/WC-SKU-MASS-057-202506-19002271.json
WC-SKU-MASS-057-202509-11018989,warranty_form,warranty_form_a4,v1,1,per_artifact/warranty_form/WC-SKU-MASS-057-202509-11018989.json
WC-SKU-MASS-057-202509-27020265,warranty_form,warranty_form_a4,v1,1,per_artifact/warranty_form/WC-SKU-MASS-057-202509-27020265.json
WC-SKU-MASS-057-202510-21024616,warranty_form,warranty_form_a4,v1,1,per_artifact/warranty_form/WC-SKU-MASS-057-202510-21024616.json
WC-SKU-MASS-057-202511-01012877,warranty_form,warranty_form_a4,v1,1,per_artifact/warranty_form/WC-SKU-MASS-057-202511-01012877.json
WC-SKU-MASS-057-202511-08020910,warranty_form,warranty_form_a4,v1,1,per_artifact/warranty_form/WC-SKU-MASS-057-202511-08020910.json
WC-SKU-MASS-057-202511-09018603,warranty_form,warranty_form_a4,v1,1,per_artifact/warranty_form/WC-SKU-MASS-057-202511-09018603.json
WC-SKU-MASS-057-202511-24028572,warranty_form,warranty_form_a4,v1,1,per_artifact/warranty_form/WC-SKU-MASS-057-202511-24028572.json
WC-SKU-MASS-058-202401-03010849,warranty_form,warranty_form_a4,v1,1,per_artifact/warranty_form/WC-SKU-MASS-058-202401-03010849.json
WC-SKU-MASS-058-202403-23014309,warranty_form,warranty_form_a4,v1,1,per_artifact/warranty_form/WC-SKU-MASS-058-202403-23014309.json
WC-SKU-MASS-058-202407-06009098,warranty_form,warranty_form_a4,v1,1,per_artifact/warranty_form/WC-SKU-MASS-058-202407-06009098.json
WC-SKU-MASS-058-202407-16007367,warranty_form,warranty_form_a4,v1,1,per_artifact/warranty_form/WC-SKU-MASS-058-202407-16007367.json
WC-SKU-MASS-058-202409-16026177,warranty_form,warranty_form_a4,v1,1,per_artifact/warranty_form/WC-SKU-MASS-058-202409-16026177.json
WC-SKU-MASS-058-202412-29029329,warranty_form,warranty_form_a4,v1,1,per_artifact/warranty_form/WC-SKU-MASS-058-202412-29029329.json
WC-SKU-MASS-058-202501-25000136,warranty_form,warranty_form_a4,v1,1,per_artifact/warranty_form/WC-SKU-MASS-058-202501-25000136.json
WC-SKU-MASS-058-202503-10013259,warranty_form,warranty_form_a4,v1,1,per_artifact/warranty_form/WC-SKU-MASS-058-202503-10013259.json
WC-SKU-MASS-058-202505-15019410,warranty_form,warranty_form_a4,v1,1,per_artifact/warranty_form/WC-SKU-MASS-058-202505-15019410.json
WC-SKU-MASS-058-202505-19007563,warranty_form,warranty_form_a4,v1,1,per_artifact/warranty_form/WC-SKU-MASS-058-202505-19007563.json
WC-SKU-MASS-058-202508-24020571,warranty_form,warranty_form_a4,v1,1,per_artifact/warranty_form/WC-SKU-MASS-058-202508-24020571.json
WC-SKU-MASS-058-202511-11009783,warranty_form,warranty_form_a4,v1,1,per_artifact/warranty_form/WC-SKU-MASS-058-202511-11009783.json
WC-SKU-MASS-059-202402-01010706,warranty_form,warranty_form_a4,v1,1,per_artifact/warranty_form/WC-SKU-MASS-059-202402-01010706.json
WC-SKU-MASS-059-202405-16002229,warranty_form,warranty_form_a4,v1,1,per_artifact/warranty_form/WC-SKU-MASS-059-202405-16002229.json
WC-SKU-MASS-059-202406-29004835,warranty_form,warranty_form_a4,v1,1,per_artifact/warranty_form/WC-SKU-MASS-059-202406-29004835.json
WC-SKU-MASS-059-202407-05024405,warranty_form,warranty_form_a4,v1,1,per_artifact/warranty_form/WC-SKU-MASS-059-202407-05024405.json
WC-SKU-MASS-059-202407-16027869,warranty_form,warranty_form_a4,v1,1,per_artifact/warranty_form/WC-SKU-MASS-059-202407-16027869.json
WC-SKU-MASS-059-202407-25017695,warranty_form,warranty_form_a4,v1,1,per_artifact/warranty_form/WC-SKU-MASS-059-202407-25017695.json
WC-SKU-MASS-059-202408-10015770,warranty_form,warranty_form_a4,v1,1,per_artifact/warranty_form/WC-SKU-MASS-059-202408-10015770.json
WC-SKU-MASS-059-202408-11015298,warranty_form,warranty_form_a4,v1,1,per_artifact/warranty_form/WC-SKU-MASS-059-202408-11015298.json
WC-SKU-MASS-059-202410-27026283,warranty_form,warranty_form_a4,v1,1,per_artifact/warranty_form/WC-SKU-MASS-059-202410-27026283.json
WC-SKU-MASS-059-202501-11003408,warranty_form,warranty_form_a4,v1,1,per_artifact/warranty_form/WC-SKU-MASS-059-202501-11003408.json
WC-SKU-MASS-059-202501-17014181,warranty_form,warranty_form_a4,v1,1,per_artifact/warranty_form/WC-SKU-MASS-059-202501-17014181.json
WC-SKU-MASS-059-202501-29025150,warranty_form,warranty_form_a4,v1,1,per_artifact/warranty_form/WC-SKU-MASS-059-202501-29025150.json
WC-SKU-MASS-059-202502-26002998,warranty_form,warranty_form_a4,v1,1,per_artifact/warranty_form/WC-SKU-MASS-059-202502-26002998.json
WC-SKU-MASS-059-202503-02021299,warranty_form,warranty_form_a4,v1,1,per_artifact/warranty_form/WC-SKU-MASS-059-202503-02021299.json
WC-SKU-MASS-059-202503-05026999,warranty_form,warranty_form_a4,v1,1,per_artifact/warranty_form/WC-SKU-MASS-059-202503-05026999.json
WC-SKU-MASS-059-202503-16003148,warranty_form,warranty_form_a4,v1,1,per_artifact/warranty_form/WC-SKU-MASS-059-202503-16003148.json
WC-SKU-MASS-059-202506-09029284,warranty_form,warranty_form_a4,v1,1,per_artifact/warranty_form/WC-SKU-MASS-059-202506-09029284.json
WC-SKU-MASS-059-202506-18013002,warranty_form,warranty_form_a4,v1,1,per_artifact/warranty_form/WC-SKU-MASS-059-202506-18013002.json
WC-SKU-MASS-059-202508-17024756,warranty_form,warranty_form_a4,v1,1,per_artifact/warranty_form/WC-SKU-MASS-059-202508-17024756.json
WC-SKU-MASS-059-202509-17013604,warranty_form,warranty_form_a4,v1,1,per_artifact/warranty_form/WC-SKU-MASS-059-202509-17013604.json
WC-SKU-MASS-059-202510-06029471,warranty_form,warranty_form_a4,v1,1,per_artifact/warranty_form/WC-SKU-MASS-059-202510-06029471.json
WC-SKU-MASS-059-202512-03001403,warranty_form,warranty_form_a4,v1,1,per_artifact/warranty_form/WC-SKU-MASS-059-202512-03001403.json
WC-SKU-MASS-059-202512-31005791,warranty_form,warranty_form_a4,v1,1,per_artifact/warranty_form/WC-SKU-MASS-059-202512-31005791.json
WC-SKU-MASS-060-202403-09007623,warranty_form,warranty_form_a4,v1,1,per_artifact/warranty_form/WC-SKU-MASS-060-202403-09007623.json
WC-SKU-MASS-060-202405-18005267,warranty_form,warranty_form_a4,v1,1,per_artifact/warranty_form/WC-SKU-MASS-060-202405-18005267.json
WC-SKU-MASS-060-202406-29019328,warranty_form,warranty_form_a4,v1,1,per_artifact/warranty_form/WC-SKU-MASS-060-202406-29019328.json
WC-SKU-MASS-060-202407-17009208,warranty_form,warranty_form_a4,v1,1,per_artifact/warranty_form/WC-SKU-MASS-060-202407-17009208.json
WC-SKU-MASS-060-202407-18014007,warranty_form,warranty_form_a4,v1,1,per_artifact/warranty_form/WC-SKU-MASS-060-202407-18014007.json
WC-SKU-MASS-060-202408-18015506,warranty_form,warranty_form_a4,v1,1,per_artifact/warranty_form/WC-SKU-MASS-060-202408-18015506.json
WC-SKU-MASS-060-202410-12000125,warranty_form,warranty_form_a4,v1,1,per_artifact/warranty_form/WC-SKU-MASS-060-202410-12000125.json
WC-SKU-MASS-060-202410-31001009,warranty_form,warranty_form_a4,v1,1,per_artifact/warranty_form/WC-SKU-MASS-060-202410-31001009.json
WC-SKU-MASS-060-202411-14025827,warranty_form,warranty_form_a4,v1,1,per_artifact/warranty_form/WC-SKU-MASS-060-202411-14025827.json
WC-SKU-MASS-060-202501-31028930,warranty_form,warranty_form_a4,v1,1,per_artifact/warranty_form/WC-SKU-MASS-060-202501-31028930.json
WC-SKU-MASS-060-202502-08023887,warranty_form,warranty_form_a4,v1,1,per_artifact/warranty_form/WC-SKU-MASS-060-202502-08023887.json
WC-SKU-MASS-060-202505-26013459,warranty_form,warranty_form_a4,v1,1,per_artifact/warranty_form/WC-SKU-MASS-060-202505-26013459.json
WC-SKU-MASS-060-202506-06020114,warranty_form,warranty_form_a4,v1,1,per_artifact/warranty_form/WC-SKU-MASS-060-202506-06020114.json
WC-SKU-MASS-060-202510-25029079,warranty_form,warranty_form_a4,v1,1,per_artifact/warranty_form/WC-SKU-MASS-060-202510-25029079.json
WC-SKU-MASS-060-202512-11017281,warranty_form,warranty_form_a4,v1,1,per_artifact/warranty_form/WC-SKU-MASS-060-202512-11017281.json
WC-SKU-MASS-060-202512-20020342,warranty_form,warranty_form_a4,v1,1,per_artifact/warranty_form/WC-SKU-MASS-060-202512-20020342.json
WC-SKU-MASS-061-202401-02003648,warranty_form,warranty_form_a4,v1,1,per_artifact/warranty_form/WC-SKU-MASS-061-202401-02003648.json
WC-SKU-MASS-061-202402-01002198,warranty_form,warranty_form_a4,v1,1,per_artifact/warranty_form/WC-SKU-MASS-061-202402-01002198.json
WC-SKU-MASS-061-202402-03021137,warranty_form,warranty_form_a4,v1,1,per_artifact/warranty_form/WC-SKU-MASS-061-202402-03021137.json
WC-SKU-MASS-061-202403-12017244,warranty_form,warranty_form_a4,v1,1,per_artifact/warranty_form/WC-SKU-MASS-061-202403-12017244.json
WC-SKU-MASS-061-202404-12004444,warranty_form,warranty_form_a4,v1,1,per_artifact/warranty_form/WC-SKU-MASS-061-202404-12004444.json
WC-SKU-MASS-061-202407-08014337,warranty_form,warranty_form_a4,v1,1,per_artifact/warranty_form/WC-SKU-MASS-061-202407-08014337.json
WC-SKU-MASS-061-202408-17000993,warranty_form,warranty_form_a4,v1,1,per_artifact/warranty_form/WC-SKU-MASS-061-202408-17000993.json
WC-SKU-MASS-061-202408-23026916,warranty_form,warranty_form_a4,v1,1,per_artifact/warranty_form/WC-SKU-MASS-061-202408-23026916.json
WC-SKU-MASS-061-202408-25020245,warranty_form,warranty_form_a4,v1,1,per_artifact/warranty_form/WC-SKU-MASS-061-202408-25020245.json
WC-SKU-MASS-061-202408-28024355,warranty_form,warranty_form_a4,v1,1,per_artifact/warranty_form/WC-SKU-MASS-061-202408-28024355.json
WC-SKU-MASS-061-202409-23017348,warranty_form,warranty_form_a4,v1,1,per_artifact/warranty_form/WC-SKU-MASS-061-202409-23017348.json
WC-SKU-MASS-061-202410-16013681,warranty_form,warranty_form_a4,v1,1,per_artifact/warranty_form/WC-SKU-MASS-061-202410-16013681.json
WC-SKU-MASS-061-202410-29000659,warranty_form,warranty_form_a4,v1,1,per_artifact/warranty_form/WC-SKU-MASS-061-202410-29000659.json
WC-SKU-MASS-061-202501-12022249,warranty_form,warranty_form_a4,v1,1,per_artifact/warranty_form/WC-SKU-MASS-061-202501-12022249.json
WC-SKU-MASS-061-202502-02019518,warranty_form,warranty_form_a4,v1,1,per_artifact/warranty_form/WC-SKU-MASS-061-202502-02019518.json
WC-SKU-MASS-061-202502-04005928,warranty_form,warranty_form_a4,v1,1,per_artifact/warranty_form/WC-SKU-MASS-061-202502-04005928.json
WC-SKU-MASS-061-202503-12014670,warranty_form,warranty_form_a4,v1,1,per_artifact/warranty_form/WC-SKU-MASS-061-202503-12014670.json
WC-SKU-MASS-061-202503-27004120,warranty_form,warranty_form_a4,v1,1,per_artifact/warranty_form/WC-SKU-MASS-061-202503-27004120.json
WC-SKU-MASS-061-202504-30029887,warranty_form,warranty_form_a4,v1,1,per_artifact/warranty_form/WC-SKU-MASS-061-202504-30029887.json
WC-SKU-MASS-061-202509-02000929,warranty_form,warranty_form_a4,v1,1,per_artifact/warranty_form/WC-SKU-MASS-061-202509-02000929.json
WC-SKU-MASS-061-202509-15029348,warranty_form,warranty_form_a4,v1,1,per_artifact/warranty_form/WC-SKU-MASS-061-202509-15029348.json
WC-SKU-MASS-061-202511-13004419,warranty_form,warranty_form_a4,v1,1,per_artifact/warranty_form/WC-SKU-MASS-061-202511-13004419.json
WC-SKU-MASS-061-202512-20013268,warranty_form,warranty_form_a4,v1,1,per_artifact/warranty_form/WC-SKU-MASS-061-202512-20013268.json
WC-SKU-MASS-062-202405-03010044,warranty_form,warranty_form_a4,v1,1,per_artifact/warranty_form/WC-SKU-MASS-062-202405-03010044.json
WC-SKU-MASS-062-202405-12021530,warranty_form,warranty_form_a4,v1,1,per_artifact/warranty_form/WC-SKU-MASS-062-202405-12021530.json
WC-SKU-MASS-062-202407-25023913,warranty_form,warranty_form_a4,v1,1,per_artifact/warranty_form/WC-SKU-MASS-062-202407-25023913.json
WC-SKU-MASS-062-202410-14002185,warranty_form,warranty_form_a4,v1,1,per_artifact/warranty_form/WC-SKU-MASS-062-202410-14002185.json
WC-SKU-MASS-062-202411-24016740,warranty_form,warranty_form_a4,v1,1,per_artifact/warranty_form/WC-SKU-MASS-062-202411-24016740.json
WC-SKU-MASS-062-202412-04016544,warranty_form,warranty_form_a4,v1,1,per_artifact/warranty_form/WC-SKU-MASS-062-202412-04016544.json
WC-SKU-MASS-062-202501-13007374,warranty_form,warranty_form_a4,v1,1,per_artifact/warranty_form/WC-SKU-MASS-062-202501-13007374.json
WC-SKU-MASS-062-202502-03025241,warranty_form,warranty_form_a4,v1,1,per_artifact/warranty_form/WC-SKU-MASS-062-202502-03025241.json
WC-SKU-MASS-062-202503-22012522,warranty_form,warranty_form_a4,v1,1,per_artifact/warranty_form/WC-SKU-MASS-062-202503-22012522.json
WC-SKU-MASS-062-202509-13007854,warranty_form,warranty_form_a4,v1,1,per_artifact/warranty_form/WC-SKU-MASS-062-202509-13007854.json
WC-SKU-MASS-062-202510-09028242,warranty_form,warranty_form_a4,v1,1,per_artifact/warranty_form/WC-SKU-MASS-062-202510-09028242.json
WC-SKU-MASS-062-202510-10024449,warranty_form,warranty_form_a4,v1,1,per_artifact/warranty_form/WC-SKU-MASS-062-202510-10024449.json
WC-SKU-MASS-062-202510-14006565,warranty_form,warranty_form_a4,v1,1,per_artifact/warranty_form/WC-SKU-MASS-062-202510-14006565.json
WC-SKU-MASS-062-202510-23000094,warranty_form,warranty_form_a4,v1,1,per_artifact/warranty_form/WC-SKU-MASS-062-202510-23000094.json
WC-SKU-MASS-062-202510-23016090,warranty_form,warranty_form_a4,v1,1,per_artifact/warranty_form/WC-SKU-MASS-062-202510-23016090.json
WC-SKU-MASS-063-202402-01006174,warranty_form,warranty_form_a4,v1,1,per_artifact/warranty_form/WC-SKU-MASS-063-202402-01006174.json
WC-SKU-MASS-063-202402-26021123,warranty_form,warranty_form_a4,v1,1,per_artifact/warranty_form/WC-SKU-MASS-063-202402-26021123.json
WC-SKU-MASS-063-202403-21018424,warranty_form,warranty_form_a4,v1,1,per_artifact/warranty_form/WC-SKU-MASS-063-202403-21018424.json
WC-SKU-MASS-063-202405-09023896,warranty_form,warranty_form_a4,v1,1,per_artifact/warranty_form/WC-SKU-MASS-063-202405-09023896.json
WC-SKU-MASS-063-202407-01024304,warranty_form,warranty_form_a4,v1,1,per_artifact/warranty_form/WC-SKU-MASS-063-202407-01024304.json
WC-SKU-MASS-063-202407-16023532,warranty_form,warranty_form_a4,v1,1,per_artifact/warranty_form/WC-SKU-MASS-063-202407-16023532.json
WC-SKU-MASS-063-202408-28018476,warranty_form,warranty_form_a4,v1,1,per_artifact/warranty_form/WC-SKU-MASS-063-202408-28018476.json
WC-SKU-MASS-063-202410-28002217,warranty_form,warranty_form_a4,v1,1,per_artifact/warranty_form/WC-SKU-MASS-063-202410-28002217.json
WC-SKU-MASS-063-202412-16012028,warranty_form,warranty_form_a4,v1,1,per_artifact/warranty_form/WC-SKU-MASS-063-202412-16012028.json
WC-SKU-MASS-063-202502-11016932,warranty_form,warranty_form_a4,v1,1,per_artifact/warranty_form/WC-SKU-MASS-063-202502-11016932.json
WC-SKU-MASS-063-202502-11026409,warranty_form,warranty_form_a4,v1,1,per_artifact/warranty_form/WC-SKU-MASS-063-202502-11026409.json
WC-SKU-MASS-063-202502-19029292,warranty_form,warranty_form_a4,v1,1,per_artifact/warranty_form/WC-SKU-MASS-063-202502-19029292.json
WC-SKU-MASS-063-202506-15016096,warranty_form,warranty_form_a4,v1,1,per_artifact/warranty_form/WC-SKU-MASS-063-202506-15016096.json
WC-SKU-MASS-063-202507-19008371,warranty_form,warranty_form_a4,v1,1,per_artifact/warranty_form/WC-SKU-MASS-063-202507-19008371.json
WC-SKU-MASS-063-202508-31026818,warranty_form,warranty_form_a4,v1,1,per_artifact/warranty_form/WC-SKU-MASS-063-202508-31026818.json
WC-SKU-MASS-063-202510-26014059,warranty_form,warranty_form_a4,v1,1,per_artifact/warranty_form/WC-SKU-MASS-063-202510-26014059.json
WC-SKU-MASS-064-202401-22019481,warranty_form,warranty_form_a4,v1,1,per_artifact/warranty_form/WC-SKU-MASS-064-202401-22019481.json
WC-SKU-MASS-064-202402-17001066,warranty_form,warranty_form_a4,v1,1,per_artifact/warranty_form/WC-SKU-MASS-064-202402-17001066.json
WC-SKU-MASS-064-202403-18003218,warranty_form,warranty_form_a4,v1,1,per_artifact/warranty_form/WC-SKU-MASS-064-202403-18003218.json
WC-SKU-MASS-064-202404-05027936,warranty_form,warranty_form_a4,v1,1,per_artifact/warranty_form/WC-SKU-MASS-064-202404-05027936.json
WC-SKU-MASS-064-202404-29014582,warranty_form,warranty_form_a4,v1,1,per_artifact/warranty_form/WC-SKU-MASS-064-202404-29014582.json
WC-SKU-MASS-064-202406-21018474,warranty_form,warranty_form_a4,v1,1,per_artifact/warranty_form/WC-SKU-MASS-064-202406-21018474.json
WC-SKU-MASS-064-202408-15001031,warranty_form,warranty_form_a4,v1,1,per_artifact/warranty_form/WC-SKU-MASS-064-202408-15001031.json
WC-SKU-MASS-064-202408-31017361,warranty_form,warranty_form_a4,v1,1,per_artifact/warranty_form/WC-SKU-MASS-064-202408-31017361.json
WC-SKU-MASS-064-202410-12011636,warranty_form,warranty_form_a4,v1,1,per_artifact/warranty_form/WC-SKU-MASS-064-202410-12011636.json
WC-SKU-MASS-064-202502-01013545,warranty_form,warranty_form_a4,v1,1,per_artifact/warranty_form/WC-SKU-MASS-064-202502-01013545.json
WC-SKU-MASS-064-202503-16010136,warranty_form,warranty_form_a4,v1,1,per_artifact/warranty_form/WC-SKU-MASS-064-202503-16010136.json
WC-SKU-MASS-064-202506-18020003,warranty_form,warranty_form_a4,v1,1,per_artifact/warranty_form/WC-SKU-MASS-064-202506-18020003.json
WC-SKU-MASS-064-202506-24015965,warranty_form,warranty_form_a4,v1,1,per_artifact/warranty_form/WC-SKU-MASS-064-202506-24015965.json
WC-SKU-MASS-064-202510-28022088,warranty_form,warranty_form_a4,v1,1,per_artifact/warranty_form/WC-SKU-MASS-064-202510-28022088.json
WC-SKU-MASS-064-202512-03027837,warranty_form,warranty_form_a4,v1,1,per_artifact/warranty_form/WC-SKU-MASS-064-202512-03027837.json
WC-SKU-MASS-064-202512-03028020,warranty_form,warranty_form_a4,v1,1,per_artifact/warranty_form/WC-SKU-MASS-064-202512-03028020.json
WC-SKU-MASS-064-202512-09006529,warranty_form,warranty_form_a4,v1,1,per_artifact/warranty_form/WC-SKU-MASS-064-202512-09006529.json
WC-SKU-MASS-064-202512-15002033,warranty_form,warranty_form_a4,v1,1,per_artifact/warranty_form/WC-SKU-MASS-064-202512-15002033.json
WC-SKU-MASS-065-202401-15011480,warranty_form,warranty_form_a4,v1,1,per_artifact/warranty_form/WC-SKU-MASS-065-202401-15011480.json
WC-SKU-MASS-065-202403-29025833,warranty_form,warranty_form_a4,v1,1,per_artifact/warranty_form/WC-SKU-MASS-065-202403-29025833.json
WC-SKU-MASS-065-202404-01026839,warranty_form,warranty_form_a4,v1,1,per_artifact/warranty_form/WC-SKU-MASS-065-202404-01026839.json
WC-SKU-MASS-065-202406-23025489,warranty_form,warranty_form_a4,v1,1,per_artifact/warranty_form/WC-SKU-MASS-065-202406-23025489.json
WC-SKU-MASS-065-202408-26012937,warranty_form,warranty_form_a4,v1,1,per_artifact/warranty_form/WC-SKU-MASS-065-202408-26012937.json
WC-SKU-MASS-065-202409-06007255,warranty_form,warranty_form_a4,v1,1,per_artifact/warranty_form/WC-SKU-MASS-065-202409-06007255.json
WC-SKU-MASS-065-202410-21020834,warranty_form,warranty_form_a4,v1,1,per_artifact/warranty_form/WC-SKU-MASS-065-202410-21020834.json
WC-SKU-MASS-065-202411-12012402,warranty_form,warranty_form_a4,v1,1,per_artifact/warranty_form/WC-SKU-MASS-065-202411-12012402.json
WC-SKU-MASS-065-202412-05001743,warranty_form,warranty_form_a4,v1,1,per_artifact/warranty_form/WC-SKU-MASS-065-202412-05001743.json
WC-SKU-MASS-065-202501-02015064,warranty_form,warranty_form_a4,v1,1,per_artifact/warranty_form/WC-SKU-MASS-065-202501-02015064.json
WC-SKU-MASS-065-202502-28028675,warranty_form,warranty_form_a4,v1,1,per_artifact/warranty_form/WC-SKU-MASS-065-202502-28028675.json
WC-SKU-MASS-065-202503-25013526,warranty_form,warranty_form_a4,v1,1,per_artifact/warranty_form/WC-SKU-MASS-065-202503-25013526.json
WC-SKU-MASS-065-202504-01013952,warranty_form,warranty_form_a4,v1,1,per_artifact/warranty_form/WC-SKU-MASS-065-202504-01013952.json
WC-SKU-MASS-065-202507-27003879,warranty_form,warranty_form_a4,v1,1,per_artifact/warranty_form/WC-SKU-MASS-065-202507-27003879.json
WC-SKU-MASS-065-202510-05014008,warranty_form,warranty_form_a4,v1,1,per_artifact/warranty_form/WC-SKU-MASS-065-202510-05014008.json
WC-SKU-MASS-065-202510-09022115,warranty_form,warranty_form_a4,v1,1,per_artifact/warranty_form/WC-SKU-MASS-065-202510-09022115.json
WC-SKU-MASS-065-202510-11000076,warranty_form,warranty_form_a4,v1,1,per_artifact/warranty_form/WC-SKU-MASS-065-202510-11000076.json
WC-SKU-MASS-065-202511-26008840,warranty_form,warranty_form_a4,v1,1,per_artifact/warranty_form/WC-SKU-MASS-065-202511-26008840.json
WC-SKU-MASS-066-202404-10008289,warranty_form,warranty_form_a4,v1,1,per_artifact/warranty_form/WC-SKU-MASS-066-202404-10008289.json
WC-SKU-MASS-066-202404-20027554,warranty_form,warranty_form_a4,v1,1,per_artifact/warranty_form/WC-SKU-MASS-066-202404-20027554.json
WC-SKU-MASS-066-202405-24016669,warranty_form,warranty_form_a4,v1,1,per_artifact/warranty_form/WC-SKU-MASS-066-202405-24016669.json
WC-SKU-MASS-066-202411-11005926,warranty_form,warranty_form_a4,v1,1,per_artifact/warranty_form/WC-SKU-MASS-066-202411-11005926.json
WC-SKU-MASS-066-202412-18024685,warranty_form,warranty_form_a4,v1,1,per_artifact/warranty_form/WC-SKU-MASS-066-202412-18024685.json
WC-SKU-MASS-066-202412-19006098,warranty_form,warranty_form_a4,v1,1,per_artifact/warranty_form/WC-SKU-MASS-066-202412-19006098.json
WC-SKU-MASS-066-202502-10014089,warranty_form,warranty_form_a4,v1,1,per_artifact/warranty_form/WC-SKU-MASS-066-202502-10014089.json
WC-SKU-MASS-066-202505-05018261,warranty_form,warranty_form_a4,v1,1,per_artifact/warranty_form/WC-SKU-MASS-066-202505-05018261.json
WC-SKU-MASS-066-202507-03016132,warranty_form,warranty_form_a4,v1,1,per_artifact/warranty_form/WC-SKU-MASS-066-202507-03016132.json
WC-SKU-MASS-066-202507-27003067,warranty_form,warranty_form_a4,v1,1,per_artifact/warranty_form/WC-SKU-MASS-066-202507-27003067.json
WC-SKU-MASS-066-202509-17014522,warranty_form,warranty_form_a4,v1,1,per_artifact/warranty_form/WC-SKU-MASS-066-202509-17014522.json
WC-SKU-MASS-066-202510-19026435,warranty_form,warranty_form_a4,v1,1,per_artifact/warranty_form/WC-SKU-MASS-066-202510-19026435.json
WC-SKU-MASS-066-202512-07016331,warranty_form,warranty_form_a4,v1,1,per_artifact/warranty_form/WC-SKU-MASS-066-202512-07016331.json
WC-SKU-MASS-066-202512-09029708,warranty_form,warranty_form_a4,v1,1,per_artifact/warranty_form/WC-SKU-MASS-066-202512-09029708.json
WC-SKU-MASS-067-202402-06003370,warranty_form,warranty_form_a4,v1,1,per_artifact/warranty_form/WC-SKU-MASS-067-202402-06003370.json
WC-SKU-MASS-067-202402-15005784,warranty_form,warranty_form_a4,v1,1,per_artifact/warranty_form/WC-SKU-MASS-067-202402-15005784.json
WC-SKU-MASS-067-202404-06020186,warranty_form,warranty_form_a4,v1,1,per_artifact/warranty_form/WC-SKU-MASS-067-202404-06020186.json
WC-SKU-MASS-067-202404-29000966,warranty_form,warranty_form_a4,v1,1,per_artifact/warranty_form/WC-SKU-MASS-067-202404-29000966.json
WC-SKU-MASS-067-202404-29020710,warranty_form,warranty_form_a4,v1,1,per_artifact/warranty_form/WC-SKU-MASS-067-202404-29020710.json
WC-SKU-MASS-067-202408-02024021,warranty_form,warranty_form_a4,v1,1,per_artifact/warranty_form/WC-SKU-MASS-067-202408-02024021.json
WC-SKU-MASS-067-202408-31028641,warranty_form,warranty_form_a4,v1,1,per_artifact/warranty_form/WC-SKU-MASS-067-202408-31028641.json
WC-SKU-MASS-067-202412-05022847,warranty_form,warranty_form_a4,v1,1,per_artifact/warranty_form/WC-SKU-MASS-067-202412-05022847.json
WC-SKU-MASS-067-202502-08011782,warranty_form,warranty_form_a4,v1,1,per_artifact/warranty_form/WC-SKU-MASS-067-202502-08011782.json
WC-SKU-MASS-067-202503-12001244,warranty_form,warranty_form_a4,v1,1,per_artifact/warranty_form/WC-SKU-MASS-067-202503-12001244.json
WC-SKU-MASS-067-202504-19001888,warranty_form,warranty_form_a4,v1,1,per_artifact/warranty_form/WC-SKU-MASS-067-202504-19001888.json
WC-SKU-MASS-067-202505-20022948,warranty_form,warranty_form_a4,v1,1,per_artifact/warranty_form/WC-SKU-MASS-067-202505-20022948.json
WC-SKU-MASS-067-202506-19014184,warranty_form,warranty_form_a4,v1,1,per_artifact/warranty_form/WC-SKU-MASS-067-202506-19014184.json
WC-SKU-MASS-067-202506-27029775,warranty_form,warranty_form_a4,v1,1,per_artifact/warranty_form/WC-SKU-MASS-067-202506-27029775.json
WC-SKU-MASS-067-202507-08013842,warranty_form,warranty_form_a4,v1,1,per_artifact/warranty_form/WC-SKU-MASS-067-202507-08013842.json
WC-SKU-MASS-067-202507-14012348,warranty_form,warranty_form_a4,v1,1,per_artifact/warranty_form/WC-SKU-MASS-067-202507-14012348.json
WC-SKU-MASS-067-202510-04012484,warranty_form,warranty_form_a4,v1,1,per_artifact/warranty_form/WC-SKU-MASS-067-202510-04012484.json
WC-SKU-MASS-067-202510-12020093,warranty_form,warranty_form_a4,v1,1,per_artifact/warranty_form/WC-SKU-MASS-067-202510-12020093.json
WC-SKU-MASS-067-202511-07019033,warranty_form,warranty_form_a4,v1,1,per_artifact/warranty_form/WC-SKU-MASS-067-202511-07019033.json
WC-SKU-MASS-067-202511-15001040,warranty_form,warranty_form_a4,v1,1,per_artifact/warranty_form/WC-SKU-MASS-067-202511-15001040.json
WC-SKU-MASS-068-202401-27016238,warranty_form,warranty_form_a4,v1,1,per_artifact/warranty_form/WC-SKU-MASS-068-202401-27016238.json
WC-SKU-MASS-068-202403-17023845,warranty_form,warranty_form_a4,v1,1,per_artifact/warranty_form/WC-SKU-MASS-068-202403-17023845.json
WC-SKU-MASS-068-202405-26025962,warranty_form,warranty_form_a4,v1,1,per_artifact/warranty_form/WC-SKU-MASS-068-202405-26025962.json
WC-SKU-MASS-068-202407-05011944,warranty_form,warranty_form_a4,v1,1,per_artifact/warranty_form/WC-SKU-MASS-068-202407-05011944.json
WC-SKU-MASS-068-202407-22012395,warranty_form,warranty_form_a4,v1,1,per_artifact/warranty_form/WC-SKU-MASS-068-202407-22012395.json
WC-SKU-MASS-068-202408-23028196,warranty_form,warranty_form_a4,v1,1,per_artifact/warranty_form/WC-SKU-MASS-068-202408-23028196.json
WC-SKU-MASS-068-202411-02019498,warranty_form,warranty_form_a4,v1,1,per_artifact/warranty_form/WC-SKU-MASS-068-202411-02019498.json
WC-SKU-MASS-068-202412-16020145,warranty_form,warranty_form_a4,v1,1,per_artifact/warranty_form/WC-SKU-MASS-068-202412-16020145.json
WC-SKU-MASS-068-202504-08028616,warranty_form,warranty_form_a4,v1,1,per_artifact/warranty_form/WC-SKU-MASS-068-202504-08028616.json
WC-SKU-MASS-068-202505-27015976,warranty_form,warranty_form_a4,v1,1,per_artifact/warranty_form/WC-SKU-MASS-068-202505-27015976.json
WC-SKU-MASS-068-202507-05012446,warranty_form,warranty_form_a4,v1,1,per_artifact/warranty_form/WC-SKU-MASS-068-202507-05012446.json
WC-SKU-MASS-068-202508-03028707,warranty_form,warranty_form_a4,v1,1,per_artifact/warranty_form/WC-SKU-MASS-068-202508-03028707.json
WC-SKU-MASS-068-202510-08026631,warranty_form,warranty_form_a4,v1,1,per_artifact/warranty_form/WC-SKU-MASS-068-202510-08026631.json
WC-SKU-MASS-068-202510-20010496,warranty_form,warranty_form_a4,v1,1,per_artifact/warranty_form/WC-SKU-MASS-068-202510-20010496.json
WC-SKU-MASS-068-202512-30020842,warranty_form,warranty_form_a4,v1,1,per_artifact/warranty_form/WC-SKU-MASS-068-202512-30020842.json
WC-SKU-MASS-069-202401-03026007,warranty_form,warranty_form_a4,v1,1,per_artifact/warranty_form/WC-SKU-MASS-069-202401-03026007.json
WC-SKU-MASS-069-202402-07020603,warranty_form,warranty_form_a4,v1,1,per_artifact/warranty_form/WC-SKU-MASS-069-202402-07020603.json
WC-SKU-MASS-069-202402-27019352,warranty_form,warranty_form_a4,v1,1,per_artifact/warranty_form/WC-SKU-MASS-069-202402-27019352.json
WC-SKU-MASS-069-202403-29009612,warranty_form,warranty_form_a4,v1,1,per_artifact/warranty_form/WC-SKU-MASS-069-202403-29009612.json
WC-SKU-MASS-069-202410-21015720,warranty_form,warranty_form_a4,v1,1,per_artifact/warranty_form/WC-SKU-MASS-069-202410-21015720.json
WC-SKU-MASS-069-202412-25028643,warranty_form,warranty_form_a4,v1,1,per_artifact/warranty_form/WC-SKU-MASS-069-202412-25028643.json
WC-SKU-MASS-069-202503-08015580,warranty_form,warranty_form_a4,v1,1,per_artifact/warranty_form/WC-SKU-MASS-069-202503-08015580.json
WC-SKU-MASS-069-202506-14003195,warranty_form,warranty_form_a4,v1,1,per_artifact/warranty_form/WC-SKU-MASS-069-202506-14003195.json
WC-SKU-MASS-069-202507-05023326,warranty_form,warranty_form_a4,v1,1,per_artifact/warranty_form/WC-SKU-MASS-069-202507-05023326.json
WC-SKU-MASS-069-202507-15018287,warranty_form,warranty_form_a4,v1,1,per_artifact/warranty_form/WC-SKU-MASS-069-202507-15018287.json
WC-SKU-MASS-069-202507-20002711,warranty_form,warranty_form_a4,v1,1,per_artifact/warranty_form/WC-SKU-MASS-069-202507-20002711.json
WC-SKU-MASS-069-202507-23008668,warranty_form,warranty_form_a4,v1,1,per_artifact/warranty_form/WC-SKU-MASS-069-202507-23008668.json
WC-SKU-MASS-069-202507-28008898,warranty_form,warranty_form_a4,v1,1,per_artifact/warranty_form/WC-SKU-MASS-069-202507-28008898.json
WC-SKU-MASS-069-202509-27008572,warranty_form,warranty_form_a4,v1,1,per_artifact/warranty_form/WC-SKU-MASS-069-202509-27008572.json
WC-SKU-MASS-069-202511-05006204,warranty_form,warranty_form_a4,v1,1,per_artifact/warranty_form/WC-SKU-MASS-069-202511-05006204.json
WC-SKU-MASS-069-202511-08023675,warranty_form,warranty_form_a4,v1,1,per_artifact/warranty_form/WC-SKU-MASS-069-202511-08023675.json
WC-SKU-MASS-069-202511-18016014,warranty_form,warranty_form_a4,v1,1,per_artifact/warranty_form/WC-SKU-MASS-069-202511-18016014.json
WC-SKU-MASS-069-202512-27006412,warranty_form,warranty_form_a4,v1,1,per_artifact/warranty_form/WC-SKU-MASS-069-202512-27006412.json
WC-SKU-MASS-070-202402-08028727,warranty_form,warranty_form_a4,v1,1,per_artifact/warranty_form/WC-SKU-MASS-070-202402-08028727.json
WC-SKU-MASS-070-202404-10006656,warranty_form,warranty_form_a4,v1,1,per_artifact/warranty_form/WC-SKU-MASS-070-202404-10006656.json
WC-SKU-MASS-070-202407-08025981,warranty_form,warranty_form_a4,v1,1,per_artifact/warranty_form/WC-SKU-MASS-070-202407-08025981.json
WC-SKU-MASS-070-202407-17013023,warranty_form,warranty_form_a4,v1,1,per_artifact/warranty_form/WC-SKU-MASS-070-202407-17013023.json
WC-SKU-MASS-070-202408-14006434,warranty_form,warranty_form_a4,v1,1,per_artifact/warranty_form/WC-SKU-MASS-070-202408-14006434.json
WC-SKU-MASS-070-202408-25015325,warranty_form,warranty_form_a4,v1,1,per_artifact/warranty_form/WC-SKU-MASS-070-202408-25015325.json
WC-SKU-MASS-070-202408-27021949,warranty_form,warranty_form_a4,v1,1,per_artifact/warranty_form/WC-SKU-MASS-070-202408-27021949.json
WC-SKU-MASS-070-202409-30017593,warranty_form,warranty_form_a4,v1,1,per_artifact/warranty_form/WC-SKU-MASS-070-202409-30017593.json
WC-SKU-MASS-070-202411-13005349,warranty_form,warranty_form_a4,v1,1,per_artifact/warranty_form/WC-SKU-MASS-070-202411-13005349.json
WC-SKU-MASS-070-202411-24020655,warranty_form,warranty_form_a4,v1,1,per_artifact/warranty_form/WC-SKU-MASS-070-202411-24020655.json
WC-SKU-MASS-070-202501-04010316,warranty_form,warranty_form_a4,v1,1,per_artifact/warranty_form/WC-SKU-MASS-070-202501-04010316.json
WC-SKU-MASS-070-202503-08022244,warranty_form,warranty_form_a4,v1,1,per_artifact/warranty_form/WC-SKU-MASS-070-202503-08022244.json
WC-SKU-MASS-070-202504-04023746,warranty_form,warranty_form_a4,v1,1,per_artifact/warranty_form/WC-SKU-MASS-070-202504-04023746.json
WC-SKU-MASS-070-202505-18001855,warranty_form,warranty_form_a4,v1,1,per_artifact/warranty_form/WC-SKU-MASS-070-202505-18001855.json
WC-SKU-MASS-070-202508-03007244,warranty_form,warranty_form_a4,v1,1,per_artifact/warranty_form/WC-SKU-MASS-070-202508-03007244.json
WC-SKU-MASS-070-202509-26014671,warranty_form,warranty_form_a4,v1,1,per_artifact/warranty_form/WC-SKU-MASS-070-202509-26014671.json
WC-SKU-MASS-070-202510-25013806,warranty_form,warranty_form_a4,v1,1,per_artifact/warranty_form/WC-SKU-MASS-070-202510-25013806.json
WC-SKU-MASS-070-202511-19012996,warranty_form,warranty_form_a4,v1,1,per_artifact/warranty_form/WC-SKU-MASS-070-202511-19012996.json
WC-SKU-MASS-071-202406-03009979,warranty_form,warranty_form_a4,v1,1,per_artifact/warranty_form/WC-SKU-MASS-071-202406-03009979.json
WC-SKU-MASS-071-202408-13023119,warranty_form,warranty_form_a4,v1,1,per_artifact/warranty_form/WC-SKU-MASS-071-202408-13023119.json
WC-SKU-MASS-071-202408-31017118,warranty_form,warranty_form_a4,v1,1,per_artifact/warranty_form/WC-SKU-MASS-071-202408-31017118.json
WC-SKU-MASS-071-202411-24005449,warranty_form,warranty_form_a4,v1,1,per_artifact/warranty_form/WC-SKU-MASS-071-202411-24005449.json
WC-SKU-MASS-071-202411-29020813,warranty_form,warranty_form_a4,v1,1,per_artifact/warranty_form/WC-SKU-MASS-071-202411-29020813.json
WC-SKU-MASS-071-202503-11012309,warranty_form,warranty_form_a4,v1,1,per_artifact/warranty_form/WC-SKU-MASS-071-202503-11012309.json
WC-SKU-MASS-071-202504-06026124,warranty_form,warranty_form_a4,v1,1,per_artifact/warranty_form/WC-SKU-MASS-071-202504-06026124.json
WC-SKU-MASS-071-202506-06025708,warranty_form,warranty_form_a4,v1,1,per_artifact/warranty_form/WC-SKU-MASS-071-202506-06025708.json
WC-SKU-MASS-071-202507-09028903,warranty_form,warranty_form_a4,v1,1,per_artifact/warranty_form/WC-SKU-MASS-071-202507-09028903.json
WC-SKU-MASS-071-202510-01015445,warranty_form,warranty_form_a4,v1,1,per_artifact/warranty_form/WC-SKU-MASS-071-202510-01015445.json
WC-SKU-MASS-071-202511-20018402,warranty_form,warranty_form_a4,v1,1,per_artifact/warranty_form/WC-SKU-MASS-071-202511-20018402.json
WC-SKU-MASS-071-202512-08001457,warranty_form,warranty_form_a4,v1,1,per_artifact/warranty_form/WC-SKU-MASS-071-202512-08001457.json
WC-SKU-MASS-072-202401-04026433,warranty_form,warranty_form_a4,v1,1,per_artifact/warranty_form/WC-SKU-MASS-072-202401-04026433.json
WC-SKU-MASS-072-202401-31022506,warranty_form,warranty_form_a4,v1,1,per_artifact/warranty_form/WC-SKU-MASS-072-202401-31022506.json
WC-SKU-MASS-072-202402-10006895,warranty_form,warranty_form_a4,v1,1,per_artifact/warranty_form/WC-SKU-MASS-072-202402-10006895.json
WC-SKU-MASS-072-202405-25014950,warranty_form,warranty_form_a4,v1,1,per_artifact/warranty_form/WC-SKU-MASS-072-202405-25014950.json
WC-SKU-MASS-072-202405-31005639,warranty_form,warranty_form_a4,v1,1,per_artifact/warranty_form/WC-SKU-MASS-072-202405-31005639.json
WC-SKU-MASS-072-202406-07013785,warranty_form,warranty_form_a4,v1,1,per_artifact/warranty_form/WC-SKU-MASS-072-202406-07013785.json
WC-SKU-MASS-072-202406-18016602,warranty_form,warranty_form_a4,v1,1,per_artifact/warranty_form/WC-SKU-MASS-072-202406-18016602.json
WC-SKU-MASS-072-202408-27026704,warranty_form,warranty_form_a4,v1,1,per_artifact/warranty_form/WC-SKU-MASS-072-202408-27026704.json
WC-SKU-MASS-072-202410-31014166,warranty_form,warranty_form_a4,v1,1,per_artifact/warranty_form/WC-SKU-MASS-072-202410-31014166.json
WC-SKU-MASS-072-202411-14014835,warranty_form,warranty_form_a4,v1,1,per_artifact/warranty_form/WC-SKU-MASS-072-202411-14014835.json
WC-SKU-MASS-072-202412-28014489,warranty_form,warranty_form_a4,v1,1,per_artifact/warranty_form/WC-SKU-MASS-072-202412-28014489.json
WC-SKU-MASS-072-202412-30010826,warranty_form,warranty_form_a4,v1,1,per_artifact/warranty_form/WC-SKU-MASS-072-202412-30010826.json
WC-SKU-MASS-072-202502-06005420,warranty_form,warranty_form_a4,v1,1,per_artifact/warranty_form/WC-SKU-MASS-072-202502-06005420.json
WC-SKU-MASS-072-202504-11003084,warranty_form,warranty_form_a4,v1,1,per_artifact/warranty_form/WC-SKU-MASS-072-202504-11003084.json
WC-SKU-MASS-072-202505-12029268,warranty_form,warranty_form_a4,v1,1,per_artifact/warranty_form/WC-SKU-MASS-072-202505-12029268.json
WC-SKU-MASS-072-202507-31018697,warranty_form,warranty_form_a4,v1,1,per_artifact/warranty_form/WC-SKU-MASS-072-202507-31018697.json
WC-SKU-MASS-072-202509-01011173,warranty_form,warranty_form_a4,v1,1,per_artifact/warranty_form/WC-SKU-MASS-072-202509-01011173.json
WC-SKU-MASS-072-202511-07010773,warranty_form,warranty_form_a4,v1,1,per_artifact/warranty_form/WC-SKU-MASS-072-202511-07010773.json
WC-SKU-MASS-072-202511-19025999,warranty_form,warranty_form_a4,v1,1,per_artifact/warranty_form/WC-SKU-MASS-072-202511-19025999.json
WC-SKU-MASS-072-202511-30010623,warranty_form,warranty_form_a4,v1,1,per_artifact/warranty_form/WC-SKU-MASS-072-202511-30010623.json
WC-SKU-MASS-073-202401-11021243,warranty_form,warranty_form_a4,v1,1,per_artifact/warranty_form/WC-SKU-MASS-073-202401-11021243.json
WC-SKU-MASS-073-202403-27012244,warranty_form,warranty_form_a4,v1,1,per_artifact/warranty_form/WC-SKU-MASS-073-202403-27012244.json
WC-SKU-MASS-073-202404-21002438,warranty_form,warranty_form_a4,v1,1,per_artifact/warranty_form/WC-SKU-MASS-073-202404-21002438.json
WC-SKU-MASS-073-202404-26026966,warranty_form,warranty_form_a4,v1,1,per_artifact/warranty_form/WC-SKU-MASS-073-202404-26026966.json
WC-SKU-MASS-073-202408-04001333,warranty_form,warranty_form_a4,v1,1,per_artifact/warranty_form/WC-SKU-MASS-073-202408-04001333.json
WC-SKU-MASS-073-202408-28026092,warranty_form,warranty_form_a4,v1,1,per_artifact/warranty_form/WC-SKU-MASS-073-202408-28026092.json
WC-SKU-MASS-073-202409-09014955,warranty_form,warranty_form_a4,v1,1,per_artifact/warranty_form/WC-SKU-MASS-073-202409-09014955.json
WC-SKU-MASS-073-202409-25001836,warranty_form,warranty_form_a4,v1,1,per_artifact/warranty_form/WC-SKU-MASS-073-202409-25001836.json
WC-SKU-MASS-073-202410-11003066,warranty_form,warranty_form_a4,v1,1,per_artifact/warranty_form/WC-SKU-MASS-073-202410-11003066.json
WC-SKU-MASS-073-202410-17001496,warranty_form,warranty_form_a4,v1,1,per_artifact/warranty_form/WC-SKU-MASS-073-202410-17001496.json
WC-SKU-MASS-073-202412-27008906,warranty_form,warranty_form_a4,v1,1,per_artifact/warranty_form/WC-SKU-MASS-073-202412-27008906.json
WC-SKU-MASS-073-202501-04014307,warranty_form,warranty_form_a4,v1,1,per_artifact/warranty_form/WC-SKU-MASS-073-202501-04014307.json
WC-SKU-MASS-073-202502-17001250,warranty_form,warranty_form_a4,v1,1,per_artifact/warranty_form/WC-SKU-MASS-073-202502-17001250.json
WC-SKU-MASS-073-202503-05009871,warranty_form,warranty_form_a4,v1,1,per_artifact/warranty_form/WC-SKU-MASS-073-202503-05009871.json
WC-SKU-MASS-073-202504-29021690,warranty_form,warranty_form_a4,v1,1,per_artifact/warranty_form/WC-SKU-MASS-073-202504-29021690.json
WC-SKU-MASS-073-202505-05019792,warranty_form,warranty_form_a4,v1,1,per_artifact/warranty_form/WC-SKU-MASS-073-202505-05019792.json
WC-SKU-MASS-073-202506-22003458,warranty_form,warranty_form_a4,v1,1,per_artifact/warranty_form/WC-SKU-MASS-073-202506-22003458.json
WC-SKU-MASS-073-202507-09006474,warranty_form,warranty_form_a4,v1,1,per_artifact/warranty_form/WC-SKU-MASS-073-202507-09006474.json
WC-SKU-MASS-073-202509-09026943,warranty_form,warranty_form_a4,v1,1,per_artifact/warranty_form/WC-SKU-MASS-073-202509-09026943.json
WC-SKU-MASS-073-202509-14000763,warranty_form,warranty_form_a4,v1,1,per_artifact/warranty_form/WC-SKU-MASS-073-202509-14000763.json
WC-SKU-MASS-073-202510-07024584,warranty_form,warranty_form_a4,v1,1,per_artifact/warranty_form/WC-SKU-MASS-073-202510-07024584.json
WC-SKU-MASS-073-202510-24021209,warranty_form,warranty_form_a4,v1,1,per_artifact/warranty_form/WC-SKU-MASS-073-202510-24021209.json
WC-SKU-MASS-073-202510-26026054,warranty_form,warranty_form_a4,v1,1,per_artifact/warranty_form/WC-SKU-MASS-073-202510-26026054.json
WC-SKU-MASS-073-202511-14009359,warranty_form,warranty_form_a4,v1,1,per_artifact/warranty_form/WC-SKU-MASS-073-202511-14009359.json
WC-SKU-MASS-073-202511-24004181,warranty_form,warranty_form_a4,v1,1,per_artifact/warranty_form/WC-SKU-MASS-073-202511-24004181.json
WC-SKU-MASS-073-202512-22009172,warranty_form,warranty_form_a4,v1,1,per_artifact/warranty_form/WC-SKU-MASS-073-202512-22009172.json
WC-SKU-MASS-074-202401-24011649,warranty_form,warranty_form_a4,v1,1,per_artifact/warranty_form/WC-SKU-MASS-074-202401-24011649.json
WC-SKU-MASS-074-202402-27027467,warranty_form,warranty_form_a4,v1,1,per_artifact/warranty_form/WC-SKU-MASS-074-202402-27027467.json
WC-SKU-MASS-074-202403-22011169,warranty_form,warranty_form_a4,v1,1,per_artifact/warranty_form/WC-SKU-MASS-074-202403-22011169.json
WC-SKU-MASS-074-202405-21017660,warranty_form,warranty_form_a4,v1,1,per_artifact/warranty_form/WC-SKU-MASS-074-202405-21017660.json
WC-SKU-MASS-074-202406-02019663,warranty_form,warranty_form_a4,v1,1,per_artifact/warranty_form/WC-SKU-MASS-074-202406-02019663.json
WC-SKU-MASS-074-202406-16006567,warranty_form,warranty_form_a4,v1,1,per_artifact/warranty_form/WC-SKU-MASS-074-202406-16006567.json
WC-SKU-MASS-074-202407-03002542,warranty_form,warranty_form_a4,v1,1,per_artifact/warranty_form/WC-SKU-MASS-074-202407-03002542.json
WC-SKU-MASS-074-202407-13000689,warranty_form,warranty_form_a4,v1,1,per_artifact/warranty_form/WC-SKU-MASS-074-202407-13000689.json
WC-SKU-MASS-074-202408-04018011,warranty_form,warranty_form_a4,v1,1,per_artifact/warranty_form/WC-SKU-MASS-074-202408-04018011.json
WC-SKU-MASS-074-202409-20007045,warranty_form,warranty_form_a4,v1,1,per_artifact/warranty_form/WC-SKU-MASS-074-202409-20007045.json
WC-SKU-MASS-074-202411-16022767,warranty_form,warranty_form_a4,v1,1,per_artifact/warranty_form/WC-SKU-MASS-074-202411-16022767.json
WC-SKU-MASS-074-202411-19028126,warranty_form,warranty_form_a4,v1,1,per_artifact/warranty_form/WC-SKU-MASS-074-202411-19028126.json
WC-SKU-MASS-074-202503-23008616,warranty_form,warranty_form_a4,v1,1,per_artifact/warranty_form/WC-SKU-MASS-074-202503-23008616.json
WC-SKU-MASS-074-202506-23027140,warranty_form,warranty_form_a4,v1,1,per_artifact/warranty_form/WC-SKU-MASS-074-202506-23027140.json
WC-SKU-MASS-074-202507-06023138,warranty_form,warranty_form_a4,v1,1,per_artifact/warranty_form/WC-SKU-MASS-074-202507-06023138.json
WC-SKU-MASS-074-202508-07004021,warranty_form,warranty_form_a4,v1,1,per_artifact/warranty_form/WC-SKU-MASS-074-202508-07004021.json
WC-SKU-MASS-074-202509-04005539,warranty_form,warranty_form_a4,v1,1,per_artifact/warranty_form/WC-SKU-MASS-074-202509-04005539.json
WC-SKU-MASS-074-202511-03014523,warranty_form,warranty_form_a4,v1,1,per_artifact/warranty_form/WC-SKU-MASS-074-202511-03014523.json
WC-SKU-MASS-074-202511-17009547,warranty_form,warranty_form_a4,v1,1,per_artifact/warranty_form/WC-SKU-MASS-074-202511-17009547.json
WC-SKU-MASS-074-202511-18026886,warranty_form,warranty_form_a4,v1,1,per_artifact/warranty_form/WC-SKU-MASS-074-202511-18026886.json
WC-SKU-MASS-074-202512-12005964,warranty_form,warranty_form_a4,v1,1,per_artifact/warranty_form/WC-SKU-MASS-074-202512-12005964.json
WC-SKU-MASS-075-202401-19011266,warranty_form,warranty_form_a4,v1,1,per_artifact/warranty_form/WC-SKU-MASS-075-202401-19011266.json
WC-SKU-MASS-075-202402-11007428,warranty_form,warranty_form_a4,v1,1,per_artifact/warranty_form/WC-SKU-MASS-075-202402-11007428.json
WC-SKU-MASS-075-202403-20005740,warranty_form,warranty_form_a4,v1,1,per_artifact/warranty_form/WC-SKU-MASS-075-202403-20005740.json
WC-SKU-MASS-075-202404-18012711,warranty_form,warranty_form_a4,v1,1,per_artifact/warranty_form/WC-SKU-MASS-075-202404-18012711.json
WC-SKU-MASS-075-202405-20025723,warranty_form,warranty_form_a4,v1,1,per_artifact/warranty_form/WC-SKU-MASS-075-202405-20025723.json
WC-SKU-MASS-075-202406-04017149,warranty_form,warranty_form_a4,v1,1,per_artifact/warranty_form/WC-SKU-MASS-075-202406-04017149.json
WC-SKU-MASS-075-202406-23007773,warranty_form,warranty_form_a4,v1,1,per_artifact/warranty_form/WC-SKU-MASS-075-202406-23007773.json
WC-SKU-MASS-075-202407-18025306,warranty_form,warranty_form_a4,v1,1,per_artifact/warranty_form/WC-SKU-MASS-075-202407-18025306.json
WC-SKU-MASS-075-202407-25005031,warranty_form,warranty_form_a4,v1,1,per_artifact/warranty_form/WC-SKU-MASS-075-202407-25005031.json
WC-SKU-MASS-075-202408-01006980,warranty_form,warranty_form_a4,v1,1,per_artifact/warranty_form/WC-SKU-MASS-075-202408-01006980.json
WC-SKU-MASS-075-202408-17028605,warranty_form,warranty_form_a4,v1,1,per_artifact/warranty_form/WC-SKU-MASS-075-202408-17028605.json
WC-SKU-MASS-075-202408-25001561,warranty_form,warranty_form_a4,v1,1,per_artifact/warranty_form/WC-SKU-MASS-075-202408-25001561.json
WC-SKU-MASS-075-202411-26029155,warranty_form,warranty_form_a4,v1,1,per_artifact/warranty_form/WC-SKU-MASS-075-202411-26029155.json
WC-SKU-MASS-075-202412-02023525,warranty_form,warranty_form_a4,v1,1,per_artifact/warranty_form/WC-SKU-MASS-075-202412-02023525.json
WC-SKU-MASS-075-202501-11008101,warranty_form,warranty_form_a4,v1,1,per_artifact/warranty_form/WC-SKU-MASS-075-202501-11008101.json
WC-SKU-MASS-075-202502-13016941,warranty_form,warranty_form_a4,v1,1,per_artifact/warranty_form/WC-SKU-MASS-075-202502-13016941.json
WC-SKU-MASS-075-202503-11002067,warranty_form,warranty_form_a4,v1,1,per_artifact/warranty_form/WC-SKU-MASS-075-202503-11002067.json
WC-SKU-MASS-075-202504-08013734,warranty_form,warranty_form_a4,v1,1,per_artifact/warranty_form/WC-SKU-MASS-075-202504-08013734.json
WC-SKU-MASS-075-202504-28026665,warranty_form,warranty_form_a4,v1,1,per_artifact/warranty_form/WC-SKU-MASS-075-202504-28026665.json
WC-SKU-MASS-075-202505-01002117,warranty_form,warranty_form_a4,v1,1,per_artifact/warranty_form/WC-SKU-MASS-075-202505-01002117.json
WC-SKU-MASS-075-202505-18006553,warranty_form,warranty_form_a4,v1,1,per_artifact/warranty_form/WC-SKU-MASS-075-202505-18006553.json
WC-SKU-MASS-075-202508-02009056,warranty_form,warranty_form_a4,v1,1,per_artifact/warranty_form/WC-SKU-MASS-075-202508-02009056.json
WC-SKU-MASS-075-202508-06028297,warranty_form,warranty_form_a4,v1,1,per_artifact/warranty_form/WC-SKU-MASS-075-202508-06028297.json
WC-SKU-MASS-075-202508-18012553,warranty_form,warranty_form_a4,v1,1,per_artifact/warranty_form/WC-SKU-MASS-075-202508-18012553.json
WC-SKU-MASS-075-202508-21007544,warranty_form,warranty_form_a4,v1,1,per_artifact/warranty_form/WC-SKU-MASS-075-202508-21007544.json
WC-SKU-MASS-075-202508-26001216,warranty_form,warranty_form_a4,v1,1,per_artifact/warranty_form/WC-SKU-MASS-075-202508-26001216.json
WC-SKU-MASS-075-202508-31019468,warranty_form,warranty_form_a4,v1,1,per_artifact/warranty_form/WC-SKU-MASS-075-202508-31019468.json
WC-SKU-MASS-075-202509-19009204,warranty_form,warranty_form_a4,v1,1,per_artifact/warranty_form/WC-SKU-MASS-075-202509-19009204.json
WC-SKU-MASS-075-202509-22015806,warranty_form,warranty_form_a4,v1,1,per_artifact/warranty_form/WC-SKU-MASS-075-202509-22015806.json
WC-SKU-MASS-075-202512-10024008,warranty_form,warranty_form_a4,v1,1,per_artifact/warranty_form/WC-SKU-MASS-075-202512-10024008.json
WC-SKU-MASS-076-202401-06009687,warranty_form,warranty_form_a4,v1,1,per_artifact/warranty_form/WC-SKU-MASS-076-202401-06009687.json
WC-SKU-MASS-076-202401-24008734,warranty_form,warranty_form_a4,v1,1,per_artifact/warranty_form/WC-SKU-MASS-076-202401-24008734.json
WC-SKU-MASS-076-202402-02004489,warranty_form,warranty_form_a4,v1,1,per_artifact/warranty_form/WC-SKU-MASS-076-202402-02004489.json
WC-SKU-MASS-076-202402-09029738,warranty_form,warranty_form_a4,v1,1,per_artifact/warranty_form/WC-SKU-MASS-076-202402-09029738.json
WC-SKU-MASS-076-202402-27013195,warranty_form,warranty_form_a4,v1,1,per_artifact/warranty_form/WC-SKU-MASS-076-202402-27013195.json
WC-SKU-MASS-076-202404-20019174,warranty_form,warranty_form_a4,v1,1,per_artifact/warranty_form/WC-SKU-MASS-076-202404-20019174.json
WC-SKU-MASS-076-202406-16011409,warranty_form,warranty_form_a4,v1,1,per_artifact/warranty_form/WC-SKU-MASS-076-202406-16011409.json
WC-SKU-MASS-076-202407-01009988,warranty_form,warranty_form_a4,v1,1,per_artifact/warranty_form/WC-SKU-MASS-076-202407-01009988.json
WC-SKU-MASS-076-202407-23028052,warranty_form,warranty_form_a4,v1,1,per_artifact/warranty_form/WC-SKU-MASS-076-202407-23028052.json
WC-SKU-MASS-076-202408-04000191,warranty_form,warranty_form_a4,v1,1,per_artifact/warranty_form/WC-SKU-MASS-076-202408-04000191.json
WC-SKU-MASS-076-202408-24020194,warranty_form,warranty_form_a4,v1,1,per_artifact/warranty_form/WC-SKU-MASS-076-202408-24020194.json
WC-SKU-MASS-076-202409-16021447,warranty_form,warranty_form_a4,v1,1,per_artifact/warranty_form/WC-SKU-MASS-076-202409-16021447.json
WC-SKU-MASS-076-202410-01029659,warranty_form,warranty_form_a4,v1,1,per_artifact/warranty_form/WC-SKU-MASS-076-202410-01029659.json
WC-SKU-MASS-076-202501-29025329,warranty_form,warranty_form_a4,v1,1,per_artifact/warranty_form/WC-SKU-MASS-076-202501-29025329.json
WC-SKU-MASS-076-202504-05003577,warranty_form,warranty_form_a4,v1,1,per_artifact/warranty_form/WC-SKU-MASS-076-202504-05003577.json
WC-SKU-MASS-076-202504-21018789,warranty_form,warranty_form_a4,v1,1,per_artifact/warranty_form/WC-SKU-MASS-076-202504-21018789.json
WC-SKU-MASS-076-202505-01006886,warranty_form,warranty_form_a4,v1,1,per_artifact/warranty_form/WC-SKU-MASS-076-202505-01006886.json
WC-SKU-MASS-076-202506-30027448,warranty_form,warranty_form_a4,v1,1,per_artifact/warranty_form/WC-SKU-MASS-076-202506-30027448.json
WC-SKU-MASS-076-202507-02004860,warranty_form,warranty_form_a4,v1,1,per_artifact/warranty_form/WC-SKU-MASS-076-202507-02004860.json
WC-SKU-MASS-076-202509-20029976,warranty_form,warranty_form_a4,v1,1,per_artifact/warranty_form/WC-SKU-MASS-076-202509-20029976.json
WC-SKU-MASS-076-202512-15016507,warranty_form,warranty_form_a4,v1,1,per_artifact/warranty_form/WC-SKU-MASS-076-202512-15016507.json
WC-SKU-MASS-077-202402-03007818,warranty_form,warranty_form_a4,v1,1,per_artifact/warranty_form/WC-SKU-MASS-077-202402-03007818.json
WC-SKU-MASS-077-202406-30007790,warranty_form,warranty_form_a4,v1,1,per_artifact/warranty_form/WC-SKU-MASS-077-202406-30007790.json
WC-SKU-MASS-077-202408-19001262,warranty_form,warranty_form_a4,v1,1,per_artifact/warranty_form/WC-SKU-MASS-077-202408-19001262.json
WC-SKU-MASS-077-202410-06022847,warranty_form,warranty_form_a4,v1,1,per_artifact/warranty_form/WC-SKU-MASS-077-202410-06022847.json
WC-SKU-MASS-077-202410-22029929,warranty_form,warranty_form_a4,v1,1,per_artifact/warranty_form/WC-SKU-MASS-077-202410-22029929.json
WC-SKU-MASS-077-202411-17021595,warranty_form,warranty_form_a4,v1,1,per_artifact/warranty_form/WC-SKU-MASS-077-202411-17021595.json
WC-SKU-MASS-077-202411-18025751,warranty_form,warranty_form_a4,v1,1,per_artifact/warranty_form/WC-SKU-MASS-077-202411-18025751.json
WC-SKU-MASS-077-202501-05020678,warranty_form,warranty_form_a4,v1,1,per_artifact/warranty_form/WC-SKU-MASS-077-202501-05020678.json
WC-SKU-MASS-077-202503-07025211,warranty_form,warranty_form_a4,v1,1,per_artifact/warranty_form/WC-SKU-MASS-077-202503-07025211.json
WC-SKU-MASS-077-202503-08002142,warranty_form,warranty_form_a4,v1,1,per_artifact/warranty_form/WC-SKU-MASS-077-202503-08002142.json
WC-SKU-MASS-077-202504-18001801,warranty_form,warranty_form_a4,v1,1,per_artifact/warranty_form/WC-SKU-MASS-077-202504-18001801.json
WC-SKU-MASS-077-202505-18013056,warranty_form,warranty_form_a4,v1,1,per_artifact/warranty_form/WC-SKU-MASS-077-202505-18013056.json
WC-SKU-MASS-077-202507-05012855,warranty_form,warranty_form_a4,v1,1,per_artifact/warranty_form/WC-SKU-MASS-077-202507-05012855.json
WC-SKU-MASS-077-202507-06024795,warranty_form,warranty_form_a4,v1,1,per_artifact/warranty_form/WC-SKU-MASS-077-202507-06024795.json
WC-SKU-MASS-077-202507-25013255,warranty_form,warranty_form_a4,v1,1,per_artifact/warranty_form/WC-SKU-MASS-077-202507-25013255.json
WC-SKU-MASS-077-202507-31006903,warranty_form,warranty_form_a4,v1,1,per_artifact/warranty_form/WC-SKU-MASS-077-202507-31006903.json
WC-SKU-MASS-077-202508-02001614,warranty_form,warranty_form_a4,v1,1,per_artifact/warranty_form/WC-SKU-MASS-077-202508-02001614.json
WC-SKU-MASS-077-202508-11023084,warranty_form,warranty_form_a4,v1,1,per_artifact/warranty_form/WC-SKU-MASS-077-202508-11023084.json
WC-SKU-MASS-077-202508-19016120,warranty_form,warranty_form_a4,v1,1,per_artifact/warranty_form/WC-SKU-MASS-077-202508-19016120.json
WC-SKU-MASS-078-202401-12007137,warranty_form,warranty_form_a4,v1,1,per_artifact/warranty_form/WC-SKU-MASS-078-202401-12007137.json
WC-SKU-MASS-078-202402-22003156,warranty_form,warranty_form_a4,v1,1,per_artifact/warranty_form/WC-SKU-MASS-078-202402-22003156.json
WC-SKU-MASS-078-202403-06015546,warranty_form,warranty_form_a4,v1,1,per_artifact/warranty_form/WC-SKU-MASS-078-202403-06015546.json
WC-SKU-MASS-078-202404-18003436,warranty_form,warranty_form_a4,v1,1,per_artifact/warranty_form/WC-SKU-MASS-078-202404-18003436.json
WC-SKU-MASS-078-202407-19013344,warranty_form,warranty_form_a4,v1,1,per_artifact/warranty_form/WC-SKU-MASS-078-202407-19013344.json
WC-SKU-MASS-078-202501-09002589,warranty_form,warranty_form_a4,v1,1,per_artifact/warranty_form/WC-SKU-MASS-078-202501-09002589.json
WC-SKU-MASS-078-202501-13004136,warranty_form,warranty_form_a4,v1,1,per_artifact/warranty_form/WC-SKU-MASS-078-202501-13004136.json
WC-SKU-MASS-078-202502-25010586,warranty_form,warranty_form_a4,v1,1,per_artifact/warranty_form/WC-SKU-MASS-078-202502-25010586.json
WC-SKU-MASS-078-202503-05020711,warranty_form,warranty_form_a4,v1,1,per_artifact/warranty_form/WC-SKU-MASS-078-202503-05020711.json
WC-SKU-MASS-078-202503-20016990,warranty_form,warranty_form_a4,v1,1,per_artifact/warranty_form/WC-SKU-MASS-078-202503-20016990.json
WC-SKU-MASS-078-202505-20001703,warranty_form,warranty_form_a4,v1,1,per_artifact/warranty_form/WC-SKU-MASS-078-202505-20001703.json
WC-SKU-MASS-078-202505-24027070,warranty_form,warranty_form_a4,v1,1,per_artifact/warranty_form/WC-SKU-MASS-078-202505-24027070.json
WC-SKU-MASS-078-202506-12029252,warranty_form,warranty_form_a4,v1,1,per_artifact/warranty_form/WC-SKU-MASS-078-202506-12029252.json
WC-SKU-MASS-078-202506-28000530,warranty_form,warranty_form_a4,v1,1,per_artifact/warranty_form/WC-SKU-MASS-078-202506-28000530.json
WC-SKU-MASS-078-202507-19025415,warranty_form,warranty_form_a4,v1,1,per_artifact/warranty_form/WC-SKU-MASS-078-202507-19025415.json
WC-SKU-MASS-078-202509-06000244,warranty_form,warranty_form_a4,v1,1,per_artifact/warranty_form/WC-SKU-MASS-078-202509-06000244.json
WC-SKU-MASS-078-202509-17014260,warranty_form,warranty_form_a4,v1,1,per_artifact/warranty_form/WC-SKU-MASS-078-202509-17014260.json
WC-SKU-MASS-078-202510-24024007,warranty_form,warranty_form_a4,v1,1,per_artifact/warranty_form/WC-SKU-MASS-078-202510-24024007.json
WC-SKU-MASS-078-202511-24020114,warranty_form,warranty_form_a4,v1,1,per_artifact/warranty_form/WC-SKU-MASS-078-202511-24020114.json
WC-SKU-MASS-079-202402-26012623,warranty_form,warranty_form_a4,v1,1,per_artifact/warranty_form/WC-SKU-MASS-079-202402-26012623.json
WC-SKU-MASS-079-202411-15026927,warranty_form,warranty_form_a4,v1,1,per_artifact/warranty_form/WC-SKU-MASS-079-202411-15026927.json
WC-SKU-MASS-079-202501-28025074,warranty_form,warranty_form_a4,v1,1,per_artifact/warranty_form/WC-SKU-MASS-079-202501-28025074.json
WC-SKU-MASS-079-202501-29000911,warranty_form,warranty_form_a4,v1,1,per_artifact/warranty_form/WC-SKU-MASS-079-202501-29000911.json
WC-SKU-MASS-079-202503-10007210,warranty_form,warranty_form_a4,v1,1,per_artifact/warranty_form/WC-SKU-MASS-079-202503-10007210.json
WC-SKU-MASS-079-202506-03025555,warranty_form,warranty_form_a4,v1,1,per_artifact/warranty_form/WC-SKU-MASS-079-202506-03025555.json
WC-SKU-MASS-079-202506-26012593,warranty_form,warranty_form_a4,v1,1,per_artifact/warranty_form/WC-SKU-MASS-079-202506-26012593.json
WC-SKU-MASS-079-202507-09004819,warranty_form,warranty_form_a4,v1,1,per_artifact/warranty_form/WC-SKU-MASS-079-202507-09004819.json
WC-SKU-MASS-079-202508-01005183,warranty_form,warranty_form_a4,v1,1,per_artifact/warranty_form/WC-SKU-MASS-079-202508-01005183.json
WC-SKU-MASS-079-202509-20000270,warranty_form,warranty_form_a4,v1,1,per_artifact/warranty_form/WC-SKU-MASS-079-202509-20000270.json
WC-SKU-MASS-079-202512-14005774,warranty_form,warranty_form_a4,v1,1,per_artifact/warranty_form/WC-SKU-MASS-079-202512-14005774.json
WC-SKU-MASS-080-202402-18018267,warranty_form,warranty_form_a4,v1,1,per_artifact/warranty_form/WC-SKU-MASS-080-202402-18018267.json
WC-SKU-MASS-080-202402-29023372,warranty_form,warranty_form_a4,v1,1,per_artifact/warranty_form/WC-SKU-MASS-080-202402-29023372.json
WC-SKU-MASS-080-202404-01028130,warranty_form,warranty_form_a4,v1,1,per_artifact/warranty_form/WC-SKU-MASS-080-202404-01028130.json
WC-SKU-MASS-080-202409-12010159,warranty_form,warranty_form_a4,v1,1,per_artifact/warranty_form/WC-SKU-MASS-080-202409-12010159.json
WC-SKU-MASS-080-202410-02001011,warranty_form,warranty_form_a4,v1,1,per_artifact/warranty_form/WC-SKU-MASS-080-202410-02001011.json
WC-SKU-MASS-080-202410-07005825,warranty_form,warranty_form_a4,v1,1,per_artifact/warranty_form/WC-SKU-MASS-080-202410-07005825.json
WC-SKU-MASS-080-202411-14012257,warranty_form,warranty_form_a4,v1,1,per_artifact/warranty_form/WC-SKU-MASS-080-202411-14012257.json
WC-SKU-MASS-080-202411-20004087,warranty_form,warranty_form_a4,v1,1,per_artifact/warranty_form/WC-SKU-MASS-080-202411-20004087.json
WC-SKU-MASS-080-202412-11021657,warranty_form,warranty_form_a4,v1,1,per_artifact/warranty_form/WC-SKU-MASS-080-202412-11021657.json
WC-SKU-MASS-080-202501-06001619,warranty_form,warranty_form_a4,v1,1,per_artifact/warranty_form/WC-SKU-MASS-080-202501-06001619.json
WC-SKU-MASS-080-202501-15019254,warranty_form,warranty_form_a4,v1,1,per_artifact/warranty_form/WC-SKU-MASS-080-202501-15019254.json
WC-SKU-MASS-080-202502-12014662,warranty_form,warranty_form_a4,v1,1,per_artifact/warranty_form/WC-SKU-MASS-080-202502-12014662.json
WC-SKU-MASS-080-202502-16000783,warranty_form,warranty_form_a4,v1,1,per_artifact/warranty_form/WC-SKU-MASS-080-202502-16000783.json
WC-SKU-MASS-080-202505-25011906,warranty_form,warranty_form_a4,v1,1,per_artifact/warranty_form/WC-SKU-MASS-080-202505-25011906.json
WC-SKU-MASS-080-202506-30024307,warranty_form,warranty_form_a4,v1,1,per_artifact/warranty_form/WC-SKU-MASS-080-202506-30024307.json
WC-SKU-MASS-080-202507-05020261,warranty_form,warranty_form_a4,v1,1,per_artifact/warranty_form/WC-SKU-MASS-080-202507-05020261.json
WC-SKU-MASS-080-202507-22005875,warranty_form,warranty_form_a4,v1,1,per_artifact/warranty_form/WC-SKU-MASS-080-202507-22005875.json
WC-SKU-MASS-080-202509-21000589,warranty_form,warranty_form_a4,v1,1,per_artifact/warranty_form/WC-SKU-MASS-080-202509-21000589.json
WC-SKU-MASS-080-202510-20027727,warranty_form,warranty_form_a4,v1,1,per_artifact/warranty_form/WC-SKU-MASS-080-202510-20027727.json
WC-SKU-MASS-080-202512-28020766,warranty_form,warranty_form_a4,v1,1,per_artifact/warranty_form/WC-SKU-MASS-080-202512-28020766.json
WC-SKU-MASS-081-202402-05005132,warranty_form,warranty_form_a4,v1,1,per_artifact/warranty_form/WC-SKU-MASS-081-202402-05005132.json
WC-SKU-MASS-081-202403-18019936,warranty_form,warranty_form_a4,v1,1,per_artifact/warranty_form/WC-SKU-MASS-081-202403-18019936.json
WC-SKU-MASS-081-202403-27003622,warranty_form,warranty_form_a4,v1,1,per_artifact/warranty_form/WC-SKU-MASS-081-202403-27003622.json
WC-SKU-MASS-081-202404-02027263,warranty_form,warranty_form_a4,v1,1,per_artifact/warranty_form/WC-SKU-MASS-081-202404-02027263.json
WC-SKU-MASS-081-202408-12018213,warranty_form,warranty_form_a4,v1,1,per_artifact/warranty_form/WC-SKU-MASS-081-202408-12018213.json
WC-SKU-MASS-081-202410-05004959,warranty_form,warranty_form_a4,v1,1,per_artifact/warranty_form/WC-SKU-MASS-081-202410-05004959.json
WC-SKU-MASS-081-202411-03023723,warranty_form,warranty_form_a4,v1,1,per_artifact/warranty_form/WC-SKU-MASS-081-202411-03023723.json
WC-SKU-MASS-081-202412-15019219,warranty_form,warranty_form_a4,v1,1,per_artifact/warranty_form/WC-SKU-MASS-081-202412-15019219.json
WC-SKU-MASS-081-202412-17025680,warranty_form,warranty_form_a4,v1,1,per_artifact/warranty_form/WC-SKU-MASS-081-202412-17025680.json
WC-SKU-MASS-081-202502-01029501,warranty_form,warranty_form_a4,v1,1,per_artifact/warranty_form/WC-SKU-MASS-081-202502-01029501.json
WC-SKU-MASS-081-202505-13018427,warranty_form,warranty_form_a4,v1,1,per_artifact/warranty_form/WC-SKU-MASS-081-202505-13018427.json
WC-SKU-MASS-081-202506-30005222,warranty_form,warranty_form_a4,v1,1,per_artifact/warranty_form/WC-SKU-MASS-081-202506-30005222.json
WC-SKU-MASS-081-202508-10025986,warranty_form,warranty_form_a4,v1,1,per_artifact/warranty_form/WC-SKU-MASS-081-202508-10025986.json
WC-SKU-MASS-081-202511-07019315,warranty_form,warranty_form_a4,v1,1,per_artifact/warranty_form/WC-SKU-MASS-081-202511-07019315.json
WC-SKU-MASS-081-202512-13010836,warranty_form,warranty_form_a4,v1,1,per_artifact/warranty_form/WC-SKU-MASS-081-202512-13010836.json
WC-SKU-MASS-082-202402-08021160,warranty_form,warranty_form_a4,v1,1,per_artifact/warranty_form/WC-SKU-MASS-082-202402-08021160.json
WC-SKU-MASS-082-202402-11000891,warranty_form,warranty_form_a4,v1,1,per_artifact/warranty_form/WC-SKU-MASS-082-202402-11000891.json
WC-SKU-MASS-082-202404-30016809,warranty_form,warranty_form_a4,v1,1,per_artifact/warranty_form/WC-SKU-MASS-082-202404-30016809.json
WC-SKU-MASS-082-202405-19014336,warranty_form,warranty_form_a4,v1,1,per_artifact/warranty_form/WC-SKU-MASS-082-202405-19014336.json
WC-SKU-MASS-082-202406-10008961,warranty_form,warranty_form_a4,v1,1,per_artifact/warranty_form/WC-SKU-MASS-082-202406-10008961.json
WC-SKU-MASS-082-202407-18017902,warranty_form,warranty_form_a4,v1,1,per_artifact/warranty_form/WC-SKU-MASS-082-202407-18017902.json
WC-SKU-MASS-082-202407-24002663,warranty_form,warranty_form_a4,v1,1,per_artifact/warranty_form/WC-SKU-MASS-082-202407-24002663.json
WC-SKU-MASS-082-202408-03025643,warranty_form,warranty_form_a4,v1,1,per_artifact/warranty_form/WC-SKU-MASS-082-202408-03025643.json
WC-SKU-MASS-082-202410-21008669,warranty_form,warranty_form_a4,v1,1,per_artifact/warranty_form/WC-SKU-MASS-082-202410-21008669.json
WC-SKU-MASS-082-202411-05004752,warranty_form,warranty_form_a4,v1,1,per_artifact/warranty_form/WC-SKU-MASS-082-202411-05004752.json
WC-SKU-MASS-082-202503-22007857,warranty_form,warranty_form_a4,v1,1,per_artifact/warranty_form/WC-SKU-MASS-082-202503-22007857.json
WC-SKU-MASS-082-202504-12001495,warranty_form,warranty_form_a4,v1,1,per_artifact/warranty_form/WC-SKU-MASS-082-202504-12001495.json
WC-SKU-MASS-082-202507-02006714,warranty_form,warranty_form_a4,v1,1,per_artifact/warranty_form/WC-SKU-MASS-082-202507-02006714.json
WC-SKU-MASS-082-202507-07011543,warranty_form,warranty_form_a4,v1,1,per_artifact/warranty_form/WC-SKU-MASS-082-202507-07011543.json
WC-SKU-MASS-082-202508-25010694,warranty_form,warranty_form_a4,v1,1,per_artifact/warranty_form/WC-SKU-MASS-082-202508-25010694.json
WC-SKU-MASS-082-202510-09005510,warranty_form,warranty_form_a4,v1,1,per_artifact/warranty_form/WC-SKU-MASS-082-202510-09005510.json
WC-SKU-MASS-082-202512-10017039,warranty_form,warranty_form_a4,v1,1,per_artifact/warranty_form/WC-SKU-MASS-082-202512-10017039.json
WC-SKU-MASS-082-202512-12017501,warranty_form,warranty_form_a4,v1,1,per_artifact/warranty_form/WC-SKU-MASS-082-202512-12017501.json
WC-SKU-MASS-083-202402-29009799,warranty_form,warranty_form_a4,v1,1,per_artifact/warranty_form/WC-SKU-MASS-083-202402-29009799.json
WC-SKU-MASS-083-202403-17022304,warranty_form,warranty_form_a4,v1,1,per_artifact/warranty_form/WC-SKU-MASS-083-202403-17022304.json
WC-SKU-MASS-083-202404-21021617,warranty_form,warranty_form_a4,v1,1,per_artifact/warranty_form/WC-SKU-MASS-083-202404-21021617.json
WC-SKU-MASS-083-202405-05006493,warranty_form,warranty_form_a4,v1,1,per_artifact/warranty_form/WC-SKU-MASS-083-202405-05006493.json
WC-SKU-MASS-083-202407-13013251,warranty_form,warranty_form_a4,v1,1,per_artifact/warranty_form/WC-SKU-MASS-083-202407-13013251.json
WC-SKU-MASS-083-202408-01025597,warranty_form,warranty_form_a4,v1,1,per_artifact/warranty_form/WC-SKU-MASS-083-202408-01025597.json
WC-SKU-MASS-083-202408-12007849,warranty_form,warranty_form_a4,v1,1,per_artifact/warranty_form/WC-SKU-MASS-083-202408-12007849.json
WC-SKU-MASS-083-202408-26006346,warranty_form,warranty_form_a4,v1,1,per_artifact/warranty_form/WC-SKU-MASS-083-202408-26006346.json
WC-SKU-MASS-083-202408-28002950,warranty_form,warranty_form_a4,v1,1,per_artifact/warranty_form/WC-SKU-MASS-083-202408-28002950.json
WC-SKU-MASS-083-202409-14028739,warranty_form,warranty_form_a4,v1,1,per_artifact/warranty_form/WC-SKU-MASS-083-202409-14028739.json
WC-SKU-MASS-083-202409-30024887,warranty_form,warranty_form_a4,v1,1,per_artifact/warranty_form/WC-SKU-MASS-083-202409-30024887.json
WC-SKU-MASS-083-202410-02026448,warranty_form,warranty_form_a4,v1,1,per_artifact/warranty_form/WC-SKU-MASS-083-202410-02026448.json
WC-SKU-MASS-083-202410-05009615,warranty_form,warranty_form_a4,v1,1,per_artifact/warranty_form/WC-SKU-MASS-083-202410-05009615.json
WC-SKU-MASS-083-202411-23018376,warranty_form,warranty_form_a4,v1,1,per_artifact/warranty_form/WC-SKU-MASS-083-202411-23018376.json
WC-SKU-MASS-083-202412-01017853,warranty_form,warranty_form_a4,v1,1,per_artifact/warranty_form/WC-SKU-MASS-083-202412-01017853.json
WC-SKU-MASS-083-202412-17029597,warranty_form,warranty_form_a4,v1,1,per_artifact/warranty_form/WC-SKU-MASS-083-202412-17029597.json
WC-SKU-MASS-083-202412-23028362,warranty_form,warranty_form_a4,v1,1,per_artifact/warranty_form/WC-SKU-MASS-083-202412-23028362.json
WC-SKU-MASS-083-202504-14006647,warranty_form,warranty_form_a4,v1,1,per_artifact/warranty_form/WC-SKU-MASS-083-202504-14006647.json
WC-SKU-MASS-083-202508-09012622,warranty_form,warranty_form_a4,v1,1,per_artifact/warranty_form/WC-SKU-MASS-083-202508-09012622.json
WC-SKU-MASS-083-202510-25024321,warranty_form,warranty_form_a4,v1,1,per_artifact/warranty_form/WC-SKU-MASS-083-202510-25024321.json
WC-SKU-MASS-083-202511-04019628,warranty_form,warranty_form_a4,v1,1,per_artifact/warranty_form/WC-SKU-MASS-083-202511-04019628.json
WC-SKU-MASS-083-202511-27024392,warranty_form,warranty_form_a4,v1,1,per_artifact/warranty_form/WC-SKU-MASS-083-202511-27024392.json
WC-SKU-MASS-084-202401-15012973,warranty_form,warranty_form_a4,v1,1,per_artifact/warranty_form/WC-SKU-MASS-084-202401-15012973.json
WC-SKU-MASS-084-202403-19029621,warranty_form,warranty_form_a4,v1,1,per_artifact/warranty_form/WC-SKU-MASS-084-202403-19029621.json
WC-SKU-MASS-084-202404-27014988,warranty_form,warranty_form_a4,v1,1,per_artifact/warranty_form/WC-SKU-MASS-084-202404-27014988.json
WC-SKU-MASS-084-202405-06010248,warranty_form,warranty_form_a4,v1,1,per_artifact/warranty_form/WC-SKU-MASS-084-202405-06010248.json
WC-SKU-MASS-084-202405-16002795,warranty_form,warranty_form_a4,v1,1,per_artifact/warranty_form/WC-SKU-MASS-084-202405-16002795.json
WC-SKU-MASS-084-202405-20015196,warranty_form,warranty_form_a4,v1,1,per_artifact/warranty_form/WC-SKU-MASS-084-202405-20015196.json
WC-SKU-MASS-084-202405-28023189,warranty_form,warranty_form_a4,v1,1,per_artifact/warranty_form/WC-SKU-MASS-084-202405-28023189.json
WC-SKU-MASS-084-202406-06020475,warranty_form,warranty_form_a4,v1,1,per_artifact/warranty_form/WC-SKU-MASS-084-202406-06020475.json
WC-SKU-MASS-084-202406-29023133,warranty_form,warranty_form_a4,v1,1,per_artifact/warranty_form/WC-SKU-MASS-084-202406-29023133.json
WC-SKU-MASS-084-202411-19022368,warranty_form,warranty_form_a4,v1,1,per_artifact/warranty_form/WC-SKU-MASS-084-202411-19022368.json
WC-SKU-MASS-084-202412-27008323,warranty_form,warranty_form_a4,v1,1,per_artifact/warranty_form/WC-SKU-MASS-084-202412-27008323.json
WC-SKU-MASS-084-202501-10006778,warranty_form,warranty_form_a4,v1,1,per_artifact/warranty_form/WC-SKU-MASS-084-202501-10006778.json
WC-SKU-MASS-084-202501-18028823,warranty_form,warranty_form_a4,v1,1,per_artifact/warranty_form/WC-SKU-MASS-084-202501-18028823.json
WC-SKU-MASS-084-202502-10021095,warranty_form,warranty_form_a4,v1,1,per_artifact/warranty_form/WC-SKU-MASS-084-202502-10021095.json
WC-SKU-MASS-084-202506-19021270,warranty_form,warranty_form_a4,v1,1,per_artifact/warranty_form/WC-SKU-MASS-084-202506-19021270.json
WC-SKU-MASS-084-202507-04017207,warranty_form,warranty_form_a4,v1,1,per_artifact/warranty_form/WC-SKU-MASS-084-202507-04017207.json
WC-SKU-MASS-084-202510-20019866,warranty_form,warranty_form_a4,v1,1,per_artifact/warranty_form/WC-SKU-MASS-084-202510-20019866.json
WC-SKU-MASS-084-202512-02023787,warranty_form,warranty_form_a4,v1,1,per_artifact/warranty_form/WC-SKU-MASS-084-202512-02023787.json
WC-SKU-MASS-085-202402-14019432,warranty_form,warranty_form_a4,v1,1,per_artifact/warranty_form/WC-SKU-MASS-085-202402-14019432.json
WC-SKU-MASS-085-202403-18011892,warranty_form,warranty_form_a4,v1,1,per_artifact/warranty_form/WC-SKU-MASS-085-202403-18011892.json
WC-SKU-MASS-085-202403-26017412,warranty_form,warranty_form_a4,v1,1,per_artifact/warranty_form/WC-SKU-MASS-085-202403-26017412.json
WC-SKU-MASS-085-202404-26005984,warranty_form,warranty_form_a4,v1,1,per_artifact/warranty_form/WC-SKU-MASS-085-202404-26005984.json
WC-SKU-MASS-085-202407-07012522,warranty_form,warranty_form_a4,v1,1,per_artifact/warranty_form/WC-SKU-MASS-085-202407-07012522.json
WC-SKU-MASS-085-202407-20025530,warranty_form,warranty_form_a4,v1,1,per_artifact/warranty_form/WC-SKU-MASS-085-202407-20025530.json
WC-SKU-MASS-085-202407-23001114,warranty_form,warranty_form_a4,v1,1,per_artifact/warranty_form/WC-SKU-MASS-085-202407-23001114.json
WC-SKU-MASS-085-202409-21026876,warranty_form,warranty_form_a4,v1,1,per_artifact/warranty_form/WC-SKU-MASS-085-202409-21026876.json
WC-SKU-MASS-085-202409-22029603,warranty_form,warranty_form_a4,v1,1,per_artifact/warranty_form/WC-SKU-MASS-085-202409-22029603.json
WC-SKU-MASS-085-202410-18016131,warranty_form,warranty_form_a4,v1,1,per_artifact/warranty_form/WC-SKU-MASS-085-202410-18016131.json
WC-SKU-MASS-085-202502-15012570,warranty_form,warranty_form_a4,v1,1,per_artifact/warranty_form/WC-SKU-MASS-085-202502-15012570.json
WC-SKU-MASS-085-202503-17010707,warranty_form,warranty_form_a4,v1,1,per_artifact/warranty_form/WC-SKU-MASS-085-202503-17010707.json
WC-SKU-MASS-085-202505-13007002,warranty_form,warranty_form_a4,v1,1,per_artifact/warranty_form/WC-SKU-MASS-085-202505-13007002.json
WC-SKU-MASS-085-202505-18010812,warranty_form,warranty_form_a4,v1,1,per_artifact/warranty_form/WC-SKU-MASS-085-202505-18010812.json
WC-SKU-MASS-085-202506-04016607,warranty_form,warranty_form_a4,v1,1,per_artifact/warranty_form/WC-SKU-MASS-085-202506-04016607.json
WC-SKU-MASS-085-202507-01007735,warranty_form,warranty_form_a4,v1,1,per_artifact/warranty_form/WC-SKU-MASS-085-202507-01007735.json
WC-SKU-MASS-085-202509-02003938,warranty_form,warranty_form_a4,v1,1,per_artifact/warranty_form/WC-SKU-MASS-085-202509-02003938.json
WC-SKU-MASS-085-202509-23007511,warranty_form,warranty_form_a4,v1,1,per_artifact/warranty_form/WC-SKU-MASS-085-202509-23007511.json
WC-SKU-MASS-085-202509-27006201,warranty_form,warranty_form_a4,v1,1,per_artifact/warranty_form/WC-SKU-MASS-085-202509-27006201.json
WC-SKU-MASS-085-202510-17001431,warranty_form,warranty_form_a4,v1,1,per_artifact/warranty_form/WC-SKU-MASS-085-202510-17001431.json
WC-SKU-MASS-085-202511-05003371,warranty_form,warranty_form_a4,v1,1,per_artifact/warranty_form/WC-SKU-MASS-085-202511-05003371.json
WC-SKU-MASS-085-202511-25012174,warranty_form,warranty_form_a4,v1,1,per_artifact/warranty_form/WC-SKU-MASS-085-202511-25012174.json
WC-SKU-MASS-086-202401-02024692,warranty_form,warranty_form_a4,v1,1,per_artifact/warranty_form/WC-SKU-MASS-086-202401-02024692.json
WC-SKU-MASS-086-202405-14006235,warranty_form,warranty_form_a4,v1,1,per_artifact/warranty_form/WC-SKU-MASS-086-202405-14006235.json
WC-SKU-MASS-086-202410-26015011,warranty_form,warranty_form_a4,v1,1,per_artifact/warranty_form/WC-SKU-MASS-086-202410-26015011.json
WC-SKU-MASS-086-202410-30007725,warranty_form,warranty_form_a4,v1,1,per_artifact/warranty_form/WC-SKU-MASS-086-202410-30007725.json
WC-SKU-MASS-086-202411-30013194,warranty_form,warranty_form_a4,v1,1,per_artifact/warranty_form/WC-SKU-MASS-086-202411-30013194.json
WC-SKU-MASS-086-202503-03013031,warranty_form,warranty_form_a4,v1,1,per_artifact/warranty_form/WC-SKU-MASS-086-202503-03013031.json
WC-SKU-MASS-086-202505-11011750,warranty_form,warranty_form_a4,v1,1,per_artifact/warranty_form/WC-SKU-MASS-086-202505-11011750.json
WC-SKU-MASS-086-202505-24012886,warranty_form,warranty_form_a4,v1,1,per_artifact/warranty_form/WC-SKU-MASS-086-202505-24012886.json
WC-SKU-MASS-086-202506-17026687,warranty_form,warranty_form_a4,v1,1,per_artifact/warranty_form/WC-SKU-MASS-086-202506-17026687.json
WC-SKU-MASS-086-202507-27009833,warranty_form,warranty_form_a4,v1,1,per_artifact/warranty_form/WC-SKU-MASS-086-202507-27009833.json
WC-SKU-MASS-086-202508-09018585,warranty_form,warranty_form_a4,v1,1,per_artifact/warranty_form/WC-SKU-MASS-086-202508-09018585.json
WC-SKU-MASS-086-202508-30016040,warranty_form,warranty_form_a4,v1,1,per_artifact/warranty_form/WC-SKU-MASS-086-202508-30016040.json
WC-SKU-MASS-086-202509-25014071,warranty_form,warranty_form_a4,v1,1,per_artifact/warranty_form/WC-SKU-MASS-086-202509-25014071.json
WC-SKU-MASS-086-202510-19003936,warranty_form,warranty_form_a4,v1,1,per_artifact/warranty_form/WC-SKU-MASS-086-202510-19003936.json
WC-SKU-MASS-086-202511-19012426,warranty_form,warranty_form_a4,v1,1,per_artifact/warranty_form/WC-SKU-MASS-086-202511-19012426.json
WC-SKU-MASS-087-202403-09009657,warranty_form,warranty_form_a4,v1,1,per_artifact/warranty_form/WC-SKU-MASS-087-202403-09009657.json
WC-SKU-MASS-087-202404-27016336,warranty_form,warranty_form_a4,v1,1,per_artifact/warranty_form/WC-SKU-MASS-087-202404-27016336.json
WC-SKU-MASS-087-202407-09025697,warranty_form,warranty_form_a4,v1,1,per_artifact/warranty_form/WC-SKU-MASS-087-202407-09025697.json
WC-SKU-MASS-087-202407-21019329,warranty_form,warranty_form_a4,v1,1,per_artifact/warranty_form/WC-SKU-MASS-087-202407-21019329.json
WC-SKU-MASS-087-202408-07005528,warranty_form,warranty_form_a4,v1,1,per_artifact/warranty_form/WC-SKU-MASS-087-202408-07005528.json
WC-SKU-MASS-087-202409-13002373,warranty_form,warranty_form_a4,v1,1,per_artifact/warranty_form/WC-SKU-MASS-087-202409-13002373.json
WC-SKU-MASS-087-202410-13000151,warranty_form,warranty_form_a4,v1,1,per_artifact/warranty_form/WC-SKU-MASS-087-202410-13000151.json
WC-SKU-MASS-087-202410-22006136,warranty_form,warranty_form_a4,v1,1,per_artifact/warranty_form/WC-SKU-MASS-087-202410-22006136.json
WC-SKU-MASS-087-202503-14012378,warranty_form,warranty_form_a4,v1,1,per_artifact/warranty_form/WC-SKU-MASS-087-202503-14012378.json
WC-SKU-MASS-087-202506-10017264,warranty_form,warranty_form_a4,v1,1,per_artifact/warranty_form/WC-SKU-MASS-087-202506-10017264.json
WC-SKU-MASS-087-202506-30029441,warranty_form,warranty_form_a4,v1,1,per_artifact/warranty_form/WC-SKU-MASS-087-202506-30029441.json
WC-SKU-MASS-087-202507-23005094,warranty_form,warranty_form_a4,v1,1,per_artifact/warranty_form/WC-SKU-MASS-087-202507-23005094.json
WC-SKU-MASS-087-202510-13011613,warranty_form,warranty_form_a4,v1,1,per_artifact/warranty_form/WC-SKU-MASS-087-202510-13011613.json
WC-SKU-MASS-087-202510-24023884,warranty_form,warranty_form_a4,v1,1,per_artifact/warranty_form/WC-SKU-MASS-087-202510-24023884.json
WC-SKU-MASS-087-202512-20014519,warranty_form,warranty_form_a4,v1,1,per_artifact/warranty_form/WC-SKU-MASS-087-202512-20014519.json
WC-SKU-MASS-088-202402-15016992,warranty_form,warranty_form_a4,v1,1,per_artifact/warranty_form/WC-SKU-MASS-088-202402-15016992.json
WC-SKU-MASS-088-202404-02002768,warranty_form,warranty_form_a4,v1,1,per_artifact/warranty_form/WC-SKU-MASS-088-202404-02002768.json
WC-SKU-MASS-088-202405-02007382,warranty_form,warranty_form_a4,v1,1,per_artifact/warranty_form/WC-SKU-MASS-088-202405-02007382.json
WC-SKU-MASS-088-202406-21028504,warranty_form,warranty_form_a4,v1,1,per_artifact/warranty_form/WC-SKU-MASS-088-202406-21028504.json
WC-SKU-MASS-088-202408-26001448,warranty_form,warranty_form_a4,v1,1,per_artifact/warranty_form/WC-SKU-MASS-088-202408-26001448.json
WC-SKU-MASS-088-202409-03015409,warranty_form,warranty_form_a4,v1,1,per_artifact/warranty_form/WC-SKU-MASS-088-202409-03015409.json
WC-SKU-MASS-088-202409-15015586,warranty_form,warranty_form_a4,v1,1,per_artifact/warranty_form/WC-SKU-MASS-088-202409-15015586.json
WC-SKU-MASS-088-202410-09022191,warranty_form,warranty_form_a4,v1,1,per_artifact/warranty_form/WC-SKU-MASS-088-202410-09022191.json
WC-SKU-MASS-088-202411-07005418,warranty_form,warranty_form_a4,v1,1,per_artifact/warranty_form/WC-SKU-MASS-088-202411-07005418.json
WC-SKU-MASS-088-202411-24025595,warranty_form,warranty_form_a4,v1,1,per_artifact/warranty_form/WC-SKU-MASS-088-202411-24025595.json
WC-SKU-MASS-088-202501-27025962,warranty_form,warranty_form_a4,v1,1,per_artifact/warranty_form/WC-SKU-MASS-088-202501-27025962.json
WC-SKU-MASS-088-202503-25018557,warranty_form,warranty_form_a4,v1,1,per_artifact/warranty_form/WC-SKU-MASS-088-202503-25018557.json
WC-SKU-MASS-088-202505-11011321,warranty_form,warranty_form_a4,v1,1,per_artifact/warranty_form/WC-SKU-MASS-088-202505-11011321.json
WC-SKU-MASS-088-202505-19001940,warranty_form,warranty_form_a4,v1,1,per_artifact/warranty_form/WC-SKU-MASS-088-202505-19001940.json
WC-SKU-MASS-088-202506-01008776,warranty_form,warranty_form_a4,v1,1,per_artifact/warranty_form/WC-SKU-MASS-088-202506-01008776.json
WC-SKU-MASS-088-202509-21024928,warranty_form,warranty_form_a4,v1,1,per_artifact/warranty_form/WC-SKU-MASS-088-202509-21024928.json
WC-SKU-MASS-088-202511-09022597,warranty_form,warranty_form_a4,v1,1,per_artifact/warranty_form/WC-SKU-MASS-088-202511-09022597.json
WC-SKU-MASS-089-202401-20014295,warranty_form,warranty_form_a4,v1,1,per_artifact/warranty_form/WC-SKU-MASS-089-202401-20014295.json
WC-SKU-MASS-089-202403-07018267,warranty_form,warranty_form_a4,v1,1,per_artifact/warranty_form/WC-SKU-MASS-089-202403-07018267.json
WC-SKU-MASS-089-202404-18004641,warranty_form,warranty_form_a4,v1,1,per_artifact/warranty_form/WC-SKU-MASS-089-202404-18004641.json
WC-SKU-MASS-089-202405-05020238,warranty_form,warranty_form_a4,v1,1,per_artifact/warranty_form/WC-SKU-MASS-089-202405-05020238.json
WC-SKU-MASS-089-202409-25007539,warranty_form,warranty_form_a4,v1,1,per_artifact/warranty_form/WC-SKU-MASS-089-202409-25007539.json
WC-SKU-MASS-089-202409-26028344,warranty_form,warranty_form_a4,v1,1,per_artifact/warranty_form/WC-SKU-MASS-089-202409-26028344.json
WC-SKU-MASS-089-202410-01003719,warranty_form,warranty_form_a4,v1,1,per_artifact/warranty_form/WC-SKU-MASS-089-202410-01003719.json
WC-SKU-MASS-089-202502-10015889,warranty_form,warranty_form_a4,v1,1,per_artifact/warranty_form/WC-SKU-MASS-089-202502-10015889.json
WC-SKU-MASS-089-202505-03001272,warranty_form,warranty_form_a4,v1,1,per_artifact/warranty_form/WC-SKU-MASS-089-202505-03001272.json
WC-SKU-MASS-089-202507-12002489,warranty_form,warranty_form_a4,v1,1,per_artifact/warranty_form/WC-SKU-MASS-089-202507-12002489.json
WC-SKU-MASS-089-202508-17014090,warranty_form,warranty_form_a4,v1,1,per_artifact/warranty_form/WC-SKU-MASS-089-202508-17014090.json
WC-SKU-MASS-089-202509-11016641,warranty_form,warranty_form_a4,v1,1,per_artifact/warranty_form/WC-SKU-MASS-089-202509-11016641.json
WC-SKU-MASS-089-202509-27022966,warranty_form,warranty_form_a4,v1,1,per_artifact/warranty_form/WC-SKU-MASS-089-202509-27022966.json
WC-SKU-MASS-089-202511-22020099,warranty_form,warranty_form_a4,v1,1,per_artifact/warranty_form/WC-SKU-MASS-089-202511-22020099.json
WC-SKU-MASS-090-202401-09010744,warranty_form,warranty_form_a4,v1,1,per_artifact/warranty_form/WC-SKU-MASS-090-202401-09010744.json
WC-SKU-MASS-090-202402-06006410,warranty_form,warranty_form_a4,v1,1,per_artifact/warranty_form/WC-SKU-MASS-090-202402-06006410.json
WC-SKU-MASS-090-202402-28019563,warranty_form,warranty_form_a4,v1,1,per_artifact/warranty_form/WC-SKU-MASS-090-202402-28019563.json
WC-SKU-MASS-090-202402-29029131,warranty_form,warranty_form_a4,v1,1,per_artifact/warranty_form/WC-SKU-MASS-090-202402-29029131.json
WC-SKU-MASS-090-202404-30020053,warranty_form,warranty_form_a4,v1,1,per_artifact/warranty_form/WC-SKU-MASS-090-202404-30020053.json
WC-SKU-MASS-090-202406-16027130,warranty_form,warranty_form_a4,v1,1,per_artifact/warranty_form/WC-SKU-MASS-090-202406-16027130.json
WC-SKU-MASS-090-202407-02023601,warranty_form,warranty_form_a4,v1,1,per_artifact/warranty_form/WC-SKU-MASS-090-202407-02023601.json
WC-SKU-MASS-090-202407-13011837,warranty_form,warranty_form_a4,v1,1,per_artifact/warranty_form/WC-SKU-MASS-090-202407-13011837.json
WC-SKU-MASS-090-202408-29003911,warranty_form,warranty_form_a4,v1,1,per_artifact/warranty_form/WC-SKU-MASS-090-202408-29003911.json
WC-SKU-MASS-090-202409-25007019,warranty_form,warranty_form_a4,v1,1,per_artifact/warranty_form/WC-SKU-MASS-090-202409-25007019.json
WC-SKU-MASS-090-202410-28029097,warranty_form,warranty_form_a4,v1,1,per_artifact/warranty_form/WC-SKU-MASS-090-202410-28029097.json
WC-SKU-MASS-090-202411-29013156,warranty_form,warranty_form_a4,v1,1,per_artifact/warranty_form/WC-SKU-MASS-090-202411-29013156.json
WC-SKU-MASS-090-202502-26025667,warranty_form,warranty_form_a4,v1,1,per_artifact/warranty_form/WC-SKU-MASS-090-202502-26025667.json
WC-SKU-MASS-090-202504-24022468,warranty_form,warranty_form_a4,v1,1,per_artifact/warranty_form/WC-SKU-MASS-090-202504-24022468.json
WC-SKU-MASS-090-202507-29003773,warranty_form,warranty_form_a4,v1,1,per_artifact/warranty_form/WC-SKU-MASS-090-202507-29003773.json
WC-SKU-MASS-090-202508-03016696,warranty_form,warranty_form_a4,v1,1,per_artifact/warranty_form/WC-SKU-MASS-090-202508-03016696.json
WC-SKU-MASS-090-202509-16029421,warranty_form,warranty_form_a4,v1,1,per_artifact/warranty_form/WC-SKU-MASS-090-202509-16029421.json
WC-SKU-MASS-090-202510-11029256,warranty_form,warranty_form_a4,v1,1,per_artifact/warranty_form/WC-SKU-MASS-090-202510-11029256.json
WC-SKU-MASS-090-202510-18021706,warranty_form,warranty_form_a4,v1,1,per_artifact/warranty_form/WC-SKU-MASS-090-202510-18021706.json
WC-SKU-MASS-090-202510-23004112,warranty_form,warranty_form_a4,v1,1,per_artifact/warranty_form/WC-SKU-MASS-090-202510-23004112.json
WC-SKU-MASS-091-202401-17003474,warranty_form,warranty_form_a4,v1,1,per_artifact/warranty_form/WC-SKU-MASS-091-202401-17003474.json
WC-SKU-MASS-091-202401-31009509,warranty_form,warranty_form_a4,v1,1,per_artifact/warranty_form/WC-SKU-MASS-091-202401-31009509.json
WC-SKU-MASS-091-202403-12008775,warranty_form,warranty_form_a4,v1,1,per_artifact/warranty_form/WC-SKU-MASS-091-202403-12008775.json
WC-SKU-MASS-091-202403-21022811,warranty_form,warranty_form_a4,v1,1,per_artifact/warranty_form/WC-SKU-MASS-091-202403-21022811.json
WC-SKU-MASS-091-202404-24019644,warranty_form,warranty_form_a4,v1,1,per_artifact/warranty_form/WC-SKU-MASS-091-202404-24019644.json
WC-SKU-MASS-091-202409-16011458,warranty_form,warranty_form_a4,v1,1,per_artifact/warranty_form/WC-SKU-MASS-091-202409-16011458.json
WC-SKU-MASS-091-202410-12010609,warranty_form,warranty_form_a4,v1,1,per_artifact/warranty_form/WC-SKU-MASS-091-202410-12010609.json
WC-SKU-MASS-091-202410-16015832,warranty_form,warranty_form_a4,v1,1,per_artifact/warranty_form/WC-SKU-MASS-091-202410-16015832.json
WC-SKU-MASS-091-202411-22028166,warranty_form,warranty_form_a4,v1,1,per_artifact/warranty_form/WC-SKU-MASS-091-202411-22028166.json
WC-SKU-MASS-091-202412-12001574,warranty_form,warranty_form_a4,v1,1,per_artifact/warranty_form/WC-SKU-MASS-091-202412-12001574.json
WC-SKU-MASS-091-202505-27021773,warranty_form,warranty_form_a4,v1,1,per_artifact/warranty_form/WC-SKU-MASS-091-202505-27021773.json
WC-SKU-MASS-091-202507-12015030,warranty_form,warranty_form_a4,v1,1,per_artifact/warranty_form/WC-SKU-MASS-091-202507-12015030.json
WC-SKU-MASS-091-202508-23015378,warranty_form,warranty_form_a4,v1,1,per_artifact/warranty_form/WC-SKU-MASS-091-202508-23015378.json
WC-SKU-MASS-091-202509-14000711,warranty_form,warranty_form_a4,v1,1,per_artifact/warranty_form/WC-SKU-MASS-091-202509-14000711.json
WC-SKU-MASS-091-202511-15023927,warranty_form,warranty_form_a4,v1,1,per_artifact/warranty_form/WC-SKU-MASS-091-202511-15023927.json
WC-SKU-MASS-091-202511-24009533,warranty_form,warranty_form_a4,v1,1,per_artifact/warranty_form/WC-SKU-MASS-091-202511-24009533.json
WC-SKU-MASS-092-202403-05005135,warranty_form,warranty_form_a4,v1,1,per_artifact/warranty_form/WC-SKU-MASS-092-202403-05005135.json
WC-SKU-MASS-092-202404-05002577,warranty_form,warranty_form_a4,v1,1,per_artifact/warranty_form/WC-SKU-MASS-092-202404-05002577.json
WC-SKU-MASS-092-202404-27012568,warranty_form,warranty_form_a4,v1,1,per_artifact/warranty_form/WC-SKU-MASS-092-202404-27012568.json
WC-SKU-MASS-092-202407-04022450,warranty_form,warranty_form_a4,v1,1,per_artifact/warranty_form/WC-SKU-MASS-092-202407-04022450.json
WC-SKU-MASS-092-202407-18018139,warranty_form,warranty_form_a4,v1,1,per_artifact/warranty_form/WC-SKU-MASS-092-202407-18018139.json
WC-SKU-MASS-092-202407-31027261,warranty_form,warranty_form_a4,v1,1,per_artifact/warranty_form/WC-SKU-MASS-092-202407-31027261.json
WC-SKU-MASS-092-202408-29002636,warranty_form,warranty_form_a4,v1,1,per_artifact/warranty_form/WC-SKU-MASS-092-202408-29002636.json
WC-SKU-MASS-092-202409-10019422,warranty_form,warranty_form_a4,v1,1,per_artifact/warranty_form/WC-SKU-MASS-092-202409-10019422.json
WC-SKU-MASS-092-202409-28027963,warranty_form,warranty_form_a4,v1,1,per_artifact/warranty_form/WC-SKU-MASS-092-202409-28027963.json
WC-SKU-MASS-092-202410-18026081,warranty_form,warranty_form_a4,v1,1,per_artifact/warranty_form/WC-SKU-MASS-092-202410-18026081.json
WC-SKU-MASS-092-202411-03009027,warranty_form,warranty_form_a4,v1,1,per_artifact/warranty_form/WC-SKU-MASS-092-202411-03009027.json
WC-SKU-MASS-092-202412-03008631,warranty_form,warranty_form_a4,v1,1,per_artifact/warranty_form/WC-SKU-MASS-092-202412-03008631.json
WC-SKU-MASS-092-202412-21009333,warranty_form,warranty_form_a4,v1,1,per_artifact/warranty_form/WC-SKU-MASS-092-202412-21009333.json
WC-SKU-MASS-092-202501-19019642,warranty_form,warranty_form_a4,v1,1,per_artifact/warranty_form/WC-SKU-MASS-092-202501-19019642.json
WC-SKU-MASS-092-202503-03024941,warranty_form,warranty_form_a4,v1,1,per_artifact/warranty_form/WC-SKU-MASS-092-202503-03024941.json
WC-SKU-MASS-092-202503-16003205,warranty_form,warranty_form_a4,v1,1,per_artifact/warranty_form/WC-SKU-MASS-092-202503-16003205.json
WC-SKU-MASS-092-202504-10007773,warranty_form,warranty_form_a4,v1,1,per_artifact/warranty_form/WC-SKU-MASS-092-202504-10007773.json
WC-SKU-MASS-092-202505-06019851,warranty_form,warranty_form_a4,v1,1,per_artifact/warranty_form/WC-SKU-MASS-092-202505-06019851.json
WC-SKU-MASS-092-202506-29008754,warranty_form,warranty_form_a4,v1,1,per_artifact/warranty_form/WC-SKU-MASS-092-202506-29008754.json
WC-SKU-MASS-092-202508-04012339,warranty_form,warranty_form_a4,v1,1,per_artifact/warranty_form/WC-SKU-MASS-092-202508-04012339.json
WC-SKU-MASS-092-202508-14024216,warranty_form,warranty_form_a4,v1,1,per_artifact/warranty_form/WC-SKU-MASS-092-202508-14024216.json
WC-SKU-MASS-092-202508-19023969,warranty_form,warranty_form_a4,v1,1,per_artifact/warranty_form/WC-SKU-MASS-092-202508-19023969.json
WC-SKU-MASS-092-202510-15020556,warranty_form,warranty_form_a4,v1,1,per_artifact/warranty_form/WC-SKU-MASS-092-202510-15020556.json
WC-SKU-MASS-092-202510-26004002,warranty_form,warranty_form_a4,v1,1,per_artifact/warranty_form/WC-SKU-MASS-092-202510-26004002.json
WC-SKU-MASS-092-202511-21011792,warranty_form,warranty_form_a4,v1,1,per_artifact/warranty_form/WC-SKU-MASS-092-202511-21011792.json
WC-SKU-MASS-092-202512-04003098,warranty_form,warranty_form_a4,v1,1,per_artifact/warranty_form/WC-SKU-MASS-092-202512-04003098.json
WC-SKU-MASS-093-202403-27009750,warranty_form,warranty_form_a4,v1,1,per_artifact/warranty_form/WC-SKU-MASS-093-202403-27009750.json
WC-SKU-MASS-093-202405-02026795,warranty_form,warranty_form_a4,v1,1,per_artifact/warranty_form/WC-SKU-MASS-093-202405-02026795.json
WC-SKU-MASS-093-202405-11028087,warranty_form,warranty_form_a4,v1,1,per_artifact/warranty_form/WC-SKU-MASS-093-202405-11028087.json
WC-SKU-MASS-093-202407-21014960,warranty_form,warranty_form_a4,v1,1,per_artifact/warranty_form/WC-SKU-MASS-093-202407-21014960.json
WC-SKU-MASS-093-202409-03007313,warranty_form,warranty_form_a4,v1,1,per_artifact/warranty_form/WC-SKU-MASS-093-202409-03007313.json
WC-SKU-MASS-093-202410-03023617,warranty_form,warranty_form_a4,v1,1,per_artifact/warranty_form/WC-SKU-MASS-093-202410-03023617.json
WC-SKU-MASS-093-202410-18023762,warranty_form,warranty_form_a4,v1,1,per_artifact/warranty_form/WC-SKU-MASS-093-202410-18023762.json
WC-SKU-MASS-093-202410-23024547,warranty_form,warranty_form_a4,v1,1,per_artifact/warranty_form/WC-SKU-MASS-093-202410-23024547.json
WC-SKU-MASS-093-202412-24006039,warranty_form,warranty_form_a4,v1,1,per_artifact/warranty_form/WC-SKU-MASS-093-202412-24006039.json
WC-SKU-MASS-093-202501-07013010,warranty_form,warranty_form_a4,v1,1,per_artifact/warranty_form/WC-SKU-MASS-093-202501-07013010.json
WC-SKU-MASS-093-202501-27000772,warranty_form,warranty_form_a4,v1,1,per_artifact/warranty_form/WC-SKU-MASS-093-202501-27000772.json
WC-SKU-MASS-093-202507-15016391,warranty_form,warranty_form_a4,v1,1,per_artifact/warranty_form/WC-SKU-MASS-093-202507-15016391.json
WC-SKU-MASS-093-202509-06001321,warranty_form,warranty_form_a4,v1,1,per_artifact/warranty_form/WC-SKU-MASS-093-202509-06001321.json
WC-SKU-MASS-093-202510-01020984,warranty_form,warranty_form_a4,v1,1,per_artifact/warranty_form/WC-SKU-MASS-093-202510-01020984.json
WC-SKU-MASS-093-202511-13022331,warranty_form,warranty_form_a4,v1,1,per_artifact/warranty_form/WC-SKU-MASS-093-202511-13022331.json
WC-SKU-MASS-094-202410-30027452,warranty_form,warranty_form_a4,v1,1,per_artifact/warranty_form/WC-SKU-MASS-094-202410-30027452.json
WC-SKU-MASS-094-202411-01012863,warranty_form,warranty_form_a4,v1,1,per_artifact/warranty_form/WC-SKU-MASS-094-202411-01012863.json
WC-SKU-MASS-094-202412-26010774,warranty_form,warranty_form_a4,v1,1,per_artifact/warranty_form/WC-SKU-MASS-094-202412-26010774.json
WC-SKU-MASS-094-202501-23001758,warranty_form,warranty_form_a4,v1,1,per_artifact/warranty_form/WC-SKU-MASS-094-202501-23001758.json
WC-SKU-MASS-094-202502-13017004,warranty_form,warranty_form_a4,v1,1,per_artifact/warranty_form/WC-SKU-MASS-094-202502-13017004.json
WC-SKU-MASS-094-202503-20029822,warranty_form,warranty_form_a4,v1,1,per_artifact/warranty_form/WC-SKU-MASS-094-202503-20029822.json
WC-SKU-MASS-094-202503-28013419,warranty_form,warranty_form_a4,v1,1,per_artifact/warranty_form/WC-SKU-MASS-094-202503-28013419.json
WC-SKU-MASS-094-202504-04029082,warranty_form,warranty_form_a4,v1,1,per_artifact/warranty_form/WC-SKU-MASS-094-202504-04029082.json
WC-SKU-MASS-094-202504-10028450,warranty_form,warranty_form_a4,v1,1,per_artifact/warranty_form/WC-SKU-MASS-094-202504-10028450.json
WC-SKU-MASS-094-202505-03016878,warranty_form,warranty_form_a4,v1,1,per_artifact/warranty_form/WC-SKU-MASS-094-202505-03016878.json
WC-SKU-MASS-094-202505-13017605,warranty_form,warranty_form_a4,v1,1,per_artifact/warranty_form/WC-SKU-MASS-094-202505-13017605.json
WC-SKU-MASS-094-202507-15010929,warranty_form,warranty_form_a4,v1,1,per_artifact/warranty_form/WC-SKU-MASS-094-202507-15010929.json
WC-SKU-MASS-094-202511-29004649,warranty_form,warranty_form_a4,v1,1,per_artifact/warranty_form/WC-SKU-MASS-094-202511-29004649.json
WC-SKU-MASS-095-202401-31013123,warranty_form,warranty_form_a4,v1,1,per_artifact/warranty_form/WC-SKU-MASS-095-202401-31013123.json
WC-SKU-MASS-095-202403-31028613,warranty_form,warranty_form_a4,v1,1,per_artifact/warranty_form/WC-SKU-MASS-095-202403-31028613.json
WC-SKU-MASS-095-202407-07013030,warranty_form,warranty_form_a4,v1,1,per_artifact/warranty_form/WC-SKU-MASS-095-202407-07013030.json
WC-SKU-MASS-095-202407-28025890,warranty_form,warranty_form_a4,v1,1,per_artifact/warranty_form/WC-SKU-MASS-095-202407-28025890.json
WC-SKU-MASS-095-202408-25029365,warranty_form,warranty_form_a4,v1,1,per_artifact/warranty_form/WC-SKU-MASS-095-202408-25029365.json
WC-SKU-MASS-095-202409-14021419,warranty_form,warranty_form_a4,v1,1,per_artifact/warranty_form/WC-SKU-MASS-095-202409-14021419.json
WC-SKU-MASS-095-202410-30015993,warranty_form,warranty_form_a4,v1,1,per_artifact/warranty_form/WC-SKU-MASS-095-202410-30015993.json
WC-SKU-MASS-095-202411-13021143,warranty_form,warranty_form_a4,v1,1,per_artifact/warranty_form/WC-SKU-MASS-095-202411-13021143.json
WC-SKU-MASS-095-202412-12012737,warranty_form,warranty_form_a4,v1,1,per_artifact/warranty_form/WC-SKU-MASS-095-202412-12012737.json
WC-SKU-MASS-095-202501-06006158,warranty_form,warranty_form_a4,v1,1,per_artifact/warranty_form/WC-SKU-MASS-095-202501-06006158.json
WC-SKU-MASS-095-202508-15015503,warranty_form,warranty_form_a4,v1,1,per_artifact/warranty_form/WC-SKU-MASS-095-202508-15015503.json
WC-SKU-MASS-095-202510-25018758,warranty_form,warranty_form_a4,v1,1,per_artifact/warranty_form/WC-SKU-MASS-095-202510-25018758.json
WC-SKU-MASS-095-202511-09003586,warranty_form,warranty_form_a4,v1,1,per_artifact/warranty_form/WC-SKU-MASS-095-202511-09003586.json
WC-SKU-MASS-095-202512-27008052,warranty_form,warranty_form_a4,v1,1,per_artifact/warranty_form/WC-SKU-MASS-095-202512-27008052.json
WC-SKU-MASS-096-202401-15023490,warranty_form,warranty_form_a4,v1,1,per_artifact/warranty_form/WC-SKU-MASS-096-202401-15023490.json
WC-SKU-MASS-096-202401-28003802,warranty_form,warranty_form_a4,v1,1,per_artifact/warranty_form/WC-SKU-MASS-096-202401-28003802.json
WC-SKU-MASS-096-202403-03006424,warranty_form,warranty_form_a4,v1,1,per_artifact/warranty_form/WC-SKU-MASS-096-202403-03006424.json
WC-SKU-MASS-096-202407-22008109,warranty_form,warranty_form_a4,v1,1,per_artifact/warranty_form/WC-SKU-MASS-096-202407-22008109.json
WC-SKU-MASS-096-202407-26026621,warranty_form,warranty_form_a4,v1,1,per_artifact/warranty_form/WC-SKU-MASS-096-202407-26026621.json
WC-SKU-MASS-096-202408-08025336,warranty_form,warranty_form_a4,v1,1,per_artifact/warranty_form/WC-SKU-MASS-096-202408-08025336.json
WC-SKU-MASS-096-202412-21013611,warranty_form,warranty_form_a4,v1,1,per_artifact/warranty_form/WC-SKU-MASS-096-202412-21013611.json
WC-SKU-MASS-096-202412-26003775,warranty_form,warranty_form_a4,v1,1,per_artifact/warranty_form/WC-SKU-MASS-096-202412-26003775.json
WC-SKU-MASS-096-202504-05014549,warranty_form,warranty_form_a4,v1,1,per_artifact/warranty_form/WC-SKU-MASS-096-202504-05014549.json
WC-SKU-MASS-096-202504-10012794,warranty_form,warranty_form_a4,v1,1,per_artifact/warranty_form/WC-SKU-MASS-096-202504-10012794.json
WC-SKU-MASS-096-202505-19026611,warranty_form,warranty_form_a4,v1,1,per_artifact/warranty_form/WC-SKU-MASS-096-202505-19026611.json
WC-SKU-MASS-096-202506-09028453,warranty_form,warranty_form_a4,v1,1,per_artifact/warranty_form/WC-SKU-MASS-096-202506-09028453.json
WC-SKU-MASS-096-202506-10019123,warranty_form,warranty_form_a4,v1,1,per_artifact/warranty_form/WC-SKU-MASS-096-202506-10019123.json
WC-SKU-MASS-096-202506-26027997,warranty_form,warranty_form_a4,v1,1,per_artifact/warranty_form/WC-SKU-MASS-096-202506-26027997.json
WC-SKU-MASS-096-202507-04023404,warranty_form,warranty_form_a4,v1,1,per_artifact/warranty_form/WC-SKU-MASS-096-202507-04023404.json
WC-SKU-MASS-096-202507-26009994,warranty_form,warranty_form_a4,v1,1,per_artifact/warranty_form/WC-SKU-MASS-096-202507-26009994.json
WC-SKU-MASS-096-202510-04022153,warranty_form,warranty_form_a4,v1,1,per_artifact/warranty_form/WC-SKU-MASS-096-202510-04022153.json
WC-SKU-MASS-096-202510-13004782,warranty_form,warranty_form_a4,v1,1,per_artifact/warranty_form/WC-SKU-MASS-096-202510-13004782.json
WC-SKU-MASS-096-202510-18001804,warranty_form,warranty_form_a4,v1,1,per_artifact/warranty_form/WC-SKU-MASS-096-202510-18001804.json
WC-SKU-MASS-096-202511-30015582,warranty_form,warranty_form_a4,v1,1,per_artifact/warranty_form/WC-SKU-MASS-096-202511-30015582.json
WC-SKU-MASS-096-202512-05024170,warranty_form,warranty_form_a4,v1,1,per_artifact/warranty_form/WC-SKU-MASS-096-202512-05024170.json
WC-SKU-MASS-097-202401-05023187,warranty_form,warranty_form_a4,v1,1,per_artifact/warranty_form/WC-SKU-MASS-097-202401-05023187.json
WC-SKU-MASS-097-202402-12024865,warranty_form,warranty_form_a4,v1,1,per_artifact/warranty_form/WC-SKU-MASS-097-202402-12024865.json
WC-SKU-MASS-097-202402-18012230,warranty_form,warranty_form_a4,v1,1,per_artifact/warranty_form/WC-SKU-MASS-097-202402-18012230.json
WC-SKU-MASS-097-202404-25022843,warranty_form,warranty_form_a4,v1,1,per_artifact/warranty_form/WC-SKU-MASS-097-202404-25022843.json
WC-SKU-MASS-097-202405-11016740,warranty_form,warranty_form_a4,v1,1,per_artifact/warranty_form/WC-SKU-MASS-097-202405-11016740.json
WC-SKU-MASS-097-202405-13004482,warranty_form,warranty_form_a4,v1,1,per_artifact/warranty_form/WC-SKU-MASS-097-202405-13004482.json
WC-SKU-MASS-097-202406-06016518,warranty_form,warranty_form_a4,v1,1,per_artifact/warranty_form/WC-SKU-MASS-097-202406-06016518.json
WC-SKU-MASS-097-202406-15005546,warranty_form,warranty_form_a4,v1,1,per_artifact/warranty_form/WC-SKU-MASS-097-202406-15005546.json
WC-SKU-MASS-097-202406-16017919,warranty_form,warranty_form_a4,v1,1,per_artifact/warranty_form/WC-SKU-MASS-097-202406-16017919.json
WC-SKU-MASS-097-202406-21000937,warranty_form,warranty_form_a4,v1,1,per_artifact/warranty_form/WC-SKU-MASS-097-202406-21000937.json
WC-SKU-MASS-097-202409-28014762,warranty_form,warranty_form_a4,v1,1,per_artifact/warranty_form/WC-SKU-MASS-097-202409-28014762.json
WC-SKU-MASS-097-202410-23002122,warranty_form,warranty_form_a4,v1,1,per_artifact/warranty_form/WC-SKU-MASS-097-202410-23002122.json
WC-SKU-MASS-097-202410-30021708,warranty_form,warranty_form_a4,v1,1,per_artifact/warranty_form/WC-SKU-MASS-097-202410-30021708.json
WC-SKU-MASS-097-202411-17009112,warranty_form,warranty_form_a4,v1,1,per_artifact/warranty_form/WC-SKU-MASS-097-202411-17009112.json
WC-SKU-MASS-097-202501-26024719,warranty_form,warranty_form_a4,v1,1,per_artifact/warranty_form/WC-SKU-MASS-097-202501-26024719.json
WC-SKU-MASS-097-202502-20004154,warranty_form,warranty_form_a4,v1,1,per_artifact/warranty_form/WC-SKU-MASS-097-202502-20004154.json
WC-SKU-MASS-097-202504-09019835,warranty_form,warranty_form_a4,v1,1,per_artifact/warranty_form/WC-SKU-MASS-097-202504-09019835.json
WC-SKU-MASS-097-202505-08012825,warranty_form,warranty_form_a4,v1,1,per_artifact/warranty_form/WC-SKU-MASS-097-202505-08012825.json
WC-SKU-MASS-097-202505-18007934,warranty_form,warranty_form_a4,v1,1,per_artifact/warranty_form/WC-SKU-MASS-097-202505-18007934.json
WC-SKU-MASS-097-202505-18015277,warranty_form,warranty_form_a4,v1,1,per_artifact/warranty_form/WC-SKU-MASS-097-202505-18015277.json
WC-SKU-MASS-097-202505-19012210,warranty_form,warranty_form_a4,v1,1,per_artifact/warranty_form/WC-SKU-MASS-097-202505-19012210.json
WC-SKU-MASS-097-202510-03006328,warranty_form,warranty_form_a4,v1,1,per_artifact/warranty_form/WC-SKU-MASS-097-202510-03006328.json
WC-SKU-MASS-098-202401-02014707,warranty_form,warranty_form_a4,v1,1,per_artifact/warranty_form/WC-SKU-MASS-098-202401-02014707.json
WC-SKU-MASS-098-202401-12009812,warranty_form,warranty_form_a4,v1,1,per_artifact/warranty_form/WC-SKU-MASS-098-202401-12009812.json
WC-SKU-MASS-098-202401-25005878,warranty_form,warranty_form_a4,v1,1,per_artifact/warranty_form/WC-SKU-MASS-098-202401-25005878.json
WC-SKU-MASS-098-202404-23002573,warranty_form,warranty_form_a4,v1,1,per_artifact/warranty_form/WC-SKU-MASS-098-202404-23002573.json
WC-SKU-MASS-098-202405-25018145,warranty_form,warranty_form_a4,v1,1,per_artifact/warranty_form/WC-SKU-MASS-098-202405-25018145.json
WC-SKU-MASS-098-202410-09025111,warranty_form,warranty_form_a4,v1,1,per_artifact/warranty_form/WC-SKU-MASS-098-202410-09025111.json
WC-SKU-MASS-098-202410-29007269,warranty_form,warranty_form_a4,v1,1,per_artifact/warranty_form/WC-SKU-MASS-098-202410-29007269.json
WC-SKU-MASS-098-202412-21010562,warranty_form,warranty_form_a4,v1,1,per_artifact/warranty_form/WC-SKU-MASS-098-202412-21010562.json
WC-SKU-MASS-098-202412-29029782,warranty_form,warranty_form_a4,v1,1,per_artifact/warranty_form/WC-SKU-MASS-098-202412-29029782.json
WC-SKU-MASS-098-202502-10018217,warranty_form,warranty_form_a4,v1,1,per_artifact/warranty_form/WC-SKU-MASS-098-202502-10018217.json
WC-SKU-MASS-098-202503-07006704,warranty_form,warranty_form_a4,v1,1,per_artifact/warranty_form/WC-SKU-MASS-098-202503-07006704.json
WC-SKU-MASS-098-202505-31000396,warranty_form,warranty_form_a4,v1,1,per_artifact/warranty_form/WC-SKU-MASS-098-202505-31000396.json
WC-SKU-MASS-098-202507-20010910,warranty_form,warranty_form_a4,v1,1,per_artifact/warranty_form/WC-SKU-MASS-098-202507-20010910.json
WC-SKU-MASS-098-202509-14008957,warranty_form,warranty_form_a4,v1,1,per_artifact/warranty_form/WC-SKU-MASS-098-202509-14008957.json
WC-SKU-MASS-098-202510-20021916,warranty_form,warranty_form_a4,v1,1,per_artifact/warranty_form/WC-SKU-MASS-098-202510-20021916.json
WC-SKU-MASS-098-202510-31028432,warranty_form,warranty_form_a4,v1,1,per_artifact/warranty_form/WC-SKU-MASS-098-202510-31028432.json
WC-SKU-MASS-098-202512-15026465,warranty_form,warranty_form_a4,v1,1,per_artifact/warranty_form/WC-SKU-MASS-098-202512-15026465.json
WC-SKU-MASS-099-202401-25003540,warranty_form,warranty_form_a4,v1,1,per_artifact/warranty_form/WC-SKU-MASS-099-202401-25003540.json
WC-SKU-MASS-099-202402-18010136,warranty_form,warranty_form_a4,v1,1,per_artifact/warranty_form/WC-SKU-MASS-099-202402-18010136.json
WC-SKU-MASS-099-202403-14029158,warranty_form,warranty_form_a4,v1,1,per_artifact/warranty_form/WC-SKU-MASS-099-202403-14029158.json
WC-SKU-MASS-099-202403-29002741,warranty_form,warranty_form_a4,v1,1,per_artifact/warranty_form/WC-SKU-MASS-099-202403-29002741.json
WC-SKU-MASS-099-202404-06010288,warranty_form,warranty_form_a4,v1,1,per_artifact/warranty_form/WC-SKU-MASS-099-202404-06010288.json
WC-SKU-MASS-099-202406-16011291,warranty_form,warranty_form_a4,v1,1,per_artifact/warranty_form/WC-SKU-MASS-099-202406-16011291.json
WC-SKU-MASS-099-202406-21010602,warranty_form,warranty_form_a4,v1,1,per_artifact/warranty_form/WC-SKU-MASS-099-202406-21010602.json
WC-SKU-MASS-099-202410-07008830,warranty_form,warranty_form_a4,v1,1,per_artifact/warranty_form/WC-SKU-MASS-099-202410-07008830.json
WC-SKU-MASS-099-202411-21028644,warranty_form,warranty_form_a4,v1,1,per_artifact/warranty_form/WC-SKU-MASS-099-202411-21028644.json
WC-SKU-MASS-099-202412-18023196,warranty_form,warranty_form_a4,v1,1,per_artifact/warranty_form/WC-SKU-MASS-099-202412-18023196.json
WC-SKU-MASS-099-202501-08021107,warranty_form,warranty_form_a4,v1,1,per_artifact/warranty_form/WC-SKU-MASS-099-202501-08021107.json
WC-SKU-MASS-099-202501-19014766,warranty_form,warranty_form_a4,v1,1,per_artifact/warranty_form/WC-SKU-MASS-099-202501-19014766.json
WC-SKU-MASS-099-202502-03017877,warranty_form,warranty_form_a4,v1,1,per_artifact/warranty_form/WC-SKU-MASS-099-202502-03017877.json
WC-SKU-MASS-099-202504-07029078,warranty_form,warranty_form_a4,v1,1,per_artifact/warranty_form/WC-SKU-MASS-099-202504-07029078.json
WC-SKU-MASS-099-202504-12028936,warranty_form,warranty_form_a4,v1,1,per_artifact/warranty_form/WC-SKU-MASS-099-202504-12028936.json
WC-SKU-MASS-099-202505-19019585,warranty_form,warranty_form_a4,v1,1,per_artifact/warranty_form/WC-SKU-MASS-099-202505-19019585.json
WC-SKU-MASS-099-202506-28010597,warranty_form,warranty_form_a4,v1,1,per_artifact/warranty_form/WC-SKU-MASS-099-202506-28010597.json
WC-SKU-MASS-099-202507-27006301,warranty_form,warranty_form_a4,v1,1,per_artifact/warranty_form/WC-SKU-MASS-099-202507-27006301.json
WC-SKU-MASS-099-202511-13017301,warranty_form,warranty_form_a4,v1,1,per_artifact/warranty_form/WC-SKU-MASS-099-202511-13017301.json
WC-SKU-MASS-099-202512-01000572,warranty_form,warranty_form_a4,v1,1,per_artifact/warranty_form/WC-SKU-MASS-099-202512-01000572.json
WC-SKU-MASS-099-202512-14007085,warranty_form,warranty_form_a4,v1,1,per_artifact/warranty_form/WC-SKU-MASS-099-202512-14007085.json
WC-SKU-MASS-100-202408-07012009,warranty_form,warranty_form_a4,v1,1,per_artifact/warranty_form/WC-SKU-MASS-100-202408-07012009.json
WC-SKU-MASS-100-202408-10018615,warranty_form,warranty_form_a4,v1,1,per_artifact/warranty_form/WC-SKU-MASS-100-202408-10018615.json
WC-SKU-MASS-100-202409-21012949,warranty_form,warranty_form_a4,v1,1,per_artifact/warranty_form/WC-SKU-MASS-100-202409-21012949.json
WC-SKU-MASS-100-202411-05029878,warranty_form,warranty_form_a4,v1,1,per_artifact/warranty_form/WC-SKU-MASS-100-202411-05029878.json
WC-SKU-MASS-100-202412-19011108,warranty_form,warranty_form_a4,v1,1,per_artifact/warranty_form/WC-SKU-MASS-100-202412-19011108.json
WC-SKU-MASS-100-202505-03023484,warranty_form,warranty_form_a4,v1,1,per_artifact/warranty_form/WC-SKU-MASS-100-202505-03023484.json
WC-SKU-MASS-100-202506-17017490,warranty_form,warranty_form_a4,v1,1,per_artifact/warranty_form/WC-SKU-MASS-100-202506-17017490.json
WC-SKU-MASS-100-202509-20007107,warranty_form,warranty_form_a4,v1,1,per_artifact/warranty_form/WC-SKU-MASS-100-202509-20007107.json
WC-SKU-MASS-100-202510-14027087,warranty_form,warranty_form_a4,v1,1,per_artifact/warranty_form/WC-SKU-MASS-100-202510-14027087.json
WC-SKU-MASS-100-202511-16000849,warranty_form,warranty_form_a4,v1,1,per_artifact/warranty_form/WC-SKU-MASS-100-202511-16000849.json
WC-SKU-MASS-100-202512-18009160,warranty_form,warranty_form_a4,v1,1,per_artifact/warranty_form/WC-SKU-MASS-100-202512-18009160.json
WC-SKU-MASS-100-202512-28027457,warranty_form,warranty_form_a4,v1,1,per_artifact/warranty_form/WC-SKU-MASS-100-202512-28027457.json
WC-SKU-MASS-101-202404-06011820,warranty_form,warranty_form_a4,v1,1,per_artifact/warranty_form/WC-SKU-MASS-101-202404-06011820.json
WC-SKU-MASS-101-202404-24029850,warranty_form,warranty_form_a4,v1,1,per_artifact/warranty_form/WC-SKU-MASS-101-202404-24029850.json
WC-SKU-MASS-101-202406-22006991,warranty_form,warranty_form_a4,v1,1,per_artifact/warranty_form/WC-SKU-MASS-101-202406-22006991.json
WC-SKU-MASS-101-202410-10012397,warranty_form,warranty_form_a4,v1,1,per_artifact/warranty_form/WC-SKU-MASS-101-202410-10012397.json
WC-SKU-MASS-101-202501-16001242,warranty_form,warranty_form_a4,v1,1,per_artifact/warranty_form/WC-SKU-MASS-101-202501-16001242.json
WC-SKU-MASS-101-202505-02015160,warranty_form,warranty_form_a4,v1,1,per_artifact/warranty_form/WC-SKU-MASS-101-202505-02015160.json
WC-SKU-MASS-101-202506-24027828,warranty_form,warranty_form_a4,v1,1,per_artifact/warranty_form/WC-SKU-MASS-101-202506-24027828.json
WC-SKU-MASS-101-202512-21015797,warranty_form,warranty_form_a4,v1,1,per_artifact/warranty_form/WC-SKU-MASS-101-202512-21015797.json
WC-SKU-MASS-102-202402-19003487,warranty_form,warranty_form_a4,v1,1,per_artifact/warranty_form/WC-SKU-MASS-102-202402-19003487.json
WC-SKU-MASS-102-202403-05001235,warranty_form,warranty_form_a4,v1,1,per_artifact/warranty_form/WC-SKU-MASS-102-202403-05001235.json
WC-SKU-MASS-102-202405-19001559,warranty_form,warranty_form_a4,v1,1,per_artifact/warranty_form/WC-SKU-MASS-102-202405-19001559.json
WC-SKU-MASS-102-202405-27014413,warranty_form,warranty_form_a4,v1,1,per_artifact/warranty_form/WC-SKU-MASS-102-202405-27014413.json
WC-SKU-MASS-102-202409-05028367,warranty_form,warranty_form_a4,v1,1,per_artifact/warranty_form/WC-SKU-MASS-102-202409-05028367.json
WC-SKU-MASS-102-202410-12019595,warranty_form,warranty_form_a4,v1,1,per_artifact/warranty_form/WC-SKU-MASS-102-202410-12019595.json
WC-SKU-MASS-102-202410-25025862,warranty_form,warranty_form_a4,v1,1,per_artifact/warranty_form/WC-SKU-MASS-102-202410-25025862.json
WC-SKU-MASS-102-202411-18018823,warranty_form,warranty_form_a4,v1,1,per_artifact/warranty_form/WC-SKU-MASS-102-202411-18018823.json
WC-SKU-MASS-102-202412-16018762,warranty_form,warranty_form_a4,v1,1,per_artifact/warranty_form/WC-SKU-MASS-102-202412-16018762.json
WC-SKU-MASS-102-202502-10004165,warranty_form,warranty_form_a4,v1,1,per_artifact/warranty_form/WC-SKU-MASS-102-202502-10004165.json
WC-SKU-MASS-102-202503-02000071,warranty_form,warranty_form_a4,v1,1,per_artifact/warranty_form/WC-SKU-MASS-102-202503-02000071.json
WC-SKU-MASS-102-202503-18004528,warranty_form,warranty_form_a4,v1,1,per_artifact/warranty_form/WC-SKU-MASS-102-202503-18004528.json
WC-SKU-MASS-102-202505-18016684,warranty_form,warranty_form_a4,v1,1,per_artifact/warranty_form/WC-SKU-MASS-102-202505-18016684.json
WC-SKU-MASS-102-202506-07019935,warranty_form,warranty_form_a4,v1,1,per_artifact/warranty_form/WC-SKU-MASS-102-202506-07019935.json
WC-SKU-MASS-102-202506-27011521,warranty_form,warranty_form_a4,v1,1,per_artifact/warranty_form/WC-SKU-MASS-102-202506-27011521.json
WC-SKU-MASS-103-202401-24023525,warranty_form,warranty_form_a4,v1,1,per_artifact/warranty_form/WC-SKU-MASS-103-202401-24023525.json
WC-SKU-MASS-103-202405-06006518,warranty_form,warranty_form_a4,v1,1,per_artifact/warranty_form/WC-SKU-MASS-103-202405-06006518.json
WC-SKU-MASS-103-202405-18027829,warranty_form,warranty_form_a4,v1,1,per_artifact/warranty_form/WC-SKU-MASS-103-202405-18027829.json
WC-SKU-MASS-103-202407-27026853,warranty_form,warranty_form_a4,v1,1,per_artifact/warranty_form/WC-SKU-MASS-103-202407-27026853.json
WC-SKU-MASS-103-202408-17018969,warranty_form,warranty_form_a4,v1,1,per_artifact/warranty_form/WC-SKU-MASS-103-202408-17018969.json
WC-SKU-MASS-103-202410-09000204,warranty_form,warranty_form_a4,v1,1,per_artifact/warranty_form/WC-SKU-MASS-103-202410-09000204.json
WC-SKU-MASS-103-202501-21008593,warranty_form,warranty_form_a4,v1,1,per_artifact/warranty_form/WC-SKU-MASS-103-202501-21008593.json
WC-SKU-MASS-103-202504-01001634,warranty_form,warranty_form_a4,v1,1,per_artifact/warranty_form/WC-SKU-MASS-103-202504-01001634.json
WC-SKU-MASS-103-202505-08025284,warranty_form,warranty_form_a4,v1,1,per_artifact/warranty_form/WC-SKU-MASS-103-202505-08025284.json
WC-SKU-MASS-103-202506-05013985,warranty_form,warranty_form_a4,v1,1,per_artifact/warranty_form/WC-SKU-MASS-103-202506-05013985.json
WC-SKU-MASS-103-202507-20003473,warranty_form,warranty_form_a4,v1,1,per_artifact/warranty_form/WC-SKU-MASS-103-202507-20003473.json
WC-SKU-MASS-103-202509-10000936,warranty_form,warranty_form_a4,v1,1,per_artifact/warranty_form/WC-SKU-MASS-103-202509-10000936.json
WC-SKU-MASS-103-202509-17002555,warranty_form,warranty_form_a4,v1,1,per_artifact/warranty_form/WC-SKU-MASS-103-202509-17002555.json
WC-SKU-MASS-103-202510-16005087,warranty_form,warranty_form_a4,v1,1,per_artifact/warranty_form/WC-SKU-MASS-103-202510-16005087.json
WC-SKU-MASS-103-202512-31020382,warranty_form,warranty_form_a4,v1,1,per_artifact/warranty_form/WC-SKU-MASS-103-202512-31020382.json
WC-SKU-MASS-104-202401-03001177,warranty_form,warranty_form_a4,v1,1,per_artifact/warranty_form/WC-SKU-MASS-104-202401-03001177.json
WC-SKU-MASS-104-202401-04010738,warranty_form,warranty_form_a4,v1,1,per_artifact/warranty_form/WC-SKU-MASS-104-202401-04010738.json
WC-SKU-MASS-104-202402-04014455,warranty_form,warranty_form_a4,v1,1,per_artifact/warranty_form/WC-SKU-MASS-104-202402-04014455.json
WC-SKU-MASS-104-202403-20028321,warranty_form,warranty_form_a4,v1,1,per_artifact/warranty_form/WC-SKU-MASS-104-202403-20028321.json
WC-SKU-MASS-104-202403-21001715,warranty_form,warranty_form_a4,v1,1,per_artifact/warranty_form/WC-SKU-MASS-104-202403-21001715.json
WC-SKU-MASS-104-202405-27001246,warranty_form,warranty_form_a4,v1,1,per_artifact/warranty_form/WC-SKU-MASS-104-202405-27001246.json
WC-SKU-MASS-104-202408-11023415,warranty_form,warranty_form_a4,v1,1,per_artifact/warranty_form/WC-SKU-MASS-104-202408-11023415.json
WC-SKU-MASS-104-202410-03010956,warranty_form,warranty_form_a4,v1,1,per_artifact/warranty_form/WC-SKU-MASS-104-202410-03010956.json
WC-SKU-MASS-104-202410-29013036,warranty_form,warranty_form_a4,v1,1,per_artifact/warranty_form/WC-SKU-MASS-104-202410-29013036.json
WC-SKU-MASS-104-202411-10013113,warranty_form,warranty_form_a4,v1,1,per_artifact/warranty_form/WC-SKU-MASS-104-202411-10013113.json
WC-SKU-MASS-104-202411-15025358,warranty_form,warranty_form_a4,v1,1,per_artifact/warranty_form/WC-SKU-MASS-104-202411-15025358.json
WC-SKU-MASS-104-202412-17021047,warranty_form,warranty_form_a4,v1,1,per_artifact/warranty_form/WC-SKU-MASS-104-202412-17021047.json
WC-SKU-MASS-104-202502-14009345,warranty_form,warranty_form_a4,v1,1,per_artifact/warranty_form/WC-SKU-MASS-104-202502-14009345.json
WC-SKU-MASS-104-202503-13026339,warranty_form,warranty_form_a4,v1,1,per_artifact/warranty_form/WC-SKU-MASS-104-202503-13026339.json
WC-SKU-MASS-104-202504-22024009,warranty_form,warranty_form_a4,v1,1,per_artifact/warranty_form/WC-SKU-MASS-104-202504-22024009.json
WC-SKU-MASS-104-202506-05010525,warranty_form,warranty_form_a4,v1,1,per_artifact/warranty_form/WC-SKU-MASS-104-202506-05010525.json
WC-SKU-MASS-104-202506-18002802,warranty_form,warranty_form_a4,v1,1,per_artifact/warranty_form/WC-SKU-MASS-104-202506-18002802.json
WC-SKU-MASS-104-202507-17027635,warranty_form,warranty_form_a4,v1,1,per_artifact/warranty_form/WC-SKU-MASS-104-202507-17027635.json
WC-SKU-MASS-104-202508-15011386,warranty_form,warranty_form_a4,v1,1,per_artifact/warranty_form/WC-SKU-MASS-104-202508-15011386.json
WC-SKU-MASS-104-202511-19028124,warranty_form,warranty_form_a4,v1,1,per_artifact/warranty_form/WC-SKU-MASS-104-202511-19028124.json
WC-SKU-MASS-104-202511-20014916,warranty_form,warranty_form_a4,v1,1,per_artifact/warranty_form/WC-SKU-MASS-104-202511-20014916.json
WC-SKU-MASS-105-202402-20025172,warranty_form,warranty_form_a4,v1,1,per_artifact/warranty_form/WC-SKU-MASS-105-202402-20025172.json
WC-SKU-MASS-105-202402-22029013,warranty_form,warranty_form_a4,v1,1,per_artifact/warranty_form/WC-SKU-MASS-105-202402-22029013.json
WC-SKU-MASS-105-202407-08000419,warranty_form,warranty_form_a4,v1,1,per_artifact/warranty_form/WC-SKU-MASS-105-202407-08000419.json
WC-SKU-MASS-105-202407-19016057,warranty_form,warranty_form_a4,v1,1,per_artifact/warranty_form/WC-SKU-MASS-105-202407-19016057.json
WC-SKU-MASS-105-202407-22016718,warranty_form,warranty_form_a4,v1,1,per_artifact/warranty_form/WC-SKU-MASS-105-202407-22016718.json
WC-SKU-MASS-105-202410-01010928,warranty_form,warranty_form_a4,v1,1,per_artifact/warranty_form/WC-SKU-MASS-105-202410-01010928.json
WC-SKU-MASS-105-202411-05023874,warranty_form,warranty_form_a4,v1,1,per_artifact/warranty_form/WC-SKU-MASS-105-202411-05023874.json
WC-SKU-MASS-105-202503-07027176,warranty_form,warranty_form_a4,v1,1,per_artifact/warranty_form/WC-SKU-MASS-105-202503-07027176.json
WC-SKU-MASS-105-202505-17012834,warranty_form,warranty_form_a4,v1,1,per_artifact/warranty_form/WC-SKU-MASS-105-202505-17012834.json
WC-SKU-MASS-105-202505-30016430,warranty_form,warranty_form_a4,v1,1,per_artifact/warranty_form/WC-SKU-MASS-105-202505-30016430.json
WC-SKU-MASS-105-202506-08010002,warranty_form,warranty_form_a4,v1,1,per_artifact/warranty_form/WC-SKU-MASS-105-202506-08010002.json
WC-SKU-MASS-105-202506-21018421,warranty_form,warranty_form_a4,v1,1,per_artifact/warranty_form/WC-SKU-MASS-105-202506-21018421.json
WC-SKU-MASS-105-202507-03006848,warranty_form,warranty_form_a4,v1,1,per_artifact/warranty_form/WC-SKU-MASS-105-202507-03006848.json
WC-SKU-MASS-105-202509-30015681,warranty_form,warranty_form_a4,v1,1,per_artifact/warranty_form/WC-SKU-MASS-105-202509-30015681.json
WC-SKU-MASS-105-202510-07008836,warranty_form,warranty_form_a4,v1,1,per_artifact/warranty_form/WC-SKU-MASS-105-202510-07008836.json
WC-SKU-MASS-105-202510-10021032,warranty_form,warranty_form_a4,v1,1,per_artifact/warranty_form/WC-SKU-MASS-105-202510-10021032.json
WC-SKU-MASS-105-202510-15017114,warranty_form,warranty_form_a4,v1,1,per_artifact/warranty_form/WC-SKU-MASS-105-202510-15017114.json
WC-SKU-MASS-105-202511-23028751,warranty_form,warranty_form_a4,v1,1,per_artifact/warranty_form/WC-SKU-MASS-105-202511-23028751.json
WC-SKU-MASS-106-202401-23017555,warranty_form,warranty_form_a4,v1,1,per_artifact/warranty_form/WC-SKU-MASS-106-202401-23017555.json
WC-SKU-MASS-106-202408-09006182,warranty_form,warranty_form_a4,v1,1,per_artifact/warranty_form/WC-SKU-MASS-106-202408-09006182.json
WC-SKU-MASS-106-202409-09029582,warranty_form,warranty_form_a4,v1,1,per_artifact/warranty_form/WC-SKU-MASS-106-202409-09029582.json
WC-SKU-MASS-106-202410-21013038,warranty_form,warranty_form_a4,v1,1,per_artifact/warranty_form/WC-SKU-MASS-106-202410-21013038.json
WC-SKU-MASS-106-202411-14020328,warranty_form,warranty_form_a4,v1,1,per_artifact/warranty_form/WC-SKU-MASS-106-202411-14020328.json
WC-SKU-MASS-106-202502-06011983,warranty_form,warranty_form_a4,v1,1,per_artifact/warranty_form/WC-SKU-MASS-106-202502-06011983.json
WC-SKU-MASS-106-202504-02000481,warranty_form,warranty_form_a4,v1,1,per_artifact/warranty_form/WC-SKU-MASS-106-202504-02000481.json
WC-SKU-MASS-106-202506-26006047,warranty_form,warranty_form_a4,v1,1,per_artifact/warranty_form/WC-SKU-MASS-106-202506-26006047.json
WC-SKU-MASS-106-202508-27016950,warranty_form,warranty_form_a4,v1,1,per_artifact/warranty_form/WC-SKU-MASS-106-202508-27016950.json
WC-SKU-MASS-106-202510-14016305,warranty_form,warranty_form_a4,v1,1,per_artifact/warranty_form/WC-SKU-MASS-106-202510-14016305.json
WC-SKU-MASS-106-202510-30017468,warranty_form,warranty_form_a4,v1,1,per_artifact/warranty_form/WC-SKU-MASS-106-202510-30017468.json
WC-SKU-MASS-106-202511-10026015,warranty_form,warranty_form_a4,v1,1,per_artifact/warranty_form/WC-SKU-MASS-106-202511-10026015.json
WC-SKU-MASS-106-202511-21000950,warranty_form,warranty_form_a4,v1,1,per_artifact/warranty_form/WC-SKU-MASS-106-202511-21000950.json
WC-SKU-MASS-106-202511-23025561,warranty_form,warranty_form_a4,v1,1,per_artifact/warranty_form/WC-SKU-MASS-106-202511-23025561.json
WC-SKU-MASS-107-202401-07019504,warranty_form,warranty_form_a4,v1,1,per_artifact/warranty_form/WC-SKU-MASS-107-202401-07019504.json
WC-SKU-MASS-107-202402-08007051,warranty_form,warranty_form_a4,v1,1,per_artifact/warranty_form/WC-SKU-MASS-107-202402-08007051.json
WC-SKU-MASS-107-202404-11013230,warranty_form,warranty_form_a4,v1,1,per_artifact/warranty_form/WC-SKU-MASS-107-202404-11013230.json
WC-SKU-MASS-107-202404-29024266,warranty_form,warranty_form_a4,v1,1,per_artifact/warranty_form/WC-SKU-MASS-107-202404-29024266.json
WC-SKU-MASS-107-202405-02016603,warranty_form,warranty_form_a4,v1,1,per_artifact/warranty_form/WC-SKU-MASS-107-202405-02016603.json
WC-SKU-MASS-107-202405-28005836,warranty_form,warranty_form_a4,v1,1,per_artifact/warranty_form/WC-SKU-MASS-107-202405-28005836.json
WC-SKU-MASS-107-202407-27001876,warranty_form,warranty_form_a4,v1,1,per_artifact/warranty_form/WC-SKU-MASS-107-202407-27001876.json
WC-SKU-MASS-107-202409-13007769,warranty_form,warranty_form_a4,v1,1,per_artifact/warranty_form/WC-SKU-MASS-107-202409-13007769.json
WC-SKU-MASS-107-202410-10014064,warranty_form,warranty_form_a4,v1,1,per_artifact/warranty_form/WC-SKU-MASS-107-202410-10014064.json
WC-SKU-MASS-107-202411-29004615,warranty_form,warranty_form_a4,v1,1,per_artifact/warranty_form/WC-SKU-MASS-107-202411-29004615.json
WC-SKU-MASS-107-202412-14018475,warranty_form,warranty_form_a4,v1,1,per_artifact/warranty_form/WC-SKU-MASS-107-202412-14018475.json
WC-SKU-MASS-107-202412-20021642,warranty_form,warranty_form_a4,v1,1,per_artifact/warranty_form/WC-SKU-MASS-107-202412-20021642.json
WC-SKU-MASS-107-202501-15023540,warranty_form,warranty_form_a4,v1,1,per_artifact/warranty_form/WC-SKU-MASS-107-202501-15023540.json
WC-SKU-MASS-107-202501-28006472,warranty_form,warranty_form_a4,v1,1,per_artifact/warranty_form/WC-SKU-MASS-107-202501-28006472.json
WC-SKU-MASS-107-202503-21006946,warranty_form,warranty_form_a4,v1,1,per_artifact/warranty_form/WC-SKU-MASS-107-202503-21006946.json
WC-SKU-MASS-107-202509-04013873,warranty_form,warranty_form_a4,v1,1,per_artifact/warranty_form/WC-SKU-MASS-107-202509-04013873.json
WC-SKU-MASS-107-202509-17006271,warranty_form,warranty_form_a4,v1,1,per_artifact/warranty_form/WC-SKU-MASS-107-202509-17006271.json
WC-SKU-MASS-107-202512-27018106,warranty_form,warranty_form_a4,v1,1,per_artifact/warranty_form/WC-SKU-MASS-107-202512-27018106.json
WC-SKU-MASS-108-202401-27013092,warranty_form,warranty_form_a4,v1,1,per_artifact/warranty_form/WC-SKU-MASS-108-202401-27013092.json
WC-SKU-MASS-108-202404-28023185,warranty_form,warranty_form_a4,v1,1,per_artifact/warranty_form/WC-SKU-MASS-108-202404-28023185.json
WC-SKU-MASS-108-202405-02025107,warranty_form,warranty_form_a4,v1,1,per_artifact/warranty_form/WC-SKU-MASS-108-202405-02025107.json
WC-SKU-MASS-108-202406-04006297,warranty_form,warranty_form_a4,v1,1,per_artifact/warranty_form/WC-SKU-MASS-108-202406-04006297.json
WC-SKU-MASS-108-202406-21008566,warranty_form,warranty_form_a4,v1,1,per_artifact/warranty_form/WC-SKU-MASS-108-202406-21008566.json
WC-SKU-MASS-108-202408-04009092,warranty_form,warranty_form_a4,v1,1,per_artifact/warranty_form/WC-SKU-MASS-108-202408-04009092.json
WC-SKU-MASS-108-202410-25016578,warranty_form,warranty_form_a4,v1,1,per_artifact/warranty_form/WC-SKU-MASS-108-202410-25016578.json
WC-SKU-MASS-108-202412-12008449,warranty_form,warranty_form_a4,v1,1,per_artifact/warranty_form/WC-SKU-MASS-108-202412-12008449.json
WC-SKU-MASS-108-202412-19024347,warranty_form,warranty_form_a4,v1,1,per_artifact/warranty_form/WC-SKU-MASS-108-202412-19024347.json
WC-SKU-MASS-108-202501-24000718,warranty_form,warranty_form_a4,v1,1,per_artifact/warranty_form/WC-SKU-MASS-108-202501-24000718.json
WC-SKU-MASS-108-202502-15001110,warranty_form,warranty_form_a4,v1,1,per_artifact/warranty_form/WC-SKU-MASS-108-202502-15001110.json
WC-SKU-MASS-108-202503-28027123,warranty_form,warranty_form_a4,v1,1,per_artifact/warranty_form/WC-SKU-MASS-108-202503-28027123.json
WC-SKU-MASS-108-202507-06012778,warranty_form,warranty_form_a4,v1,1,per_artifact/warranty_form/WC-SKU-MASS-108-202507-06012778.json
WC-SKU-MASS-108-202507-11022092,warranty_form,warranty_form_a4,v1,1,per_artifact/warranty_form/WC-SKU-MASS-108-202507-11022092.json
WC-SKU-MASS-108-202508-04017241,warranty_form,warranty_form_a4,v1,1,per_artifact/warranty_form/WC-SKU-MASS-108-202508-04017241.json
WC-SKU-MASS-108-202508-13003687,warranty_form,warranty_form_a4,v1,1,per_artifact/warranty_form/WC-SKU-MASS-108-202508-13003687.json
WC-SKU-MASS-108-202509-26002731,warranty_form,warranty_form_a4,v1,1,per_artifact/warranty_form/WC-SKU-MASS-108-202509-26002731.json
WC-SKU-MASS-108-202511-14016577,warranty_form,warranty_form_a4,v1,1,per_artifact/warranty_form/WC-SKU-MASS-108-202511-14016577.json
WC-SKU-MASS-108-202512-11029814,warranty_form,warranty_form_a4,v1,1,per_artifact/warranty_form/WC-SKU-MASS-108-202512-11029814.json
WC-SKU-MASS-109-202401-26019489,warranty_form,warranty_form_a4,v1,1,per_artifact/warranty_form/WC-SKU-MASS-109-202401-26019489.json
WC-SKU-MASS-109-202402-08006786,warranty_form,warranty_form_a4,v1,1,per_artifact/warranty_form/WC-SKU-MASS-109-202402-08006786.json
WC-SKU-MASS-109-202402-21012199,warranty_form,warranty_form_a4,v1,1,per_artifact/warranty_form/WC-SKU-MASS-109-202402-21012199.json
WC-SKU-MASS-109-202404-23007435,warranty_form,warranty_form_a4,v1,1,per_artifact/warranty_form/WC-SKU-MASS-109-202404-23007435.json
WC-SKU-MASS-109-202405-29000279,warranty_form,warranty_form_a4,v1,1,per_artifact/warranty_form/WC-SKU-MASS-109-202405-29000279.json
WC-SKU-MASS-109-202405-29006707,warranty_form,warranty_form_a4,v1,1,per_artifact/warranty_form/WC-SKU-MASS-109-202405-29006707.json
WC-SKU-MASS-109-202407-09013921,warranty_form,warranty_form_a4,v1,1,per_artifact/warranty_form/WC-SKU-MASS-109-202407-09013921.json
WC-SKU-MASS-109-202409-30016686,warranty_form,warranty_form_a4,v1,1,per_artifact/warranty_form/WC-SKU-MASS-109-202409-30016686.json
WC-SKU-MASS-109-202410-11026674,warranty_form,warranty_form_a4,v1,1,per_artifact/warranty_form/WC-SKU-MASS-109-202410-11026674.json
WC-SKU-MASS-109-202411-14012557,warranty_form,warranty_form_a4,v1,1,per_artifact/warranty_form/WC-SKU-MASS-109-202411-14012557.json
WC-SKU-MASS-109-202412-20028091,warranty_form,warranty_form_a4,v1,1,per_artifact/warranty_form/WC-SKU-MASS-109-202412-20028091.json
WC-SKU-MASS-109-202502-19020732,warranty_form,warranty_form_a4,v1,1,per_artifact/warranty_form/WC-SKU-MASS-109-202502-19020732.json
WC-SKU-MASS-109-202503-01020268,warranty_form,warranty_form_a4,v1,1,per_artifact/warranty_form/WC-SKU-MASS-109-202503-01020268.json
WC-SKU-MASS-109-202503-23015423,warranty_form,warranty_form_a4,v1,1,per_artifact/warranty_form/WC-SKU-MASS-109-202503-23015423.json
WC-SKU-MASS-109-202506-12000699,warranty_form,warranty_form_a4,v1,1,per_artifact/warranty_form/WC-SKU-MASS-109-202506-12000699.json
WC-SKU-MASS-109-202509-13017437,warranty_form,warranty_form_a4,v1,1,per_artifact/warranty_form/WC-SKU-MASS-109-202509-13017437.json
WC-SKU-MASS-109-202510-07014964,warranty_form,warranty_form_a4,v1,1,per_artifact/warranty_form/WC-SKU-MASS-109-202510-07014964.json
WC-SKU-MASS-109-202512-10011920,warranty_form,warranty_form_a4,v1,1,per_artifact/warranty_form/WC-SKU-MASS-109-202512-10011920.json
WC-SKU-MASS-109-202512-14008059,warranty_form,warranty_form_a4,v1,1,per_artifact/warranty_form/WC-SKU-MASS-109-202512-14008059.json
WC-SKU-MASS-110-202401-09019160,warranty_form,warranty_form_a4,v1,1,per_artifact/warranty_form/WC-SKU-MASS-110-202401-09019160.json
WC-SKU-MASS-110-202401-13025636,warranty_form,warranty_form_a4,v1,1,per_artifact/warranty_form/WC-SKU-MASS-110-202401-13025636.json
WC-SKU-MASS-110-202402-16011464,warranty_form,warranty_form_a4,v1,1,per_artifact/warranty_form/WC-SKU-MASS-110-202402-16011464.json
WC-SKU-MASS-110-202403-11015060,warranty_form,warranty_form_a4,v1,1,per_artifact/warranty_form/WC-SKU-MASS-110-202403-11015060.json
WC-SKU-MASS-110-202403-16015678,warranty_form,warranty_form_a4,v1,1,per_artifact/warranty_form/WC-SKU-MASS-110-202403-16015678.json
WC-SKU-MASS-110-202403-22000712,warranty_form,warranty_form_a4,v1,1,per_artifact/warranty_form/WC-SKU-MASS-110-202403-22000712.json
WC-SKU-MASS-110-202405-03006532,warranty_form,warranty_form_a4,v1,1,per_artifact/warranty_form/WC-SKU-MASS-110-202405-03006532.json
WC-SKU-MASS-110-202408-12005847,warranty_form,warranty_form_a4,v1,1,per_artifact/warranty_form/WC-SKU-MASS-110-202408-12005847.json
WC-SKU-MASS-110-202408-20026594,warranty_form,warranty_form_a4,v1,1,per_artifact/warranty_form/WC-SKU-MASS-110-202408-20026594.json
WC-SKU-MASS-110-202409-20013724,warranty_form,warranty_form_a4,v1,1,per_artifact/warranty_form/WC-SKU-MASS-110-202409-20013724.json
WC-SKU-MASS-110-202410-08025264,warranty_form,warranty_form_a4,v1,1,per_artifact/warranty_form/WC-SKU-MASS-110-202410-08025264.json
WC-SKU-MASS-110-202412-25029464,warranty_form,warranty_form_a4,v1,1,per_artifact/warranty_form/WC-SKU-MASS-110-202412-25029464.json
WC-SKU-MASS-110-202501-08017230,warranty_form,warranty_form_a4,v1,1,per_artifact/warranty_form/WC-SKU-MASS-110-202501-08017230.json
WC-SKU-MASS-110-202502-19028849,warranty_form,warranty_form_a4,v1,1,per_artifact/warranty_form/WC-SKU-MASS-110-202502-19028849.json
WC-SKU-MASS-110-202503-27019148,warranty_form,warranty_form_a4,v1,1,per_artifact/warranty_form/WC-SKU-MASS-110-202503-27019148.json
WC-SKU-MASS-110-202504-06013720,warranty_form,warranty_form_a4,v1,1,per_artifact/warranty_form/WC-SKU-MASS-110-202504-06013720.json
WC-SKU-MASS-110-202504-06022113,warranty_form,warranty_form_a4,v1,1,per_artifact/warranty_form/WC-SKU-MASS-110-202504-06022113.json
WC-SKU-MASS-110-202504-18018422,warranty_form,warranty_form_a4,v1,1,per_artifact/warranty_form/WC-SKU-MASS-110-202504-18018422.json
WC-SKU-MASS-110-202504-26019525,warranty_form,warranty_form_a4,v1,1,per_artifact/warranty_form/WC-SKU-MASS-110-202504-26019525.json
WC-SKU-MASS-110-202505-01016477,warranty_form,warranty_form_a4,v1,1,per_artifact/warranty_form/WC-SKU-MASS-110-202505-01016477.json
WC-SKU-MASS-110-202506-16022992,warranty_form,warranty_form_a4,v1,1,per_artifact/warranty_form/WC-SKU-MASS-110-202506-16022992.json
WC-SKU-MASS-110-202509-04026843,warranty_form,warranty_form_a4,v1,1,per_artifact/warranty_form/WC-SKU-MASS-110-202509-04026843.json
WC-SKU-MASS-110-202510-18005483,warranty_form,warranty_form_a4,v1,1,per_artifact/warranty_form/WC-SKU-MASS-110-202510-18005483.json
WC-SKU-MASS-110-202512-15026608,warranty_form,warranty_form_a4,v1,1,per_artifact/warranty_form/WC-SKU-MASS-110-202512-15026608.json
WC-SKU-MASS-110-202512-31003114,warranty_form,warranty_form_a4,v1,1,per_artifact/warranty_form/WC-SKU-MASS-110-202512-31003114.json
WC-SKU-STD-001-202401-16003296,warranty_form,warranty_form_a4,v1,1,per_artifact/warranty_form/WC-SKU-STD-001-202401-16003296.json
WC-SKU-STD-001-202401-28010219,warranty_form,warranty_form_a4,v1,1,per_artifact/warranty_form/WC-SKU-STD-001-202401-28010219.json
WC-SKU-STD-001-202404-02024781,warranty_form,warranty_form_a4,v1,1,per_artifact/warranty_form/WC-SKU-STD-001-202404-02024781.json
WC-SKU-STD-001-202405-08027058,warranty_form,warranty_form_a4,v1,1,per_artifact/warranty_form/WC-SKU-STD-001-202405-08027058.json
WC-SKU-STD-001-202405-10009864,warranty_form,warranty_form_a4,v1,1,per_artifact/warranty_form/WC-SKU-STD-001-202405-10009864.json
WC-SKU-STD-001-202408-27020117,warranty_form,warranty_form_a4,v1,1,per_artifact/warranty_form/WC-SKU-STD-001-202408-27020117.json
WC-SKU-STD-001-202411-29006304,warranty_form,warranty_form_a4,v1,1,per_artifact/warranty_form/WC-SKU-STD-001-202411-29006304.json
WC-SKU-STD-001-202412-21009815,warranty_form,warranty_form_a4,v1,1,per_artifact/warranty_form/WC-SKU-STD-001-202412-21009815.json
WC-SKU-STD-001-202506-06028678,warranty_form,warranty_form_a4,v1,1,per_artifact/warranty_form/WC-SKU-STD-001-202506-06028678.json
WC-SKU-STD-001-202507-07014241,warranty_form,warranty_form_a4,v1,1,per_artifact/warranty_form/WC-SKU-STD-001-202507-07014241.json
WC-SKU-STD-001-202509-12001145,warranty_form,warranty_form_a4,v1,1,per_artifact/warranty_form/WC-SKU-STD-001-202509-12001145.json
WC-SKU-STD-001-202509-12027269,warranty_form,warranty_form_a4,v1,1,per_artifact/warranty_form/WC-SKU-STD-001-202509-12027269.json
WC-SKU-STD-001-202509-21010968,warranty_form,warranty_form_a4,v1,1,per_artifact/warranty_form/WC-SKU-STD-001-202509-21010968.json
WC-SKU-STD-001-202510-06027079,warranty_form,warranty_form_a4,v1,1,per_artifact/warranty_form/WC-SKU-STD-001-202510-06027079.json
WC-SKU-STD-001-202510-30004463,warranty_form,warranty_form_a4,v1,1,per_artifact/warranty_form/WC-SKU-STD-001-202510-30004463.json
WC-SKU-STD-001-202512-15014532,warranty_form,warranty_form_a4,v1,1,per_artifact/warranty_form/WC-SKU-STD-001-202512-15014532.json
WC-WK-SW-004-202401-09001969,warranty_form,warranty_form_a4,v1,1,per_artifact/warranty_form/WC-WK-SW-004-202401-09001969.json
WC-WK-SW-004-202401-19001048,warranty_form,warranty_form_a4,v1,1,per_artifact/warranty_form/WC-WK-SW-004-202401-19001048.json
WC-WK-SW-004-202402-23012523,warranty_form,warranty_form_a4,v1,1,per_artifact/warranty_form/WC-WK-SW-004-202402-23012523.json
WC-WK-SW-004-202403-19018527,warranty_form,warranty_form_a4,v1,1,per_artifact/warranty_form/WC-WK-SW-004-202403-19018527.json
WC-WK-SW-004-202404-18005887,warranty_form,warranty_form_a4,v1,1,per_artifact/warranty_form/WC-WK-SW-004-202404-18005887.json
WC-WK-SW-004-202406-07010962,warranty_form,warranty_form_a4,v1,1,per_artifact/warranty_form/WC-WK-SW-004-202406-07010962.json
WC-WK-SW-004-202407-18016966,warranty_form,warranty_form_a4,v1,1,per_artifact/warranty_form/WC-WK-SW-004-202407-18016966.json
WC-WK-SW-004-202409-28001472,warranty_form,warranty_form_a4,v1,1,per_artifact/warranty_form/WC-WK-SW-004-202409-28001472.json
WC-WK-SW-004-202410-01022548,warranty_form,warranty_form_a4,v1,1,per_artifact/warranty_form/WC-WK-SW-004-202410-01022548.json
WC-WK-SW-004-202504-24001825,warranty_form,warranty_form_a4,v1,1,per_artifact/warranty_form/WC-WK-SW-004-202504-24001825.json
WC-WK-SW-004-202510-20024428,warranty_form,warranty_form_a4,v1,1,per_artifact/warranty_form/WC-WK-SW-004-202510-20024428.json
WC-WK-SW-004-202510-26021784,warranty_form,warranty_form_a4,v1,1,per_artifact/warranty_form/WC-WK-SW-004-202510-26021784.json
WC-WK-SW-004-202511-05017243,warranty_form,warranty_form_a4,v1,1,per_artifact/warranty_form/WC-WK-SW-004-202511-05017243.json
