pc_timestamp_iso,ms,ax,ay,az,gx,gy,gz,mx,my,mz,press,baro_t,prox,cr,cg,cb,light,gesture,mic,p2p,svm,omega,jerk,svm_dev
2026-05-27T23:31:26.093,579041,1.08,-0.19,-0.23,-25.5,13.5,6.8,-2.9,12.5,21.3,101.127,35.21,0,1,0,1,2,NONE,42,202,1.12044633963,29.6435490453,0,0.120446339634
2026-05-27T23:31:26.137,579079,0.95,0.04,-0.17,-7.5,-6.3,9.2,-3.4,12.3,22.9,101.124,35.23,0,1,0,1,2,NONE,45,206,0.965919251283,13.4380058044,7.12958799165,0.0340807487165
2026-05-27T23:31:26.187,579128,0.96,-0.12,-0.16,16.9,-2.1,3.4,-3.3,13.3,22.1,101.124,35.24,0,1,0,0,1,NONE,41,198,0.980612053771,17.3660588505,3.27803640902,0.0193879462295
2026-05-27T23:31:26.231,579180,0.89,-0.19,-0.19,-1.7,8.0,0.0,-2.9,12.8,22.7,101.124,35.25,0,1,0,0,1,NONE,71,439,0.92967736339,8.17863069224,1.98924623707,0.0703226366099
2026-05-27T23:31:26.279,579229,0.9,-0.09,-0.2,0.1,9.5,-1.5,-4.1,13.3,23.3,101.119,35.25,0,1,0,0,1,NONE,39,220,0.92633687177,9.61821189203,2.06112345681,0.0736631282303
2026-05-27T23:31:26.332,579280,0.92,-0.09,-0.17,2.1,13.1,-3.3,-3.9,13.2,22.9,101.123,35.25,0,1,0,0,1,NONE,60,260,0.939893611001,13.6715032092,0.706970838326,0.0601063889993
2026-05-27T23:31:26.380,579332,0.95,-0.12,-0.17,-0.1,18.2,-5.9,-3.8,13.4,23.0,101.121,35.26,0,1,0,0,1,NONE,44,167,0.972522493313,19.1326945306,0.815892439831,0.0274775066869
2026-05-27T23:31:26.426,579380,0.98,-0.18,-0.12,-7.6,15.8,-7.9,-4.0,14.1,22.9,101.124,35.26,0,1,0,0,1,NONE,39,227,1.00359354322,19.2304446126,1.74304172195,0.00359354322355
2026-05-27T23:31:26.489,579428,1.05,-0.08,-0.24,-5.1,19.7,-6.0,-4.0,14.5,23.1,101.126,35.27,0,1,0,0,1,NONE,39,208,1.0800462953,21.2155603273,3.56609224346,0.080046295304
2026-05-27T23:31:26.537,579477,0.97,-0.14,-0.28,5.3,18.7,-3.8,-4.0,14.5,23.1,101.126,35.27,0,1,0,0,1,NONE,31,163,1.01926444066,19.8045449329,2.19802645189,0.019264440663
2026-05-27T23:31:26.585,579529,0.96,-0.19,-0.21,2.8,18.6,-5.6,-5.0,14.9,24.9,101.123,35.28,0,1,0,0,1,NONE,36,184,1.00089959536,19.6254936244,1.66543346882,0.00089959536409
2026-05-27T23:31:26.633,579580,0.8,-0.23,-0.27,-16.2,18.2,-9.5,-4.8,14.7,25.2,101.126,35.28,0,1,0,0,1,NONE,35,176,0.875099994286,26.1520553686,3.44116250486,0.124900005714
2026-05-27T23:31:26.685,579632,0.79,-0.17,-0.33,-18.3,19.5,-6.7,-5.7,16.0,25.9,101.124,35.28,0,0,0,0,0,NONE,66,172,0.872868833216,27.568641606,1.64307764333,0.127131166784
2026-05-27T23:31:26.733,579680,0.85,-0.4,-0.46,-35.6,22.4,-8.4,-5.6,17.4,26.6,101.123,35.28,0,0,0,0,0,NONE,38,173,1.04599235179,42.8914909976,5.64425716006,0.0459923517885
2026-05-27T23:31:26.777,579728,1.02,-0.27,-0.45,-23.4,13.6,-0.4,-5.6,18.2,26.7,101.123,35.29,0,1,0,0,1,NONE,41,170,1.14708325766,27.0680623614,4.46339276784,0.147083257658
2026-05-27T23:31:26.841,579780,1.0,-0.28,-0.32,9.7,1.3,4.2,-6.0,18.4,26.0,101.126,35.29,0,1,0,0,1,NONE,68,327,1.08664621658,10.6498826285,2.53671268428,0.0866462165765
2026-05-27T23:31:26.889,579832,0.91,-0.29,-0.32,-7.9,6.2,2.1,-6.3,18.7,26.7,101.124,35.29,0,0,0,0,0,NONE,30,132,1.00727354775,10.2596296229,1.74142021887,0.00727354775155
2026-05-27T23:31:26.937,579878,0.87,-0.36,-0.37,-8.6,10.7,2.0,-6.6,18.9,26.8,101.124,35.29,0,0,0,0,0,NONE,37,147,1.01163234428,13.8726349336,2.06235499576,0.0116323442832
2026-05-27T23:31:26.985,579930,0.9,-0.28,-0.33,-8.6,15.7,5.6,-6.8,19.3,27.5,101.124,35.29,0,1,0,0,1,NONE,39,184,0.998649087518,18.7565988388,1.81422714078,0.00135091248227
2026-05-27T23:31:27.039,579978,0.86,-0.28,-0.23,1.2,8.5,11.5,-7.3,19.5,27.2,101.122,35.3,0,1,0,0,1,NONE,75,583,0.933220231242,14.3506097431,2.24381866964,0.0667797687577
2026-05-27T23:31:27.089,580030,0.92,-0.27,-0.23,-4.5,6.7,15.9,-7.4,19.2,28.1,101.123,35.3,0,1,0,0,1,NONE,80,511,0.986002028395,17.8311525146,1.16976202506,0.0139979716045
2026-05-27T23:31:27.140,580082,0.9,-0.17,-0.2,12.9,-11.5,18.3,-7.9,18.9,28.9,101.124,35.3,0,1,0,0,1,NONE,50,319,0.937496666661,25.1704191463,2.04425881014,0.0625033333393
2026-05-27T23:31:27.176,580130,0.84,-0.25,-0.15,29.4,-26.6,25.6,-6.7,18.6,28.2,101.13,35.3,0,1,0,0,1,NONE,34,185,0.889156904039,47.1940674238,2.32923747656,0.110843095961
2026-05-27T23:31:27.224,580178,0.96,-0.49,-0.32,20.3,-7.4,24.4,-6.2,17.6,27.9,101.12,35.3,0,1,0,0,1,NONE,26,175,1.12432201793,32.5915633255,6.61765840595,0.124322017929
2026-05-27T23:31:27.288,580230,0.96,-0.27,-0.46,-37.0,-2.8,25.0,-6.8,17.9,25.7,101.122,35.31,0,1,0,0,1,NONE,32,191,1.09822584198,44.741926646,5.01477108093,0.0982258419833
2026-05-27T23:31:27.338,580280,0.94,0.02,-0.35,-0.2,-11.2,18.6,-7.0,19.1,26.6,101.122,35.31,0,1,0,0,1,NONE,32,157,1.00324473584,21.7126691128,6.21610810717,0.00324473584465
2026-05-27T23:31:27.390,580328,0.78,-0.14,-0.32,9.2,-4.5,9.2,-6.3,18.2,28.1,101.121,35.31,0,1,0,0,1,NONE,26,139,0.854634424769,13.7669895039,4.75529675438,0.145365575231
2026-05-27T23:31:27.436,580380,1.05,-0.09,-0.35,9.4,4.0,8.2,-6.6,17.8,27.1,101.122,35.31,0,1,0,0,1,NONE,91,527,1.11045035909,13.0996183151,5.31201050651,0.110450359089
2026-05-27T23:31:27.483,580432,1.0,-0.15,-0.28,-22.0,4.1,3.7,-6.4,18.5,26.3,101.123,35.32,0,1,0,0,1,NONE,61,399,1.04923781861,22.6825924444,2.01694009263,0.0492378186093
2026-05-27T23:31:27.532,580478,0.91,-0.14,-0.27,-39.7,2.5,5.9,-6.7,19.5,28.4,101.123,35.31,0,1,0,0,1,NONE,27,176,0.959479025305,40.2138036003,1.98052903894,0.0405209746951
2026-05-27T23:31:27.585,580530,0.96,-0.1,-0.25,-37.4,6.5,4.8,-6.6,20.8,28.1,101.124,35.32,0,1,0,0,1,NONE,55,288,0.997045635866,38.2629063193,1.29003921779,0.00295436413372
2026-05-27T23:31:27.638,580578,0.92,-0.1,-0.26,-38.4,12.9,9.5,-7.2,22.4,29.1,101.124,35.31,0,1,0,0,1,NONE,56,328,0.961249187256,41.6079319361,0.85898033867,0.0387508127442
2026-05-27T23:31:27.690,580630,0.9,-0.13,-0.26,-50.6,18.2,6.9,-7.9,23.3,29.6,101.123,35.31,0,1,0,0,1,NONE,86,403,0.945780101292,54.2144814602,0.693375245282,0.054219898708
2026-05-27T23:31:27.737,580682,0.97,-0.17,-0.23,-41.8,19.1,8.0,-8.1,25.3,29.4,101.123,35.32,0,1,0,0,1,NONE,61,349,1.01128630961,46.6481510888,1.65429332059,0.0112863096077
2026-05-27T23:31:27.785,580730,0.91,-0.27,-0.15,-65.6,10.3,3.0,-8.3,27.0,28.7,101.124,35.31,0,1,0,0,1,NONE,46,279,0.960989073819,66.471422431,2.94627825494,0.0390109261807
2026-05-27T23:31:27.834,580778,0.87,-0.33,-0.22,-93.4,15.4,-3.1,-9.0,28.9,29.7,101.124,35.31,0,1,0,0,1,NONE,111,569,0.956138065344,94.7118260831,2.09372408773,0.0438619346559
2026-05-27T23:31:27.880,580830,0.83,-0.25,-0.45,-100.2,28.9,-5.4,-9.1,32.8,30.4,101.123,35.32,0,1,0,1,2,NONE,80,472,0.976678043165,104.424183023,4.74575487664,0.0233219568353
2026-05-27T23:31:27.930,580880,0.83,-0.14,-0.37,-90.7,32.3,-14.3,-10.3,35.3,29.8,101.123,35.31,0,1,0,1,2,NONE,127,790,0.919456361118,97.3358618393,2.72029410175,0.0805436388822
2026-05-27T23:31:27.976,580928,0.85,-0.25,-0.28,-80.0,29.4,6.0,-11.5,38.6,29.3,101.121,35.31,0,1,0,0,1,NONE,111,698,0.929193198425,85.4421441679,2.990145853,0.0708068015746
2026-05-27T23:31:28.038,580980,1.16,-0.38,-0.38,-65.8,26.2,9.6,-11.9,41.0,27.7,101.122,35.32,0,1,0,0,1,NONE,88,575,1.27843654516,71.4719525408,6.74449150644,0.27843654516
2026-05-27T23:31:28.090,581032,1.03,-0.43,-0.24,-62.6,10.1,12.9,-12.3,42.7,28.7,101.122,35.32,0,1,0,0,1,NONE,122,657,1.14166545012,64.7084229448,3.79777262656,0.141665450121
2026-05-27T23:31:28.134,581078,0.86,-0.43,-0.21,-77.3,9.3,10.4,-13.5,44.8,27.3,101.125,35.32,0,1,0,0,1,NONE,146,811,0.984174781225,78.5489656202,3.75275576122,0.0158252187746
2026-05-27T23:31:28.182,581130,0.81,-0.4,-0.16,-82.5,19.9,13.8,-13.2,47.2,24.9,101.126,35.32,0,1,0,1,2,NONE,112,640,0.917442096265,85.9808118129,1.47714341305,0.0825579037345
2026-05-27T23:31:28.234,581178,0.8,-0.32,-0.19,-76.7,22.9,20.9,-13.6,49.8,24.4,101.129,35.32,0,1,0,1,2,NONE,87,586,0.882326470191,82.7291363426,1.7921510973,0.117673529809
2026-05-27T23:31:28.278,581230,0.86,-0.37,-0.16,-63.5,23.3,29.2,-14.1,51.4,23.1,101.122,35.32,0,1,0,1,2,NONE,83,492,0.949789450352,73.6734687659,1.60896158949,0.050210549648
2026-05-27T23:31:28.340,581282,0.87,-0.4,-0.11,-65.4,22.2,34.8,-14.5,52.5,21.1,101.122,35.31,0,1,0,1,2,NONE,103,597,0.963846460802,77.3371838122,1.1377076506,0.0361535391983
2026-05-27T23:31:28.374,581330,0.86,-0.33,-0.09,-61.9,14.2,35.8,-14.0,54.0,19.9,101.125,35.32,0,1,0,1,2,NONE,64,436,0.925526876973,72.9032921067,1.53093108924,0.0744731230267
2026-05-27T23:31:28.422,581378,0.97,-0.38,-0.22,-70.3,22.8,30.3,-13.5,55.1,18.9,101.124,35.32,0,1,0,1,2,NONE,51,300,1.0647534926,79.8750273865,3.69754986444,0.0647534925982
2026-05-27T23:31:28.487,581430,0.89,-0.31,-0.26,-54.9,12.8,27.6,-13.2,56.7,18.0,101.125,35.32,0,1,0,1,2,NONE,39,253,0.977650244208,62.7663126207,2.18419551762,0.022349755792
2026-05-27T23:31:28.538,581480,0.97,-0.3,-0.23,-67.0,14.8,21.6,-12.5,57.2,16.6,101.128,35.33,0,1,0,1,2,NONE,39,212,1.04105715501,71.9346926038,1.72046505341,0.0410571550112
2026-05-27T23:31:28.583,581528,0.8,-0.17,-0.22,-49.3,9.6,24.0,-11.9,58.2,14.7,101.127,35.33,0,1,0,1,2,NONE,41,235,0.84693565281,55.6655189502,4.46339276784,0.15306434719
2026-05-27T23:31:28.635,581580,0.89,-0.15,-0.36,-38.8,19.2,22.8,-11.5,58.5,11.7,101.123,35.32,0,1,0,1,2,NONE,49,197,0.97169954204,48.927701765,3.22366434889,0.0283004579604
2026-05-27T23:31:28.683,581632,1.15,-0.21,-0.31,-69.9,26.3,14.9,-10.7,59.6,10.7,101.123,35.32,0,1,0,1,2,NONE,85,449,1.20942134924,76.1558270916,5.22071998481,0.209421349241
2026-05-27T23:31:28.732,581678,1.02,-0.05,-0.24,-52.8,17.2,18.0,-11.6,59.8,8.6,101.123,35.33,0,1,0,1,2,NONE,95,605,1.04904718674,58.3753372581,4.73294370806,0.0490471867366
2026-05-27T23:31:28.787,581730,0.95,-0.13,-0.2,-31.7,18.6,19.1,-10.7,60.3,7.9,101.122,35.33,0,1,1,1,3,NONE,85,494,0.979489663039,41.4205263124,2.18419551762,0.0205103369611
2026-05-27T23:31:28.824,581778,0.86,-0.25,-0.2,-55.8,28.1,0.1,-10.7,60.8,7.1,101.123,35.32,0,1,1,1,3,NONE,102,630,0.917660067781,62.4760754209,3.125,0.0823399322189
2026-05-27T23:31:28.889,581830,1.0,-0.13,-0.24,-42.1,25.2,14.6,-10.8,61.0,4.6,101.123,35.33,0,1,0,1,2,NONE,89,486,1.03658091821,51.1918938896,3.62845428156,0.0365809182114
2026-05-27T23:31:28.943,581882,0.96,-0.14,-0.14,-30.5,12.0,13.6,-10.5,61.6,3.1,101.123,35.34,0,1,0,1,2,NONE,96,467,0.980204060387,35.4853490894,2.08012573584,0.0197959396126
2026-05-27T23:31:28.986,581930,0.97,-0.31,-0.11,-44.8,9.1,5.6,-10.4,61.6,2.1,101.125,35.33,0,1,0,1,2,NONE,100,542,1.02425582742,46.0565956189,3.60242009704,0.0242558274181
2026-05-27T23:31:29.032,581981,0.82,-0.42,-0.15,-91.3,-1.5,-7.5,-10.5,61.0,0.4,101.129,35.33,0,1,0,1,2,NONE,100,663,0.933434518325,91.6198122679,3.73064658636,0.0665654816753
2026-05-27T23:31:29.084,582030,0.85,-0.1,-0.33,-56.7,-8.4,-0.8,-10.5,61.1,-2.6,101.125,35.33,0,1,0,1,2,NONE,80,449,0.917278583637,57.3244276029,7.51785324751,0.0827214163625
2026-05-27T23:31:29.131,582078,0.89,-0.08,-0.35,-24.4,7.0,5.2,-10.7,61.2,-2.9,101.122,35.33,0,1,0,1,2,NONE,79,491,0.959687449121,25.911387458,1.02062072616,0.0403125508792
2026-05-27T23:31:29.177,582130,0.88,-0.35,-0.22,-34.1,9.0,11.7,-10.6,61.2,-3.8,101.127,35.33,0,1,0,1,2,NONE,70,348,0.972265395867,37.1577717308,5.76602475022,0.0277346041332
2026-05-27T23:31:29.233,582180,1.03,-0.52,-0.3,-80.4,24.2,1.6,-9.3,60.9,-5.6,101.124,35.33,0,1,0,1,2,NONE,48,268,1.19218287188,83.9783305383,4.80832611207,0.192182871878
2026-05-27T23:31:29.277,582228,1.0,-0.24,-0.19,-61.9,19.1,12.3,-10.0,60.3,-7.8,101.125,35.33,0,1,0,0,1,NONE,61,349,1.04580112832,65.9371670608,6.2984235241,0.0458011283222
2026-05-27T23:31:29.339,582280,0.97,-0.12,-0.07,-47.4,12.9,13.3,-9.4,60.0,-9.3,101.125,35.32,0,1,0,0,1,NONE,97,572,0.979897953871,50.8926320797,3.31417075762,0.0201020461293
2026-05-27T23:31:29.389,582332,0.91,-0.24,-0.11,-37.8,22.0,7.6,-9.2,59.2,-10.4,101.12,35.34,0,1,0,0,1,NONE,37,215,0.94752308679,44.3914406164,2.69230769231,0.05247691321
2026-05-27T23:31:29.437,582378,0.89,-0.26,-0.14,-30.9,17.9,6.2,-8.2,58.6,-12.8,101.12,35.33,0,1,0,0,1,NONE,51,248,0.937709976485,36.2444478507,0.896327309917,0.0622900235147
2026-05-27T23:31:29.483,582430,0.91,-0.3,-0.08,-53.2,16.5,5.1,-8.0,58.6,-13.9,101.121,35.33,0,1,0,1,2,NONE,67,317,0.961509230325,55.9329956287,1.43909899491,0.0384907696751
2026-05-27T23:31:29.531,582478,0.91,-0.23,-0.12,-43.0,10.9,4.9,-8.2,57.6,-15.6,101.123,35.32,0,1,0,1,2,NONE,69,357,0.946255779375,44.6298106651,1.6796370309,0.0537442206253
2026-05-27T23:31:29.581,582530,0.94,-0.27,-0.14,-28.3,8.6,6.5,-7.9,56.7,-15.0,101.123,35.33,0,1,0,0,1,NONE,71,349,0.987977732543,30.2836589599,1.03560861676,0.0120222674574
2026-05-27T23:31:29.640,582582,0.89,-0.32,-0.07,-17.2,6.9,9.7,-7.4,56.6,-14.8,101.123,35.34,0,1,0,0,1,NONE,33,197,0.948367017562,20.9174568244,1.91343737905,0.0516329824377
2026-05-27T23:31:29.688,582630,0.88,-0.33,-0.07,-8.9,8.4,9.8,-7.4,55.8,-16.2,101.126,35.33,0,1,0,0,1,NONE,46,231,0.942443632267,15.6783289926,0.294627825494,0.0575563677333
2026-05-27T23:31:29.737,582678,0.9,-0.47,-0.08,-17.1,17.7,10.7,-6.8,55.7,-17.5,101.124,35.33,0,1,0,0,1,NONE,116,595,1.0184792585,26.8363559374,2.95363476641,0.0184792585026
2026-05-27T23:31:29.787,582730,0.98,-0.31,-0.33,-8.5,25.3,17.0,-6.9,54.9,-17.8,101.122,35.32,0,1,0,1,2,NONE,57,248,1.07953693777,31.643956769,5.91170236498,0.0795369377654
2026-05-27T23:31:29.836,582780,1.12,-0.08,-0.21,-1.8,15.6,22.7,-5.7,55.0,-17.9,101.124,35.33,0,1,0,1,2,NONE,78,391,1.14232219623,27.602354972,5.89576118919,0.14232219623
2026-05-27T23:31:29.888,582829,0.95,-0.14,-0.13,37.4,-8.1,26.3,-5.2,54.1,-16.9,101.123,35.32,0,1,0,1,2,NONE,77,362,0.96902012363,46.4333931562,4.02511896394,0.0309798763699
2026-05-27T23:31:29.926,582880,0.78,-0.28,-0.27,13.4,11.2,22.8,-5.2,55.1,-17.6,101.121,35.34,0,1,0,1,2,NONE,49,215,0.871607709925,28.7200278551,5.11685817675,0.128392290075
2026-05-27T23:31:29.990,582932,1.02,-0.13,-0.39,17.6,9.7,18.9,-4.6,55.3,-15.6,101.123,35.33,0,1,0,0,1,NONE,54,201,1.09972723891,27.587315926,5.91170236498,0.0997272389097
2026-05-27T23:31:30.021,582978,1.04,-0.17,-0.3,-1.6,5.2,16.7,-4.3,54.8,-16.5,101.124,35.33,0,1,0,0,1,NONE,35,177,1.09567330897,17.5638833975,2.18475556981,0.0956733089749
2026-05-27T23:31:30.088,583029,1.1,-0.02,-0.37,-4.5,0.9,13.5,-4.3,54.8,-16.5,101.119,35.33,0,1,0,0,1,NONE,41,167,1.16073252733,14.258681566,3.4523170317,0.160732527329
2026-05-27T23:31:30.132,583078,0.91,-0.05,-0.24,2.0,-3.5,13.7,-3.2,54.7,-15.9,101.12,35.33,0,1,0,0,1,NONE,50,224,0.942443632267,14.2807562825,4.73803541479,0.0575563677333
2026-05-27T23:31:30.179,583130,0.93,-0.1,-0.26,-2.4,4.9,10.3,-2.9,54.2,-14.8,101.124,35.33,0,1,0,1,2,NONE,37,185,0.970824391947,11.6558997937,1.10472358587,0.0291756080526
2026-05-27T23:31:30.228,583182,0.9,-0.09,-0.21,-6.6,1.6,11.0,-2.6,53.8,-16.4,101.121,35.33,0,1,0,1,2,NONE,40,176,0.928547252433,12.927490089,1.1377076506,0.0714527475675
2026-05-27T23:31:30.276,583230,0.91,-0.06,-0.22,-17.6,6.0,9.2,-2.5,53.7,-16.7,101.121,35.33,0,1,0,0,1,NONE,48,214,0.93813645063,20.7460839678,0.690963497991,0.0618635493703
2026-05-27T23:31:30.328,583278,0.88,-0.0,-0.23,-18.0,11.8,6.2,-2.4,53.0,-17.9,101.12,35.32,0,1,0,0,1,NONE,43,241,0.909560333348,22.3982142145,1.41298541315,0.0904396666521
2026-05-27T23:31:30.388,583330,0.85,0.1,-0.28,3.4,10.5,4.6,-2.5,52.6,-17.9,101.121,35.33,0,1,0,0,1,NONE,42,202,0.900499861188,11.9570063143,2.22612248131,0.0995001388118
2026-05-27T23:31:30.438,583380,0.97,-0.03,-0.21,20.5,12.1,0.3,-2.8,53.0,-16.7,101.125,35.34,0,1,0,0,1,NONE,46,150,0.992924971989,23.8065117142,3.80525951809,0.00707502801068
2026-05-27T23:31:30.486,583429,1.01,-0.15,-0.24,6.5,18.1,-6.5,-2.3,53.1,-17.2,101.124,35.33,0,1,0,0,1,NONE,51,251,1.0489041901,20.3004926049,2.65306122449,0.0489041900955
2026-05-27T23:31:30.534,583480,0.98,-0.18,-0.15,-12.3,2.6,-10.6,-2.4,53.9,-16.5,101.125,35.33,0,1,0,0,1,NONE,54,236,1.00762096048,16.4441478952,1.95095575903,0.00762096048068
2026-05-27T23:31:30.584,583532,0.97,-0.05,-0.14,0.4,-5.0,-11.5,-2.7,53.8,-17.3,101.123,35.33,0,1,0,0,1,NONE,43,156,0.981325634028,12.5463141998,2.5147493905,0.0186743659722
2026-05-27T23:31:30.629,583578,1.03,-0.1,-0.3,-3.7,0.1,-10.1,-2.8,53.6,-16.9,101.125,35.33,0,1,0,0,1,NONE,49,238,1.07745069493,10.7568582774,3.87054213364,0.0774506949276
2026-05-27T23:31:30.678,583631,0.91,-0.18,-0.2,-0.9,-6.5,-14.3,-3.4,53.7,-19.7,101.124,35.33,0,1,0,0,1,NONE,50,299,0.948946784599,15.7337217466,3.311307316,0.0510532154014
2026-05-27T23:31:30.726,583678,0.86,-0.22,-0.33,-19.3,5.9,-14.5,-4.3,53.9,-18.8,101.121,35.33,0,1,0,0,1,NONE,52,199,0.947048045244,24.8505533138,3.08327164813,0.0529519547563
2026-05-27T23:31:30.790,583731,0.86,-0.14,-0.29,-14.6,2.5,-7.9,-4.5,53.2,-20.0,101.122,35.33,0,1,0,0,1,NONE,35,197,0.918313671901,16.7874953462,1.68759847358,0.0816863280992
2026-05-27T23:31:30.838,583782,0.86,-0.33,-0.36,-36.3,12.7,-8.4,-4.6,53.5,-19.2,101.12,35.33,0,1,0,0,1,NONE,44,183,0.988989383158,39.3641969307,3.97028563359,0.0110106168416
2026-05-27T23:31:30.886,583830,1.08,-0.21,-0.26,-18.9,7.1,0.0,-4.3,52.8,-19.2,101.121,35.32,0,1,0,0,1,NONE,28,145,1.13053084876,20.1896012838,5.62114065135,0.130530848761
2026-05-27T23:31:30.937,583878,1.02,-0.22,-0.21,-2.9,0.5,-1.5,-4.7,53.1,-20.3,101.12,35.33,0,1,0,0,1,NONE,65,147,1.06437775249,3.30302891298,1.64041830709,0.064377752492
2026-05-27T23:31:30.989,583931,0.9,-0.28,-0.19,-6.2,4.6,-1.7,-5.0,52.2,-20.7,101.121,35.33,0,1,0,0,1,NONE,43,236,0.961509230325,7.90506166959,2.55936980495,0.0384907696751
2026-05-27T23:31:31.028,583980,0.89,-0.32,-0.19,-16.0,16.2,-1.8,-5.4,51.5,-20.7,101.119,35.33,0,1,0,0,1,NONE,49,338,0.964676111449,22.8403152343,0.841450127677,0.0353238885512
2026-05-27T23:31:31.081,584029,0.87,-0.28,-0.24,-10.4,25.5,5.1,-4.1,51.7,-20.7,101.121,35.33,0,1,0,0,1,NONE,57,230,0.944933860119,28.0074989958,1.36902121071,0.0550661398807
2026-05-27T23:31:31.126,584080,0.85,-0.15,-0.19,-2.1,19.7,12.9,-3.5,51.3,-19.6,101.123,35.33,0,1,0,0,1,NONE,70,217,0.883798619596,23.6412774613,2.75906809401,0.116201380404
2026-05-27T23:31:31.188,584132,0.94,-0.24,-0.19,4.1,18.4,13.2,-3.1,51.2,-20.5,101.121,35.33,0,1,0,0,1,NONE,60,179,0.988584847143,23.0132570489,2.44767731949,0.0114151528574
2026-05-27T23:31:31.236,584178,0.96,-0.2,-0.14,16.8,12.0,18.7,-2.9,51.0,-19.3,101.125,35.33,0,1,0,0,1,NONE,35,210,0.990555399763,27.8555200993,1.45830520272,0.00944460023682
2026-05-27T23:31:31.285,584230,1.03,-0.25,-0.34,20.5,17.5,16.7,-2.1,51.3,-19.6,101.121,35.33,0,1,0,0,1,NONE,36,163,1.11310376875,31.7078854546,4.18683481867,0.113103768748
2026-05-27T23:31:31.333,584278,0.93,-0.16,-0.33,18.2,11.1,22.8,-2.0,50.9,-19.8,101.121,35.33,0,1,0,0,1,NONE,34,116,0.999699954986,31.2136188226,2.81057032567,0.000300045013505
2026-05-27T23:31:31.382,584330,0.93,-0.2,-0.33,20.3,6.0,18.2,-1.3,51.0,-18.7,101.12,35.33,0,1,0,0,1,NONE,32,156,1.00687635785,27.9164825865,0.769230769231,0.00687635785135
2026-05-27T23:31:31.437,584380,0.88,-0.13,-0.38,9.5,6.8,13.5,-1.7,51.6,-17.7,101.126,35.34,0,1,0,0,1,NONE,31,171,0.967315873952,17.8532910131,1.98997487421,0.0326841260478
2026-05-27T23:31:31.483,584429,0.94,-0.0,-0.4,33.1,-1.3,12.8,-1.1,51.4,-18.9,101.122,35.34,0,1,0,0,1,NONE,58,314,1.02156742313,35.5125329989,2.95037393771,0.0215674231298
2026-05-27T23:31:31.529,584480,0.97,-0.09,-0.37,17.7,2.0,6.1,-0.5,51.8,-18.5,101.124,35.33,0,1,0,0,1,NONE,47,227,1.04206525707,18.8281703838,1.95095575903,0.0420652570737
2026-05-27T23:31:31.590,584532,1.02,-0.03,-0.39,16.2,-1.0,4.5,-0.9,52.3,-16.0,101.124,35.33,0,1,0,0,1,NONE,31,163,1.09242848736,16.8430994772,1.55043418237,0.092428487362
2026-05-27T23:31:31.632,584578,0.98,0.0,-0.37,18.1,-4.3,2.9,-0.6,51.7,-18.4,101.121,35.33,0,1,0,0,1,NONE,34,248,1.04752088285,18.8284359414,1.17068800155,0.0475208828467
2026-05-27T23:31:31.691,584632,0.91,-0.03,-0.34,23.5,1.7,-0.5,-0.6,53.0,-16.8,101.122,35.33,0,1,0,0,1,NONE,38,212,0.971905345185,23.5667138142,1.51580606887,0.0280946548146
2026-05-27T23:31:31.738,584678,0.95,-0.06,-0.36,9.8,7.3,-2.6,-0.9,52.6,-16.7,101.125,35.33,0,1,0,0,1,NONE,32,179,1.01769347055,12.4935983608,1.17068800155,0.0176934705499
2026-05-27T23:31:31.783,584730,0.88,-0.03,-0.33,7.9,6.4,-5.6,-0.8,53.3,-15.5,101.12,35.33,0,1,0,0,1,NONE,28,205,0.940319094776,11.6073252733,1.57410630228,0.0596809052242
2026-05-27T23:31:31.840,584782,0.89,-0.03,-0.29,10.1,7.0,-8.7,-1.4,53.1,-16.2,101.121,35.33,0,1,0,0,1,NONE,27,156,0.936536171218,15.0565600321,0.792904928003,0.0634638287818
2026-05-27T23:31:31.884,584830,0.91,-0.04,-0.27,14.9,7.6,-7.1,-1.3,53.5,-16.9,101.125,35.34,0,1,0,0,1,NONE,23,134,0.950052630121,18.1708557861,0.625,0.0499473698789
2026-05-27T23:31:31.928,584878,0.93,-0.09,-0.29,12.0,9.6,-6.3,-2.2,53.3,-15.9,101.118,35.33,0,1,0,0,1,NONE,87,254,0.978314877736,16.6087326428,1.1967838847,0.0216851222638
2026-05-27T23:31:31.991,584930,0.92,-0.17,-0.19,-17.6,-1.1,-8.5,-2.1,53.9,-14.8,101.123,35.33,0,1,0,0,1,NONE,45,257,0.954672718789,19.5760057213,2.47023703436,0.045327281211
2026-05-27T23:31:32.038,584980,0.91,-0.19,-0.2,-47.4,-2.2,-11.5,-2.4,53.3,-16.7,101.122,35.33,0,1,0,0,1,NONE,55,179,0.950894315894,48.8246863789,0.489897948557,0.0491056841057
2026-05-27T23:31:32.086,585029,0.86,-0.11,-0.37,-35.9,0.5,-9.8,-2.5,53.0,-17.5,101.121,35.33,0,1,0,0,1,NONE,34,184,0.942655822663,37.2169316306,3.9678004276,0.0573441773372
2026-05-27T23:31:32.137,585080,0.69,-0.16,-0.37,-49.1,7.2,-3.3,-2.7,52.0,-19.2,101.121,35.32,0,1,0,0,1,NONE,34,214,0.79912452096,49.7346961386,3.47451865621,0.20087547904
2026-05-27T23:31:32.185,585132,0.99,-0.31,-0.4,-49.1,17.8,-7.5,-3.0,51.4,-18.8,101.124,35.33,0,1,0,0,1,NONE,45,234,1.11184531298,52.762676202,6.47594547711,0.111845312982
2026-05-27T23:31:32.234,585178,0.93,-0.35,-0.54,-78.5,19.3,-1.6,-3.0,50.2,-21.7,101.125,35.33,0,1,0,0,1,NONE,39,180,1.13092882181,80.8535713497,3.42348168435,0.13092882181
2026-05-27T23:31:32.285,585230,1.04,-0.27,-0.39,-47.4,13.3,9.9,-2.3,48.7,-22.7,101.125,35.32,0,1,0,0,1,NONE,36,150,1.14306605233,50.2161328658,3.89393398679,0.143066052335
2026-05-27T23:31:32.329,585278,0.96,-0.37,-0.22,-53.7,2.6,12.6,-1.6,47.5,-22.7,101.126,35.33,0,1,0,0,1,NONE,29,134,1.05209315177,55.2196522988,4.43412430287,0.0520931517694
2026-05-27T23:31:32.385,585330,0.89,-0.41,-0.25,-86.7,13.9,10.4,-2.1,45.7,-24.5,101.128,35.33,0,1,0,0,1,NONE,32,111,1.01128630961,88.4209251252,1.65429332059,0.0112863096077
2026-05-27T23:31:32.440,585382,0.88,-0.31,-0.3,-75.3,18.4,18.9,-1.0,43.1,-24.1,101.121,35.33,0,1,0,0,1,NONE,89,413,0.98005101908,79.7863396829,2.15864849237,0.0199489809199
2026-05-27T23:31:32.489,585430,0.84,-0.35,-0.3,-75.8,13.5,20.1,-0.7,41.5,-26.9,101.122,35.32,0,0,0,0,0,NONE,87,421,0.958175349297,79.5732367068,1.17851130198,0.0418246507032
2026-05-27T23:31:32.539,585481,0.84,-0.37,-0.25,-78.2,18.0,24.4,0.3,39.5,-26.3,101.125,35.33,0,0,0,0,0,NONE,63,335,0.951314879522,83.8725223181,1.05591466807,0.048685120478
2026-05-27T23:31:32.587,585528,0.89,-0.29,-0.22,-70.7,14.3,26.6,1.2,37.1,-27.2,101.124,35.33,0,0,0,0,0,NONE,59,180,0.9615612305,76.8800364204,2.10627551843,0.0384387695004
2026-05-27T23:31:32.638,585582,0.85,-0.35,-0.21,-56.0,10.4,29.0,2.1,34.7,-28.0,101.123,35.33,0,0,0,0,0,NONE,73,228,0.942920993509,63.9152563947,1.34816849801,0.057079006491
2026-05-27T23:31:32.686,585628,0.88,-0.36,-0.23,-46.9,13.3,28.7,1.7,32.8,-26.4,101.124,35.32,0,0,0,0,0,NONE,62,313,0.978212655817,56.5702218486,0.813403779733,0.0217873441833
2026-05-27T23:31:32.732,585678,0.96,-0.35,-0.31,-47.7,16.0,32.5,2.6,31.2,-27.1,101.124,35.33,0,0,0,0,0,NONE,52,224,1.06780147968,59.8960766662,2.27156333832,0.0678014796768
2026-05-27T23:31:32.787,585728,0.86,-0.18,-0.26,-37.4,3.7,30.2,2.5,28.5,-26.6,101.122,35.33,0,0,0,0,0,NONE,21,96,0.916296895116,48.2129650613,4.06939798988,0.0837031048836
2026-05-27T23:31:32.827,585780,0.8,-0.17,-0.15,-26.1,-5.2,25.1,2.7,27.0,-28.0,101.122,35.33,0,0,0,0,0,NONE,35,145,0.831504660239,36.5822361263,2.41727020961,0.168495339761
2026-05-27T23:31:32.887,585829,0.8,-0.2,-0.23,-20.4,1.3,26.1,2.4,26.1,-27.5,101.124,35.33,0,0,0,0,0,NONE,36,180,0.856095789033,33.1520738416,1.74367423374,0.143904210967
2026-05-27T23:31:32.941,585880,1.19,-0.05,-0.32,-18.4,1.3,19.7,2.5,24.5,-27.3,101.125,35.32,0,0,0,0,0,NONE,43,215,1.23328828747,26.9877750102,8.38106285222,0.233288287466
2026-05-27T23:31:32.987,585932,1.05,-0.17,-0.28,-59.8,8.1,9.0,2.5,24.1,-25.9,101.123,35.33,0,0,0,0,0,NONE,37,199,1.09990908715,61.0135230912,3.62845428156,0.0999090871522
2026-05-27T23:31:33.031,585978,1.01,-0.06,-0.2,-52.5,5.5,16.5,2.7,22.1,-26.1,101.121,35.33,0,0,0,0,0,NONE,39,198,1.03135832764,55.3059671283,3.0820536693,0.0313583276437
2026-05-27T23:31:33.088,586031,0.92,-0.12,-0.12,-27.0,3.0,18.4,2.2,20.8,-25.7,101.124,35.33,0,0,0,0,0,NONE,51,185,0.935521245082,32.810973774,2.53841963152,0.0644787549179
2026-05-27T23:31:33.130,586078,0.95,-0.16,-0.26,-55.5,22.7,15.1,2.5,19.3,-26.1,101.122,35.33,0,0,0,0,0,NONE,49,206,0.997847683767,61.8348607179,3.16299335049,0.00215231623258
2026-05-27T23:31:33.188,586131,0.92,-0.18,-0.23,-63.5,15.5,12.9,3.0,17.7,-23.8,101.128,35.33,0,0,0,0,0,NONE,66,210,0.965246082613,66.6251454032,0.884984105627,0.0347539173869
2026-05-27T23:31:33.235,586180,0.93,-0.06,-0.19,-58.2,21.2,12.6,2.6,15.9,-23.2,101.123,35.33,0,0,0,0,0,NONE,31,144,0.951104620954,63.2094929579,2.5895056205,0.048895379046
2026-05-27T23:31:33.287,586228,0.94,-0.12,-0.25,-64.7,18.5,11.2,3.2,14.6,-21.9,101.122,35.32,0,0,0,0,0,NONE,60,201,0.98005101908,68.2186191593,1.78000078027,0.0199489809199
2026-05-27T23:31:33.339,586280,0.99,-0.15,-0.2,-60.8,22.2,11.0,3.3,13.3,-20.6,101.123,35.33,0,0,0,0,0,NONE,70,258,1.02107786187,65.6542458642,1.47714341305,0.0210778618695
2026-05-27T23:31:33.388,586332,0.95,-0.1,-0.17,-59.8,16.4,11.4,3.7,11.6,-18.4,101.122,35.33,0,0,0,0,0,NONE,89,312,0.970257697728,63.0472838432,1.35982073305,0.0297423022722
2026-05-27T23:31:33.436,586378,0.94,-0.15,-0.16,-55.1,18.4,10.3,4.0,10.6,-16.5,101.124,35.33,0,0,0,0,0,NONE,23,114,0.965246082613,58.9971185737,1.12959835276,0.0347539173869
2026-05-27T23:31:33.489,586430,0.93,-0.28,-0.12,-72.5,16.2,9.6,4.0,10.0,-16.4,101.12,35.32,0,0,0,0,0,NONE,64,234,0.978621479429,74.9056072667,2.62272724942,0.0213785205709
2026-05-27T23:31:33.534,586478,0.92,-0.22,-0.11,-86.1,10.8,8.4,4.1,8.7,-13.8,101.123,35.33,0,0,0,0,0,NONE,51,167,0.952312973764,87.1803303504,1.28425291729,0.0476870262356
2026-05-27T23:31:33.589,586530,0.99,-0.1,-0.25,-84.5,22.2,5.3,4.0,7.2,-11.7,101.125,35.33,0,0,0,0,0,NONE,46,292,1.02596296229,87.528166895,3.79290056218,0.0259629622944
2026-05-27T23:31:33.639,586581,0.96,0.13,-0.38,-44.6,10.9,11.7,4.1,5.4,-7.6,101.124,35.32,0,0,0,0,0,NONE,52,214,1.04062481231,47.3799535669,5.21362188247,0.0406248123123
2026-05-27T23:31:33.688,586630,1.02,-0.26,-0.17,-30.4,12.5,12.5,4.9,4.9,-5.9,101.121,35.32,0,0,0,0,0,NONE,26,139,1.06625512894,35.1661769318,9.12224352597,0.0662551289443
2026-05-27T23:31:33.736,586678,0.79,-0.34,-0.28,-78.1,23.9,0.5,4.4,4.4,-3.1,101.122,35.33,0,0,0,0,0,NONE,57,240,0.904488805901,81.6766184413,5.56682883995,0.0955111940991
2026-05-27T23:31:33.784,586730,0.83,-0.27,-0.35,-92.7,30.5,-1.8,4.5,4.9,-0.6,101.125,35.33,0,0,0,0,0,NONE,58,281,0.940372266711,97.60522527,2.05328427924,0.0596277332886
2026-05-27T23:31:33.838,586780,0.93,-0.32,-0.35,-86.4,35.9,-0.6,4.2,5.1,2.7,101.12,35.32,0,0,0,0,0,NONE,42,179,1.04393486387,93.5635078436,2.2360679775,0.0439348638684
2026-05-27T23:31:33.883,586828,1.09,-0.25,-0.29,-62.3,25.0,6.2,4.3,5.3,5.0,101.123,35.33,0,0,0,0,0,NONE,55,189,1.15529217084,67.4146126593,3.84712194013,0.155292170838
2026-05-27T23:31:33.929,586880,0.97,-0.34,-0.22,-35.8,14.1,11.2,4.0,6.0,5.5,101.121,35.33,0,0,0,0,0,NONE,48,200,1.05114223586,40.0735573664,3.18325872255,0.0511422358558
2026-05-27T23:31:33.990,586932,0.85,-0.41,-0.24,-62.1,18.7,5.4,3.9,6.4,6.6,101.121,35.32,0,1,0,0,1,NONE,46,202,0.973755616158,65.0788752208,2.69916708608,0.0262443838416
2026-05-27T23:31:34.026,586978,0.82,-0.3,-0.24,-54.0,20.1,9.9,3.6,6.3,10.3,101.122,35.33,0,1,0,0,1,NONE,58,231,0.905538513814,58.4638349751,2.47864222848,0.0944614861863
2026-05-27T23:31:34.089,587030,0.88,-0.28,-0.25,-56.5,24.8,12.9,3.3,7.5,12.6,101.12,35.33,0,0,0,0,0,NONE,46,170,0.956713123146,63.0372905509,1.23137004566,0.0432868768539
2026-05-27T23:31:34.133,587078,0.87,-0.31,-0.25,-48.6,23.1,15.7,2.7,7.4,13.4,101.126,35.33,0,0,0,0,0,NONE,49,155,0.956817641978,56.0540810289,0.658807845868,0.0431823580222
2026-05-27T23:31:34.187,587130,0.93,-0.28,-0.22,-40.3,23.2,21.9,2.0,7.8,14.4,101.123,35.33,0,0,0,0,0,NONE,55,270,0.995841352827,51.3998054471,1.4131671593,0.00415864717316
2026-05-27T23:31:34.240,587182,0.99,-0.23,-0.2,-16.5,11.9,22.9,0.8,8.6,15.5,101.126,35.33,0,0,0,0,0,NONE,44,252,1.03585713301,30.6311932513,1.55043418237,0.0358571330063
2026-05-27T23:31:34.278,587230,0.9,-0.27,-0.06,-2.5,6.2,23.1,-0.1,8.0,16.3,101.123,35.33,0,1,0,0,1,NONE,43,237,0.941541289589,24.0478689285,3.56609224346,0.0584587104115
2026-05-27T23:31:34.325,587278,0.99,-0.37,-0.21,-12.5,14.1,18.6,-0.4,8.2,17.4,101.124,35.33,0,1,0,0,1,NONE,44,242,1.0775435026,26.4767822818,4.19780034992,0.0775435026021
2026-05-27T23:31:34.389,587330,0.93,-0.26,-0.31,-27.5,10.9,20.9,-0.8,8.1,17.4,101.126,35.33,0,1,0,0,1,NONE,45,201,1.01419919148,36.2197459958,3.08292683498,0.0141991914806
2026-05-27T23:31:34.437,587378,0.97,-0.16,-0.3,-1.8,0.9,23.0,-0.9,8.1,18.4,101.123,35.33,0,1,0,0,1,NONE,46,229,1.02786185842,23.087875606,2.25346954716,0.0278618584226
2026-05-27T23:31:34.488,587430,0.97,-0.21,-0.26,4.6,-4.4,24.4,-2.1,8.1,18.4,101.123,35.33,0,1,0,0,1,NONE,36,210,1.02596296229,25.2166611588,1.23137004566,0.0259629622944
2026-05-27T23:31:34.537,587480,0.9,-0.23,-0.32,0.4,-3.9,18.0,-2.1,8.0,18.2,101.118,35.34,0,1,0,0,1,NONE,44,214,0.982496819333,18.4219977201,1.88679622641,0.0175031806667
2026-05-27T23:31:34.585,587528,0.93,-0.04,-0.39,13.2,-1.0,13.1,-2.3,7.9,17.9,101.121,35.33,0,0,0,0,0,NONE,45,218,1.00925715256,18.623909364,4.26447697718,0.00925715256321
2026-05-27T23:31:34.633,587580,0.9,-0.14,-0.3,5.1,-0.5,7.3,-2.7,8.1,17.8,101.124,35.33,0,0,0,0,0,NONE,46,229,0.958957767579,8.91908067011,2.65077860617,0.0410422324211
2026-05-27T23:31:34.681,587632,0.96,-0.12,-0.24,-1.8,4.6,4.8,-2.7,7.6,16.3,101.119,35.32,0,1,0,0,1,NONE,46,233,0.99679486355,6.88767014309,1.67649959367,0.00320513644983
2026-05-27T23:31:34.728,587678,0.93,-0.03,-0.27,2.3,-0.7,6.3,-2.8,7.7,16.7,101.122,35.33,0,1,0,0,1,NONE,44,216,0.968865315717,6.74314466699,2.16301616762,0.0311346842827
2026-05-27T23:31:34.789,587730,0.97,-0.09,-0.17,18.4,-0.4,6.2,-2.9,7.9,17.6,101.124,35.33,0,1,0,0,1,NONE,36,190,0.988888264669,19.4206076115,2.37092846268,0.011111735331
2026-05-27T23:31:34.837,587778,0.91,-0.23,-0.27,-7.0,10.3,4.8,-3.0,7.9,17.4,101.124,35.32,0,1,0,0,1,NONE,64,233,0.976678043165,13.3465351309,3.79601399131,0.0233219568353
2026-05-27T23:31:34.890,587830,0.94,-0.11,-0.21,-13.7,16.1,3.4,-3.5,8.0,17.1,101.12,35.33,0,1,0,0,1,NONE,48,237,0.969432823872,21.4116790561,2.64379367017,0.0305671761282
2026-05-27T23:31:34.938,587882,0.9,-0.1,-0.19,-8.8,8.4,0.9,-3.7,8.3,18.5,101.119,35.33,0,1,0,0,1,NONE,44,225,0.925256721132,12.1987704298,0.881264556722,0.074743278868
2026-05-27T23:31:34.982,587930,0.95,-0.18,-0.14,-11.0,17.0,-3.7,-4.1,8.4,19.0,101.118,35.33,0,1,0,0,1,NONE,54,271,0.976985158536,20.5837314401,2.22439130251,0.0230148414638
2026-05-27T23:31:35.034,587978,1.0,-0.21,-0.16,-16.9,6.3,-4.3,-3.7,8.9,18.6,101.123,35.32,0,1,0,0,1,NONE,39,189,1.03426302264,18.5415749061,1.28425291729,0.0342630226398
2026-05-27T23:31:35.087,588030,0.81,-0.19,-0.15,-29.9,-3.0,-13.2,-3.4,9.9,19.1,101.119,35.33,0,1,0,0,1,NONE,63,247,0.845399313934,32.8214868646,3.67906278264,0.154600686066
2026-05-27T23:31:35.127,588080,0.9,-0.15,-0.37,-28.1,16.3,-14.5,-2.8,10.5,19.7,101.124,35.33,0,1,0,0,1,NONE,30,205,0.984581129212,35.5745695687,4.82078831728,0.0154188707882
2026-05-27T23:31:35.183,588128,0.9,-0.03,-0.43,2.0,12.1,-15.2,-2.4,11.3,21.3,101.123,35.33,0,1,0,0,1,NONE,38,222,0.997897790357,19.5307449935,2.79508497187,0.00210220964269
2026-05-27T23:31:35.239,588180,1.08,-0.3,-0.43,5.9,16.5,-0.9,-2.6,10.5,20.0,101.127,35.33,0,1,0,0,1,NONE,52,275,1.20054154447,17.5462246652,6.24037720753,0.200541544471
2026-05-27T23:31:35.289,588232,0.94,-0.41,-0.24,-30.8,-4.3,-4.4,-2.7,11.8,21.8,101.122,35.33,0,1,0,0,1,NONE,60,371,1.0532331176,31.4084383566,5.00739098704,0.0532331175955
2026-05-27T23:31:35.336,588278,0.97,-0.36,-0.3,-45.3,7.4,-3.4,-2.9,12.9,22.3,101.124,35.34,0,1,0,0,1,NONE,66,352,1.07726505559,46.0261881976,1.81882614464,0.0772650555922
2026-05-27T23:31:35.388,588330,0.96,-0.25,-0.3,-26.4,-3.7,1.2,-2.5,13.7,23.4,101.123,35.34,0,1,0,0,1,NONE,54,287,1.03638795825,26.6850145213,2.12410788792,0.0363879582473
2026-05-27T23:31:35.436,588378,0.86,-0.31,-0.27,-20.6,0.2,2.4,-2.4,14.7,23.4,101.123,35.33,0,1,0,0,1,NONE,60,381,0.953205119583,20.7402989371,2.50866553725,0.0467948804166
2026-05-27T23:31:35.482,588430,0.85,-0.3,-0.25,-15.1,2.2,1.5,-1.8,15.1,24.5,101.124,35.34,0,1,0,0,1,NONE,46,286,0.935414346693,15.3329710102,0.471055719766,0.0645856533065
2026-05-27T23:31:35.531,588482,0.83,-0.34,-0.23,-16.7,7.0,3.9,-2.5,15.8,24.4,101.123,35.33,0,1,0,0,1,NONE,52,245,0.925958962374,18.5229587269,0.942111439532,0.0740410376264
2026-05-27T23:31:35.576,588530,0.86,-0.3,-0.17,-14.2,10.9,7.1,-1.7,16.0,24.7,101.125,35.34,0,1,0,0,1,NONE,45,307,0.926552750792,19.2577257224,1.62713534915,0.0734472492081
2026-05-27T23:31:35.628,588578,0.89,-0.29,-0.18,-7.3,11.5,13.7,-2.0,16.2,24.8,101.123,35.33,0,1,0,0,1,NONE,50,270,0.953205119583,19.3191614725,0.690963497991,0.0467948804166
2026-05-27T23:31:35.689,588630,0.99,-0.25,-0.1,1.2,-0.1,14.3,-2.7,16.6,24.8,101.123,35.33,0,1,0,0,1,NONE,38,232,1.02596296229,14.3506097431,2.58007843558,0.0259629622944
2026-05-27T23:31:35.738,588680,0.92,-0.32,-0.04,-0.4,-5.0,18.2,-3.3,16.6,24.6,101.124,35.32,0,1,0,0,1,NONE,49,286,0.974884608556,18.8785592671,2.31516738056,0.0251153914437
2026-05-27T23:31:35.788,588729,1.0,-0.32,-0.16,10.9,3.7,14.3,-3.1,16.0,24.4,101.124,35.33,0,1,0,0,1,NONE,60,275,1.06207344379,18.3572873813,2.94330716364,0.0620734437881
2026-05-27T23:31:35.836,588780,0.9,-0.23,-0.28,4.6,-4.5,17.0,-3.4,16.5,24.3,101.121,35.33,0,1,0,0,1,NONE,50,251,0.970206163658,18.1771835002,3.53485419163,0.029793836342
2026-05-27T23:31:35.880,588832,0.89,-0.09,-0.29,35.2,-5.2,18.1,-2.9,15.4,25.3,101.123,35.33,0,1,0,0,1,NONE,40,230,0.940372266711,39.9210470805,2.70600909221,0.0596277332886
2026-05-27T23:31:35.928,588878,0.96,-0.21,-0.28,27.9,0.7,19.6,-3.1,15.1,23.7,101.124,35.33,0,1,0,0,1,NONE,43,219,1.0218121158,34.1036654921,3.02791049504,0.0218121158021
2026-05-27T23:31:35.992,588930,0.96,-0.17,-0.37,26.7,1.4,11.1,-3.8,14.1,23.6,101.121,35.33,0,1,0,0,1,NONE,55,273,1.0427847333,28.9492659665,1.89401111573,0.0427847332983
2026-05-27T23:31:36.030,588978,0.96,-0.02,-0.25,20.0,2.2,4.6,-3.6,12.9,23.4,101.124,35.33,0,1,0,0,1,NONE,55,325,0.992219733728,20.6397674406,4.0019526484,0.00778026627163
2026-05-27T23:31:36.091,589030,1.0,-0.07,-0.22,39.2,-1.0,5.6,-3.9,12.7,23.1,101.124,35.33,0,1,0,0,1,NONE,50,310,1.02630404852,39.6106046407,1.35982073305,0.0263040485158
2026-05-27T23:31:36.136,589082,1.07,-0.06,-0.19,35.2,-9.3,7.4,-4.3,12.3,22.1,101.123,35.33,0,1,0,0,1,NONE,34,170,1.08839331126,37.1522543058,1.47714341305,0.0883933112621
2026-05-27T23:31:36.188,589130,0.9,-0.18,-0.18,15.2,-5.6,-2.4,-4.0,11.1,22.6,101.12,35.33,0,1,0,0,1,NONE,50,207,0.935307436087,16.3755915924,4.34013888667,0.0646925639128
2026-05-27T23:31:36.232,589178,0.96,-0.04,-0.21,17.0,-5.5,0.7,-3.1,11.2,21.5,101.124,35.33,0,1,0,0,1,NONE,56,212,0.983514107677,17.8812751223,3.23420306172,0.0164858923228
2026-05-27T23:31:36.284,589231,0.88,0.03,-0.18,33.8,-7.4,1.9,-2.7,10.7,21.1,101.127,35.33,0,1,0,0,1,NONE,80,291,0.898721313868,34.6527055221,2.0840303806,0.101278686132
2026-05-27T23:31:36.328,589280,0.86,-0.03,-0.2,27.6,-3.5,-3.4,-2.5,10.4,20.1,101.129,35.33,0,1,0,0,1,NONE,71,243,0.883459110542,28.0280216926,1.35372440423,0.116540889458
2026-05-27T23:31:36.376,589329,0.95,-0.07,-0.17,25.2,1.2,-8.4,-1.9,9.9,20.0,101.13,35.34,0,1,0,0,1,NONE,46,237,0.967625960793,26.5902237674,2.10114900836,0.0323740392073
2026-05-27T23:31:36.426,589380,0.9,-0.03,-0.14,16.8,-4.9,-8.7,-1.6,9.7,19.5,101.126,35.34,0,1,0,0,1,NONE,120,365,0.91131772725,19.5432852919,1.38648388468,0.0886822727501
2026-05-27T23:31:36.491,589432,0.94,-0.02,-0.13,22.5,-2.3,-9.5,-1.2,9.5,19.9,101.124,35.33,0,0,0,0,0,NONE,121,249,0.949157521173,24.531408439,0.815892439831,0.0508424788266
2026-05-27T23:31:36.537,589478,0.98,-0.07,-0.08,21.9,1.8,-9.1,-1.0,9.3,18.4,101.127,35.32,0,0,0,0,0,NONE,96,272,0.985748446613,23.7836078003,1.76609530536,0.014251553387
2026-05-27T23:31:36.585,589530,0.89,-0.13,-0.09,3.8,1.3,-9.8,-0.4,9.1,18.1,101.122,35.33,0,1,0,0,1,NONE,93,189,0.903935838431,10.5910339439,2.08899624831,0.096064161569
2026-05-27T23:31:36.639,589578,0.89,-0.11,-0.04,-3.8,0.7,-9.6,-0.1,8.8,16.8,101.124,35.33,0,1,0,0,1,NONE,99,128,0.897663634108,10.3484298326,1.12190933482,0.102336365892
2026-05-27T23:31:36.686,589630,1.78,0.1,-0.89,-11.1,60.9,7.9,0.5,9.5,18.2,101.122,35.33,0,1,0,0,1,NONE,56,280,1.99261135197,62.4053683588,24.0092129753,0.99261135197
2026-05-27T23:31:36.730,589682,0.64,-0.64,0.26,19.6,-57.4,-2.8,-0.0,9.7,19.3,101.122,35.33,0,1,0,0,1,NONE,130,309,0.941700589359,60.7186956382,34.2377909825,0.0582994106405
2026-05-27T23:31:36.785,589730,1.04,-0.09,-0.43,-62.7,47.2,8.1,0.3,9.8,18.7,101.121,35.33,0,1,0,0,1,NONE,90,230,1.12898184219,78.89702149,20.183618908,0.128981842192
2026-05-27T23:31:36.831,589778,0.82,-0.29,-0.35,-4.9,4.6,-1.6,-0.2,11.3,20.2,101.122,35.32,0,1,0,0,1,NONE,109,149,0.937549998667,6.90869017977,6.41450179931,0.0624500013333
2026-05-27T23:31:36.875,589830,0.91,-0.3,-0.19,-15.1,15.3,0.9,-0.1,12.2,20.6,101.123,35.33,0,1,0,0,1,NONE,91,194,0.97683161292,21.5153433624,3.53553390593,0.0231683870799
2026-05-27T23:31:36.925,589880,0.88,-0.32,-0.27,-5.1,11.5,-2.9,0.3,11.8,22.9,101.121,35.32,0,1,0,0,1,NONE,82,253,0.974525525576,12.9100735862,1.75499287748,0.0254744744236
2026-05-27T23:31:36.988,589928,0.91,-0.33,-0.21,-12.0,10.2,0.8,-0.4,11.9,22.6,101.123,35.32,0,1,0,0,1,NONE,73,202,0.990504921744,15.7695909903,1.41298541315,0.00949507825554
2026-05-27T23:31:37.038,589980,0.93,-0.25,-0.21,-4.0,8.4,0.0,-0.3,12.3,22.4,101.124,35.33,0,1,0,0,1,NONE,54,193,0.985646995633,9.30376267969,1.58580985601,0.0143530043672
2026-05-27T23:31:37.086,590032,0.87,-0.32,-0.19,-6.0,11.2,4.1,-0.4,12.8,23.8,101.124,35.33,0,1,0,0,1,NONE,52,229,0.946255779375,13.3510299228,1.81422714078,0.0537442206253
2026-05-27T23:31:37.132,590078,0.92,-0.19,-0.19,0.5,13.5,6.3,-0.4,12.9,22.5,101.123,35.33,0,1,0,0,1,NONE,60,208,0.95843622636,14.9060390446,3.02791049504,0.0415637736396
2026-05-27T23:31:37.180,590130,0.9,-0.29,-0.18,-8.6,16.8,7.4,-1.4,13.3,23.9,101.12,35.32,0,1,0,0,1,NONE,55,227,0.962548700067,20.2721483815,1.97056745499,0.0374512999333
2026-05-27T23:31:37.228,590178,0.97,-0.18,-0.21,-7.6,15.7,9.3,-2.0,13.8,24.6,101.122,35.33,0,1,0,0,1,NONE,71,262,1.00866248071,19.7671444574,2.78731003339,0.00866248071394
2026-05-27T23:31:37.280,590230,0.91,-0.21,-0.17,15.4,2.8,6.3,-2.0,13.4,23.5,101.119,35.34,0,1,0,0,1,NONE,57,202,0.949262871917,16.8727591105,1.50197109152,0.0507371280831
2026-05-27T23:31:37.340,590282,0.97,-0.32,-0.17,0.9,7.3,6.3,-2.0,13.2,24.3,101.123,35.33,0,1,0,0,1,NONE,58,272,1.03547090737,9.68452373635,2.4096084781,0.0354709073653
2026-05-27T23:31:37.388,590330,0.9,-0.23,-0.2,13.0,-1.3,13.3,-2.0,13.8,23.6,101.127,35.33,0,1,0,0,1,NONE,73,345,0.950210502994,18.6434975259,2.45621377553,0.0497894970061
2026-05-27T23:31:37.436,590378,0.94,-0.23,-0.15,7.1,-5.7,17.9,-2.2,12.9,24.2,101.122,35.33,0,1,0,0,1,NONE,63,202,0.979285453788,20.0825795156,1.33398421613,0.0207145462124
2026-05-27T23:31:37.483,590430,1.04,-0.65,-0.69,-22.8,35.6,5.2,-2.4,13.3,24.9,101.121,35.34,0,1,0,0,1,NONE,65,276,1.40719579306,42.5938962763,13.2956815519,0.407195793058
2026-05-27T23:31:37.532,590480,1.01,0.27,-0.19,-29.5,-16.5,21.3,-3.3,14.0,25.1,101.123,35.33,0,1,0,0,1,NONE,81,369,1.06259117256,39.9523466144,20.9504176569,0.0625911725589
2026-05-27T23:31:37.580,590528,0.79,-0.26,-0.2,61.3,-9.9,16.0,-3.0,13.5,24.1,101.117,35.33,0,1,0,0,1,NONE,87,394,0.855394645763,64.1225389391,11.9569540436,0.144605354237
2026-05-27T23:31:37.634,590580,0.86,-0.17,-0.29,-10.6,-0.2,7.5,-2.5,12.1,23.8,101.12,35.33,0,1,0,0,1,NONE,92,321,0.923363417079,12.9865314846,2.79343058583,0.0766365829209
2026-05-27T23:31:37.691,590632,0.94,-0.11,-0.25,-7.6,1.7,2.7,-3.2,13.5,24.2,101.121,35.33,0,1,0,0,1,NONE,53,314,0.978876907481,8.242572414,2.07121723351,0.0211230925188
2026-05-27T23:31:37.726,590678,0.97,-0.09,-0.26,-30.9,-2.2,4.9,-2.6,13.6,25.1,101.125,35.33,0,1,0,0,1,NONE,72,278,1.00826583796,31.3633544124,0.813403779733,0.0082658379614
2026-05-27T23:31:37.789,590730,0.91,-0.14,-0.19,-14.1,-4.2,3.8,-3.1,14.4,25.4,101.123,35.33,0,1,0,0,1,NONE,45,260,0.94010637696,15.1950649883,2.01694009263,0.0598936230405
2026-05-27T23:31:37.835,590778,0.96,-0.12,-0.19,-13.7,1.3,4.3,-2.9,14.7,24.3,101.121,35.33,0,1,0,0,1,NONE,76,284,0.985951317257,14.4176974583,1.12190933482,0.0140486827434
2026-05-27T23:31:37.883,590830,0.9,-0.14,-0.17,-23.1,2.4,3.7,-2.5,15.4,25.6,101.124,35.34,0,1,0,0,1,NONE,65,193,0.926552750792,23.5172277278,1.27562491937,0.0734472492081
2026-05-27T23:31:37.933,590882,0.93,-0.1,-0.17,-27.6,6.6,1.8,-2.8,16.3,26.1,101.124,35.33,0,1,0,0,1,NONE,69,224,0.950683964312,28.4351894666,0.961538461538,0.049316035688
2026-05-27T23:31:37.983,590930,0.95,-0.01,-0.19,-9.3,4.3,-0.9,-3.1,16.8,27.3,101.125,35.33,0,0,0,0,0,NONE,53,313,0.968865315717,10.2854265833,1.96541273585,0.0311346842827
2026-05-27T23:31:38.032,590978,0.99,-0.18,-0.14,-16.9,7.4,-1.8,-2.9,17.2,27.6,101.122,35.32,0,0,0,0,0,NONE,50,264,1.01592322545,18.536720314,3.78456294262,0.0159232254457
2026-05-27T23:31:38.076,591030,0.93,-0.21,-0.17,-44.1,9.5,-3.2,-2.5,18.6,26.7,101.126,35.33,0,1,0,0,1,NONE,64,355,0.968452373635,45.2249930901,1.4131671593,0.0315476263646
2026-05-27T23:31:38.128,591080,0.85,-0.25,-0.02,-65.2,8.9,-3.2,-3.1,20.4,27.7,101.126,35.34,0,1,0,0,1,NONE,68,259,0.886227961644,65.8823952206,3.49284983931,0.113772038356
2026-05-27T23:31:38.188,591128,1.3,-0.46,-0.5,-116.9,53.6,-12.1,-3.5,23.4,27.8,101.125,35.33,0,1,0,0,1,NONE,116,439,1.46683332386,129.170352636,14.3885805415,0.466833323865
2026-05-27T23:31:38.238,591180,0.82,-0.26,-0.19,4.0,-12.2,17.9,-4.6,24.8,30.6,101.122,35.34,0,1,0,0,1,NONE,57,284,0.880965379569,22.0283907719,11.6421622059,0.119034620431
2026-05-27T23:31:38.287,591232,0.87,-0.25,-0.2,-95.2,23.6,5.3,-4.4,26.4,29.3,101.128,35.34,0,1,0,1,2,NONE,86,310,0.927038294786,98.2246913968,0.99926008129,0.0729617052139
2026-05-27T23:31:38.332,591278,0.92,-0.44,-0.28,-71.5,25.9,-2.8,-5.3,29.5,30.9,101.124,35.33,0,1,0,1,2,NONE,84,310,1.05754432531,76.097963179,4.61156596426,0.0575443253122
2026-05-27T23:31:38.384,591330,0.9,-0.41,-0.24,-74.8,18.2,3.2,-6.3,32.0,30.9,101.123,35.33,0,1,0,1,2,NONE,106,502,1.01769347055,77.048815695,1.03560861676,0.0176934705499
2026-05-27T23:31:38.428,591378,0.86,-0.36,-0.22,-87.9,23.3,4.9,-6.8,34.8,30.9,101.125,35.33,0,1,0,1,2,NONE,79,594,0.957914401186,91.067612245,1.39754248594,0.0420855988138
2026-05-27T23:31:38.486,591430,0.91,-0.36,-0.22,-82.9,25.0,9.0,-7.5,37.0,30.6,101.126,35.33,0,1,0,0,1,NONE,97,476,1.00304536288,87.0540636616,0.961538461538,0.00304536288246
2026-05-27T23:31:38.541,591481,0.92,-0.3,-0.25,-79.4,19.4,8.5,-9.1,40.7,30.3,101.124,35.34,0,1,0,0,1,NONE,97,356,0.999449848667,82.1764564824,1.32986862414,0.000550151333245
2026-05-27T23:31:38.573,591530,0.89,-0.31,-0.2,-76.4,22.9,8.7,-8.7,43.0,29.0,101.123,35.33,0,1,1,1,3,NONE,92,326,0.963431367561,80.231290654,1.20736322104,0.0365686324392
2026-05-27T23:31:38.637,591578,0.86,-0.34,-0.22,-65.2,22.0,9.3,-9.7,45.0,28.1,101.122,35.34,0,1,1,1,3,NONE,84,289,0.950578771065,69.4372378483,0.977169949963,0.0494212289347
2026-05-27T23:31:38.689,591630,0.87,-0.36,-0.18,-60.6,26.7,6.8,-10.5,46.5,27.9,101.123,35.34,0,1,1,1,3,NONE,54,276,0.95859271852,66.5694374319,0.881264556722,0.0414072814798
2026-05-27T23:31:38.738,591680,0.86,-0.43,-0.17,-60.1,30.2,8.5,-10.8,48.3,25.6,101.124,35.33,0,1,1,1,3,NONE,33,159,0.976422039899,67.7960175822,1.42828568571,0.0235779601013
2026-05-27T23:31:38.782,591728,0.89,-0.38,-0.17,-45.8,28.8,9.9,-11.7,50.4,26.0,101.122,35.33,0,1,0,1,2,NONE,57,198,0.982547708765,55.0008181757,1.21478164476,0.0174522912347
2026-05-27T23:31:38.832,591780,0.85,-0.33,-0.18,-36.2,28.1,12.6,-12.5,50.9,23.7,101.121,35.34,0,1,0,1,2,NONE,42,222,0.929408413992,47.526939729,1.24629628816,0.0705915860075
2026-05-27T23:31:38.890,591832,0.92,-0.38,-0.12,-15.0,18.0,15.5,-12.4,51.9,23.0,101.121,35.33,0,1,0,1,2,NONE,39,277,1.00259662876,28.0935935758,2.01694009263,0.00259662875954
2026-05-27T23:31:38.933,591878,0.86,-0.41,-0.23,-22.4,32.2,16.0,-13.2,52.1,23.1,101.12,35.34,0,1,0,1,2,NONE,37,165,0.980102035504,42.3627194594,2.80089102755,0.0198979644955
2026-05-27T23:31:38.991,591932,1.02,-0.28,-0.31,-14.8,22.2,16.6,-14.3,52.7,22.5,101.123,35.33,0,1,0,0,1,NONE,44,156,1.1022250224,31.4235580417,4.09506377546,0.102225022398
2026-05-27T23:31:39.028,591978,0.96,-0.18,-0.18,20.3,11.3,14.3,-13.7,52.7,23.9,101.122,35.33,0,1,0,0,1,NONE,36,194,0.993176721435,27.2813122852,3.7965759123,0.00682327856519
2026-05-27T23:31:39.092,592030,0.97,-0.31,-0.3,0.7,14.3,21.6,-14.0,52.8,23.2,101.124,35.34,0,1,0,1,2,NONE,63,403,1.06160256217,25.9140888321,3.40770098974,0.0616025621672
2026-05-27T23:31:39.135,592081,0.87,-0.4,-0.32,14.6,3.5,32.5,-13.5,51.9,22.8,101.118,35.33,0,1,0,1,2,NONE,61,303,1.00960388272,35.8002793285,2.66695500171,0.00960388271837
2026-05-27T23:31:39.188,592130,0.96,-0.11,-0.42,8.4,11.5,35.2,-12.5,51.8,24.1,101.124,35.34,0,1,0,1,2,NONE,77,438,1.05361283212,37.9716999883,6.52423157679,0.0536128321162
2026-05-27T23:31:39.232,592178,0.93,-0.0,-0.39,12.3,-5.9,29.5,-12.0,51.5,23.7,101.125,35.33,0,1,0,1,2,NONE,53,280,1.00846417884,32.5015384251,2.45621377553,0.0084641788383
2026-05-27T23:31:39.285,592230,1.11,-0.21,-0.3,-15.3,3.1,20.3,-11.7,51.4,23.3,101.124,35.34,0,1,0,0,1,NONE,65,195,1.16884558433,25.6083970603,5.59347675856,0.168845584327
2026-05-27T23:31:39.335,592280,0.88,-0.16,-0.26,-20.8,-10.2,20.9,-11.2,51.2,23.6,101.123,35.34,0,1,0,0,1,NONE,72,164,0.931450481776,31.2008012718,4.77493455453,0.0685495182244
2026-05-27T23:31:39.377,592328,0.91,-0.06,-0.27,-15.7,-6.2,19.2,-11.0,51.6,22.4,101.126,35.33,0,1,0,1,2,NONE,49,166,0.951104620954,25.5650151574,2.18501843369,0.048895379046
2026-05-27T23:31:39.426,592380,0.87,-0.1,-0.21,-11.5,-4.9,15.7,-10.7,52.4,21.9,101.122,35.33,0,1,0,1,2,NONE,44,198,0.900555384194,20.0686322404,1.58580985601,0.0994446158064
2026-05-27T23:31:39.490,592432,0.82,-0.06,-0.27,-19.7,-0.1,7.9,-9.4,52.2,20.8,101.121,35.34,0,1,0,0,1,NONE,35,203,0.865390085453,21.2252208469,1.68749315142,0.134609914547
2026-05-27T23:31:39.537,592478,0.93,-0.04,-0.27,-4.9,1.8,6.4,-10.2,52.7,20.6,101.122,35.34,0,1,0,0,1,NONE,39,202,0.969226495717,8.25893455598,2.4305086712,0.0307735042829
2026-05-27T23:31:39.589,592532,0.88,-0.07,-0.2,-14.2,-1.7,0.9,-9.9,52.9,21.0,101.12,35.33,0,1,0,1,2,NONE,38,225,0.90515192095,14.3296894593,1.68711732947,0.0948480790497
2026-05-27T23:31:39.633,592578,0.95,-0.09,-0.19,-7.0,12.9,-1.3,-9.5,53.1,20.4,101.119,35.32,0,1,0,1,2,NONE,34,225,0.972985097522,14.7343136929,1.59749331051,0.0270149024779
2026-05-27T23:31:39.685,592630,1.06,-0.11,-0.1,11.5,0.2,-0.8,-10.1,53.4,20.3,101.123,35.33,0,1,0,1,2,NONE,50,230,1.07037376649,11.5295273103,2.76013463354,0.0703737664947
2026-05-27T23:31:39.733,592682,0.94,-0.21,-0.1,-20.5,7.8,-4.8,-9.9,53.7,20.2,101.121,35.33,0,1,0,1,2,NONE,59,362,0.9683491106,22.4528394641,3.00394218304,0.0316508893999
2026-05-27T23:31:39.789,592730,1.02,-0.27,-0.1,-41.5,-4.2,-7.0,-10.4,53.8,19.5,101.123,35.33,0,1,0,0,1,NONE,64,353,1.05985848112,42.2952716033,2.08333333333,0.0598584811191
2026-05-27T23:31:39.825,592778,0.87,-0.11,-0.08,-36.6,-15.7,-7.1,-10.9,55.5,19.6,101.126,35.33,0,1,0,0,1,NONE,41,244,0.88056799851,40.4531828167,4.58806573866,0.11943200149
2026-05-27T23:31:39.889,592830,1.02,-0.02,-0.36,-18.6,-0.3,-6.6,-10.8,55.8,17.4,101.12,35.33,0,1,0,1,2,NONE,44,245,1.0818502669,19.7385409795,6.34906693047,0.0818502669039
2026-05-27T23:31:39.937,592880,0.98,-0.15,-0.29,-5.6,-6.0,-9.2,-10.9,55.4,18.5,101.122,35.33,0,1,0,1,2,NONE,64,299,1.03295692069,12.3288280059,3.05941170816,0.0329569206893
2026-05-27T23:31:39.986,592929,0.87,-0.31,-0.26,-17.5,3.2,-6.0,-10.1,55.9,17.4,101.121,35.33,0,1,0,1,2,NONE,52,309,0.959479025305,18.7747170418,4.00956789885,0.0405209746951
2026-05-27T23:31:40.034,592980,0.96,-0.26,-0.3,-33.1,6.2,-2.0,-11.1,56.0,15.9,101.123,35.33,0,1,0,1,2,NONE,48,318,1.03884551306,33.7349966652,2.16575706219,0.0388455130576
2026-05-27T23:31:40.083,593032,0.96,-0.24,-0.26,-28.4,9.5,1.3,-11.5,56.2,15.2,101.124,35.33,0,1,0,0,1,NONE,81,459,1.02313244499,29.9749895746,0.860026145192,0.0231324449943
2026-05-27T23:31:40.133,593078,0.99,-0.23,-0.18,-12.5,2.7,4.2,-11.1,57.2,15.7,101.122,35.33,0,1,0,0,1,NONE,62,417,1.03218215447,13.460312032,1.87007071023,0.0321821544669
2026-05-27T23:31:40.181,593130,0.93,-0.26,-0.19,-24.0,3.7,3.0,-11.3,57.3,13.9,101.122,35.33,0,1,0,0,1,NONE,54,275,0.984174781225,24.4681425531,1.30429422752,0.0158252187746
2026-05-27T23:31:40.229,593178,0.88,-0.21,-0.12,-22.3,5.2,4.6,-11.4,57.8,13.8,101.122,35.34,0,1,0,0,1,NONE,77,393,0.912633551871,23.355727349,2.07289049397,0.0873664481294
2026-05-27T23:31:40.289,593230,0.93,-0.31,-0.14,-37.7,16.9,6.4,-11.1,58.1,13.2,101.12,35.33,0,1,0,0,1,NONE,101,492,0.990252493054,41.8074156102,2.18419551762,0.00974750694583
2026-05-27T23:31:40.340,593282,0.93,-0.16,-0.16,-7.3,16.2,10.4,-11.5,58.4,11.9,101.121,35.34,0,1,0,0,1,NONE,147,917,0.957131129992,20.5885890726,2.910143452,0.0428688700079
2026-05-27T23:31:40.387,593330,0.93,-0.19,-0.01,-16.2,9.2,9.4,-11.2,58.5,11.5,101.124,35.33,0,1,0,1,2,NONE,123,700,0.949262871917,20.8671991412,3.186887196,0.0507371280831
2026-05-27T23:31:40.437,593378,0.91,-0.3,-0.04,-19.0,0.9,12.1,-11.3,58.7,10.2,101.124,35.34,0,1,0,1,2,NONE,134,775,0.959009906101,22.5437352717,2.41163268808,0.0409900938989
2026-05-27T23:31:40.487,593430,0.86,-0.37,-0.06,-26.1,2.9,23.2,-11.8,59.1,10.5,101.125,35.33,0,1,0,1,2,NONE,77,472,0.93813645063,35.0408333234,1.69841555122,0.0618635493703
2026-05-27T23:31:40.538,593480,0.9,-0.15,-0.1,-32.9,-4.6,25.2,-10.6,59.2,9.7,101.124,35.33,0,1,0,1,2,NONE,160,970,0.917877987534,41.6966425507,4.54312667664,0.0821220124657
2026-05-27T23:31:40.583,593529,0.9,-0.09,0.01,-1.6,-5.3,24.3,-10.2,59.4,7.9,101.12,35.33,0,1,0,1,2,NONE,111,851,0.904544084056,24.9226804337,2.55713552778,0.0954559159444
2026-05-27T23:31:40.635,593580,1.02,-0.2,-0.13,-8.7,14.3,16.8,-9.3,59.2,6.9,101.124,35.33,0,1,0,1,2,NONE,131,774,1.04752088285,23.7153958432,4.20998246149,0.0475208828467
2026-05-27T23:31:40.691,593632,1.21,-0.17,-0.36,0.5,21.4,6.3,-8.4,59.1,6.8,101.127,35.34,0,1,0,0,1,NONE,93,547,1.27381317311,22.3136729384,5.76602475022,0.273813173114
2026-05-27T23:31:40.727,593678,1.21,-0.24,-0.39,-55.8,9.5,-4.1,-8.7,61.8,6.5,101.123,35.33,0,1,0,0,1,NONE,54,306,1.29375422705,56.7512114408,1.6556028491,0.293754227046
2026-05-27T23:31:40.788,593729,0.71,-0.25,-0.2,-23.4,1.6,5.6,-8.7,61.8,6.5,101.123,35.33,0,1,0,1,2,NONE,38,206,0.778845299145,24.1138964085,10.4897379413,0.221154700855
2026-05-27T23:31:40.836,593778,0.96,-0.29,-0.39,-23.3,38.4,13.6,-9.8,59.7,6.0,101.122,35.33,0,1,0,1,2,NONE,47,225,1.07601115236,46.9298412527,6.46007828218,0.0760111523586
2026-05-27T23:31:40.884,593831,1.03,-0.11,-0.21,-38.8,7.6,9.2,-9.0,59.9,4.7,101.124,35.33,0,1,0,0,1,NONE,38,237,1.05692951515,40.593595554,4.98127501224,0.0569295151523
2026-05-27T23:31:40.941,593882,0.99,-0.24,-0.25,-55.2,23.4,9.3,-9.2,60.4,2.5,101.124,35.34,0,1,0,0,1,NONE,58,229,1.0489041901,60.6719869462,2.77989154485,0.0489041900955
2026-05-27T23:31:40.985,593930,0.89,-0.1,-0.19,-43.5,8.2,15.1,-9.1,60.2,2.5,101.121,35.33,0,1,0,1,2,NONE,35,217,0.91553263186,46.7707173347,3.79601399131,0.0844673681403
2026-05-27T23:31:41.028,593978,0.9,-0.14,-0.2,-34.3,11.4,15.0,-8.6,60.2,0.7,101.122,35.33,0,1,0,1,2,NONE,109,799,0.93252345815,39.1337450291,0.883883476483,0.06747654185
2026-05-27T23:31:41.081,594030,0.91,-0.17,-0.24,-39.6,14.8,13.6,-8.5,60.9,-0.4,101.125,35.34,0,1,0,0,1,NONE,72,413,0.95634721728,44.4090080952,0.980580675691,0.0436527827196
2026-05-27T23:31:41.129,594080,0.92,-0.18,-0.22,-49.0,16.7,11.6,-8.4,60.6,-1.8,101.122,35.33,0,1,0,0,1,NONE,43,278,0.962912249377,53.0513901797,0.489897948557,0.0370877506231
2026-05-27T23:31:41.173,594128,0.96,-0.14,-0.22,-38.1,18.0,12.6,-7.5,60.5,-3.7,101.123,35.33,0,1,0,0,1,NONE,23,124,0.994786409236,43.9814733723,1.17851130198,0.00521359076433
2026-05-27T23:31:41.239,594180,0.91,-0.18,-0.23,-47.6,21.7,11.8,-7.2,60.1,-4.0,101.123,35.33,0,1,0,0,1,NONE,93,530,0.955719624158,53.6273251244,1.24629628816,0.0442803758424
2026-05-27T23:31:41.285,594232,0.97,-0.15,-0.19,-34.1,20.2,10.6,-6.4,59.9,-6.2,101.122,35.34,0,1,0,0,1,NONE,165,801,0.999749968742,41.0269423672,1.50197109152,0.000250031257815
2026-05-27T23:31:41.332,594278,0.97,-0.2,-0.14,-43.6,11.5,5.1,-6.8,58.9,-6.9,101.124,35.33,0,1,0,0,1,NONE,87,574,1.00024996876,45.3786293314,1.53718865475,0.00024996875781
2026-05-27T23:31:41.383,594330,0.94,-0.18,-0.14,-51.3,5.5,1.1,-7.0,58.5,-8.6,101.124,35.33,0,1,0,0,1,NONE,76,496,0.967264183147,51.6057167376,0.693375245282,0.0327358168525
2026-05-27T23:31:41.429,594378,0.97,-0.21,-0.17,-51.1,-0.7,-0.2,-7.2,59.0,-9.4,101.122,35.33,0,1,0,0,1,NONE,108,622,1.00692601516,51.1051856469,1.08253175473,0.00692601515702
2026-05-27T23:31:41.481,594430,1.15,-0.02,-0.42,-31.0,10.1,9.3,-6.4,57.8,-12.2,101.126,35.34,0,1,0,0,1,NONE,104,589,1.22445906424,33.9042770163,6.96036964264,0.22445906424
2026-05-27T23:31:41.541,594482,0.94,-0.33,-0.14,-33.4,-8.4,4.1,-6.6,58.0,-11.4,101.125,35.34,0,1,0,0,1,NONE,113,662,1.00603180864,34.683281275,8.99128440582,0.00603180864225
2026-05-27T23:31:41.589,594530,0.93,-0.17,-0.3,-64.6,7.9,-3.7,-6.6,57.2,-13.5,101.124,35.34,0,1,0,1,2,NONE,74,420,0.991866926558,65.186348264,4.71864652204,0.0081330734418
2026-05-27T23:31:41.637,594578,0.76,-0.24,-0.26,-50.0,9.7,-2.0,-6.7,56.4,-16.4,101.12,35.34,0,1,0,1,2,NONE,95,535,0.838331676605,50.9714626041,3.91976827546,0.161668323395
2026-05-27T23:31:41.689,594630,1.04,-0.22,-0.24,-39.7,11.4,1.2,-6.8,55.8,-16.8,101.121,35.34,0,1,0,1,2,NONE,75,463,1.08977061807,41.3217860214,5.41201818441,0.089770618066
2026-05-27T23:31:41.737,594680,0.94,-0.25,-0.18,-6.0,1.7,1.6,-5.9,54.8,-16.9,101.12,35.33,0,1,0,1,2,NONE,70,461,0.989191589127,6.43816744113,2.40831891576,0.0108084108728
2026-05-27T23:31:41.787,594729,0.87,-0.34,-0.09,-39.4,-0.7,-5.2,-6.8,54.4,-18.0,101.122,35.33,0,1,0,1,2,NONE,127,802,0.938402898546,39.7478301295,2.96445694823,0.0615971014538
2026-05-27T23:31:41.835,594780,0.92,-0.25,-0.15,-17.3,2.1,-3.6,-6.9,54.3,-19.3,101.123,35.33,0,1,0,1,2,NONE,37,235,0.965090669316,17.7949431019,2.33654417408,0.0349093306844
2026-05-27T23:31:41.889,594832,0.93,-0.29,-0.17,-21.7,6.2,-0.6,-7.3,53.6,-20.0,101.12,35.34,0,1,0,0,1,NONE,85,560,0.988888264669,22.5763150226,0.881264556722,0.011111735331
2026-05-27T23:31:41.935,594878,0.88,-0.28,-0.12,-9.7,7.0,6.8,-6.7,53.6,-19.5,101.121,35.34,0,1,0,0,1,NONE,51,294,0.931235738146,13.7597238344,1.55248444099,0.0687642618542
2026-05-27T23:31:41.979,594930,0.96,-0.22,-0.17,-2.4,9.4,8.9,-6.5,53.1,-19.8,101.121,35.33,0,1,0,0,1,NONE,129,705,0.999449848667,13.1654851791,2.15006536298,0.000550151333245
2026-05-27T23:31:42.036,594978,0.89,-0.29,-0.12,4.2,14.4,6.0,-7.2,52.8,-20.0,101.125,35.33,0,1,0,0,1,NONE,81,441,0.943716058992,16.1554944214,2.31052843884,0.0562839410077
2026-05-27T23:31:42.089,595030,0.92,-0.26,-0.1,12.2,14.0,10.4,-6.4,53.1,-19.8,101.123,35.33,0,1,0,1,2,NONE,127,730,0.961249187256,21.2837966538,0.902003030735,0.0387508127442
2026-05-27T23:31:42.138,595082,0.9,-0.26,-0.08,13.1,14.8,13.2,-5.8,53.1,-19.7,101.121,35.34,0,1,0,1,2,NONE,140,816,0.940212741883,23.767414668,0.54392829322,0.0597872581165
2026-05-27T23:31:42.188,595130,0.94,-0.17,-0.16,40.3,19.3,18.7,-4.9,53.2,-18.7,101.128,35.33,0,1,0,1,2,NONE,107,727,0.968555625661,48.4383112835,2.64345365426,0.0314443743388
2026-05-27T23:31:42.237,595178,0.9,-0.31,-0.13,41.7,7.0,16.9,-5.5,53.9,-17.1,101.123,35.33,0,1,0,1,2,NONE,123,803,0.960728889958,45.5357002801,3.09709765569,0.039271110042
2026-05-27T23:31:42.283,595230,1.05,-0.55,-0.6,19.1,58.0,3.8,-4.2,54.9,-15.9,101.119,35.33,0,1,0,0,1,NONE,119,739,1.32853302556,61.1821052269,10.550666711,0.328533025559
2026-05-27T23:31:42.337,595278,1.08,0.08,-0.22,-19.4,19.3,21.4,-3.2,54.4,-16.4,101.123,35.34,0,1,0,0,1,NONE,103,637,1.10507918268,34.7391709746,15.3404648271,0.105079182683
2026-05-27T23:31:42.379,595330,0.95,-0.04,-0.38,87.9,13.6,19.0,-3.3,54.2,-15.5,101.121,35.34,0,1,0,0,1,NONE,155,1023,1.02396288995,90.9525700571,4.58725401611,0.0239628899526
2026-05-27T23:31:42.438,595380,0.89,-0.02,-0.43,66.7,14.2,21.4,-2.0,55.0,-13.4,101.124,35.34,0,1,0,0,1,NONE,207,1179,0.988635423197,71.4737014572,1.61245154966,0.011364576803
2026-05-27T23:31:42.487,595428,0.93,-0.06,-0.34,19.8,14.2,7.6,-1.6,56.0,-11.4,101.122,35.34,0,1,0,0,1,NONE,60,444,0.992018144995,25.5233226677,2.21461371099,0.00798185500466
2026-05-27T23:31:42.538,595480,0.97,-0.06,-0.41,11.0,9.8,6.3,-1.9,55.8,-11.5,101.124,35.33,0,1,0,0,1,NONE,75,422,1.05479855897,16.0227962603,1.55043418237,0.0547985589675
2026-05-27T23:31:42.590,595532,0.9,0.11,-0.36,15.0,-3.1,10.1,-1.8,55.2,-10.6,101.126,35.33,0,1,0,0,1,NONE,60,458,0.975551126287,18.3472068719,3.6639536314,0.0244488737129
2026-05-27T23:31:42.632,595578,0.91,-0.02,-0.33,10.1,2.3,11.4,-1.9,55.8,-11.2,101.121,35.34,0,1,0,0,1,NONE,46,296,0.968194195397,15.4032464111,2.90849742614,0.0318058046032
2026-05-27T23:31:42.687,595630,0.9,0.03,-0.34,11.5,-1.7,8.7,-1.7,55.8,-11.1,101.124,35.34,0,1,0,0,1,NONE,44,228,0.962548700067,14.5199862259,0.99926008129,0.0374512999333
2026-05-27T23:31:42.731,595678,0.87,-0.03,-0.36,-1.2,4.4,4.9,-1.2,56.0,-11.0,101.122,35.33,0,1,0,0,1,NONE,58,328,0.942019108086,6.69402718847,1.45833333333,0.0579808919135
2026-05-27T23:31:42.780,595730,0.98,0.03,-0.33,14.0,0.1,2.4,-1.0,55.3,-11.2,101.125,35.34,0,1,0,0,1,NONE,147,838,1.03450471241,14.2045767272,2.4777112936,0.0345047124107
2026-05-27T23:31:42.839,595782,0.85,-0.0,-0.28,0.2,-2.6,-1.3,-1.2,55.9,-10.5,101.122,35.34,0,1,0,0,1,NONE,56,330,0.894930164873,2.91376045687,2.73996285553,0.105069835127
2026-05-27T23:31:42.888,595830,0.94,-0.02,-0.33,-3.1,9.8,-7.4,-1.2,55.9,-11.0,101.124,35.33,0,1,0,0,1,NONE,62,401,0.996443676281,12.6653069446,2.18501843369,0.0035563237192
2026-05-27T23:31:42.936,595878,0.92,-0.02,-0.28,-2.9,4.6,-6.1,-1.5,56.2,-11.5,101.123,35.34,0,1,0,0,1,NONE,62,368,0.961873172513,8.17190308313,1.12190933482,0.0381268274871
2026-05-27T23:31:42.985,595930,0.93,-0.05,-0.28,-12.6,4.8,-12.7,-1.6,55.9,-11.7,101.12,35.34,0,1,0,0,1,NONE,40,236,0.972522493313,18.5226887897,0.608130319263,0.0274775066869
2026-05-27T23:31:43.031,595980,0.99,-0.07,-0.26,-14.0,1.0,-14.6,-2.2,55.4,-12.0,101.121,35.34,0,1,0,0,1,NONE,115,648,1.02596296229,20.2524072643,1.32664991614,0.0259629622944
2026-05-27T23:31:43.088,596028,0.93,-0.08,-0.23,-19.7,-2.6,-17.7,-3.2,56.2,-11.5,101.124,35.34,0,1,0,0,1,NONE,55,340,0.961353212924,26.6109000224,1.41298541315,0.0386467870756
2026-05-27T23:31:43.131,596080,0.96,-0.08,-0.26,-15.6,-0.5,-15.7,-4.1,55.9,-12.2,101.121,35.34,0,1,0,0,1,NONE,57,298,0.997797574661,22.1382022757,0.815892439831,0.00220242533869
2026-05-27T23:31:43.180,596132,0.92,-0.15,-0.22,-32.2,-2.1,-12.6,-4.5,56.1,-13.4,101.127,35.33,0,1,0,0,1,NONE,45,211,0.957757798193,34.6411604886,1.73076923077,0.0422422018067
2026-05-27T23:31:43.225,596178,1.01,-0.15,-0.59,-35.1,39.7,-2.7,-4.6,56.0,-14.4,101.123,35.34,0,1,0,0,1,NONE,61,283,1.17927944101,53.0602487744,8.2780142455,0.179279441015
2026-05-27T23:31:43.289,596230,0.94,-0.14,-0.32,-20.2,-8.7,7.3,-4.2,55.3,-16.0,101.122,35.34,0,1,0,0,1,NONE,81,404,1.00279609094,23.1736919803,5.36741759114,0.00279609093773
2026-05-27T23:31:43.337,596278,0.91,-0.24,-0.35,-31.5,7.6,-0.4,-3.9,53.9,-17.3,101.12,35.34,0,1,0,0,1,NONE,29,176,1.00409162928,32.4063265428,2.263079269,0.0040916292849
2026-05-27T23:31:43.385,596330,0.96,-0.21,-0.3,-36.7,1.7,-6.2,-4.4,53.5,-16.8,101.122,35.33,0,1,0,0,1,NONE,67,327,1.02747262737,37.2588244581,1.47714341305,0.0274726273726
2026-05-27T23:31:43.437,596382,0.94,-0.3,-0.2,3.4,-10.0,-5.4,-5.4,53.7,-17.9,101.122,35.34,0,1,0,0,1,NONE,129,696,1.00677703589,11.8625461011,2.61566740553,0.00677703589226
2026-05-27T23:31:43.483,596430,0.85,-0.37,-0.24,-18.2,-5.4,-4.9,-4.4,54.0,-17.6,101.123,35.33,0,1,0,0,1,NONE,85,523,0.95760116959,19.6063765138,2.5173012445,0.0423988304101
2026-05-27T23:31:43.532,596478,0.88,-0.24,-0.22,-18.5,-5.9,1.5,-5.0,53.3,-18.9,101.117,35.33,0,1,0,0,1,NONE,69,387,0.938296328459,19.4758825217,2.81057032567,0.0617036715408
2026-05-27T23:31:43.581,596530,0.87,-0.26,-0.23,-2.1,0.1,4.2,-5.4,52.9,-20.2,101.123,35.33,0,1,0,0,1,NONE,65,406,0.936696322188,4.69680742633,0.471055719766,0.0633036778123
2026-05-27T23:31:43.629,596580,0.88,-0.32,-0.25,-15.7,2.7,5.1,-5.5,52.5,-19.7,101.126,35.34,0,1,0,0,1,NONE,73,384,0.969174906815,16.7269244035,1.28062484749,0.0308250931849
2026-05-27T23:31:43.683,596629,0.91,-0.29,-0.21,-6.9,7.8,9.8,-5.4,52.6,-20.6,101.122,35.33,0,1,0,0,1,NONE,76,400,0.977905925946,14.3,1.18999018262,0.0220940740542
2026-05-27T23:31:43.738,596680,0.9,-0.2,-0.23,4.5,8.5,10.6,-5.6,52.1,-20.5,101.12,35.34,0,1,0,0,1,NONE,56,241,0.950210502994,14.3129312162,1.81835656774,0.0497894970061
2026-05-27T23:31:43.787,596732,0.93,-0.23,-0.19,9.9,3.5,12.1,-5.0,52.1,-20.3,101.122,35.33,0,1,0,0,1,NONE,55,330,0.976678043165,16.0209238186,1.12133690285,0.0233219568353
2026-05-27T23:31:43.836,596778,0.91,-0.21,-0.14,29.9,-2.8,14.8,-4.6,51.7,-18.3,101.125,35.34,0,1,0,0,1,NONE,51,268,0.944351629426,33.4796953391,1.24881796664,0.0556483705738
2026-05-27T23:31:43.881,596830,0.97,-0.21,-0.17,42.4,13.0,22.9,-4.5,52.1,-19.7,101.122,35.33,0,1,0,0,1,NONE,49,185,1.00692601516,49.9116218931,1.29003921779,0.00692601515702
2026-05-27T23:31:43.930,596878,0.92,-0.35,-0.64,13.2,10.7,11.5,-4.1,52.5,-18.6,101.122,35.33,0,1,0,0,1,NONE,43,207,1.17409539646,20.5177971527,10.2697979532,0.174095396465
2026-05-27T23:31:43.981,596930,1.15,0.1,-0.21,34.2,-3.7,13.1,-4.0,53.1,-18.1,101.121,35.33,0,1,0,0,1,NONE,44,228,1.17328598389,36.8095096409,12.760597174,0.173285983893
2026-05-27T23:31:44.033,596981,0.9,-0.31,-0.37,49.3,8.5,9.9,-3.1,53.2,-18.2,101.122,35.34,0,1,0,0,1,NONE,42,198,1.02127371453,50.9975489607,9.92474567439,0.0212737145349
2026-05-27T23:31:44.075,597030,0.9,-0.05,-0.37,16.8,2.1,6.0,-4.0,54.0,-16.7,101.12,35.34,0,1,0,0,1,NONE,34,144,0.974371592361,17.9624608559,5.30612244898,0.0256284076391
2026-05-27T23:31:44.127,597078,0.89,-0.07,-0.35,30.9,1.5,5.4,-3.4,54.9,-16.5,101.124,35.33,0,1,0,0,1,NONE,42,174,0.958905626222,31.4041398545,0.625,0.0410943737781
2026-05-27T23:31:44.188,597130,0.96,-0.05,-0.29,14.0,-1.7,6.3,-3.2,54.9,-14.4,101.121,35.34,0,1,0,0,1,NONE,39,211,1.00409162928,15.44603509,1.81422714078,0.0040916292849
2026-05-27T23:31:44.238,597180,0.93,-0.03,-0.34,3.5,7.4,2.7,-3.9,54.3,-15.3,101.122,35.33,0,1,0,0,1,NONE,38,241,0.990656348084,8.6197447758,1.23288280059,0.00934365191556
2026-05-27T23:31:44.286,597228,0.94,-0.06,-0.29,9.9,-6.8,1.5,-3.3,54.3,-14.8,101.12,35.34,0,1,0,0,1,NONE,49,267,0.985545534209,12.1037184369,1.23251662148,0.0144544657906
2026-05-27T23:31:44.336,597280,0.94,-0.06,-0.29,-0.6,4.2,-1.6,-4.3,54.5,-16.1,101.121,35.34,0,1,0,0,1,NONE,39,301,0.985545534209,4.5343136195,0,0.0144544657906
2026-05-27T23:31:44.383,597332,0.9,-0.1,-0.23,-8.5,-3.5,0.7,-4.0,55.0,-14.2,101.125,35.34,0,1,0,0,1,NONE,84,492,0.93429117517,9.2190021152,1.58580985601,0.0657088248303
2026-05-27T23:31:44.428,597378,0.92,-0.04,-0.2,-14.2,5.1,-3.5,-4.3,55.4,-15.6,101.123,35.33,0,1,0,0,1,NONE,64,459,0.942337519151,15.4887055624,1.52173913043,0.0576624808488
2026-05-27T23:31:44.480,597430,0.97,-0.02,-0.2,-15.9,-1.6,-8.7,-4.4,54.4,-17.0,101.123,35.34,0,1,0,0,1,NONE,39,215,0.99060587521,18.1950542731,1.03560861676,0.00939412479029
2026-05-27T23:31:44.525,597478,0.95,-0.06,-0.2,-17.3,0.0,-10.6,-5.2,54.7,-16.7,101.124,35.34,0,1,0,0,1,NONE,51,292,0.972676719162,20.2891596672,0.931694990625,0.0273232808379
2026-05-27T23:31:44.589,597530,0.84,-0.16,-0.21,-42.0,1.6,-9.7,-4.8,53.7,-18.2,101.122,35.33,0,1,0,0,1,NONE,37,219,0.880511215147,43.1352524045,2.86532008188,0.119488784853
2026-05-27T23:31:44.637,597582,0.89,-0.22,-0.24,-49.6,7.5,-10.2,-5.4,53.2,-19.5,101.123,35.33,0,1,0,0,1,NONE,43,232,0.947681381056,51.1903311183,1.60896158949,0.0523186189441
2026-05-27T23:31:44.688,597630,1.35,-0.02,-0.79,-6.3,27.0,0.1,-5.2,52.3,-18.1,101.125,35.34,0,1,0,0,1,NONE,77,167,1.56428897586,27.7254395817,15.507894495,0.564288975861
2026-05-27T23:31:44.737,597678,0.77,-0.53,-0.22,-47.7,6.0,-10.0,-5.0,51.9,-19.0,101.123,35.34,0,1,0,0,1,NONE,34,202,0.960312449154,49.1048877404,19.9978297434,0.0396875508461
2026-05-27T23:31:44.785,597730,0.99,-0.05,-0.3,-53.3,15.0,1.2,-5.0,50.6,-20.4,101.121,35.34,0,1,0,0,1,NONE,29,161,1.03566403819,55.3834812918,10.2700230176,0.03566403819
2026-05-27T23:31:44.829,597780,0.96,-0.39,-0.25,-13.0,4.8,-2.0,-5.0,50.4,-19.9,101.123,35.34,0,1,0,0,1,NONE,26,168,1.06592682676,14.0014284985,6.89927532426,0.0659268267569
2026-05-27T23:31:44.887,597828,0.84,-0.38,-0.21,-30.3,-2.7,1.0,-4.8,49.8,-23.0,101.121,35.34,0,1,0,0,1,NONE,24,153,0.945568612,30.4364912564,2.64345365426,0.0544313879998
2026-05-27T23:31:44.923,597880,0.85,-0.39,-0.26,-48.3,6.0,2.3,-5.0,49.3,-23.2,101.122,35.34,0,1,0,0,1,NONE,35,203,0.97066987179,48.7255579753,0.99926008129,0.0293301282104
2026-05-27T23:31:44.990,597932,0.85,-0.36,-0.22,-43.9,9.2,11.2,-4.9,47.4,-23.9,101.123,35.34,0,1,0,0,1,NONE,30,179,0.948946784599,46.2308338666,0.961538461538,0.0510532154014
2026-05-27T23:31:45.036,597978,0.87,-0.39,-0.26,-58.5,16.1,13.1,-4.0,45.6,-24.2,101.122,35.34,0,1,0,0,1,NONE,42,220,0.988230742286,62.0731020652,1.17068800155,0.0117692577136
2026-05-27T23:31:45.088,598030,0.88,-0.39,-0.19,-69.5,18.2,18.4,-3.2,44.5,-25.7,101.122,35.34,0,1,0,0,1,NONE,47,238,0.981121806913,74.1623219701,1.35982073305,0.0188781930871
2026-05-27T23:31:45.135,598078,0.87,-0.33,-0.21,-75.5,22.7,23.7,-2.8,42.4,-26.2,101.125,35.34,0,1,0,0,1,NONE,43,245,0.953886785735,82.3239333365,1.33398421613,0.0461132142649
2026-05-27T23:31:45.184,598130,0.88,-0.32,-0.23,-68.8,23.7,25.5,-1.8,40.1,-27.0,101.125,35.34,0,1,0,0,1,NONE,39,192,0.964209520799,77.1062902752,0.471055719766,0.0357904792007
2026-05-27T23:31:45.231,598182,0.89,-0.34,-0.22,-69.9,23.2,26.4,-1.3,37.6,-27.4,101.126,35.34,0,1,0,0,1,NONE,55,203,0.977803661274,78.2381620439,0.471055719766,0.0221963387264
2026-05-27T23:31:45.277,598230,0.86,-0.43,-0.23,-77.6,30.2,24.4,-0.0,34.1,-27.1,101.123,35.34,0,0,0,0,0,NONE,25,129,0.988635423197,86.7707323929,1.98737333629,0.011364576803
2026-05-27T23:31:45.329,598278,0.97,-0.25,-0.18,-65.7,16.2,28.0,0.4,31.7,-27.5,101.125,35.34,0,0,0,0,0,NONE,23,137,1.01774260007,73.2320285121,4.51655903931,0.0177426000714
2026-05-27T23:31:45.388,598330,0.99,-0.31,-0.18,-47.2,17.5,30.9,1.3,31.0,-26.4,101.124,35.34,0,0,0,0,0,NONE,60,284,1.05290075506,59.0669112109,1.21626063853,0.0529007550572
2026-05-27T23:31:45.436,598380,1.12,-0.21,-0.49,-40.5,12.7,22.0,2.4,29.2,-26.1,101.123,35.34,0,0,0,0,0,NONE,55,309,1.24040316027,47.807321615,7.0142711667,0.240403160267
2026-05-27T23:31:45.484,598428,0.64,-0.05,-0.14,-26.0,2.1,26.6,1.7,27.5,-27.3,101.121,35.33,0,0,0,0,0,NONE,72,353,0.657038811639,37.2554693971,12.8171570127,0.342961188361
2026-05-27T23:31:45.538,598480,1.06,-0.2,-0.29,-38.1,22.8,25.0,2.2,26.3,-25.9,101.118,35.34,0,0,0,0,0,NONE,56,355,1.11700492389,50.9553726314,9.04868488925,0.117004923892
2026-05-27T23:31:45.580,598532,0.94,0.01,-0.28,-65.5,12.6,23.3,2.3,24.5,-25.4,101.121,35.34,0,1,0,0,1,NONE,53,372,0.980866963456,70.6533792539,4.65527632189,0.0191330365437
2026-05-27T23:31:45.632,598578,0.94,-0.09,-0.27,-32.8,13.1,22.6,2.7,22.7,-24.4,101.126,35.34,0,1,0,0,1,NONE,59,307,0.982140519478,41.9310147743,2.18475556981,0.0178594805223
2026-05-27T23:31:45.676,598630,0.95,-0.05,-0.25,-15.0,10.0,22.2,2.3,21.6,-23.6,101.123,35.34,0,0,0,0,0,NONE,46,241,0.983615778645,28.597902021,0.881264556722,0.0163842213547
2026-05-27T23:31:45.728,598678,0.96,-0.19,-0.22,-17.6,11.8,15.4,2.2,21.2,-23.6,101.121,35.33,0,0,0,0,0,NONE,46,276,1.00304536288,26.1946559435,2.990145853,0.00304536288246
2026-05-27T23:31:45.789,598730,0.94,-0.1,-0.27,-27.2,15.8,8.6,2.9,19.9,-23.3,101.125,35.34,0,0,0,0,0,NONE,44,291,0.983107318659,32.6104277801,2.01694009263,0.0168926813415
2026-05-27T23:31:45.840,598782,0.89,-0.1,-0.2,-5.0,7.0,7.4,2.9,19.3,-23.0,101.124,35.34,0,0,0,0,0,NONE,76,513,0.917660067781,11.347246362,1.65429332059,0.0823399322189
2026-05-27T23:31:45.888,598829,0.98,-0.15,-0.24,-7.0,17.7,3.9,2.9,19.2,-22.7,101.124,35.34,0,0,0,0,0,NONE,58,370,1.02004901843,19.4293592277,2.35007681217,0.02004901843
2026-05-27T23:31:45.937,598878,0.94,-0.15,-0.22,-9.4,12.1,2.9,4.0,18.5,-22.6,101.125,35.34,0,0,0,0,0,NONE,62,330,0.976985158536,15.594229702,0.912680807143,0.0230148414638
2026-05-27T23:31:45.982,598930,0.93,-0.13,-0.15,-13.4,17.0,2.8,3.5,18.5,-23.0,101.119,35.35,0,0,0,0,0,NONE,54,416,0.950946896519,21.8265892892,1.4131671593,0.0490531034805
2026-05-27T23:31:46.032,598980,0.92,-0.12,-0.15,-9.4,9.5,1.1,3.8,18.0,-21.3,101.124,35.34,0,0,0,0,0,NONE,45,258,0.939840411985,13.4096979832,0.282842712475,0.0601595880151
2026-05-27T23:31:46.082,599028,0.96,-0.2,-0.16,-18.8,7.2,-1.2,4.6,17.9,-21.0,101.123,35.34,0,0,0,0,0,NONE,29,144,0.99357938787,20.1673002655,1.875,0.00642061213006
2026-05-27T23:31:46.132,599080,0.94,-0.19,-0.2,-26.6,3.9,-2.9,4.1,17.4,-20.8,101.123,35.34,0,0,0,0,0,NONE,48,224,0.979642792042,27.0403402345,0.881264556722,0.0203572079579
2026-05-27T23:31:46.189,599132,1.03,-0.1,-0.33,-8.7,11.8,-2.3,4.2,17.1,-21.1,101.121,35.34,0,0,0,0,0,NONE,40,228,1.08618598776,14.8398113196,3.49873180743,0.0861859877572
2026-05-27T23:31:46.225,599178,0.98,-0.23,-0.31,-17.3,6.3,-5.2,5.0,16.6,-19.6,101.122,35.34,0,0,0,0,0,NONE,36,199,1.0532805894,19.1316491709,3.05896679988,0.0532805893968
2026-05-27T23:31:46.285,599230,0.92,-0.27,-0.27,-34.2,7.2,-14.2,4.9,16.3,-21.1,101.124,35.34,0,0,0,0,0,NONE,43,221,0.996092365195,37.7242627496,1.58580985601,0.00390763480488
2026-05-27T23:31:46.334,599278,0.98,-0.11,-0.4,-16.7,6.2,-12.6,5.3,15.7,-19.4,101.124,35.34,0,0,0,0,0,NONE,46,226,1.06418983269,21.8194867034,4.47310636533,0.0641898326896
2026-05-27T23:31:46.384,599330,0.95,-0.15,-0.43,-2.5,3.4,-7.4,6.2,15.5,-18.8,101.125,35.33,0,0,0,0,0,NONE,31,154,1.05351791632,8.51880273278,1.12133690285,0.0535179163166
2026-05-27T23:31:46.443,599381,0.91,-0.32,-0.28,2.2,-9.9,-3.7,5.9,16.2,-19.4,101.123,35.34,0,0,0,0,0,NONE,29,182,1.00444014257,10.7953693777,4.51406448362,0.00444014256699
2026-05-27T23:31:46.482,599430,0.95,-0.33,-0.29,-21.7,-3.1,-6.0,5.4,16.1,-18.5,101.121,35.34,0,0,0,0,0,NONE,36,208,1.0466613588,22.7266363547,0.865845038188,0.0466613587976
2026-05-27T23:31:46.539,599481,0.85,-0.25,-0.25,-6.1,-7.5,-6.8,5.5,15.0,-18.6,101.121,35.34,0,0,0,0,0,NONE,48,226,0.920597631976,11.8194754537,2.63066820882,0.0794023680239
2026-05-27T23:31:46.574,599528,0.83,-0.33,-0.26,-10.6,4.2,-1.6,5.7,16.0,-18.8,101.122,35.34,0,0,0,0,0,NONE,47,231,0.930268778365,11.5134703717,1.76736677934,0.0697312216354
2026-05-27T23:31:46.639,599582,0.86,-0.23,-0.28,-4.9,7.1,1.3,5.8,15.1,-19.1,101.123,35.34,0,0,0,0,0,NONE,37,213,0.933220231242,8.72410453858,1.96854552088,0.0667797687577
2026-05-27T23:31:46.686,599628,0.84,-0.34,-0.23,-5.5,14.0,1.4,5.7,14.6,-19.7,101.119,35.34,0,0,0,0,0,NONE,48,216,0.934933152691,15.106621065,2.66248885085,0.0650668473094
2026-05-27T23:31:46.737,599678,0.87,-0.35,-0.23,-23.8,16.7,-0.9,6.3,14.6,-18.2,101.122,35.34,0,0,0,0,0,NONE,36,160,0.965556834164,29.0884856945,0.632455532034,0.0344431658364
2026-05-27T23:31:46.786,599728,0.89,-0.22,-0.19,-5.2,14.7,6.2,6.4,14.0,-17.1,101.124,35.34,0,0,0,0,0,NONE,47,180,0.93626919206,16.7800476757,2.74954541697,0.0637308079404
2026-05-27T23:31:46.839,599780,0.89,-0.35,-0.13,-10.4,13.1,7.4,6.9,13.8,-17.2,101.123,35.34,0,0,0,0,0,NONE,45,187,0.965142476529,18.2901612896,2.75342712755,0.0348575234713
2026-05-27T23:31:46.886,599828,0.99,-0.3,-0.11,-4.0,7.5,16.2,6.7,13.1,-16.5,101.125,35.34,0,0,0,0,0,NONE,41,204,1.04028842154,18.294534703,2.36621181075,0.0402884215447
2026-05-27T23:31:46.930,599880,0.96,-0.21,-0.06,5.6,-10.9,22.1,7.0,13.0,-16.3,101.126,35.35,0,0,0,0,0,NONE,37,223,0.984530344885,25.2701404824,2.06227024899,0.0154696551147
2026-05-27T23:31:46.980,599930,0.99,-0.39,-0.21,2.9,-3.8,14.0,6.4,12.3,-16.9,101.119,35.34,0,0,0,0,0,NONE,62,254,1.08457364895,14.7935796885,4.72440472441,0.0845736489515
2026-05-27T23:31:47.035,599978,0.94,-0.34,-0.35,-19.0,1.7,15.4,6.0,12.7,-17.4,101.123,35.34,0,0,0,0,0,NONE,33,155,1.05910339439,24.5163210943,3.26758065445,0.059103394386
2026-05-27T23:31:47.088,600030,0.98,-0.13,-0.31,9.3,-10.3,18.2,5.4,12.2,-16.2,101.125,35.34,0,0,0,0,0,NONE,37,158,1.03605019183,22.8871142786,4.18241599441,0.0360501918344
2026-05-27T23:31:47.126,600078,0.72,-0.18,-0.26,8.2,-5.7,16.4,5.0,12.1,-17.8,101.12,35.34,0,0,0,0,0,NONE,48,174,0.786384130053,19.2013020392,5.61341399388,0.213615869947
2026-05-27T23:31:47.189,600130,0.83,-0.11,-0.26,24.8,-5.5,13.8,4.6,11.3,-17.0,101.121,35.34,0,0,0,0,0,NONE,46,250,0.876698351772,28.9089951399,2.50738554046,0.123301648228
2026-05-27T23:31:47.233,600178,1.02,-0.23,-0.24,-4.8,-1.9,7.8,3.9,12.0,-18.5,101.123,35.34,0,0,0,0,0,NONE,45,242,1.07280007457,9.35360892918,4.70021423862,0.0728000745712
2026-05-27T23:31:47.286,600230,1.1,-0.07,-0.31,-2.3,-4.3,3.2,4.4,11.4,-18.3,101.122,35.34,0,0,0,0,0,NONE,43,207,1.14498908292,5.83266662857,3.69411013698,0.144989082917
2026-05-27T23:31:47.334,600280,0.99,-0.09,-0.2,9.1,-3.6,1.8,4.2,11.6,-18.0,101.122,35.33,0,0,0,0,0,NONE,60,362,1.01400197238,9.95037687728,3.13687742827,0.0140019723847
2026-05-27T23:31:47.381,600328,0.92,-0.28,-0.22,1.1,-2.1,-0.1,4.3,11.5,-17.8,101.125,35.35,0,0,0,0,0,NONE,60,322,0.986508996411,2.37276210354,4.23895623945,0.0134910035889
2026-05-27T23:31:47.427,600380,0.93,-0.17,-0.25,-5.7,5.1,5.9,4.0,11.4,-17.7,101.124,35.34,0,0,0,0,0,NONE,62,371,0.977905925946,9.65971014058,2.20106214274,0.0220940740542
2026-05-27T23:31:47.489,600432,0.92,-0.17,-0.18,-4.6,8.2,4.0,3.7,11.1,-18.5,101.122,35.34,0,0,0,0,0,NONE,61,403,0.952732911156,10.2176318196,1.35982073305,0.0472670888439
2026-05-27T23:31:47.524,600478,0.92,-0.07,-0.15,-2.3,12.6,2.6,3.4,11.4,-17.6,101.12,35.34,0,0,0,0,0,NONE,54,434,0.934772699644,13.0694299799,2.26963184976,0.0652273003559
2026-05-27T23:31:47.590,600532,0.91,-0.18,-0.16,-9.0,7.6,2.6,3.9,10.7,-16.8,101.122,35.34,0,0,0,0,0,NONE,61,370,0.941328847959,12.06316708,2.05380305674,0.0586711520409
2026-05-27T23:31:47.633,600578,0.95,-0.19,-0.12,-13.9,13.2,4.3,4.1,10.5,-17.1,101.123,35.34,0,0,0,0,0,NONE,45,249,0.976217188949,19.6453556853,1.24881796664,0.0237828110507
2026-05-27T23:31:47.687,600630,0.85,-0.13,-0.12,-21.6,0.2,3.3,4.4,10.3,-17.0,101.124,35.34,0,0,0,0,0,NONE,46,208,0.868216562846,21.8515445678,2.24267380571,0.131783437154
2026-05-27T23:31:47.733,600681,0.98,-0.13,-0.06,-6.9,8.7,3.8,4.6,9.6,-15.8,101.123,35.34,0,0,0,0,0,NONE,44,286,0.990403957989,11.7362685723,2.80741589476,0.00959604201114
2026-05-27T23:31:47.781,600729,0.96,-0.29,-0.19,-34.4,5.3,-0.9,5.0,9.3,-14.9,101.121,35.34,0,0,0,0,0,NONE,53,288,1.0206860438,34.8175243232,4.31506566192,0.020686043796
2026-05-27T23:31:47.837,600778,0.96,-0.2,-0.0,-48.0,11.2,0.6,4.7,9.3,-12.2,101.122,35.34,0,0,0,0,0,NONE,65,240,0.980612053771,49.2930015317,4.29057062074,0.0193879462295
2026-05-27T23:31:47.878,600827,0.97,-0.19,-0.22,-62.9,20.1,-3.5,4.7,9.3,-12.2,101.125,35.35,0,0,0,0,0,NONE,50,268,1.01262036322,66.1261672865,4.49906279287,0.0126203632161
2026-05-27T23:31:47.938,600882,1.12,-0.07,-0.32,-38.6,28.1,8.3,5.6,7.1,-10.3,101.124,35.34,0,0,0,0,0,NONE,95,269,1.16691902033,48.4609120839,3.93752869595,0.166919020327
2026-05-27T23:31:47.986,600928,1.12,-0.22,-0.58,-44.6,16.1,3.4,5.8,6.4,-8.4,101.12,35.34,0,0,0,0,0,NONE,64,308,1.28031246186,47.5387210598,6.52536131296,0.280312461862
2026-05-27T23:31:48.037,600978,0.67,-0.41,-0.09,-73.8,12.0,3.9,5.5,5.7,-6.6,101.12,35.35,0,0,0,0,0,NONE,65,285,0.790632658066,74.8708888688,13.8376298549,0.209367341934
2026-05-27T23:31:48.086,601028,0.92,-0.36,-0.43,-115.6,47.3,-5.9,6.2,6.7,-4.3,101.122,35.34,0,0,0,0,0,NONE,46,279,1.07745069493,125.041833,8.49941174435,0.0774506949276
2026-05-27T23:31:48.133,601080,0.89,-0.24,-0.29,-12.4,9.0,13.5,6.0,5.7,-1.1,101.122,35.34,0,0,0,0,0,NONE,50,221,0.966333275842,20.4208227062,3.59260417159,0.0336667241578
2026-05-27T23:31:48.179,601128,0.83,-0.29,-0.24,-43.3,19.1,7.8,5.6,5.2,0.5,101.123,35.35,0,0,0,0,0,NONE,44,231,0.911372591205,47.9639447919,1.93200385323,0.0886274087948
2026-05-27T23:31:48.238,601180,0.85,-0.44,-0.32,-54.9,26.6,5.4,6.0,5.4,2.1,101.124,35.34,0,0,0,0,0,NONE,41,238,1.00920760996,61.2432037046,3.2917774555,0.00920760995942
2026-05-27T23:31:48.286,601230,0.91,-0.23,-0.34,-42.7,24.7,11.5,5.5,5.6,3.4,101.124,35.34,0,0,0,0,0,NONE,49,226,0.998298552538,50.6520483298,4.38634243989,0.00170144746173
2026-05-27T23:31:48.335,601278,0.86,-0.29,-0.24,-28.7,21.4,14.0,5.4,5.4,5.6,101.125,35.34,0,0,0,0,0,NONE,38,200,0.93877579858,38.4402133189,2.64345365426,0.0612242014197
2026-05-27T23:31:48.381,601330,0.88,-0.38,-0.13,-32.8,21.7,13.1,5.1,5.2,6.2,101.124,35.35,0,0,0,0,0,NONE,48,236,0.967315873952,41.4528647985,2.76013463354,0.0326841260478
2026-05-27T23:31:48.435,601378,0.93,-0.37,-0.18,-39.4,18.3,16.7,5.0,5.1,8.4,101.122,35.34,0,0,0,0,0,NONE,62,283,1.01695624291,46.5418091612,1.48779758928,0.0169562429131
2026-05-27T23:31:48.476,601430,0.85,-0.39,-0.27,-42.3,20.1,20.5,3.5,5.4,8.7,101.123,35.34,0,0,0,0,0,NONE,50,264,0.973396116697,51.1228911546,2.34741454149,0.0266038833034
2026-05-27T23:31:48.524,601478,0.97,-0.13,-0.26,-17.9,12.2,24.9,3.2,5.2,9.5,101.122,35.35,0,0,0,0,0,NONE,53,273,1.01262036322,33.0039391588,5.96939532579,0.0126203632161
2026-05-27T23:31:48.589,601530,0.91,-0.4,-0.12,-33.8,5.2,11.5,2.9,5.6,10.5,101.128,35.35,0,0,0,0,0,NONE,46,199,1.00124921973,36.0794955619,5.96153846154,0.00124921972504
2026-05-27T23:31:48.636,601580,0.98,-0.32,-0.21,-35.1,6.6,19.4,2.3,5.4,11.7,101.121,35.34,0,0,0,0,0,NONE,61,294,1.05209315177,40.643941738,2.78567765544,0.0520931517694
2026-05-27T23:31:48.682,601628,0.91,-0.27,-0.16,-12.5,-1.1,20.3,1.8,5.4,12.0,101.122,35.34,0,0,0,0,0,NONE,47,218,0.962600644089,23.8652466989,2.07289049397,0.0373993559113
2026-05-27T23:31:48.730,601680,0.92,-0.31,-0.17,-20.4,1.7,18.7,1.3,5.9,12.6,101.124,35.34,0,0,0,0,0,NONE,41,159,0.985596266227,27.7261609315,0.815892439831,0.0144037337733
2026-05-27T23:31:48.784,601732,0.89,-0.28,-0.19,-11.6,4.3,18.3,1.3,6.3,14.2,101.122,35.35,0,0,0,0,0,NONE,65,176,0.952155449493,22.0893639564,0.902003030735,0.0478445505066
2026-05-27T23:31:48.836,601778,1.07,-0.46,-0.48,-5.4,17.9,9.8,0.7,5.9,13.3,101.123,35.34,0,0,0,0,0,NONE,44,251,1.2597221916,21.1094765449,8.38860060068,0.259722191596
2026-05-27T23:31:48.887,601830,1.0,-0.02,-0.15,-32.5,-4.3,15.6,0.3,6.1,14.3,101.123,35.34,0,1,0,0,1,NONE,46,240,1.01138518874,36.3056469437,10.6622432889,0.0113851887387
2026-05-27T23:31:48.935,601878,0.9,-0.28,-0.24,11.9,5.0,18.2,-0.5,6.2,15.1,101.124,35.34,0,1,0,0,1,NONE,57,307,0.972625313263,22.3125525209,6.09886715346,0.027374686737
2026-05-27T23:31:48.985,601930,0.91,-0.04,-0.28,-6.8,2.9,16.8,-0.9,6.5,14.6,101.126,35.34,0,0,0,0,0,NONE,48,309,0.952942810456,18.3545634653,4.68299833149,0.0470571895439
2026-05-27T23:31:49.037,601981,0.91,-0.1,-0.23,-2.2,1.0,13.9,-1.3,5.8,15.7,101.12,35.34,0,0,0,0,0,NONE,63,313,0.943927963353,14.1085080714,1.53142150508,0.0560720366469
2026-05-27T23:31:49.083,602030,0.94,-0.12,-0.22,-17.8,10.1,7.9,-1.4,6.3,15.5,101.123,35.34,0,0,0,0,0,NONE,57,379,0.972830920561,21.9376388884,0.763603548321,0.0271690794388
2026-05-27T23:31:49.132,602078,0.94,-0.07,-0.28,-9.6,4.6,9.8,-1.9,6.6,16.6,101.125,35.35,0,0,0,0,0,NONE,60,371,0.983310734204,14.4692777981,1.62713534915,0.0166892657964
2026-05-27T23:31:49.181,602130,0.92,-0.1,-0.21,-4.5,5.6,9.6,-1.9,6.1,15.8,101.122,35.34,0,0,0,0,0,NONE,64,348,0.948946784599,11.9904128369,1.51423228346,0.0510532154014
2026-05-27T23:31:49.236,602180,0.97,-0.16,-0.24,-12.3,9.6,8.5,-1.7,7.3,16.5,101.123,35.35,0,0,0,0,0,NONE,53,324,1.01197826064,17.7679486717,1.67332005307,0.0119782606361
2026-05-27T23:31:49.288,602228,0.93,-0.1,-0.17,-12.6,8.3,5.9,-2.5,6.8,18.5,101.124,35.35,0,1,0,0,1,NONE,51,280,0.950683964312,16.2006172722,2.09372408773,0.049316035688
2026-05-27T23:31:49.336,602280,0.93,-0.15,-0.22,-18.2,14.3,3.2,-3.0,7.4,17.6,101.121,35.35,0,1,0,0,1,NONE,51,282,0.967367561995,23.3660009415,1.35982073305,0.0326324380051
2026-05-27T23:31:49.389,602332,0.94,-0.13,-0.21,-19.8,11.5,0.2,-3.1,7.6,18.6,101.124,35.34,0,1,0,0,1,NONE,62,376,0.971905345185,22.8982532085,0.471055719766,0.0280946548146
2026-05-27T23:31:49.432,602378,0.92,-0.12,-0.14,-22.0,14.5,-3.6,-3.5,8.7,18.4,101.126,35.34,0,1,0,0,1,NONE,48,312,0.938296328459,26.5934202388,1.59749331051,0.0617036715408
2026-05-27T23:31:49.479,602432,1.03,-0.15,-0.14,-18.5,6.5,-4.9,-3.6,9.5,20.0,101.124,35.35,0,0,0,0,0,NONE,62,327,1.05023806825,20.2116303152,2.11143597241,0.0502380682493
2026-05-27T23:31:49.529,602478,0.97,-0.17,-0.13,-16.7,0.8,-5.6,-3.5,10.2,21.9,101.123,35.34,0,0,0,0,0,NONE,59,328,0.993327740476,17.6320730489,1.39198352988,0.00667225952357
2026-05-27T23:31:49.589,602530,0.92,-0.17,-0.13,-21.2,-1.1,-4.0,-3.0,10.1,21.2,101.124,35.34,0,1,0,0,1,NONE,43,241,0.944563391203,21.6020832329,0.961538461538,0.0554366087975
2026-05-27T23:31:49.637,602582,1.24,-0.05,-0.36,-19.6,14.0,0.9,-2.6,11.0,21.5,101.125,35.34,0,1,0,0,1,NONE,128,346,1.29216871963,24.1033192735,7.92204997079,0.292168719634
2026-05-27T23:31:49.685,602630,0.98,-0.13,-0.43,13.9,-5.7,8.9,-2.8,11.6,22.1,101.124,35.35,0,1,0,0,1,NONE,69,425,1.078053802,17.461672314,5.8519049605,0.0780538019969
2026-05-27T23:31:49.733,602678,0.82,-0.2,-0.29,-4.7,1.1,-1.4,-2.2,11.2,21.5,101.122,35.35,0,1,0,0,1,NONE,63,347,0.892468486839,5.02593274925,4.66313110117,0.107531513161
2026-05-27T23:31:49.785,602730,0.85,-0.19,-0.28,-29.4,9.0,-4.3,-2.3,11.7,22.0,101.118,35.34,0,1,0,0,1,NONE,92,479,0.914877040919,31.0459337112,0.637812459684,0.0851229590814
2026-05-27T23:31:49.834,602780,0.93,-0.27,-0.33,-12.0,4.9,-1.5,-2.5,12.5,21.9,101.124,35.34,0,1,0,0,1,NONE,94,547,1.0230835743,13.0483715459,2.47386337537,0.0230835742988
2026-05-27T23:31:49.883,602828,0.91,-0.28,-0.25,-0.3,0.0,2.0,-2.0,12.5,23.9,101.121,35.34,0,0,0,0,0,NONE,83,510,0.984377976186,2.02237484162,1.73054663811,0.015622023814
2026-05-27T23:31:49.924,602880,0.9,-0.25,-0.24,-8.7,0.5,0.7,-2.1,13.3,22.8,101.119,35.34,0,0,0,0,0,NONE,62,368,0.96441692229,8.74242529279,0.637812459684,0.0355830777096
2026-05-27T23:31:49.990,602932,0.87,-0.27,-0.32,-14.3,10.2,-2.2,-1.8,12.9,22.9,101.123,35.34,0,1,0,0,1,NONE,52,269,0.965505049184,17.7022597428,1.68749315142,0.0344949508159
2026-05-27T23:31:50.036,602978,0.91,-0.24,-0.25,-7.8,10.6,0.2,-1.9,13.8,22.4,101.12,35.35,0,1,0,0,1,NONE,67,343,0.973755616158,13.162066707,1.87007071023,0.0262443838416
2026-05-27T23:31:50.088,603030,0.91,-0.28,-0.25,-7.6,7.5,1.8,-1.7,14.1,23.6,101.128,35.35,0,1,0,0,1,NONE,57,262,0.984377976186,10.8282039139,0.769230769231,0.015622023814
2026-05-27T23:31:50.139,603078,0.91,-0.24,-0.23,-0.7,13.1,4.6,-2.3,14.3,25.4,101.122,35.35,0,1,0,0,1,NONE,66,381,0.968813707583,13.9017984448,0.931694990625,0.0311862924174
2026-05-27T23:31:50.188,603130,0.88,-0.25,-0.22,-1.6,11.7,6.3,-2.5,14.2,24.5,101.122,35.35,0,1,0,0,1,NONE,57,274,0.940903820802,13.3843191833,0.637812459684,0.0590961791979
2026-05-27T23:31:50.234,603182,0.92,-0.26,-0.21,3.8,19.1,9.0,-2.9,14.7,24.7,101.12,35.35,0,1,0,0,1,NONE,51,362,0.978825827203,21.4534379529,0.815892439831,0.0211741727968
2026-05-27T23:31:50.282,603230,0.91,-0.22,-0.27,4.3,22.9,16.1,-3.1,14.5,25.3,101.124,35.34,0,1,0,0,1,NONE,59,331,0.974371592361,28.3215465679,1.51668956027,0.0256284076391
2026-05-27T23:31:50.331,603278,0.98,-0.2,-0.25,8.2,11.4,20.3,-4.5,14.2,25.5,101.121,35.35,0,1,0,0,1,NONE,81,512,1.03097041665,24.6838003557,1.57288217401,0.0309704166464
2026-05-27T23:31:50.381,603330,0.96,-0.16,-0.14,24.7,-10.4,22.2,-4.6,13.4,25.7,101.12,35.35,0,0,0,0,0,NONE,65,373,0.983259884263,34.8007183834,2.28352732443,0.0167401157375
2026-05-27T23:31:50.437,603380,1.15,-0.3,-0.3,45.1,5.9,20.8,-4.4,12.8,25.4,101.121,35.35,0,0,0,0,0,NONE,81,379,1.22576506721,50.014597869,5.70263097175,0.225765067213
2026-05-27T23:31:50.487,603428,0.72,-0.18,-0.26,-18.2,-3.7,7.0,-4.7,11.5,24.5,101.123,35.35,0,1,0,0,1,NONE,95,524,0.786384130053,19.8476698884,9.33788951292,0.213615869947
2026-05-27T23:31:50.535,603480,1.06,-0.11,-0.33,5.6,7.3,2.7,-5.1,12.8,24.9,101.119,35.34,0,1,0,0,1,NONE,90,524,1.11561642154,9.58853482029,6.80997354216,0.115616421536
2026-05-27T23:31:50.590,603532,1.11,-0.04,-0.37,19.4,-4.8,7.1,-5.1,12.5,24.3,101.124,35.34,0,0,0,0,0,NONE,85,612,1.17072627031,21.2087246198,1.82439095779,0.170726270313
2026-05-27T23:31:50.633,603578,0.92,-0.03,-0.27,35.5,-17.1,11.6,-5.0,12.0,24.8,101.119,35.35,0,0,0,0,0,NONE,81,569,0.959270556204,41.07578362,4.67264896961,0.040729443796
2026-05-27T23:31:50.684,603630,0.89,-0.1,-0.26,26.6,-6.8,6.4,-4.2,11.4,23.5,101.123,35.35,0,0,0,0,0,NONE,77,379,0.932577074563,28.1914880771,1.47714341305,0.0674229254373
2026-05-27T23:31:50.739,603678,0.94,-0.08,-0.21,4.2,-6.0,-0.4,-4.2,10.9,23.4,101.123,35.35,0,0,0,0,0,NONE,84,371,0.966488489326,7.33484832836,1.53093108924,0.0335115106738
2026-05-27T23:31:50.784,603730,0.97,-0.02,-0.24,4.5,1.2,-0.9,-4.3,10.9,21.2,101.122,35.35,0,0,0,0,0,NONE,73,334,0.999449848667,4.74341649025,1.4131671593,0.000550151333245
2026-05-27T23:31:50.840,603782,0.9,0.02,-0.3,12.8,-5.9,1.5,-4.4,10.9,23.3,101.121,35.35,0,0,0,0,0,NONE,99,509,0.948894093142,14.1739197119,1.93266838868,0.0511059068579
2026-05-27T23:31:50.888,603830,0.92,-0.05,-0.29,17.0,-3.7,0.2,-3.9,10.0,22.1,101.125,35.35,0,1,0,0,1,NONE,104,600,0.965919251283,17.3991379097,1.53093108924,0.0340807487165
2026-05-27T23:31:50.936,603878,0.8,-0.12,-0.24,10.4,4.5,-1.0,-4.1,10.3,23.4,101.121,35.35,0,1,0,0,1,NONE,77,529,0.843800924389,11.3758516165,3.07600480422,0.156199075611
2026-05-27T23:31:50.983,603930,0.92,-0.08,-0.26,13.4,19.0,2.0,-3.7,10.2,22.6,101.123,35.34,0,0,0,0,0,NONE,111,579,0.959374796417,23.3358093924,2.46274009132,0.0406252035831
2026-05-27T23:31:51.031,603980,0.94,-0.06,-0.22,-20.1,24.5,-3.8,-4.0,10.1,22.9,101.124,35.34,0,0,0,0,0,NONE,98,553,0.967264183147,31.9170800669,0.979795897113,0.0327358168525
2026-05-27T23:31:51.090,604029,1.0,-0.05,-0.13,-11.3,8.4,-11.5,-5.1,10.3,23.6,101.124,35.35,0,1,0,0,1,NONE,84,559,1.00965340588,18.1796589627,2.2168939778,0.00965340587748
2026-05-27T23:31:51.130,604080,0.98,-0.14,-0.11,-27.8,3.2,-20.0,-4.0,11.3,23.3,101.12,35.34,0,1,0,0,1,NONE,200,970,0.996042167782,34.3959299918,1.84980022197,0.00395783221793
2026-05-27T23:31:51.190,604132,1.36,-0.01,-0.72,-19.0,37.2,-6.6,-4.2,12.8,23.1,101.123,35.34,0,1,0,0,1,NONE,130,799,1.53886321679,42.2894785969,14.0450458742,0.538863216793
2026-05-27T23:31:51.222,604178,0.89,-0.28,-0.23,11.5,-15.9,-0.1,-4.6,13.5,26.3,101.123,35.35,0,1,0,0,1,NONE,107,576,0.960937042683,19.6232005544,15.884448054,0.0390629573172
2026-05-27T23:31:51.288,604230,0.94,-0.02,-0.26,-2.3,3.2,2.2,-3.9,13.8,25.2,101.125,35.36,0,1,0,0,1,NONE,76,357,0.975499871861,4.51331363856,5.12419715172,0.0245001281394
2026-05-27T23:31:51.336,604278,0.9,-0.31,-0.28,-10.4,-7.0,-5.2,-4.0,13.3,25.6,101.125,35.35,0,1,0,0,1,NONE,85,367,0.992219733728,13.5720300619,6.1130836463,0.00778026627163
2026-05-27T23:31:51.389,604330,0.94,-0.29,-0.24,9.9,-4.3,-3.2,-2.6,14.6,24.9,101.123,35.35,0,1,0,0,1,NONE,81,454,1.01257098517,11.2578861248,1.15384615385,0.012570985166
2026-05-27T23:31:51.434,604382,0.89,-0.27,-0.22,-0.8,-6.7,-4.0,-2.3,14.4,24.4,101.122,35.35,0,1,0,0,1,NONE,66,539,0.955719624158,7.84410606762,1.10472358587,0.0442803758424
2026-05-27T23:31:51.479,604430,0.9,-0.29,-0.23,-12.3,-3.4,-3.8,-1.9,13.9,26.0,101.126,35.35,0,1,0,0,1,NONE,58,292,0.973139250056,13.3150291025,0.51031036308,0.0268607499438
2026-05-27T23:31:51.525,604478,0.92,-0.24,-0.22,-10.0,5.5,-1.2,-1.9,15.1,24.9,101.12,35.34,0,1,0,0,1,NONE,86,399,0.9759098319,11.4756263446,1.14108866147,0.0240901680995
2026-05-27T23:31:51.588,604530,0.9,-0.32,-0.21,-20.1,3.7,1.8,-1.8,15.9,24.6,101.122,35.34,0,1,0,0,1,NONE,85,396,0.978008179925,20.516822366,1.59742766595,0.0219918200751
2026-05-27T23:31:51.636,604578,0.87,-0.25,-0.22,-13.2,12.9,9.9,-2.2,16.1,25.7,101.122,35.35,0,1,0,0,1,NONE,78,375,0.931557835027,20.9442116108,1.60023869747,0.0684421649731
2026-05-27T23:31:51.694,604630,0.93,-0.23,-0.21,-4.2,11.5,12.9,-3.6,16.4,27.1,101.121,35.35,0,1,0,0,1,NONE,50,286,0.980765007532,17.7848249921,1.23137004566,0.0192349924676
2026-05-27T23:31:51.735,604680,0.91,-0.2,-0.2,1.2,8.7,17.0,-3.2,16.1,26.3,101.121,35.35,0,1,0,0,1,NONE,70,254,0.952942810456,19.1345237725,0.748331477355,0.0470571895439
2026-05-27T23:31:51.783,604728,0.93,-0.2,-0.05,11.5,4.8,22.9,-3.9,15.9,26.0,101.124,35.35,0,1,0,0,1,NONE,65,286,0.952575456329,26.0710567488,3.15265540634,0.0474245436712
2026-05-27T23:31:51.827,604780,1.16,-0.42,-0.59,31.9,36.3,15.1,-4.4,15.1,28.3,101.126,35.35,0,1,0,0,1,NONE,98,584,1.36751599625,50.6291418059,12.0541799571,0.36751599625
2026-05-27T23:31:51.890,604832,0.88,0.1,-0.16,-12.9,-6.3,9.6,-4.2,15.5,27.3,101.125,35.35,0,0,0,0,0,NONE,101,539,0.9,17.2702055575,14.0489949945,0.1
2026-05-27T23:31:51.932,604878,0.97,-0.21,-0.33,24.4,14.8,1.3,-4.6,15.4,26.7,101.123,35.35,0,0,0,0,0,NONE,113,543,1.04589674443,28.5672889858,7.93105928128,0.0458967444256
2026-05-27T23:31:51.987,604930,1.01,-0.04,-0.34,9.5,0.0,3.1,-4.4,15.4,26.4,101.123,35.35,0,1,0,0,1,NONE,84,486,1.06644268482,9.99299754828,3.36401070856,0.0664426848171
2026-05-27T23:31:52.037,604978,0.93,-0.09,-0.3,15.6,-5.2,1.3,-5.0,14.7,26.1,101.123,35.35,0,1,0,0,1,NONE,75,428,0.981325634028,16.4951508026,2.13478140957,0.0186743659722
2026-05-27T23:31:52.087,605030,1.0,-0.12,-0.26,5.1,-13.3,0.9,-4.3,15.0,25.7,101.121,35.34,0,1,0,0,1,NONE,51,294,1.04019228992,14.272701216,1.65429332059,0.0401922899157
2026-05-27T23:31:52.135,605081,0.95,-0.05,-0.29,2.0,-11.4,1.9,-3.9,15.0,26.5,101.125,35.35,0,1,0,0,1,NONE,66,429,0.994535067255,11.7290238298,1.78635952532,0.00546493274495
2026-05-27T23:31:52.183,605130,0.93,-0.05,-0.24,12.5,-14.9,3.4,-3.4,14.9,26.4,101.12,35.35,0,1,0,0,1,NONE,179,872,0.961769203084,19.743859805,1.09901322595,0.0382307969164
2026-05-27T23:31:52.232,605178,0.89,-0.08,-0.23,9.9,-2.6,2.4,-3.4,14.9,25.9,101.121,35.35,0,1,0,0,1,NONE,137,673,0.922713389954,10.5133248785,1.062295732,0.0772866100462
2026-05-27T23:31:52.283,605230,0.93,-0.11,-0.24,1.8,2.3,1.5,-3.2,14.6,26.0,101.122,35.35,0,1,0,0,1,NONE,98,546,0.966747123089,3.28329103188,0.980580675691,0.0332528769114
2026-05-27T23:31:52.326,605280,0.9,-0.05,-0.16,4.4,11.5,-3.1,-2.8,14.6,25.3,101.124,35.35,0,1,0,0,1,NONE,63,359,0.915478017213,12.6972437954,2.08806130178,0.0845219827871
2026-05-27T23:31:52.387,605328,0.97,-0.13,-0.22,-12.3,8.4,-9.2,-3.0,15.6,26.0,101.122,35.34,0,1,0,0,1,NONE,66,325,1.00309520984,17.5068557999,2.54303241994,0.00309520983803
2026-05-27T23:31:52.438,605380,0.95,-0.11,-0.14,-4.6,-1.5,-11.0,-3.1,15.7,26.7,101.121,35.35,0,1,0,0,1,NONE,52,294,0.966540221615,12.0170711906,1.63178487966,0.0334597783848
2026-05-27T23:31:52.487,605432,0.95,-0.12,-0.1,-20.9,-1.4,-10.9,-2.6,16.6,26.2,101.124,35.35,0,0,0,0,0,NONE,75,440,0.96275645934,23.6131319397,0.792904928003,0.0372435406605
2026-05-27T23:31:52.533,605478,0.96,-0.09,-0.08,-19.2,-2.9,-12.8,-1.7,17.3,27.3,101.124,35.35,0,0,0,0,0,NONE,63,433,0.967522609555,23.2570419443,0.813403779733,0.0324773904451
2026-05-27T23:31:52.585,605530,1.08,-0.12,-0.58,-7.3,14.0,-5.0,-1.6,17.9,28.1,101.121,35.34,0,1,0,0,1,NONE,59,398,1.23174672721,16.561702811,9.9052463536,0.231746727213
2026-05-27T23:31:52.629,605578,0.89,-0.43,-0.19,-10.8,-5.6,3.5,-1.1,18.6,26.8,101.123,35.35,0,1,0,0,1,NONE,53,284,1.00652868812,12.6589889012,11.1082895723,0.00652868811574
2026-05-27T23:31:52.686,605630,0.95,-0.15,-0.26,-11.0,5.7,7.6,-1.1,18.8,28.7,101.119,35.35,0,1,0,0,1,NONE,26,182,0.996293129556,14.5344418537,5.66900114346,0.00370687044425
2026-05-27T23:31:52.739,605682,0.92,-0.36,-0.24,-36.2,2.7,-2.8,-1.3,20.3,28.7,101.123,35.35,0,1,0,0,1,NONE,42,243,1.01666120217,36.4083781567,4.09755302936,0.0166612021711
2026-05-27T23:31:52.787,605730,0.93,-0.18,-0.27,-1.2,-2.6,-2.6,-1.2,21.2,28.7,101.123,35.35,0,1,0,0,1,NONE,43,234,0.984987309563,3.86781592116,3.80743060052,0.0150126904371
2026-05-27T23:31:52.835,605778,0.88,-0.4,-0.23,-11.0,-4.0,-7.7,-0.5,21.0,28.3,101.124,35.35,0,1,0,0,1,NONE,39,206,0.993629709701,14.0103533146,4.77351634891,0.00637029029925
2026-05-27T23:31:52.890,605830,0.78,-0.48,-0.21,-28.7,7.1,-2.2,-0.4,21.4,28.0,101.124,35.35,0,1,0,0,1,NONE,30,183,0.939627585802,29.6469222686,2.49259257631,0.0603724141981
2026-05-27T23:31:52.935,605880,0.89,-0.37,-0.25,-44.8,18.7,1.7,-0.9,23.2,29.0,101.122,35.35,0,1,0,0,1,NONE,48,199,0.995740930162,48.5759199604,3.21247568084,0.00425906983794
2026-05-27T23:31:52.987,605928,0.91,-0.36,-0.25,-52.9,24.2,2.9,-1.7,24.3,29.4,101.124,35.36,0,1,0,0,1,NONE,39,204,1.01004950374,58.2448280966,0.465847495312,0.0100495037373
2026-05-27T23:31:53.026,605980,0.89,-0.47,-0.21,-75.2,27.4,0.1,-2.1,26.9,30.3,101.121,35.35,0,1,0,0,1,NONE,52,252,1.02815368501,80.0363042625,2.28352732443,0.0281536850102
2026-05-27T23:31:53.091,606032,0.91,-0.4,-0.19,-86.9,31.6,5.9,-3.2,29.2,31.0,101.121,35.35,0,1,0,1,2,NONE,38,213,1.01202766761,92.6551671522,1.45189123755,0.012027667606
2026-05-27T23:31:53.129,606078,0.89,-0.39,-0.22,-98.7,31.2,10.6,-4.4,32.4,30.5,101.121,35.35,0,1,0,1,2,NONE,39,197,0.996293129556,104.055225722,0.813403779733,0.00370687044425
2026-05-27T23:31:53.188,606130,0.89,-0.31,-0.23,-90.8,30.1,14.8,-5.2,35.5,31.7,101.123,35.35,0,1,0,1,2,NONE,54,198,0.970103087306,96.7971590492,1.55043418237,0.0298969126943
2026-05-27T23:31:53.235,606178,0.91,-0.38,-0.19,-86.3,30.7,12.7,-6.2,37.7,30.8,101.118,35.35,0,1,0,1,2,NONE,28,142,1.00429079454,92.4741585525,1.73054663811,0.0042907945411
2026-05-27T23:31:53.288,606230,0.88,-0.35,-0.17,-69.7,28.6,9.4,-7.6,41.3,29.6,101.121,35.35,0,1,0,1,2,NONE,39,194,0.962185013394,75.9237117112,0.902003030735,0.037814986606
2026-05-27T23:31:53.335,606282,0.89,-0.34,-0.13,-49.3,25.6,13.1,-8.0,42.6,29.7,101.118,35.35,0,1,0,1,2,NONE,30,190,0.9615612305,57.0741622803,0.815892439831,0.0384387695004
2026-05-27T23:31:53.388,606330,0.9,-0.44,-0.04,-37.6,23.5,13.3,-9.3,43.8,29.4,101.123,35.36,0,1,0,1,2,NONE,48,215,1.00259662876,46.2914678964,2.81057032567,0.00259662875954
2026-05-27T23:31:53.428,606378,0.88,-0.33,-0.27,-28.6,26.7,20.9,-9.6,44.9,28.5,101.122,35.36,0,1,0,1,2,NONE,28,141,0.977854794947,44.3583137642,5.32779660523,0.0221452050534
2026-05-27T23:31:53.489,606430,0.8,-0.26,-0.15,-34.7,21.2,19.8,-9.7,46.5,27.3,101.122,35.36,0,1,0,0,1,NONE,38,147,0.854458893101,45.2279780667,3.08292683498,0.145541106899
2026-05-27T23:31:53.528,606480,0.91,-0.31,-0.18,-34.9,28.7,22.8,-10.5,47.2,26.6,101.122,35.35,0,1,0,0,1,NONE,45,123,0.978059302906,50.6116587359,2.4899799196,0.0219406970945
2026-05-27T23:31:53.587,606528,0.92,-0.3,-0.17,-14.8,13.5,26.2,-11.0,47.8,26.6,101.123,35.35,0,1,1,1,3,NONE,19,105,0.982496819333,32.9807519623,0.360843918244,0.0175031806667
2026-05-27T23:31:53.638,606580,0.97,-0.46,-0.26,-35.0,23.4,25.2,-10.8,47.7,27.5,101.124,35.35,0,1,1,1,3,NONE,41,150,1.10458136866,49.0673007205,3.65890338278,0.104581368664
2026-05-27T23:31:53.689,606632,1.13,-0.28,-0.46,-49.4,18.3,29.2,-11.6,49.2,24.6,101.123,35.35,0,1,0,0,1,NONE,30,183,1.2517587627,60.2319682561,6.02018301635,0.251758762702
2026-05-27T23:31:53.733,606678,0.94,-0.08,-0.24,-13.5,-2.1,31.3,-11.6,49.8,25.3,101.125,35.36,0,1,0,0,1,NONE,53,240,0.973447481891,34.1518667133,7.67055598451,0.026552518109
2026-05-27T23:31:53.781,606730,0.99,0.0,-0.37,4.9,0.8,28.7,-10.2,50.1,24.9,101.126,35.36,0,1,0,1,2,NONE,49,251,1.05688220725,29.126276796,3.08891892389,0.0568822072492
2026-05-27T23:31:53.830,606778,1.0,-0.0,-0.34,-33.3,5.3,8.8,-10.0,50.0,24.2,101.122,35.35,0,1,0,1,2,NONE,41,188,1.05621967412,34.8485293807,0.658807845868,0.0562196741209
2026-05-27T23:31:53.889,606830,0.91,-0.0,-0.2,-12.7,-1.3,5.7,-10.4,50.6,23.3,101.122,35.35,0,1,0,1,2,NONE,40,145,0.931718841711,13.9810586151,3.20063788021,0.0682811582886
2026-05-27T23:31:53.939,606882,0.9,-0.13,-0.25,-17.6,6.6,11.8,-9.7,50.9,22.5,101.126,35.36,0,1,0,1,2,NONE,42,194,0.943080060228,22.1936927977,2.68543077765,0.0569199397718
2026-05-27T23:31:53.988,606930,0.91,-0.04,-0.3,-11.4,13.5,16.2,-10.3,51.0,22.8,101.123,35.35,0,1,0,1,2,NONE,58,193,0.959009906101,23.9718585012,2.15501675683,0.0409900938989
2026-05-27T23:31:54.038,606981,0.94,-0.1,-0.26,-4.2,4.8,10.4,-9.9,51.6,22.6,101.123,35.35,0,1,0,1,2,NONE,44,159,0.980408078302,12.2,1.53142150508,0.0195919216979
2026-05-27T23:31:54.086,607028,0.9,-0.14,-0.18,-12.9,7.6,6.3,-10.1,51.9,23.0,101.122,35.36,0,1,0,1,2,NONE,29,133,0.928439551075,16.2437680358,2.08467212152,0.0715604489252
2026-05-27T23:31:54.137,607082,0.95,-0.09,-0.24,8.0,4.1,6.0,-10.0,51.9,20.6,101.125,35.36,0,1,0,1,2,NONE,39,167,0.983971544304,10.8078675047,1.71733675843,0.016028455696
2026-05-27T23:31:54.183,607128,0.95,-0.11,-0.19,3.3,6.7,3.1,-9.8,51.8,21.9,101.122,35.35,0,1,0,0,1,NONE,43,191,0.97503846078,8.08640834982,1.17068800155,0.0249615392201
2026-05-27T23:31:54.233,607178,0.91,-0.18,-0.22,-4.7,10.8,-0.5,-9.4,51.6,22.9,101.122,35.36,0,1,0,0,1,NONE,42,205,0.953362470417,11.7889779031,1.72046505341,0.0466375295828
2026-05-27T23:31:54.277,607228,0.95,-0.11,-0.18,1.0,6.4,0.8,-10.3,51.9,22.4,101.12,35.35,0,1,0,0,1,NONE,31,152,0.973139250056,6.52686754883,1.8,0.0268607499438
2026-05-27T23:31:54.339,607280,1.0,-0.14,-0.14,1.9,6.2,-1.2,-10.0,52.1,22.5,101.122,35.36,0,1,0,0,1,NONE,51,178,1.01941159499,6.59469483752,1.35982073305,0.01941159499
2026-05-27T23:31:54.386,607328,0.94,-0.17,-0.11,-7.4,-0.9,-3.7,-10.2,52.4,22.2,101.122,35.35,0,1,0,1,2,NONE,89,198,0.9615612305,8.32225930863,1.53093108924,0.0384387695004
2026-05-27T23:31:54.437,607380,0.95,-0.16,-0.2,-6.2,0.3,-8.4,-10.7,52.1,21.6,101.118,35.35,0,1,0,1,2,NONE,38,162,0.983920728514,10.4446158378,1.75200645753,0.0160792714858
2026-05-27T23:31:54.487,607430,1.06,-0.12,-0.27,3.5,6.8,-5.7,-10.6,52.4,20.9,101.119,35.36,0,1,0,1,2,NONE,100,154,1.10040901487,9.53834367173,2.7276363394,0.100409014867
2026-05-27T23:31:54.533,607478,0.93,-0.31,-0.18,-15.5,-2.0,-9.9,-11.1,52.1,22.4,101.12,35.36,0,1,0,1,2,NONE,117,126,0.996694536957,18.5002702683,5.14966962263,0.00330546304296
2026-05-27T23:31:54.580,607530,0.87,-0.11,-0.26,-14.6,1.2,-13.5,-10.8,53.3,21.1,101.12,35.36,0,1,0,0,1,NONE,95,125,0.914658406182,19.9210943474,4.30013072596,0.0853415938177
2026-05-27T23:31:54.629,607581,0.87,-0.23,-0.28,-20.9,10.3,-9.3,-11.5,53.6,20.5,101.121,35.35,0,1,0,0,1,NONE,95,87,0.942443632267,25.0876463623,2.38539707071,0.0575563677333
2026-05-27T23:31:54.673,607628,0.89,-0.33,-0.28,-37.6,13.7,-8.9,-11.5,53.5,20.9,101.121,35.36,0,1,0,1,2,NONE,71,93,0.989646401499,40.9958534489,2.1697955377,0.010353598501
2026-05-27T23:31:54.740,607682,0.93,-0.29,-0.25,-31.6,12.9,0.2,-12.6,54.4,18.6,101.123,35.35,0,1,0,1,2,NONE,23,96,1.00573356313,34.1322428211,1.18576374767,0.00573356312693
2026-05-27T23:31:54.786,607728,1.08,-0.24,-0.21,-21.6,9.6,3.8,-12.6,55.8,18.0,101.122,35.35,0,1,0,1,2,NONE,32,136,1.12609946275,23.9407602218,3.54554487615,0.126099462747
2026-05-27T23:31:54.836,607778,0.93,-0.3,-0.16,-11.6,-3.0,3.7,-12.9,56.1,17.2,101.125,35.36,0,1,0,1,2,NONE,80,217,0.990201999594,12.539936204,3.38230690506,0.00979800040598
2026-05-27T23:31:54.887,607828,0.9,-0.32,-0.18,-24.1,2.3,2.5,-12.4,56.4,13.4,101.122,35.36,0,1,0,0,1,NONE,129,133,0.972008230418,24.3382415141,0.824621125124,0.0279917695822
2026-05-27T23:31:54.933,607879,0.85,-0.25,-0.19,-14.0,5.1,1.2,-12.4,56.4,13.4,101.116,35.35,0,1,0,0,1,NONE,127,173,0.906145683651,14.948244044,1.69808902703,0.0938543163486
2026-05-27T23:31:54.982,607928,0.87,-0.33,-0.18,-17.3,11.7,2.6,-12.7,57.0,15.6,101.122,35.35,0,1,0,1,2,NONE,95,175,0.947734139936,21.0461397886,1.69522935978,0.0522658600641
2026-05-27T23:31:55.040,607982,0.91,-0.25,-0.21,-7.0,8.5,1.2,-13.3,57.7,15.1,101.118,35.36,0,1,0,1,2,NONE,48,208,0.966798841538,11.07655181,1.74703354297,0.0332011584616
2026-05-27T23:31:55.074,608030,0.93,-0.35,-0.08,-4.2,3.5,4.6,-13.5,57.8,14.4,101.123,35.36,0,1,0,0,1,NONE,131,252,0.996895180047,7.14492827116,3.44223159205,0.00310481995347
2026-05-27T23:31:55.144,608081,0.91,-0.33,-0.12,-12.8,18.0,4.6,-13.0,57.6,13.9,101.123,35.36,0,1,0,0,1,NONE,51,217,0.975397354928,22.5610283454,0.960584212856,0.0246026450723
2026-05-27T23:31:55.187,608130,0.99,-0.25,-0.09,4.3,4.5,7.9,-13.2,57.8,14.1,101.123,35.36,0,1,0,0,1,NONE,53,271,1.02503658471,10.0573356313,2.38871426749,0.025036584713
2026-05-27T23:31:55.236,608178,0.92,-0.25,-0.08,14.6,-2.1,8.4,-13.2,57.6,13.9,101.121,35.35,0,1,0,0,1,NONE,57,254,0.956713123146,16.9743924781,1.47313912747,0.0432868768539
2026-05-27T23:31:55.286,608230,0.99,-0.35,-0.21,12.1,5.0,6.9,-13.3,57.3,14.3,101.123,35.36,0,1,0,0,1,NONE,44,224,1.07084079115,14.7993243089,3.42933740387,0.0708407911543
2026-05-27T23:31:55.333,608280,0.96,-0.32,-0.25,-3.0,2.2,10.6,-12.9,57.7,15.6,101.128,35.37,0,1,0,0,1,NONE,41,229,1.04235310716,11.233877336,1.16619037897,0.0423531071571
2026-05-27T23:31:55.379,608328,0.87,-0.22,-0.23,15.0,-0.4,8.5,-12.4,57.5,14.9,101.12,35.36,0,1,0,1,2,NONE,65,271,0.926390846241,17.2455791437,2.83363968932,0.0736091537585
2026-05-27T23:31:55.432,608380,0.91,-0.22,-0.18,15.0,2.3,8.1,-12.5,56.8,15.3,101.124,35.35,0,1,0,1,2,NONE,57,283,0.953362470417,17.2017440976,1.23137004566,0.0466375295828
2026-05-27T23:31:55.492,608432,0.85,-0.26,-0.25,11.5,3.2,12.8,-12.2,56.5,14.9,101.123,35.35,0,1,0,1,2,NONE,34,154,0.923363417079,17.502285565,1.93266838868,0.0766365829209
2026-05-27T23:31:55.523,608478,0.95,-0.15,-0.31,21.6,1.3,14.3,-12.0,56.4,15.4,101.125,35.35,0,1,0,1,2,NONE,73,189,1.01049492824,25.9372319263,3.4850477265,0.0104949282406
2026-05-27T23:31:55.589,608530,0.86,-0.13,-0.3,17.5,4.8,10.3,-11.3,56.3,16.0,101.126,35.35,0,1,0,0,1,NONE,103,241,0.920054346221,20.8657614287,1.78338817221,0.0799456537791
2026-05-27T23:31:55.636,608578,0.93,-0.12,-0.35,20.6,11.4,6.1,-11.5,55.4,18.7,101.126,35.36,0,1,0,0,1,NONE,81,205,1.00089959536,24.3213897629,1.80421959122,0.00089959536409
2026-05-27T23:31:55.683,608630,1.04,-0.07,-0.32,35.1,6.7,10.3,-11.7,55.6,18.1,101.124,35.36,0,1,0,0,1,NONE,74,222,1.09036691072,37.1885735139,2.39421146115,0.0903669107232
2026-05-27T23:31:55.729,608682,1.05,-0.28,-0.25,14.7,3.2,6.1,-11.8,54.4,18.4,101.121,35.37,0,1,0,0,1,NONE,51,184,1.11507847257,16.2339151162,4.26125380888,0.115078472575
2026-05-27T23:31:55.786,608729,0.95,-0.13,-0.25,5.7,0.5,5.6,-12.1,54.7,18.8,101.124,35.36,0,1,0,1,2,NONE,62,293,0.990908673895,8.0062475605,3.83569284624,0.00909132610518
2026-05-27T23:31:55.836,608778,0.96,-0.13,-0.21,29.1,2.0,4.0,-11.4,54.0,19.2,101.122,35.36,0,1,0,1,2,NONE,53,283,0.991261822124,29.4416371827,0.841450127677,0.0087381778763
2026-05-27T23:31:55.888,608830,0.92,-0.18,-0.24,26.9,3.4,2.7,-11.6,53.3,19.0,101.12,35.36,0,1,0,0,1,NONE,92,328,0.967677632272,27.2481192011,1.35982073305,0.0323223677278
2026-05-27T23:31:55.937,608880,0.88,-0.13,-0.22,18.2,2.5,0.1,-11.9,53.3,21.7,101.122,35.36,0,1,0,0,1,NONE,133,253,0.916351460958,18.3711730709,1.3416407865,0.0836485390419
2026-05-27T23:31:55.986,608928,0.92,-0.07,-0.2,22.0,5.1,1.7,-11.5,53.3,20.7,101.122,35.36,0,1,0,0,1,NONE,92,267,0.944086860411,22.6472956443,1.55902391116,0.0559131395894
2026-05-27T23:31:56.034,608980,0.91,-0.1,-0.17,20.0,3.7,-4.3,-11.7,52.4,20.7,101.123,35.36,0,1,0,0,1,NONE,92,210,0.931128347759,20.7889393669,0.838249796835,0.0688716522412
2026-05-27T23:31:56.078,609032,0.96,-0.17,-0.2,10.2,10.3,-8.1,-11.9,52.1,21.9,101.123,35.36,0,1,0,0,1,NONE,43,215,0.995238664844,16.6054208017,1.75200645753,0.00476133515624
2026-05-27T23:31:56.130,609078,0.89,-0.1,-0.16,-1.5,6.1,-4.9,-12.3,52.3,21.5,101.124,35.36,0,1,0,0,1,NONE,59,195,0.909780193234,7.96680613546,2.32110396783,0.0902198067665
2026-05-27T23:31:56.178,609130,0.99,-0.2,-0.12,4.5,14.0,-0.5,-12.4,52.5,21.1,101.118,35.36,0,1,0,0,1,NONE,47,200,1.01710373119,14.7139389696,2.8263343186,0.0171037311897
2026-05-27T23:31:56.228,609178,0.99,-0.25,-0.25,-34.2,19.0,-4.4,-13.1,52.5,22.0,101.123,35.36,0,1,0,0,1,NONE,59,196,1.05123736615,39.3700393701,2.90174755775,0.0512373661548
2026-05-27T23:31:56.288,609230,0.88,-0.08,-0.2,-29.2,-0.2,-4.4,-13.2,52.9,20.0,101.12,35.36,0,1,0,0,1,NONE,51,246,0.905980132232,29.5303233982,4.01089492589,0.0940198677675
2026-05-27T23:31:56.335,609282,0.87,-0.13,-0.11,-32.1,9.6,-4.6,-13.5,53.9,18.6,101.123,35.36,0,1,0,0,1,NONE,59,195,0.886510011224,33.8190774564,1.98924623707,0.113489988776
2026-05-27T23:31:56.387,609329,0.9,0.05,-0.33,-31.3,11.1,-3.4,-13.7,55.1,19.4,101.119,35.36,0,1,0,0,1,NONE,53,199,0.959895827681,33.3835288728,6.08153443743,0.0401041723187
2026-05-27T23:31:56.435,609378,1.18,-0.39,-0.5,5.4,34.2,-6.5,-14.7,54.6,19.3,101.122,35.35,0,1,0,0,1,NONE,34,188,1.33958948936,35.2285395667,11.1947658383,0.339589489359
2026-05-27T23:31:56.483,609430,0.9,-0.56,-0.37,-34.8,-4.2,12.5,-15.4,55.1,17.9,101.119,35.35,0,1,0,1,2,NONE,138,129,1.12271991164,37.2146476538,6.77731161027,0.122719911643
2026-05-27T23:31:56.531,609480,0.95,-0.22,-0.36,-41.4,13.5,4.2,-14.3,55.6,17.9,101.121,35.36,0,1,0,1,2,NONE,60,163,1.03947101932,43.7475713612,6.87604537507,0.039471019317
2026-05-27T23:31:56.587,609528,0.84,-0.4,-0.37,-42.2,8.1,1.2,-15.1,56.6,17.2,101.12,35.36,0,1,0,0,1,NONE,95,133,1.00124921973,42.9870910856,4.39973168374,0.00124921972504
2026-05-27T23:31:56.637,609580,0.93,-0.2,-0.3,-0.2,9.1,7.6,-14.9,57.1,15.4,101.119,35.36,0,1,0,0,1,NONE,69,375,0.997446740433,11.8579087532,4.42725555124,0.00255325956721
2026-05-27T23:31:56.690,609632,0.88,-0.39,-0.35,-16.5,7.9,3.3,-15.2,56.8,16.1,101.123,35.36,0,1,0,0,1,NONE,60,335,1.02420701033,18.5889752273,3.89867979475,0.0242070103255
2026-05-27T23:31:56.735,609678,0.84,-0.29,-0.19,-30.2,-26.0,6.3,-14.6,57.3,15.1,101.125,35.36,0,1,0,0,1,NONE,181,880,0.908735385027,40.3451360141,4.19289163521,0.0912646149731
2026-05-27T23:31:56.787,609730,0.85,-0.27,-0.35,-28.0,-41.7,11.4,-14.0,57.9,14.1,101.126,35.37,0,1,0,0,1,NONE,103,553,0.958070978581,51.5058249133,3.10682585027,0.0419290214186
2026-05-27T23:31:56.831,609778,0.82,-0.28,-0.11,-34.0,2.0,7.8,-13.2,58.1,12.8,101.125,35.37,0,1,0,0,1,NONE,32,229,0.873441469132,34.9405208891,5.04321601538,0.126558530868
2026-05-27T23:31:56.887,609830,0.94,-0.21,-0.18,-22.9,19.4,11.5,-12.6,58.8,10.0,101.127,35.37,0,1,0,0,1,NONE,555,2625,0.979846926821,32.1406284942,2.99160561271,0.0201530731793
2026-05-27T23:31:56.944,609881,0.91,-0.29,-0.07,-10.4,27.0,12.6,-13.0,59.0,10.1,101.125,35.36,0,1,0,0,1,NONE,458,2858,0.957653381971,31.5582002022,2.73105652494,0.0423466180293
